,state,county,gisjoin,year range,avg temp,max temp,min temp,hdd,cdd,avg rh,average dp,max dp,min dp,avg wind speed,max wind speed,avg ghr,max ghr,avg dnr,max dnr,avg dhr,max dhr
0,AR,Bradley County,G0500110,2020-2039,18.05363319774018,38.77925109863281,-10.526351928710938,1539.0437944000996,1449.1199115753286,70.13445548118521,11.793531853268581,25.70759885145961,-10.526352610365974,3.6413540840148926,7.988985538482666,177.8398401826484,986,195.1802812599548,928.7483520507812,73.81404109589042,551
