,state,county,gisjoin,year range,avg temp,max temp,min temp,hdd,cdd,avg rh,average dp,max dp,min dp,avg wind speed,max wind speed,avg ghr,max ghr,avg dnr,max dnr,avg dhr,max dhr
0,SC,Horry County,G4500510,2080-2099,21.7315391101615,40.12005233764648,-5.140827178955078,911.0892813667698,2163.6010565755537,71.57237642344819,15.78847470060233,29.76414691287857,-5.14082775257944,4.171118776438988,9.23362636566162,191.02237442922373,983,179.60986677535118,925.6146240234376,76.81210045662101,603
