,state,county,gisjoin,year range,avg temp,max temp,min temp,hdd,cdd,avg rh,average dp,max dp,min dp,avg wind speed,max wind speed,avg ghr,max ghr,avg dnr,max dnr,avg dhr,max dhr
0,OK,Hughes County,G4000630,1980-1999,15.805501810758274,37.3946647644043,-11.742666244506836,2039.218030228414,1128.7261911551839,67.43444450870497,8.976017937128734,23.703540622961565,-11.74266716383816,4.324140924950169,8.934514045715332,188.34063926940638,1009,199.12741845332013,953.67578125,67.10536529680365,534
