,state,county,gisjoin,year range,avg temp,max temp,min temp,hdd,cdd,avg rh,average dp,max dp,min dp,avg wind speed,max wind speed,avg ghr,max ghr,avg dnr,max dnr,avg dhr,max dhr
0,OK,Hughes County,G4000630,2060-2079,19.608055018100647,41.82309722900391,-6.173701763153076,1402.7336007649683,1880.1736823716346,67.67377688569022,12.698050153826117,26.66529082705616,-6.173702318597398,4.333290426045248,9.73177719116211,188.34063926940638,1009,193.41994780068777,926.5654296875,67.10536529680365,534
