,state,county,gisjoin,year range,avg temp,max temp,min temp,hdd,cdd,avg rh,average dp,max dp,min dp,avg wind speed,max wind speed,avg ghr,max ghr,avg dnr,max dnr,avg dhr,max dhr
0,IA,Audubon County,G1900090,2040-2059,12.0382343126172,37.49491500854492,-20.272533416748047,3189.4038820803094,903.8594061851995,67.20242471738493,5.344694106876974,27.423153806012515,-20.272535437590992,4.652975513510508,9.799406051635742,153.77796803652967,977,179.58810483325433,918.39111328125,68.72534246575343,510
