,state,county,gisjoin,year range,avg temp,max temp,min temp,hdd,cdd,avg rh,average dp,max dp,min dp,avg wind speed,max wind speed,avg ghr,max ghr,avg dnr,max dnr,avg dhr,max dhr
0,IA,Audubon County,G1900090,2080-2099,14.599191277173452,41.312347412109375,-19.288354873657227,2722.62889078315,1371.8337069512081,65.16970345092146,7.256767774822263,27.21213983119645,-19.2883575038404,4.5204069101647155,9.54544448852539,153.77796803652967,977,176.40214943419699,918.7566528320312,68.72534246575343,510
