,state,county,gisjoin,year range,avg temp,max temp,min temp,hdd,cdd,avg rh,average dp,max dp,min dp,avg wind speed,max wind speed,avg ghr,max ghr,avg dnr,max dnr,avg dhr,max dhr
0,VA,Northumberland County,G5101330,1980-1999,13.863331991904012,34.15937423706055,-14.848750114440918,2399.7504471676025,780.3666242123135,70.55875321980481,8.01019512273047,22.36067753138341,-14.848751141432022,4.7329548251138975,12.915892601013184,173.77739726027397,973,184.3227557046472,926.3405151367188,72.64577625570776,493
