,state,county,gisjoin,year range,avg temp,max temp,min temp,hdd,cdd,avg rh,average dp,max dp,min dp,avg wind speed,max wind speed,avg ghr,max ghr,avg dnr,max dnr,avg dhr,max dhr
0,VA,Northumberland County,G5101330,2000-2019,15.28369782838822,36.508750915527344,-12.259374618530272,2109.335958659187,1008.3856660207766,71.25181657712754,9.515718787915917,24.969728254464805,-12.259375178729549,4.634047315545278,11.952524185180664,173.77739726027397,973,181.54448473441002,928.0671997070312,72.64577625570776,493
