,state,county,gisjoin,year range,avg temp,max temp,min temp,hdd,cdd,avg rh,average dp,max dp,min dp,avg wind speed,max wind speed,avg ghr,max ghr,avg dnr,max dnr,avg dhr,max dhr
0,VA,Northumberland County,G5101330,2040-2059,17.187752395832206,38.94319915771485,-9.241012573242188,1710.2930569641437,1304.322681442981,72.05209768155939,11.556265253786519,27.27235432928579,-9.914116067332811,4.5524684076439845,11.470111846923828,173.77739726027397,973,176.80947893593907,904.2396850585938,72.64577625570776,493
