,state,county,gisjoin,year range,avg temp,max temp,min temp,hdd,cdd,avg rh,average dp,max dp,min dp,avg wind speed,max wind speed,avg ghr,max ghr,avg dnr,max dnr,avg dhr,max dhr
0,KY,Bracken County,G2100230,2080-2099,16.826461152296424,38.177223205566406,-10.57153034210205,2007.5461150465192,1469.7044356346194,70.11595543138513,10.618182520065702,27.03357334013081,-10.571531254130674,3.6453832394320127,9.499454498291016,154.52865296803654,985,177.8598012580211,918.5550537109376,75.48196347031964,596
