,state,county,gisjoin,year range,avg temp,max temp,min temp,hdd,cdd,avg rh,average dp,max dp,min dp,avg wind speed,max wind speed,avg ghr,max ghr,avg dnr,max dnr,avg dhr,max dhr
0,PA,Westmoreland County,G4201290,1980-1999,9.806023174024386,33.79999923706055,-17.883333206176758,3545.1139421564926,444.81240067482946,68.820014289525,3.5817175936843677,19.306188769864875,-17.883333447338217,3.869485907032065,9.241660118103027,140.32100456621004,998,182.62263752466023,947.8408203125,73.75730593607305,604
