,state,county,gisjoin,year range,avg temp,max temp,min temp,hdd,cdd,avg rh,average dp,max dp,min dp,avg wind speed,max wind speed,avg ghr,max ghr,avg dnr,max dnr,avg dhr,max dhr
0,PA,Westmoreland County,G4201290,2080-2099,15.225474034166112,37.5958137512207,-12.331472396850586,2252.7654434109368,1130.5634658814154,70.67760839505827,9.214251815403998,24.43304557159075,-12.331472744598711,4.254754977846799,11.173503875732422,140.32100456621004,998,173.21233065132105,925.6423950195312,73.75730593607305,604
