,state,county,gisjoin,year range,avg temp,max temp,min temp,hdd,cdd,avg rh,average dp,max dp,min dp,avg wind speed,max wind speed,avg ghr,max ghr,avg dnr,max dnr,avg dhr,max dhr
0,OK,Delaware County,G4000410,1980-1999,14.461280438835418,39.185001373291016,-20.92312431335449,2341.9916959166135,940.859056091365,68.8087877012279,8.086499246267085,23.63913306122705,-20.92312532177621,3.698443960490292,8.22525691986084,183.3884703196347,1000,193.92364879760947,922.5802612304688,67.0318493150685,525
