,state,county,gisjoin,year range,avg temp,max temp,min temp,hdd,cdd,avg rh,average dp,max dp,min dp,avg wind speed,max wind speed,avg ghr,max ghr,avg dnr,max dnr,avg dhr,max dhr
0,OK,Delaware County,G4000410,2020-2039,16.30417176083139,40.597877502441406,-12.862204551696776,2033.9765869546309,1305.4992796580732,67.87946980946684,9.61881700068288,24.681051254715687,-13.440722199004153,3.7407993305219365,8.959339141845703,183.3884703196347,1000,192.87682227531926,966.6796875,67.0318493150685,525
