,state,county,gisjoin,year range,avg temp,max temp,min temp,hdd,cdd,avg rh,average dp,max dp,min dp,avg wind speed,max wind speed,avg ghr,max ghr,avg dnr,max dnr,avg dhr,max dhr
0,KY,Graves County,G2100830,2040-2059,17.227639580068534,37.1290283203125,-9.758800506591797,1777.4726575885488,1386.0611043135816,70.60546270265971,11.1868172578388,26.05614677964796,-10.427561373033331,3.5457714064616592,9.186386108398438,173.54075342465754,1012,184.4439315753199,923.9963989257812,72.45479452054795,631
