,state,county,gisjoin,year range,avg temp,max temp,min temp,hdd,cdd,avg rh,average dp,max dp,min dp,avg wind speed,max wind speed,avg ghr,max ghr,avg dnr,max dnr,avg dhr,max dhr
0,MN,Jackson County,G2700630,2040-2059,10.132079320619537,37.425811767578125,-26.08256149291992,3775.5646004239265,794.2735524495865,67.23224250018325,3.613738785241062,25.256811125177176,-26.08256346570133,4.735235117559563,11.069539070129396,152.9307077625571,971,173.13714459307852,889.5892333984375,65.61358447488584,543
