,state,county,gisjoin,year range,avg temp,max temp,min temp,hdd,cdd,avg rh,average dp,max dp,min dp,avg wind speed,max wind speed,avg ghr,max ghr,avg dnr,max dnr,avg dhr,max dhr
0,IL,Macon County,G1701150,1980-1999,11.07899017671626,36.29529571533203,-22.074705123901367,3310.6355667193184,674.9669812202764,68.27962831405745,4.734986250899556,22.46924232085583,-22.148261496628,4.3861999679645995,10.506929397583008,151.6513698630137,985,186.89337403911944,935.2857055664062,71.93139269406393,636
