,state,county,gisjoin,year range,avg temp,max temp,min temp,hdd,cdd,avg rh,average dp,max dp,min dp,avg wind speed,max wind speed,avg ghr,max ghr,avg dnr,max dnr,avg dhr,max dhr
0,MS,Sunflower County,G2801330,2080-2099,22.016765878456177,42.2022819519043,-4.8043951988220215,967.1803688506393,2323.799914486966,71.07568399742858,15.922022861091838,29.218059528092294,-4.804395628157229,3.414201499174719,7.45264196395874,189.82305936073058,984,182.29024967675824,914.5750732421876,74.35810502283105,477
