,state,county,gisjoin,year range,avg temp,max temp,min temp,hdd,cdd,avg rh,average dp,max dp,min dp,avg wind speed,max wind speed,avg ghr,max ghr,avg dnr,max dnr,avg dhr,max dhr
0,AR,Baxter County,G0500050,2020-2039,15.81429184433009,41.697052001953125,-12.096424102783203,2064.76991967163,1157.486442852091,67.4771965255476,8.944902743954783,23.262376797163725,-12.096425151242377,3.4355337036799076,8.237120628356934,177.43550228310502,986,193.51224254850803,917.3893432617188,71.16004566210046,483
