,state,county,gisjoin,year range,avg temp,max temp,min temp,hdd,cdd,avg rh,average dp,max dp,min dp,avg wind speed,max wind speed,avg ghr,max ghr,avg dnr,max dnr,avg dhr,max dhr
0,AR,Baxter County,G0500050,2080-2099,18.921682555918245,40.31917190551758,-12.98622226715088,1560.9989753591815,1787.9131082692556,68.04416577957537,12.075610466674519,28.58888436000839,-13.040269019494026,3.5089855685625992,8.275629997253418,177.43550228310502,986,186.62431804300536,923.9376220703124,71.16004566210046,483
