,state,county,gisjoin,year range,avg temp,max temp,min temp,hdd,cdd,avg rh,average dp,max dp,min dp,avg wind speed,max wind speed,avg ghr,max ghr,avg dnr,max dnr,avg dhr,max dhr
0,AR,Lonoke County,G0500850,2040-2059,19.155124519802108,39.93105316162109,-5.175529479980469,1415.3801457781947,1727.5005955059423,71.2118506549156,13.184575858919425,26.34266261129679,-5.175529778738094,3.637169194384797,9.622444152832031,173.86860730593608,1009,186.6644198903243,904.3985595703124,82.56324200913242,659
