,state,county,gisjoin,year range,avg temp,max temp,min temp,hdd,cdd,avg rh,average dp,max dp,min dp,avg wind speed,max wind speed,avg ghr,max ghr,avg dnr,max dnr,avg dhr,max dhr
0,AR,Lonoke County,G0500850,2080-2099,21.165581977035696,41.34116363525391,-3.839436292648315,1158.1279599247384,2204.06538154263,70.89511220052363,15.035659975174147,29.17280472829842,-3.839436426573523,3.657914570912923,8.171051979064941,173.86860730593608,1009,181.27782468637756,899.501953125,82.56324200913242,659
