,state,county,gisjoin,year range,avg temp,max temp,min temp,hdd,cdd,avg rh,average dp,max dp,min dp,avg wind speed,max wind speed,avg ghr,max ghr,avg dnr,max dnr,avg dhr,max dhr
0,FL,St. Johns County,G1201090,2080-2099,24.751154614347097,39.69707489013672,-1.0115395784378052,368.4973229317681,2723.1687571681036,71.9826662207303,18.9048696681096,31.13601451839778,-1.011539632380064,3.4651062553876066,10.246237754821776,189.33447488584474,1027,179.13888573435685,891.5244140625,80.17739726027398,573
