,state,county,gisjoin,year range,avg temp,max temp,min temp,hdd,cdd,avg rh,average dp,max dp,min dp,avg wind speed,max wind speed,avg ghr,max ghr,avg dnr,max dnr,avg dhr,max dhr
0,GA,Quitman County,G1302390,2000-2019,19.006017971650014,37.55823516845703,-6.6570587158203125,1257.7127340151371,1515.4092936674544,68.82506058836637,12.368470446250065,26.20841518341165,-6.657058940596791,3.277126198775692,8.326011657714844,184.89771689497718,1000,202.52815616883484,944.8944702148438,81.5466894977169,657
