,state,county,gisjoin,year range,avg temp,max temp,min temp,hdd,cdd,avg rh,average dp,max dp,min dp,avg wind speed,max wind speed,avg ghr,max ghr,avg dnr,max dnr,avg dhr,max dhr
0,GA,Quitman County,G1302390,2040-2059,20.8209734887799,38.38458251953125,-5.709909915924072,963.736707660897,1883.8920310654676,69.13447140232068,14.20216620816382,26.53186217528935,-5.709910357241771,3.4584318569669983,8.40737533569336,184.89771689497718,1000,198.45483827827542,945.8959350585938,81.5466894977169,657
