,state,county,gisjoin,year range,avg temp,max temp,min temp,hdd,cdd,avg rh,average dp,max dp,min dp,avg wind speed,max wind speed,avg ghr,max ghr,avg dnr,max dnr,avg dhr,max dhr
0,AZ,Cochise County,G0400030,2000-2019,17.405884316114264,40.716251373291016,-4.165625095367432,1576.2872742156767,1249.9350495975052,43.416868359204294,3.0480635345417264,19.71226404277969,-11.26887053282535,3.957717204420534,8.889522552490234,234.99543378995435,1074,243.16271990932876,1035.2088623046875,60.007990867579906,477
