,state,county,gisjoin,year range,avg temp,max temp,min temp,hdd,cdd,avg rh,average dp,max dp,min dp,avg wind speed,max wind speed,avg ghr,max ghr,avg dnr,max dnr,avg dhr,max dhr
0,AZ,Cochise County,G0400030,2040-2059,19.206831822001703,43.74782943725586,-5.008354663848877,1260.3430061425126,1591.3366211731782,43.453264534418985,4.5174059603443135,19.84843380191086,-12.659812634307556,3.995335970839409,9.63015842437744,234.99543378995435,1074,241.14061618636433,1032.2235107421875,60.007990867579906,477
