,state,county,gisjoin,year range,avg temp,max temp,min temp,hdd,cdd,avg rh,average dp,max dp,min dp,avg wind speed,max wind speed,avg ghr,max ghr,avg dnr,max dnr,avg dhr,max dhr
0,NM,Eddy County,G3500150,1980-1999,16.52633100211846,39.54375076293945,-10.716875076293944,1896.6264103633182,1249.2372261366072,40.5966257807871,0.9625859941463442,19.823763781245425,-19.46710996765772,3.20205248428262,6.504444599151611,221.81061643835616,1049,237.97997479797112,1016.147705078125,62.328995433789956,576
