,state,county,gisjoin,year range,avg temp,max temp,min temp,hdd,cdd,avg rh,average dp,max dp,min dp,avg wind speed,max wind speed,avg ghr,max ghr,avg dnr,max dnr,avg dhr,max dhr
0,IL,Douglas County,G1700410,1980-1999,10.781353285197527,33.93000030517578,-23.67733383178711,3383.1475179024696,638.8414669990855,69.12927564333563,4.664820159397122,23.41497517094439,-23.92850124264966,4.383849149125896,10.330471992492676,155.4920091324201,961,185.26078769526134,937.2957153320312,74.30776255707762,616
