,state,county,gisjoin,year range,avg temp,max temp,min temp,hdd,cdd,avg rh,average dp,max dp,min dp,avg wind speed,max wind speed,avg ghr,max ghr,avg dnr,max dnr,avg dhr,max dhr
0,IL,Douglas County,G1700410,2040-2059,14.450116240912433,37.838809967041016,-17.566118240356445,2521.4546533470148,1116.2470812798194,69.42146021198464,8.21602931012459,25.015094407342037,-18.499087518791,4.0681250431630165,9.879583358764648,155.4920091324201,961,180.21324780034885,909.2190551757812,74.30776255707762,616
