,state,county,gisjoin,year range,avg temp,max temp,min temp,hdd,cdd,avg rh,average dp,max dp,min dp,avg wind speed,max wind speed,avg ghr,max ghr,avg dnr,max dnr,avg dhr,max dhr
0,ND,Griggs County,G3800390,2000-2019,5.22840934863765,32.082000732421875,-30.785999298095703,5155.939703157805,384.80911540985124,60.2944544809594,-2.88779911365977,19.35938960146952,-31.181395893451068,4.684664024990988,11.270610809326172,142.9428082191781,950,178.4652765703084,885.3578491210938,62.02477168949772,503
