,state,county,gisjoin,year range,avg temp,max temp,min temp,hdd,cdd,avg rh,average dp,max dp,min dp,avg wind speed,max wind speed,avg ghr,max ghr,avg dnr,max dnr,avg dhr,max dhr
0,MN,Pine County,G2701150,2080-2099,10.905954105936026,40.228763580322266,-28.119394302368164,3616.790830666203,917.9640793323997,67.28469238063516,4.230170559438628,24.84748830322364,-28.119397532212357,4.700257116147917,11.04690933227539,155.862100456621,954,166.07292340077427,880.0953979492188,61.6703196347032,530
