,state,county,gisjoin,year range,avg temp,max temp,min temp,hdd,cdd,avg rh,average dp,max dp,min dp,avg wind speed,max wind speed,avg ghr,max ghr,avg dnr,max dnr,avg dhr,max dhr
0,KY,Breckinridge County,G2100270,2080-2099,17.687656037466013,37.68621826171875,-15.157010078430176,1768.1601131374462,1544.6545668124954,71.47266644212209,11.789151172036659,25.930035860419807,-15.157011447853357,3.882292967272676,10.975472450256348,162.64623287671233,1004,180.55898973879204,917.7251586914062,77.58755707762558,667
