,state,county,gisjoin,year range,avg temp,max temp,min temp,hdd,cdd,avg rh,average dp,max dp,min dp,avg wind speed,max wind speed,avg ghr,max ghr,avg dnr,max dnr,avg dhr,max dhr
0,WV,Barbour County,G5400010,2020-2039,11.461122280653031,31.85819625854492,-20.742374420166016,3079.821493743393,583.6311261813134,69.000101498164,5.167080288000109,21.253548264927,-20.74237472454245,6.340458051799095,17.709280014038086,154.68687214611873,1009,182.92499765905154,947.3133544921876,79.69931506849315,498
