,state,county,gisjoin,year range,avg temp,max temp,min temp,hdd,cdd,avg rh,average dp,max dp,min dp,avg wind speed,max wind speed,avg ghr,max ghr,avg dnr,max dnr,avg dhr,max dhr
0,WV,Barbour County,G5400010,2060-2079,13.362532880441186,34.19297790527344,-12.762489318847656,2607.7636565792095,805.5881579399603,70.66604000596695,7.400380587489949,22.044229647924617,-12.762489599647994,6.516284406348451,15.10317039489746,154.68687214611873,1009,178.55153088799406,935.25390625,79.69931506849315,498
