,state,county,gisjoin,year range,avg temp,max temp,min temp,hdd,cdd,avg rh,average dp,max dp,min dp,avg wind speed,max wind speed,avg ghr,max ghr,avg dnr,max dnr,avg dhr,max dhr
0,WV,Barbour County,G5400010,2080-2099,14.91152825057064,35.871337890625,-12.99693202972412,2269.828871560929,1033.0366830190687,70.9041675979144,8.939091671116923,23.136779873585457,-12.99693313303476,6.594594250313223,15.634221076965332,154.68687214611873,1009,174.87784123851236,954.0294799804688,79.69931506849315,498
