,state,county,gisjoin,year range,avg temp,max temp,min temp,hdd,cdd,avg rh,average dp,max dp,min dp,avg wind speed,max wind speed,avg ghr,max ghr,avg dnr,max dnr,avg dhr,max dhr
0,AL,Sumter County,G0101190,2060-2079,20.546061711542556,38.120975494384766,-5.8194966316223145,1077.3388743748058,1897.1513990877581,68.96518917867583,13.89271251869062,26.80191353255197,-5.819497225179943,3.394568698427993,9.76279067993164,180.512899543379,1014,195.56952385116418,940.314208984375,77.83618721461187,615
