,state,county,gisjoin,year range,avg temp,max temp,min temp,hdd,cdd,avg rh,average dp,max dp,min dp,avg wind speed,max wind speed,avg ghr,max ghr,avg dnr,max dnr,avg dhr,max dhr
0,AL,Sumter County,G0101190,2080-2099,22.007050907647145,41.39888381958008,-5.536477565765381,983.2282495091082,2336.3018308001333,69.9011881519126,15.528072947088862,29.8002627362549,-5.536478118079207,3.354768236192394,8.341588020324707,180.512899543379,1014,189.92615815185772,940.697998046875,77.83618721461187,615
