,state,county,gisjoin,year range,avg temp,max temp,min temp,hdd,cdd,avg rh,average dp,max dp,min dp,avg wind speed,max wind speed,avg ghr,max ghr,avg dnr,max dnr,avg dhr,max dhr
0,IL,Wabash County,G1701850,2060-2079,16.464729914440866,39.70544052124024,-15.057609558105469,2068.7081397320107,1398.8345585028835,70.84819351505472,10.510841562365165,26.27695255924968,-15.057610651360704,3.6611235544833964,9.500062942504885,176.53789954337898,1021,178.4327928897124,904.9883422851562,72.28607305936073,605
