,state,county,gisjoin,year range,avg temp,max temp,min temp,hdd,cdd,avg rh,average dp,max dp,min dp,avg wind speed,max wind speed,avg ghr,max ghr,avg dnr,max dnr,avg dhr,max dhr
0,IL,Livingston County,G1701050,1980-1999,9.850306728783156,35.656471252441406,-24.76411819458008,3664.798876685892,580.6608326912173,68.01278666774977,3.479302505991632,22.246966179902834,-24.88258951320908,4.127236211245463,9.646476745605469,159.35422374429223,961,183.30104772342926,940.822509765625,73.8865296803653,579
