,state,county,gisjoin,year range,avg temp,max temp,min temp,hdd,cdd,avg rh,average dp,max dp,min dp,avg wind speed,max wind speed,avg ghr,max ghr,avg dnr,max dnr,avg dhr,max dhr
0,IL,Livingston County,G1701050,2000-2019,11.118832724414393,33.818233489990234,-21.375883102416992,3299.199420133151,678.0733645439512,68.61811553833147,4.847708135387291,23.05005214550611,-21.69780026822892,4.095640185488958,9.777008056640623,159.35422374429223,961,181.92387543915072,922.69091796875,73.8865296803653,579
