,state,county,gisjoin,year range,avg temp,max temp,min temp,hdd,cdd,avg rh,average dp,max dp,min dp,avg wind speed,max wind speed,avg ghr,max ghr,avg dnr,max dnr,avg dhr,max dhr
0,OK,Major County,G4000930,2040-2059,18.155952040281637,43.59151458740234,-9.549142837524414,1780.3492205249722,1727.7717152276718,60.993366743113896,9.505942092847478,27.31452262102867,-11.168730213016,4.240499253387321,9.307037353515623,193.17796803652968,992,199.94448597213838,931.4235229492188,68.78002283105023,648
