,state,county,gisjoin,year range,avg temp,max temp,min temp,hdd,cdd,avg rh,average dp,max dp,min dp,avg wind speed,max wind speed,avg ghr,max ghr,avg dnr,max dnr,avg dhr,max dhr
0,OK,Major County,G4000930,2060-2079,18.954786913761293,45.47365951538086,-10.82022762298584,1767.0887535546237,2006.0859770773325,61.08125622991013,10.250105619423481,26.579129445013645,-10.964863783501546,4.238055850572238,12.20461368560791,193.17796803652968,992,197.34820347480522,923.4066772460938,68.78002283105023,648
