,state,county,gisjoin,year range,avg temp,max temp,min temp,hdd,cdd,avg rh,average dp,max dp,min dp,avg wind speed,max wind speed,avg ghr,max ghr,avg dnr,max dnr,avg dhr,max dhr
0,NM,Hidalgo County,G3500230,2060-2079,18.55559376736754,41.862213134765625,-6.907568454742432,1494.777246671861,1588.068971761036,40.376108961235985,2.6716166846891753,18.324718743515792,-10.35665486374333,2.8920569516208072,7.185129642486572,238.67431506849314,1072,246.215198456478,1041.3765869140625,58.818949771689496,466
