,state,county,gisjoin,year range,avg temp,max temp,min temp,hdd,cdd,avg rh,average dp,max dp,min dp,avg wind speed,max wind speed,avg ghr,max ghr,avg dnr,max dnr,avg dhr,max dhr
0,NY,Erie County,G3600290,1980-1999,8.62699185914455,31.075714111328125,-23.424999237060547,3888.3858216974336,357.73785028457274,70.10621778083174,2.897927941443994,19.99332619586037,-23.425000865619555,4.6038886612408785,11.354219436645508,155.1340182648402,1000,168.91621736798396,913.0913696289062,74.00719178082191,543
