,state,county,gisjoin,year range,avg temp,max temp,min temp,hdd,cdd,avg rh,average dp,max dp,min dp,avg wind speed,max wind speed,avg ghr,max ghr,avg dnr,max dnr,avg dhr,max dhr
0,NY,Erie County,G3600290,2000-2019,9.57840477538591,34.9900016784668,-21.587142944335938,3629.0261647542434,445.64390776953314,72.08832879763216,4.260399701418857,24.386523110666428,-21.587145077210497,4.599329047333704,10.509267807006836,155.1340182648402,1000,167.60566424297568,923.9901733398438,74.00719178082191,543
