,state,county,gisjoin,year range,avg temp,max temp,min temp,hdd,cdd,avg rh,average dp,max dp,min dp,avg wind speed,max wind speed,avg ghr,max ghr,avg dnr,max dnr,avg dhr,max dhr
0,NY,Erie County,G3600290,2020-2039,10.166345350902859,32.37790298461914,-21.83478546142578,3497.36177621838,528.5778292974054,70.87901286447429,4.537144131245442,24.12117020205747,-21.834786024376797,4.6613134113076615,10.981868743896484,155.1340182648402,1000,166.6279632161429,928.078857421875,74.00719178082191,543
