,state,county,gisjoin,year range,avg temp,max temp,min temp,hdd,cdd,avg rh,average dp,max dp,min dp,avg wind speed,max wind speed,avg ghr,max ghr,avg dnr,max dnr,avg dhr,max dhr
0,NY,Erie County,G3600290,2080-2099,14.194837695753524,36.9505615234375,-11.733181953430176,2538.2062527436296,1039.8220116933794,72.98910975282051,8.898561105769954,27.26317511889974,-11.733182770305884,4.938076170503277,14.825922012329102,155.1340182648402,1000,154.7108199237751,904.5343017578124,74.00719178082191,543
