,state,county,gisjoin,year range,avg temp,max temp,min temp,hdd,cdd,avg rh,average dp,max dp,min dp,avg wind speed,max wind speed,avg ghr,max ghr,avg dnr,max dnr,avg dhr,max dhr
0,GA,Fulton County,G1301210,2040-2059,18.789032016186876,38.62212753295898,-9.060707092285156,1379.1044285396174,1557.601114447871,69.65784639201752,12.42123614684022,25.854913440329263,-9.06070752383454,3.5458442371321595,9.363262176513672,164.0777397260274,1027,190.92584543244422,931.2959594726562,78.95468036529681,661
