,state,county,gisjoin,year range,avg temp,max temp,min temp,hdd,cdd,avg rh,average dp,max dp,min dp,avg wind speed,max wind speed,avg ghr,max ghr,avg dnr,max dnr,avg dhr,max dhr
0,GA,Fulton County,G1301210,2080-2099,20.68995595111636,40.72183990478516,-4.959044456481934,1096.7473867318447,1969.081308889219,70.9741960283828,14.58045753292519,29.19368025767537,-4.959044554674239,3.744962536063913,9.71566677093506,164.0777397260274,1027,183.59166884449306,912.9821166992188,78.95468036529681,661
