,state,county,gisjoin,year range,avg temp,max temp,min temp,hdd,cdd,avg rh,average dp,max dp,min dp,avg wind speed,max wind speed,avg ghr,max ghr,avg dnr,max dnr,avg dhr,max dhr
0,GA,Toombs County,G1302790,2040-2059,21.029581037642153,39.91251754760742,-6.563753128051758,941.7092483174359,1938.006327056706,69.11158940824744,14.40699018266801,25.727632460250945,-6.563753533661253,3.6597616946860536,8.692599296569824,195.40970319634704,997,199.07040748843028,939.2605590820312,80.53070776255707,631
