,state,county,gisjoin,year range,avg temp,max temp,min temp,hdd,cdd,avg rh,average dp,max dp,min dp,avg wind speed,max wind speed,avg ghr,max ghr,avg dnr,max dnr,avg dhr,max dhr
0,GA,Toombs County,G1302790,2060-2079,21.078758418242625,37.76380157470703,-5.47499418258667,904.6550564453614,1918.9018791038159,69.07060650015531,14.479162646595276,25.38946299546389,-5.474994337929796,3.6070965868152984,9.600814819335938,195.40970319634704,997,198.23334766838045,915.4981079101562,80.53070776255707,631
