,state,county,gisjoin,year range,avg temp,max temp,min temp,hdd,cdd,avg rh,average dp,max dp,min dp,avg wind speed,max wind speed,avg ghr,max ghr,avg dnr,max dnr,avg dhr,max dhr
0,VT,Orange County,G5000170,2040-2059,7.799052970326739,35.1046257019043,-27.270553588867188,4208.654494264725,375.8088284333539,70.59085386376402,2.0928211722135996,21.819446401349992,-27.270554901723443,4.925417944285424,13.93258285522461,137.9804794520548,958,175.7438650335643,972.0753173828124,65.96655251141553,595
