,state,county,gisjoin,year range,avg temp,max temp,min temp,hdd,cdd,avg rh,average dp,max dp,min dp,avg wind speed,max wind speed,avg ghr,max ghr,avg dnr,max dnr,avg dhr,max dhr
0,VT,Orange County,G5000170,2080-2099,10.320021301261988,33.88166809082031,-22.121566772460938,3466.080190862136,553.3879658222447,71.16024555419678,4.634008465443119,22.428057243458223,-22.121567743902038,4.76117923101878,12.556368827819824,137.9804794520548,958,171.84917410537923,910.1723022460938,65.96655251141553,595
