,state,county,gisjoin,year range,avg temp,max temp,min temp,hdd,cdd,avg rh,average dp,max dp,min dp,avg wind speed,max wind speed,avg ghr,max ghr,avg dnr,max dnr,avg dhr,max dhr
0,IN,Starke County,G1801490,2060-2079,13.627133494966396,37.288063049316406,-15.02572536468506,2735.9806186929054,1030.3843443553271,70.1120581028124,7.571848476201129,24.85233923164944,-15.462259075186536,4.034622717611321,10.27131462097168,159.8851598173516,979,171.89650042669334,921.9207153320312,78.82191780821918,516
