,state,county,gisjoin,year range,avg temp,max temp,min temp,hdd,cdd,avg rh,average dp,max dp,min dp,avg wind speed,max wind speed,avg ghr,max ghr,avg dnr,max dnr,avg dhr,max dhr
0,LA,West Carroll Parish,G2201230,2080-2099,22.398386966047987,41.78330612182617,-4.021286487579346,907.9646755582739,2403.8759181655932,70.77667859373571,16.16204171642887,28.529228953334663,-4.02128677119734,3.5145293407244225,8.59358024597168,184.10011415525113,996,186.81096657658102,921.6182250976562,77.17762557077626,631
