,state,county,gisjoin,year range,avg temp,max temp,min temp,hdd,cdd,avg rh,average dp,max dp,min dp,avg wind speed,max wind speed,avg ghr,max ghr,avg dnr,max dnr,avg dhr,max dhr
0,IA,Muscatine County,G1901390,2060-2079,13.697467528067532,36.71078872680664,-19.7149715423584,2746.5526570868983,1066.6283048312478,69.43799870286358,7.581979277141044,25.705848414378927,-20.017216856248297,3.772772607084823,9.994769096374512,161.7912100456621,964,172.38922815762044,897.2889404296875,68.94132420091324,461
