,state,county,gisjoin,year range,avg temp,max temp,min temp,hdd,cdd,avg rh,average dp,max dp,min dp,avg wind speed,max wind speed,avg ghr,max ghr,avg dnr,max dnr,avg dhr,max dhr
0,IA,Muscatine County,G1901390,2080-2099,15.583882674614243,40.34277725219727,-25.554582595825195,2428.578202959696,1437.1953791936305,70.4191415174911,9.60059541566575,29.67937195899835,-25.554582876955934,3.7860261835464057,10.850371360778809,161.7912100456621,964,170.62366590300317,893.2268676757812,68.94132420091324,461
