,state,county,gisjoin,year range,avg temp,max temp,min temp,hdd,cdd,avg rh,average dp,max dp,min dp,avg wind speed,max wind speed,avg ghr,max ghr,avg dnr,max dnr,avg dhr,max dhr
0,SC,Berkeley County,G4500150,2000-2019,18.859725506796362,36.482940673828125,-7.921175956726074,1282.9653058843119,1487.2651158650579,69.94703015170685,12.615222244498197,25.497914570592464,-7.921175834653765,3.594563507707152,8.03997802734375,191.15342465753426,1079,193.2834421289785,951.3466186523438,79.97557077625571,539
