,state,county,gisjoin,year range,avg temp,max temp,min temp,hdd,cdd,avg rh,average dp,max dp,min dp,avg wind speed,max wind speed,avg ghr,max ghr,avg dnr,max dnr,avg dhr,max dhr
0,SC,Berkeley County,G4500150,2040-2059,20.244631053626907,38.00004196166992,-6.825326442718506,1058.8115445777678,1768.6018791515341,70.52458333207048,14.100871768577138,27.626813683084634,-6.8253275240987294,3.8130170756823394,8.190630912780762,191.15342465753426,1079,189.4175561983605,896.81103515625,79.97557077625571,539
