,state,county,gisjoin,year range,avg temp,max temp,min temp,hdd,cdd,avg rh,average dp,max dp,min dp,avg wind speed,max wind speed,avg ghr,max ghr,avg dnr,max dnr,avg dhr,max dhr
0,VA,Amelia County,G5100070,1980-1999,13.431691555119174,34.821250915527344,-11.358750343322754,2521.5745646034215,744.6419822216462,67.73132576572296,6.759468821231825,22.31057254676487,-11.358750625429568,3.742358722752088,9.043783187866213,169.7662100456621,981,192.1700485021109,950.8165283203124,71.44874429223745,585
