,state,county,gisjoin,year range,avg temp,max temp,min temp,hdd,cdd,avg rh,average dp,max dp,min dp,avg wind speed,max wind speed,avg ghr,max ghr,avg dnr,max dnr,avg dhr,max dhr
0,VA,Amelia County,G5100070,2040-2059,16.679565769854474,38.81601333618164,-12.233809471130373,1865.6691466247528,1274.2106526216674,67.80266509230279,9.878584187682621,25.569721266385823,-12.233810365771877,3.7515522669439445,9.16872215270996,169.7662100456621,981,188.14741557064826,929.0640869140624,71.44874429223745,585
