,state,county,gisjoin,year range,avg temp,max temp,min temp,hdd,cdd,avg rh,average dp,max dp,min dp,avg wind speed,max wind speed,avg ghr,max ghr,avg dnr,max dnr,avg dhr,max dhr
0,IL,Jackson County,G1700770,2000-2019,14.416989982791339,36.92437362670898,-19.9375,2467.7692454582602,1050.470589176875,69.05017950066693,8.056840784071884,24.1812617579369,-20.38056862452719,3.4800518975818537,9.245827674865724,158.39372146118723,1003,187.94147914787052,920.1206665039062,76.10844748858447,632
