,state,county,gisjoin,year range,avg temp,max temp,min temp,hdd,cdd,avg rh,average dp,max dp,min dp,avg wind speed,max wind speed,avg ghr,max ghr,avg dnr,max dnr,avg dhr,max dhr
0,GA,Forsyth County,G1301170,2040-2059,18.089622870973816,36.88838577270508,-9.947589874267578,1444.1202300541781,1367.3325779597837,69.81919722012734,11.83328706669763,24.56269461686224,-9.947589726368989,3.5332903959571498,8.771110534667969,164.0777397260274,1027,190.9335091069628,936.2752685546876,78.95433789954338,661
