Measure,Output Type,Training RMSE,Testing RMSE,Training R2,Testing R2
2022_1_6,electricity,1.4041735470675099,1.7050083641620968,0.9932807758895906,0.9825233120542096
