,state,county,gisjoin,year range,avg temp,max temp,min temp,hdd,cdd,avg rh,average dp,max dp,min dp,avg wind speed,max wind speed,avg ghr,max ghr,avg dnr,max dnr,avg dhr,max dhr
0,MO,Barry County,G2900090,1980-1999,12.98618122059222,36.99894714355469,-18.57368469238281,2708.3287181946057,768.7848637104431,68.10376224648462,6.527218634551561,22.828584390856957,-19.366213139719843,4.010073814000169,9.712119102478027,99.13869863013699,806,193.86060958373227,930.2791137695312,53.048630136986304,462
