,state,county,gisjoin,year range,avg temp,max temp,min temp,hdd,cdd,avg rh,average dp,max dp,min dp,avg wind speed,max wind speed,avg ghr,max ghr,avg dnr,max dnr,avg dhr,max dhr
0,MO,Barry County,G2900090,2040-2059,16.308222578602606,39.2048225402832,-12.862248420715332,2005.9555438055268,1278.956784995474,68.14556835601319,9.627038688911947,24.57870293507525,-13.884122568003088,3.8803036581980037,9.306598663330078,99.13869863013699,806,189.60669263876156,932.7102661132812,53.048630136986304,462
