,state,county,gisjoin,year range,avg temp,max temp,min temp,hdd,cdd,avg rh,average dp,max dp,min dp,avg wind speed,max wind speed,avg ghr,max ghr,avg dnr,max dnr,avg dhr,max dhr
0,VA,Dickenson County,G5100510,2000-2019,12.62951666979772,32.33187484741211,-13.44562530517578,2723.5088001105482,653.7823845863705,69.14259609065644,6.364458058055869,20.782843394499608,-13.44562613774731,4.06694436399904,11.25732707977295,172.46563926940638,997,189.78699442401117,960.6829223632812,76.91826484018264,631
