,state,county,gisjoin,year range,avg temp,max temp,min temp,hdd,cdd,avg rh,average dp,max dp,min dp,avg wind speed,max wind speed,avg ghr,max ghr,avg dnr,max dnr,avg dhr,max dhr
0,VA,Dickenson County,G5100510,2020-2039,13.517221443021347,33.70304870605469,-18.85999870300293,2480.6098156893604,734.895642391885,68.35158096905712,7.0036849363165325,20.581977854213,-18.860000926089235,4.075145361848073,11.21247386932373,172.46563926940638,997,191.38616029687634,971.7935180664062,76.91826484018264,631
