,state,county,gisjoin,year range,avg temp,max temp,min temp,hdd,cdd,avg rh,average dp,max dp,min dp,avg wind speed,max wind speed,avg ghr,max ghr,avg dnr,max dnr,avg dhr,max dhr
0,VA,Dickenson County,G5100510,2040-2059,14.252167607569223,33.87523651123047,-11.341715812683104,2325.808665515636,848.3498422782168,69.88045400223231,8.120641452635718,24.05682633955584,-11.425028421788072,4.14184980784377,11.914911270141602,172.46563926940638,997,185.03843472811704,962.1121826171876,76.91826484018264,631
