,state,county,gisjoin,year range,avg temp,max temp,min temp,hdd,cdd,avg rh,average dp,max dp,min dp,avg wind speed,max wind speed,avg ghr,max ghr,avg dnr,max dnr,avg dhr,max dhr
0,OH,Knox County,G3900830,1980-1999,8.912862222452656,31.42466735839844,-27.53400039672852,3857.621499186558,431.31621038119766,68.81994636570482,2.7144467680202657,21.307081088620716,-27.534000741899547,3.773089067250082,8.637094497680664,157.24417808219178,998,184.07459558835768,936.2716674804688,81.6021689497717,542
