,state,county,gisjoin,year range,avg temp,max temp,min temp,hdd,cdd,avg rh,average dp,max dp,min dp,avg wind speed,max wind speed,avg ghr,max ghr,avg dnr,max dnr,avg dhr,max dhr
0,OH,Knox County,G3900830,2040-2059,12.915229211812957,37.23802185058594,-17.86598777770996,2833.9926244814183,868.5512867928047,69.5652864850275,6.779538698279933,23.92473948335224,-17.865987195500015,3.6714194470888946,8.629416465759277,157.24417808219178,998,178.58176096908858,938.4691162109376,81.6021689497717,542
