,state,county,gisjoin,year range,avg temp,max temp,min temp,hdd,cdd,avg rh,average dp,max dp,min dp,avg wind speed,max wind speed,avg ghr,max ghr,avg dnr,max dnr,avg dhr,max dhr
0,TX,Rains County,G4803790,1980-1999,17.64701313360429,38.72100067138672,-9.953499794006348,1625.0428564317574,1386.7026501974078,66.54974388423031,10.560246621451302,24.39173037008926,-9.953500852601938,3.6538249793117994,7.932435989379883,188.05479452054794,1012,200.46911666398515,937.7589111328124,74.51461187214612,621
