,state,county,gisjoin,year range,avg temp,max temp,min temp,hdd,cdd,avg rh,average dp,max dp,min dp,avg wind speed,max wind speed,avg ghr,max ghr,avg dnr,max dnr,avg dhr,max dhr
0,TX,Rains County,G4803790,2020-2039,19.12838272851477,40.364070892333984,-6.756571292877197,1309.1691405648469,1611.5288364727614,67.85373321624651,12.296714203870128,25.28622096133607,-6.756571889559417,3.6786951370435217,8.527587890625,188.05479452054794,1012,199.2746785175584,943.2451782226562,74.51461187214612,621
