,state,county,gisjoin,year range,avg temp,max temp,min temp,hdd,cdd,avg rh,average dp,max dp,min dp,avg wind speed,max wind speed,avg ghr,max ghr,avg dnr,max dnr,avg dhr,max dhr
0,TX,Rains County,G4803790,2080-2099,22.673495126856448,43.48762130737305,-3.5520522594451904,911.2210086434787,2507.546729945873,65.99309678273659,15.225562864655831,29.990009440282133,-3.552052184725387,3.6866314017609376,7.798668384552002,188.05479452054794,1012,190.2802847716845,911.48828125,74.51461187214612,621
