,state,county,gisjoin,year range,avg temp,max temp,min temp,hdd,cdd,avg rh,average dp,max dp,min dp,avg wind speed,max wind speed,avg ghr,max ghr,avg dnr,max dnr,avg dhr,max dhr
0,AR,Van Buren County,G0501410,1980-1999,14.40536179924296,35.51250076293945,-13.140625,2323.412876945311,901.8699336688288,69.24318994735474,8.083005524667536,22.4218789700681,-13.140625360261716,3.251355711727926,6.750070095062256,173.86860730593608,1009,198.4342859642123,941.236572265625,82.56232876712329,659
