,state,county,gisjoin,year range,avg temp,max temp,min temp,hdd,cdd,avg rh,average dp,max dp,min dp,avg wind speed,max wind speed,avg ghr,max ghr,avg dnr,max dnr,avg dhr,max dhr
0,AR,Van Buren County,G0501410,2000-2019,16.15241770987911,38.63312530517578,-13.203125,1987.046190294716,1203.1786544005795,68.2755944611275,9.51605317906722,22.990722814721057,-13.203124873220675,3.208439437003985,7.3429274559021,173.86860730593608,1009,196.2986567752972,932.5209350585938,82.56232876712329,659
