,state,county,gisjoin,year range,avg temp,max temp,min temp,hdd,cdd,avg rh,average dp,max dp,min dp,avg wind speed,max wind speed,avg ghr,max ghr,avg dnr,max dnr,avg dhr,max dhr
0,AR,Van Buren County,G0501410,2040-2059,17.812625088714825,41.556339263916016,-10.495144844055176,1651.1584851736714,1473.2666425545956,68.70030509979213,11.20439639209458,27.338914219119854,-10.495145542465131,3.2464832227524014,8.715563774108887,173.86860730593608,1009,192.46493864280333,921.6768188476562,82.56232876712329,659
