,state,county,gisjoin,year range,avg temp,max temp,min temp,hdd,cdd,avg rh,average dp,max dp,min dp,avg wind speed,max wind speed,avg ghr,max ghr,avg dnr,max dnr,avg dhr,max dhr
0,WI,Waushara County,G5501370,1980-1999,6.264740663500208,30.46666717529297,-27.402000427246094,4726.908164537609,334.03850671449436,67.60699786486691,0.0449552366807266,21.351087789858138,-27.40200343691028,4.809356738851495,10.37285041809082,151.70205479452054,955,177.4453426038674,909.3216552734376,66.13036529680365,551
