,state,county,gisjoin,year range,avg temp,max temp,min temp,hdd,cdd,avg rh,average dp,max dp,min dp,avg wind speed,max wind speed,avg ghr,max ghr,avg dnr,max dnr,avg dhr,max dhr
0,WI,Waushara County,G5501370,2000-2019,8.067490463790916,33.74333190917969,-25.588666915893555,4186.827465482945,451.9614847660187,68.53547994208662,1.9262006475552937,21.32567106980793,-25.58867020969081,4.812764396977752,11.07658576965332,151.70205479452054,955,176.74908814962748,908.12109375,66.13036529680365,551
