,state,county,gisjoin,year range,avg temp,max temp,min temp,hdd,cdd,avg rh,average dp,max dp,min dp,avg wind speed,max wind speed,avg ghr,max ghr,avg dnr,max dnr,avg dhr,max dhr
0,WI,Waushara County,G5501370,2080-2099,13.165625853227409,39.28308868408203,-30.46510887145996,3006.389264149188,1132.3427005768433,69.12321376713443,6.912378529321928,26.573769246990903,-30.465109493230205,4.919457946642893,10.48283863067627,151.70205479452054,955,168.0659251035619,874.19677734375,66.13036529680365,551
