,state,county,gisjoin,year range,avg temp,max temp,min temp,hdd,cdd,avg rh,average dp,max dp,min dp,avg wind speed,max wind speed,avg ghr,max ghr,avg dnr,max dnr,avg dhr,max dhr
0,WI,Manitowoc County,G5500710,1980-1999,6.836702450697625,31.08928680419922,-25.47714233398437,4456.294108791299,272.19050329525516,68.79520832283856,0.9531009603560321,19.197042898793804,-25.77535763139785,5.663757265104007,11.633281707763672,147.90559360730595,960,174.35643833622143,894.7452392578125,66.86130136986301,628
