,state,county,gisjoin,year range,avg temp,max temp,min temp,hdd,cdd,avg rh,average dp,max dp,min dp,avg wind speed,max wind speed,avg ghr,max ghr,avg dnr,max dnr,avg dhr,max dhr
0,SC,Lexington County,G4500630,2040-2059,19.720819458885323,39.2818717956543,-9.767072677612305,1256.6004410782482,1775.1995435713577,69.10740479421398,13.13851461577548,25.88198210192929,-9.767072946986245,3.8853206412432946,8.514886856079102,186.28493150684932,1040,192.82571333109834,932.5892333984376,78.11860730593607,501
