,state,county,gisjoin,year range,avg temp,max temp,min temp,hdd,cdd,avg rh,average dp,max dp,min dp,avg wind speed,max wind speed,avg ghr,max ghr,avg dnr,max dnr,avg dhr,max dhr
0,TN,Warren County,G4701770,2080-2099,18.87317493820917,39.82893371582031,-12.499134063720703,1491.3797427849738,1700.5885952312917,70.92107710228663,12.770704128783416,27.06177344105168,-12.499134911585609,3.8817939609153087,9.106335639953612,161.43550228310502,982,183.9872729366014,916.5319213867188,76.58961187214612,593
