,state,county,gisjoin,year range,avg temp,max temp,min temp,hdd,cdd,avg rh,average dp,max dp,min dp,avg wind speed,max wind speed,avg ghr,max ghr,avg dnr,max dnr,avg dhr,max dhr
0,FL,Okaloosa County,G1200910,2000-2019,20.438991270011257,36.51150131225586,-8.000499725341797,941.7335780976176,1722.4653916516797,71.75470809697016,14.54753878751117,25.638799636788125,-8.000500178075736,4.021871099461159,10.325040817260742,206.75924657534247,1031,194.1970600121867,946.5689086914062,78.11198630136987,638
