,state,county,gisjoin,year range,avg temp,max temp,min temp,hdd,cdd,avg rh,average dp,max dp,min dp,avg wind speed,max wind speed,avg ghr,max ghr,avg dnr,max dnr,avg dhr,max dhr
0,FL,Okaloosa County,G1200910,2080-2099,23.839427398796488,39.36749267578125,-2.9127328395843506,601.2742589435716,2623.165259504009,73.48373959314877,18.284100205423606,32.102914515506924,-2.912733018332939,4.104235638181368,9.921667098999023,206.75924657534247,1031,182.36852088259207,926.3793334960938,78.11198630136987,638
