,state,county,gisjoin,year range,avg temp,max temp,min temp,hdd,cdd,avg rh,average dp,max dp,min dp,avg wind speed,max wind speed,avg ghr,max ghr,avg dnr,max dnr,avg dhr,max dhr
0,MI,Alpena County,G2600070,2080-2099,12.38915149854625,38.07246017456055,-13.24009132385254,3049.9609435547286,892.501240523707,70.07421593666076,6.461785371443366,25.22822680926631,-14.01721621385446,5.063347038340895,11.604660034179688,154.9618721461187,964,162.92693684235235,895.078857421875,71.26872146118721,466
