,state,county,gisjoin,year range,avg temp,max temp,min temp,hdd,cdd,avg rh,average dp,max dp,min dp,avg wind speed,max wind speed,avg ghr,max ghr,avg dnr,max dnr,avg dhr,max dhr
0,ID,Blaine County,G1600130,2000-2019,6.003900101554865,33.020713806152344,-20.934999465942383,4782.363213027266,294.2867500940897,52.276511709984035,-4.591369748145922,9.063459213966713,-21.390616841181245,4.375551212922623,10.49464225769043,182.66301369863012,1025,219.16850620069235,997.7493286132812,59.26404109589041,540
