,state,county,gisjoin,year range,avg temp,max temp,min temp,hdd,cdd,avg rh,average dp,max dp,min dp,avg wind speed,max wind speed,avg ghr,max ghr,avg dnr,max dnr,avg dhr,max dhr
0,ID,Blaine County,G1600130,2080-2099,10.119507515360189,37.96445846557617,-15.125210762023926,3676.1204567098425,690.2406998157768,53.80593157108516,-0.49756028021777565,14.114300675374878,-15.465585732426687,4.153956113340648,9.84812831878662,182.66301369863012,1025,210.72523410729553,956.0980224609376,59.26404109589041,540
