,state,county,gisjoin,year range,avg temp,max temp,min temp,hdd,cdd,avg rh,average dp,max dp,min dp,avg wind speed,max wind speed,avg ghr,max ghr,avg dnr,max dnr,avg dhr,max dhr
0,SD,Davison County,G4600350,2000-2019,9.234697127530033,37.79916763305664,-26.981666564941406,3986.6231233950125,677.7875749429409,62.202844399513175,1.4889251523960991,22.078222409808667,-27.4717967576689,3.747482278766153,8.543251991271973,155.47716894977168,1000,182.63193263369706,906.84375,64.06506849315069,526
