,state,county,gisjoin,year range,avg temp,max temp,min temp,hdd,cdd,avg rh,average dp,max dp,min dp,avg wind speed,max wind speed,avg ghr,max ghr,avg dnr,max dnr,avg dhr,max dhr
0,MN,Marshall County,G2700890,1980-1999,3.529602155178763,31.918333053588867,-33.76166534423828,5668.022722986145,276.82750962574636,60.96291189748947,-4.32819560367472,17.926465180911954,-33.761664992448814,4.801085574659583,10.686997413635254,149.81746575342467,924,173.08881618505677,897.198486328125,60.91689497716895,527
