,state,county,gisjoin,year range,avg temp,max temp,min temp,hdd,cdd,avg rh,average dp,max dp,min dp,avg wind speed,max wind speed,avg ghr,max ghr,avg dnr,max dnr,avg dhr,max dhr
0,MS,Tunica County,G2801430,2060-2079,19.46277010444611,39.737117767333984,-3.5911362171173096,1340.4748453398588,1764.8859334626648,71.74553008754503,13.591277217399583,27.512375111657395,-3.967700571567167,3.8082177910086226,8.52638053894043,187.20479452054795,1007,184.72472472863748,907.7704467773438,76.79383561643836,575
