,state,county,gisjoin,year range,avg temp,max temp,min temp,hdd,cdd,avg rh,average dp,max dp,min dp,avg wind speed,max wind speed,avg ghr,max ghr,avg dnr,max dnr,avg dhr,max dhr
0,MN,Wilkin County,G2701670,2080-2099,11.679852433326722,40.65254211425781,-25.39607048034668,3466.308166849232,1049.9543050130753,65.07513929458514,4.5707857890356225,25.311499226604447,-25.89174170167304,3.9931836820628543,9.688682556152344,143.2219178082192,943,166.98257875082166,869.5252685546875,63.55776255707762,544
