,state,county,gisjoin,year range,avg temp,max temp,min temp,hdd,cdd,avg rh,average dp,max dp,min dp,avg wind speed,max wind speed,avg ghr,max ghr,avg dnr,max dnr,avg dhr,max dhr
0,AL,Randolph County,G0101110,2040-2059,18.451339666968206,36.62172317504883,-7.025599956512451,1407.1032196899966,1462.3421981334816,68.7483193578241,11.811412201463641,24.706377872888403,-7.025600768477485,3.7107505980419786,8.865072250366211,166.86575342465753,991,196.38341769993542,932.3682250976562,82.3167808219178,594
