,state,county,gisjoin,year range,avg temp,max temp,min temp,hdd,cdd,avg rh,average dp,max dp,min dp,avg wind speed,max wind speed,avg ghr,max ghr,avg dnr,max dnr,avg dhr,max dhr
0,IA,Franklin County,G1900690,2040-2059,11.044506121756637,37.0577392578125,-26.64842987060547,3534.1656454618246,885.9103799025693,68.23657243807021,4.7143760248984625,24.44661930165682,-26.908349536589736,4.257372633724996,8.670480728149414,162.66929223744293,975,177.30262477477754,895.9900512695312,71.26004566210045,479
