,state,county,gisjoin,year range,avg temp,max temp,min temp,hdd,cdd,avg rh,average dp,max dp,min dp,avg wind speed,max wind speed,avg ghr,max ghr,avg dnr,max dnr,avg dhr,max dhr
0,IA,Franklin County,G1900690,2080-2099,13.983900151505036,40.01441192626953,-17.001312255859375,2822.7918517705566,1247.4154070695945,66.92540962402134,7.197197993591307,27.57388212430869,-17.825216920587653,4.295179982707925,10.297374725341797,162.66929223744293,975,171.67668437723847,891.9219360351562,71.26004566210045,479
