,state,county,gisjoin,year range,avg temp,max temp,min temp,hdd,cdd,avg rh,average dp,max dp,min dp,avg wind speed,max wind speed,avg ghr,max ghr,avg dnr,max dnr,avg dhr,max dhr
0,GA,Screven County,G1302510,2040-2059,20.464319515472184,39.22575378417969,-8.195444107055664,1042.3257206502697,1832.3023437975337,68.55539090339451,13.734651407210173,26.57855625062681,-8.195444495018469,3.685049769649767,9.342836380004885,193.16130136986303,1021,196.39374548854855,934.0437622070312,78.90559360730593,537
