,state,county,gisjoin,year range,avg temp,max temp,min temp,hdd,cdd,avg rh,average dp,max dp,min dp,avg wind speed,max wind speed,avg ghr,max ghr,avg dnr,max dnr,avg dhr,max dhr
0,GA,Screven County,G1302510,2060-2079,20.74012354407236,39.53670883178711,-5.765021800994873,990.4497750417071,1881.094868628032,69.09521199383148,14.14898398205719,25.54293019918269,-5.765022154295142,3.6532040096309086,8.45153522491455,193.16130136986303,1021,198.0853353044141,939.7012329101562,78.90559360730593,537
