,state,county,gisjoin,year range,avg temp,max temp,min temp,hdd,cdd,avg rh,average dp,max dp,min dp,avg wind speed,max wind speed,avg ghr,max ghr,avg dnr,max dnr,avg dhr,max dhr
0,KS,Miami County,G2001210,2000-2019,14.125185042467036,39.59421157836914,-18.221052169799805,2598.606885960125,1074.7994264603278,67.80858328636378,7.525280467328618,24.802490360436146,-18.2210535836129,4.268431737978164,10.146349906921388,177.62157534246575,976,187.60369965380843,926.0835571289062,65.10981735159817,608
