,state,county,gisjoin,year range,avg temp,max temp,min temp,hdd,cdd,avg rh,average dp,max dp,min dp,avg wind speed,max wind speed,avg ghr,max ghr,avg dnr,max dnr,avg dhr,max dhr
0,KS,Miami County,G2001210,2060-2079,16.153453155352732,41.5764274597168,-15.60007667541504,2203.3200421078313,1419.830443811449,69.7561787074015,9.930139780939614,27.711956801087236,-15.600077906574615,4.158285539607479,10.026705741882324,177.62157534246575,976,182.34591974781105,933.1785278320312,65.10981735159817,608
