,state,county,gisjoin,year range,avg temp,max temp,min temp,hdd,cdd,avg rh,average dp,max dp,min dp,avg wind speed,max wind speed,avg ghr,max ghr,avg dnr,max dnr,avg dhr,max dhr
0,KS,Miami County,G2001210,2080-2099,18.10848038428964,43.13421630859375,-11.97170352935791,1900.169310190434,1830.2646504560053,68.67969009756497,11.564223175968776,27.737810615746167,-11.971704041672776,4.137754228017101,10.173337936401367,177.62157534246575,976,178.58022072866163,902.8973999023438,65.10981735159817,608
