,state,county,gisjoin,year range,avg temp,max temp,min temp,hdd,cdd,avg rh,average dp,max dp,min dp,avg wind speed,max wind speed,avg ghr,max ghr,avg dnr,max dnr,avg dhr,max dhr
0,CA,San Bernardino County,G0600710,1980-1999,14.805786591112087,35.671875,-3.908750057220459,1977.194756248782,701.8068620046338,45.63676443034655,0.7573978670897411,9.646836760810032,-13.04440429029125,3.6478885158964487,9.381170272827148,226.63630136986302,1037,237.9051953082933,1011.2418212890624,65.36392694063927,462
