,state,county,gisjoin,year range,avg temp,max temp,min temp,hdd,cdd,avg rh,average dp,max dp,min dp,avg wind speed,max wind speed,avg ghr,max ghr,avg dnr,max dnr,avg dhr,max dhr
0,CA,San Bernardino County,G0600710,2080-2099,19.191155265408785,42.24958419799805,-1.1857348680496216,1250.161318470063,1575.4329903443156,47.485110789891245,5.290032250042353,13.963887272386444,-5.55777398464972,3.6978822289264364,8.915563583374023,226.63630136986302,1037,235.1684741280213,987.3919067382812,65.36392694063927,462
