,state,county,gisjoin,year range,avg temp,max temp,min temp,hdd,cdd,avg rh,average dp,max dp,min dp,avg wind speed,max wind speed,avg ghr,max ghr,avg dnr,max dnr,avg dhr,max dhr
0,MI,St. Clair County,G2601470,2060-2079,12.289303506428196,36.93117904663086,-19.08251953125,3035.6735509894947,841.769330835392,70.70919791792082,6.554326434635242,24.92734534800684,-19.4056606529753,4.581221635347088,10.140669822692873,151.41598173515982,955,166.03640222614996,910.3986206054688,71.22625570776256,509
