,state,county,gisjoin,year range,avg temp,max temp,min temp,hdd,cdd,avg rh,average dp,max dp,min dp,avg wind speed,max wind speed,avg ghr,max ghr,avg dnr,max dnr,avg dhr,max dhr
0,SD,Ziebach County,G4601370,2080-2099,13.041551623451491,45.35570526123047,-25.05731773376465,3183.5345654339367,1264.200907993377,56.99514533841991,3.5464870566859705,24.35100349400666,-28.492048351246694,4.0469187962954445,9.840131759643556,152.7953196347032,964,181.3055591600956,897.3341674804688,63.38047945205479,472
