,state,county,gisjoin,year range,avg temp,max temp,min temp,hdd,cdd,avg rh,average dp,max dp,min dp,avg wind speed,max wind speed,avg ghr,max ghr,avg dnr,max dnr,avg dhr,max dhr
0,IN,Pike County,G1801250,1980-1999,12.447853268078926,36.73866653442383,-23.247333526611328,2910.270882851719,774.2373257001673,69.40620567134526,6.275178087787061,24.82510676967729,-23.24733478375986,3.777836344408118,8.960440635681152,175.93367579908676,994,186.11724012945317,929.218505859375,72.70479452054795,623
