,state,county,gisjoin,year range,avg temp,max temp,min temp,hdd,cdd,avg rh,average dp,max dp,min dp,avg wind speed,max wind speed,avg ghr,max ghr,avg dnr,max dnr,avg dhr,max dhr
0,IN,Pike County,G1801250,2040-2059,15.675948590794514,39.33631134033203,-11.11681842803955,2172.745824449264,1214.9670600891848,71.08214685231039,9.799755256401605,25.984681973920274,-12.051627857900224,3.7349876773820077,8.953198432922363,175.93367579908676,994,180.16486424950463,918.9619750976562,72.70479452054795,623
