,state,county,gisjoin,year range,avg temp,max temp,min temp,hdd,cdd,avg rh,average dp,max dp,min dp,avg wind speed,max wind speed,avg ghr,max ghr,avg dnr,max dnr,avg dhr,max dhr
0,IL,Moultrie County,G1701390,2040-2059,14.87694552597193,39.00057601928711,-17.2777156829834,2455.2350268473297,1205.8201438268723,68.51684248305891,8.440399905505576,26.248794667884283,-17.277715002498244,4.215089284720486,9.492097854614258,151.6513698630137,985,179.5023045931171,909.3278198242188,71.95673515981736,636
