,state,county,gisjoin,year range,avg temp,max temp,min temp,hdd,cdd,avg rh,average dp,max dp,min dp,avg wind speed,max wind speed,avg ghr,max ghr,avg dnr,max dnr,avg dhr,max dhr
0,IL,Moultrie County,G1701390,2060-2079,15.03813130601068,37.94834518432617,-13.846161842346191,2427.6923964016964,1237.1103230953906,70.14399299773996,8.930010383060765,25.16892339255678,-15.200766938646469,4.2252632918151,10.823076248168944,151.6513698630137,985,177.66814115389212,916.2929077148438,71.95673515981736,636
