,state,county,gisjoin,year range,avg temp,max temp,min temp,hdd,cdd,avg rh,average dp,max dp,min dp,avg wind speed,max wind speed,avg ghr,max ghr,avg dnr,max dnr,avg dhr,max dhr
0,WA,Lincoln County,G5300430,2020-2039,9.16464291966093,38.910919189453125,-18.909149169921875,3772.8837645319236,438.47843020757864,56.20289831999774,-0.677065749905279,12.300731167211657,-23.11925448970605,3.2831312459081277,8.488353729248047,157.3318493150685,950,185.3966867041811,898.9352416992188,62.11495433789954,547
