,state,county,gisjoin,year range,avg temp,max temp,min temp,hdd,cdd,avg rh,average dp,max dp,min dp,avg wind speed,max wind speed,avg ghr,max ghr,avg dnr,max dnr,avg dhr,max dhr
0,SC,Orangeburg County,G4500750,2080-2099,22.200047559493335,42.1093635559082,-5.366662502288818,916.8826901057332,2340.4000493205995,68.84652518986567,15.483037749969208,29.004715741325366,-5.366663197403865,4.177705005423664,11.12802791595459,186.25011415525114,1012,188.66160320843804,929.1273803710938,80.23687214611873,611
