,state,county,gisjoin,year range,avg temp,max temp,min temp,hdd,cdd,avg rh,average dp,max dp,min dp,avg wind speed,max wind speed,avg ghr,max ghr,avg dnr,max dnr,avg dhr,max dhr
0,CA,Sierra County,G0600910,2000-2019,6.3804356087470655,29.48785781860352,-16.902856826782227,4495.680747725589,145.0397449175493,58.40256768274525,-2.903185653800279,10.728552728909296,-16.902857019123154,4.777707259295738,13.804084777832031,207.6810502283105,1019,222.5500839068092,1023.4280395507812,55.014954337899546,524
