,state,county,gisjoin,year range,avg temp,max temp,min temp,hdd,cdd,avg rh,average dp,max dp,min dp,avg wind speed,max wind speed,avg ghr,max ghr,avg dnr,max dnr,avg dhr,max dhr
0,CO,Adams County,G0800010,1980-1999,9.94499650211722,36.24928665161133,-22.38928604125977,3563.422793479998,513.846516752258,50.89572841054228,-1.207277378055131,14.35610221172758,-23.293131387735617,3.4673198566861347,7.64509916305542,189.54029680365298,1041,214.36143499357146,981.0654907226562,64.3824200913242,626
