,state,county,gisjoin,year range,avg temp,max temp,min temp,hdd,cdd,avg rh,average dp,max dp,min dp,avg wind speed,max wind speed,avg ghr,max ghr,avg dnr,max dnr,avg dhr,max dhr
0,CO,Adams County,G0800010,2060-2079,14.012380648522237,40.18756484985352,-16.56043243408203,2655.380807291729,1090.399744002085,48.94747507931435,1.9172776511684932,17.620071894755093,-20.1626352685258,3.337114183597913,7.850704669952393,189.54029680365298,1041,208.37449993528287,958.3251953125,64.3824200913242,626
