,state,county,gisjoin,year range,avg temp,max temp,min temp,hdd,cdd,avg rh,average dp,max dp,min dp,avg wind speed,max wind speed,avg ghr,max ghr,avg dnr,max dnr,avg dhr,max dhr
0,VA,Charlottesville city,G5105400,1980-1999,12.866208077221577,36.11933517456055,-20.8700008392334,2708.8749680984233,725.5409162839663,66.88244706288864,6.054045080530214,21.97593514674148,-21.019078974298942,3.4910822388244003,9.37369441986084,161.94954337899543,981,189.18890354654553,930.1701049804688,75.43458904109589,644
