,state,county,gisjoin,year range,avg temp,max temp,min temp,hdd,cdd,avg rh,average dp,max dp,min dp,avg wind speed,max wind speed,avg ghr,max ghr,avg dnr,max dnr,avg dhr,max dhr
0,ID,Clearwater County,G1600350,1980-1999,8.108930938554522,36.32083511352539,-17.34166717529297,4025.5205298846063,305.78032245635427,65.7290269455409,0.9830680546376521,11.691951735216788,-22.1015497315257,2.8381051676594504,7.381771087646484,162.72933789954337,960,175.64241868941153,911.34375,62.78207762557078,463
