,state,county,gisjoin,year range,avg temp,max temp,min temp,hdd,cdd,avg rh,average dp,max dp,min dp,avg wind speed,max wind speed,avg ghr,max ghr,avg dnr,max dnr,avg dhr,max dhr
0,NC,Clay County,G3700430,2000-2019,14.041022687381679,33.391998291015625,-14.863333702087402,2287.0023643301906,732.4756452242974,68.68533861974603,7.542177483059397,21.58879784634389,-14.863333462094952,4.560179621171733,11.523158073425291,178.29326484018264,1001,199.60549202093017,976.9138793945312,79.80844748858448,584
