,state,county,gisjoin,year range,avg temp,max temp,min temp,hdd,cdd,avg rh,average dp,max dp,min dp,avg wind speed,max wind speed,avg ghr,max ghr,avg dnr,max dnr,avg dhr,max dhr
0,NC,Clay County,G3700430,2020-2039,14.342664150685762,33.66029739379883,-11.822729110717772,2186.915131793487,742.4875467936682,69.03793240159614,7.92475259428418,20.818181831003525,-11.822729829749592,4.550373356187181,11.323116302490234,178.29326484018264,1001,197.22674922472186,966.521240234375,79.80844748858448,584
