,state,county,gisjoin,year range,avg temp,max temp,min temp,hdd,cdd,avg rh,average dp,max dp,min dp,avg wind speed,max wind speed,avg ghr,max ghr,avg dnr,max dnr,avg dhr,max dhr
0,NC,Clay County,G3700430,2040-2059,15.759737918899924,34.58378982543945,-9.815978050231934,1902.2592576462987,975.0635980447772,69.10814964825704,9.311353295431731,22.992107914841373,-9.815978619910805,4.658714179116297,11.674881935119627,178.29326484018264,1001,194.21272126484803,965.7808837890624,79.80844748858448,584
