,state,county,gisjoin,year range,avg temp,max temp,min temp,hdd,cdd,avg rh,average dp,max dp,min dp,avg wind speed,max wind speed,avg ghr,max ghr,avg dnr,max dnr,avg dhr,max dhr
0,NC,Clay County,G3700430,2060-2079,15.832093878706905,34.83152389526367,-9.530035018920898,1903.5168289820606,1002.731094710101,70.05204323394113,9.61705685704916,22.899773905272884,-9.530034813878396,4.700712465423427,12.657957077026367,178.29326484018264,1001,194.8638979772719,946.8070678710938,79.80844748858448,584
