,state,county,gisjoin,year range,avg temp,max temp,min temp,hdd,cdd,avg rh,average dp,max dp,min dp,avg wind speed,max wind speed,avg ghr,max ghr,avg dnr,max dnr,avg dhr,max dhr
0,OK,Ellis County,G4000450,1980-1999,13.26733487201545,37.76374816894531,-18.424375534057617,2755.7289935495396,918.8062218348706,56.82726235966704,3.7466984466314965,22.688210923645187,-19.810437359735342,4.694987104200337,9.677728652954102,200.7283105022831,1017,209.56784054219875,983.0955810546876,65.18778538812785,457
