,state,county,gisjoin,year range,avg temp,max temp,min temp,hdd,cdd,avg rh,average dp,max dp,min dp,avg wind speed,max wind speed,avg ghr,max ghr,avg dnr,max dnr,avg dhr,max dhr
0,OK,Ellis County,G4000450,2000-2019,15.038868840657107,41.366249084472656,-18.86124992370605,2368.0268645957126,1177.7139914354352,55.530018554103975,4.873504721523484,22.30472627639023,-21.44760866170233,4.759958993572078,10.147659301757812,200.7283105022831,1017,210.6549296701793,978.017578125,65.18778538812785,457
