,state,county,gisjoin,year range,avg temp,max temp,min temp,hdd,cdd,avg rh,average dp,max dp,min dp,avg wind speed,max wind speed,avg ghr,max ghr,avg dnr,max dnr,avg dhr,max dhr
0,VA,Emporia city,G5105950,2000-2019,15.644575178234836,36.21749877929688,-12.997499465942385,2060.615323673496,1091.3852637291645,68.14137590464937,8.99697627795516,24.09630649351525,-12.997499762415735,3.885300594486602,8.634464263916016,171.7329908675799,986,189.93428624538794,940.6786499023438,72.65821917808219,448
