,state,county,gisjoin,year range,avg temp,max temp,min temp,hdd,cdd,avg rh,average dp,max dp,min dp,avg wind speed,max wind speed,avg ghr,max ghr,avg dnr,max dnr,avg dhr,max dhr
0,VA,Emporia city,G5105950,2020-2039,15.870073066078369,36.929447174072266,-13.230649948120115,2001.1923057896604,1114.2689749082651,68.53346301866993,9.312651264110276,24.6458119832496,-13.230650665804294,3.850175064067318,10.915119171142578,171.7329908675799,986,187.92957992652086,919.2518920898438,72.65821917808219,448
