,state,county,gisjoin,year range,avg temp,max temp,min temp,hdd,cdd,avg rh,average dp,max dp,min dp,avg wind speed,max wind speed,avg ghr,max ghr,avg dnr,max dnr,avg dhr,max dhr
0,WY,Sheridan County,G5600330,2060-2079,10.869625252617645,38.38117980957031,-26.975027084350582,3487.9175000725977,775.8307172775608,52.307252821856984,0.08758203741766231,17.01002250343357,-27.20798367184089,4.3088472359800996,11.71359157562256,174.90570776255709,973,193.24766731133442,930.4949340820312,62.60753424657534,485
