,state,county,gisjoin,year range,avg temp,max temp,min temp,hdd,cdd,avg rh,average dp,max dp,min dp,avg wind speed,max wind speed,avg ghr,max ghr,avg dnr,max dnr,avg dhr,max dhr
0,MO,Livingston County,G2901170,2040-2059,14.743753534246164,41.23528289794922,-14.031417846679688,2511.2694768626616,1213.2395168623027,68.16311459759055,8.197953659484284,26.048656589379668,-14.455238230131217,4.490120969079945,9.904444694519045,176.2837899543379,995,180.47729656883115,907.0953369140624,71.51084474885845,651
