,state,county,gisjoin,year range,avg temp,max temp,min temp,hdd,cdd,avg rh,average dp,max dp,min dp,avg wind speed,max wind speed,avg ghr,max ghr,avg dnr,max dnr,avg dhr,max dhr
0,MO,Livingston County,G2901170,2080-2099,17.35175651082249,43.05389404296875,-13.759099006652832,2099.0255505798286,1752.916677029844,67.57423252362639,10.550390543948634,29.91096789398036,-13.979039143767729,4.3740589474978515,9.420774459838867,176.2837899543379,995,175.5952536771917,893.1820678710938,71.51084474885845,651
