,state,county,gisjoin,year range,avg temp,max temp,min temp,hdd,cdd,avg rh,average dp,max dp,min dp,avg wind speed,max wind speed,avg ghr,max ghr,avg dnr,max dnr,avg dhr,max dhr
0,TX,Loving County,G4803010,1980-1999,17.49446998801738,40.90812683105469,-8.550000190734863,1710.8799637126697,1416.8615093390608,38.342453912023,1.1956527377208597,21.08305210705853,-17.0444001580786,3.1707538893233695,6.4153032302856445,220.96712328767123,1046,241.6753146434444,1020.4373168945312,65.6593607305936,585
