,state,county,gisjoin,year range,avg temp,max temp,min temp,hdd,cdd,avg rh,average dp,max dp,min dp,avg wind speed,max wind speed,avg ghr,max ghr,avg dnr,max dnr,avg dhr,max dhr
0,FL,Gadsden County,G1200390,1980-1999,18.817006064201152,37.65888977050781,-6.9716668128967285,1201.937810595907,1390.6450240294819,69.26776207484066,12.2861612161872,25.08923150503745,-6.971667240219387,3.0413569537608045,7.556264877319336,190.99440639269406,1046,204.1045869844375,942.1267700195312,78.32009132420092,514
