,state,county,gisjoin,year range,avg temp,max temp,min temp,hdd,cdd,avg rh,average dp,max dp,min dp,avg wind speed,max wind speed,avg ghr,max ghr,avg dnr,max dnr,avg dhr,max dhr
0,FL,Gadsden County,G1200390,2040-2059,21.474790500558605,37.349754333496094,-7.393401145935059,854.4046979949595,2013.2032306987142,69.45446346731491,14.951974763715068,27.553171019723223,-7.39340111881735,3.2609037895316946,7.92955207824707,190.99440639269406,1046,195.53079868258598,921.1677856445312,78.32009132420092,514
