,state,county,gisjoin,year range,avg temp,max temp,min temp,hdd,cdd,avg rh,average dp,max dp,min dp,avg wind speed,max wind speed,avg ghr,max ghr,avg dnr,max dnr,avg dhr,max dhr
0,MT,Lewis and Clark County,G3000490,2020-2039,8.852353658157558,38.16244125366211,-26.29663848876953,3934.1521933070344,485.76127853394934,50.72416074961832,-2.213177016569236,12.975275657227042,-28.19314111968136,4.555993062176117,10.7241849899292,166.54908675799086,979,187.66511075109898,928.5877685546876,62.43584474885845,478
