,state,county,gisjoin,year range,avg temp,max temp,min temp,hdd,cdd,avg rh,average dp,max dp,min dp,avg wind speed,max wind speed,avg ghr,max ghr,avg dnr,max dnr,avg dhr,max dhr
0,FL,Gilchrist County,G1200410,2060-2079,22.586031134033654,37.157318115234375,-5.733452796936035,623.8740754036552,2188.275439325735,69.99911084349297,16.146475356115026,28.78908778960868,-5.733453415304994,3.3558883164707383,8.251154899597168,188.5162100456621,1043,196.58074078737292,920.3697509765624,82.50148401826485,615
