,state,county,gisjoin,year range,avg temp,max temp,min temp,hdd,cdd,avg rh,average dp,max dp,min dp,avg wind speed,max wind speed,avg ghr,max ghr,avg dnr,max dnr,avg dhr,max dhr
0,MI,Barry County,G2600150,2020-2039,10.298438538902943,35.661659240722656,-25.758455276489254,3505.342442621553,584.7725093206043,69.8333941962621,4.382149965991401,24.167575413016035,-25.7584576861538,4.6275288130866885,10.715508460998535,149.41084474885844,958,176.45343393007624,917.291259765625,73.09086757990868,630
