,state,county,gisjoin,year range,avg temp,max temp,min temp,hdd,cdd,avg rh,average dp,max dp,min dp,avg wind speed,max wind speed,avg ghr,max ghr,avg dnr,max dnr,avg dhr,max dhr
0,TN,Hardeman County,G4700690,2080-2099,20.20141053482911,39.97438049316406,-10.060053825378418,1310.5911802764622,2004.606025489007,70.34108661211789,13.94226946405338,27.886176694793967,-10.060054712142875,3.645999429623286,9.260430335998535,176.80559360730592,1006,182.92070681002244,906.65771484375,74.57751141552511,583
