,state,county,gisjoin,year range,avg temp,max temp,min temp,hdd,cdd,avg rh,average dp,max dp,min dp,avg wind speed,max wind speed,avg ghr,max ghr,avg dnr,max dnr,avg dhr,max dhr
0,WV,Mason County,G5400530,2020-2039,13.406783258447101,36.397193908691406,-12.351126670837402,2626.4634621622604,840.4393514951549,68.23092820807679,6.817297199499795,22.84105181577564,-14.277384271354585,3.203170740767701,8.450322151184082,168.07157534246576,1012,184.4055615131074,941.9779052734376,79.01381278538813,481
