,state,county,gisjoin,year range,avg temp,max temp,min temp,hdd,cdd,avg rh,average dp,max dp,min dp,avg wind speed,max wind speed,avg ghr,max ghr,avg dnr,max dnr,avg dhr,max dhr
0,WV,Mason County,G5400530,2080-2099,16.66577750140361,38.63735580444336,-12.468440055847168,2000.3692596130031,1403.8780476252684,69.845065586752,10.342466969280549,26.698334820197243,-12.46844094527851,3.1988468140771946,7.362829685211182,168.07157534246576,1012,178.6452459305326,939.2233276367188,79.01381278538813,481
