,state,county,gisjoin,year range,avg temp,max temp,min temp,hdd,cdd,avg rh,average dp,max dp,min dp,avg wind speed,max wind speed,avg ghr,max ghr,avg dnr,max dnr,avg dhr,max dhr
0,TX,Crosby County,G4801070,2080-2099,20.25393677757094,41.89396667480469,-8.402557373046875,1382.4606964512195,2095.647620264516,54.96854909946929,9.643321105207786,25.63010288368694,-13.591726552021672,4.5317302143464895,10.802109718322754,210.74920091324202,1043,215.35785999248142,976.2710571289062,65.40593607305937,643
