,state,county,gisjoin,year range,avg temp,max temp,min temp,hdd,cdd,avg rh,average dp,max dp,min dp,avg wind speed,max wind speed,avg ghr,max ghr,avg dnr,max dnr,avg dhr,max dhr
0,ID,Ada County,G1600010,2020-2039,12.19902162150461,40.48825073242188,-15.91898250579834,3005.2415860050223,778.3844778538099,50.51308188601716,0.289601705221752,12.6653518318447,-16.83705749720552,3.6689509603803017,8.581558227539062,184.55308219178082,1003,198.50007628036693,945.565673828125,60.392922374429226,515
