,state,county,gisjoin,year range,avg temp,max temp,min temp,hdd,cdd,avg rh,average dp,max dp,min dp,avg wind speed,max wind speed,avg ghr,max ghr,avg dnr,max dnr,avg dhr,max dhr
0,ID,Ada County,G1600010,2080-2099,15.809368780889276,46.62662887573242,-12.555068016052246,2313.7632221939643,1404.6828272184096,51.96994759949375,3.9701300748001715,18.41715601227421,-13.57171895575932,3.4514129828508584,8.995553016662598,184.55308219178082,1003,195.23190277677256,920.2189331054688,60.392922374429226,515
