,state,county,gisjoin,year range,avg temp,max temp,min temp,hdd,cdd,avg rh,average dp,max dp,min dp,avg wind speed,max wind speed,avg ghr,max ghr,avg dnr,max dnr,avg dhr,max dhr
0,GA,Haralson County,G1301430,2000-2019,16.01284774078882,34.89866638183594,-11.123332977294922,1893.2990097533757,1058.4884351413164,68.59334078901979,9.449286189632142,22.881412579893947,-11.640038717535614,3.609815591492065,8.93908977508545,176.0974885844749,1000,198.66878993130368,967.6318359375,75.3829908675799,586
