,state,county,gisjoin,year range,avg temp,max temp,min temp,hdd,cdd,avg rh,average dp,max dp,min dp,avg wind speed,max wind speed,avg ghr,max ghr,avg dnr,max dnr,avg dhr,max dhr
0,GA,Haralson County,G1301430,2040-2059,17.94146227530979,36.22658157348633,-6.8299336433410645,1532.2931602347996,1401.4268907229552,68.55157657845379,11.309412295007991,24.61297213111106,-6.829934411516986,3.562905531332373,10.011846542358398,176.0974885844749,1000,195.21377290635638,942.2442016601562,75.3829908675799,586
