,state,county,gisjoin,year range,avg temp,max temp,min temp,hdd,cdd,avg rh,average dp,max dp,min dp,avg wind speed,max wind speed,avg ghr,max ghr,avg dnr,max dnr,avg dhr,max dhr
0,GA,Haralson County,G1301430,2060-2079,18.21151430149771,37.90894317626953,-8.248614311218262,1450.0643457326294,1417.7670657794044,70.14448851972955,11.94554868299758,25.216938807024004,-8.248614835368818,3.6577808790283117,8.418460845947266,176.0974885844749,1000,195.8429500345556,934.8446044921876,75.3829908675799,586
