,state,county,gisjoin,year range,avg temp,max temp,min temp,hdd,cdd,avg rh,average dp,max dp,min dp,avg wind speed,max wind speed,avg ghr,max ghr,avg dnr,max dnr,avg dhr,max dhr
0,MO,McDonald County,G2901190,2040-2059,17.24266421647517,39.99674987792969,-11.898038864135742,1810.9635929003489,1425.0360319137842,66.34226396203586,10.096866049584456,24.67891241044788,-12.53065534692599,3.972302948938657,9.521596908569336,181.1695205479452,985,191.56931028419322,937.3982543945312,69.26780821917808,614
