,state,county,gisjoin,year range,avg temp,max temp,min temp,hdd,cdd,avg rh,average dp,max dp,min dp,avg wind speed,max wind speed,avg ghr,max ghr,avg dnr,max dnr,avg dhr,max dhr
0,MO,McDonald County,G2901190,2080-2099,19.035143029600537,46.07865905761719,-11.747468948364258,1580.8652338790455,1849.1924396831537,68.81213492214953,12.390564350800593,29.078282657118955,-11.747470147921767,3.9576531531059578,10.022174835205078,181.1695205479452,985,187.55858008635573,922.9303588867188,69.26780821917808,614
