,state,county,gisjoin,year range,avg temp,max temp,min temp,hdd,cdd,avg rh,average dp,max dp,min dp,avg wind speed,max wind speed,avg ghr,max ghr,avg dnr,max dnr,avg dhr,max dhr
0,MT,Valley County,G3001050,2040-2059,10.1427727112411,41.0304069519043,-34.00642776489258,3793.2985915614586,815.9106311639516,51.12964257878256,-1.0169696146769565,19.068154769591047,-34.51214423464125,3.631305859186878,9.86723804473877,162.48607305936073,964,178.2867050212072,889.1112670898438,60.84840182648402,447
