,state,county,gisjoin,year range,avg temp,max temp,min temp,hdd,cdd,avg rh,average dp,max dp,min dp,avg wind speed,max wind speed,avg ghr,max ghr,avg dnr,max dnr,avg dhr,max dhr
0,MS,Clarke County,G2800230,2040-2059,20.135314579156148,39.17388534545898,-8.305062294006348,1148.235971270235,1818.1257926621747,69.22469393825966,13.52979255032508,27.869430417694076,-8.305063160679634,3.8015890475957907,9.22164535522461,184.9005707762557,1008,197.24187064683534,920.4036254882812,82.25936073059361,581
