,state,county,gisjoin,year range,avg temp,max temp,min temp,hdd,cdd,avg rh,average dp,max dp,min dp,avg wind speed,max wind speed,avg ghr,max ghr,avg dnr,max dnr,avg dhr,max dhr
0,TN,Scott County,G4701510,2020-2039,13.759042009829383,33.98679733276367,-21.41059684753418,2474.932972820502,817.4833064079808,69.70411236449463,7.534596933159037,21.977677613809,-21.410597932240268,4.067911030481395,10.019597053527832,164.45856164383562,1000,193.05223830158272,951.297607421875,77.09246575342466,660
