,state,county,gisjoin,year range,avg temp,max temp,min temp,hdd,cdd,avg rh,average dp,max dp,min dp,avg wind speed,max wind speed,avg ghr,max ghr,avg dnr,max dnr,avg dhr,max dhr
0,GA,Grady County,G1301310,1980-1999,18.65836838398216,36.87882232666016,-6.284117698669434,1219.348988396331,1350.153448550005,68.67534647292743,12.016848230123685,23.030575411171316,-6.284118077909101,3.5136106425224374,8.910656929016113,190.99440639269406,1046,205.97523072135527,940.9686889648438,78.32054794520548,514
