,state,county,gisjoin,year range,avg temp,max temp,min temp,hdd,cdd,avg rh,average dp,max dp,min dp,avg wind speed,max wind speed,avg ghr,max ghr,avg dnr,max dnr,avg dhr,max dhr
0,IA,Jefferson County,G1901010,2060-2079,14.049060831901176,41.017723083496094,-20.669431686401367,2727.405527701909,1175.81273134556,69.37223810953637,7.803106040746236,27.496001327036627,-20.860855946502426,4.07666919753976,9.71419620513916,156.76381278538813,957,176.54499037232523,888.6497802734375,70.3079908675799,573
