,state,county,gisjoin,year range,avg temp,max temp,min temp,hdd,cdd,avg rh,average dp,max dp,min dp,avg wind speed,max wind speed,avg ghr,max ghr,avg dnr,max dnr,avg dhr,max dhr
0,IA,Jefferson County,G1901010,2080-2099,15.835552113163072,43.67264175415039,-18.01405906677246,2375.3552616883976,1475.8317829926746,69.48700845905636,9.55405822564485,27.39545193801407,-18.06308092905937,4.053789277272681,9.074751853942873,156.76381278538813,957,174.00909342537315,893.5416870117188,70.3079908675799,573
