,state,county,gisjoin,year range,avg temp,max temp,min temp,hdd,cdd,avg rh,average dp,max dp,min dp,avg wind speed,max wind speed,avg ghr,max ghr,avg dnr,max dnr,avg dhr,max dhr
0,OR,Grant County,G4100230,2080-2099,12.478005226601082,38.81239700317383,-10.830236434936523,2919.658170892874,794.6300786018702,55.39576858962508,1.9970838529148667,11.696968940947476,-10.830237355638676,3.9580548688020882,8.823737144470215,183.78550228310502,994,197.0341209811886,929.069091796875,61.801826484018264,456
