,state,county,gisjoin,year range,avg temp,max temp,min temp,hdd,cdd,avg rh,average dp,max dp,min dp,avg wind speed,max wind speed,avg ghr,max ghr,avg dnr,max dnr,avg dhr,max dhr
0,IN,Posey County,G1801290,2000-2019,14.60854920238524,36.50466537475586,-15.835332870483398,2365.0343213267856,1017.6547801972046,70.00423077862013,8.535906362696853,24.231848148293643,-15.835333718650949,3.672893328127796,9.020025253295898,176.99851598173515,978,186.68032092578198,906.7139282226562,73.4958904109589,587
