,state,county,gisjoin,year range,avg temp,max temp,min temp,hdd,cdd,avg rh,average dp,max dp,min dp,avg wind speed,max wind speed,avg ghr,max ghr,avg dnr,max dnr,avg dhr,max dhr
0,IN,Posey County,G1801290,2020-2039,14.985567566023375,38.49760818481445,-18.59191131591797,2305.260963506621,1095.4931251049713,70.2213571587654,8.938556250064117,24.75673616419485,-18.59191411383671,3.752642815869693,8.755098342895508,176.99851598173515,978,183.57437958315657,918.552978515625,73.4958904109589,587
