,state,county,gisjoin,year range,avg temp,max temp,min temp,hdd,cdd,avg rh,average dp,max dp,min dp,avg wind speed,max wind speed,avg ghr,max ghr,avg dnr,max dnr,avg dhr,max dhr
0,IN,Posey County,G1801290,2060-2079,17.112920306545742,39.56316757202149,-9.64687728881836,1899.635890475842,1466.3518023649947,70.11083437449311,10.952811342489442,26.151907613160574,-9.89726180729543,3.692612942957987,10.35508632659912,176.99851598173515,978,179.42297412851778,909.8925170898438,73.4958904109589,587
