,state,county,gisjoin,year range,avg temp,max temp,min temp,hdd,cdd,avg rh,average dp,max dp,min dp,avg wind speed,max wind speed,avg ghr,max ghr,avg dnr,max dnr,avg dhr,max dhr
0,IN,Posey County,G1801290,2080-2099,18.46580281059856,40.35798645019531,-14.778014183044434,1654.5700238611753,1715.0880497295893,71.67241576708615,12.59056171453893,27.94537049584645,-14.778014157743618,3.5679318088034515,9.908942222595217,176.99851598173515,978,175.68188379288287,919.388671875,73.4958904109589,587
