,state,county,gisjoin,year range,avg temp,max temp,min temp,hdd,cdd,avg rh,average dp,max dp,min dp,avg wind speed,max wind speed,avg ghr,max ghr,avg dnr,max dnr,avg dhr,max dhr
0,VA,Fairfax County,G5100590,1980-1999,12.334846120436552,34.098751068115234,-15.25749969482422,2848.429965603538,671.1487995624921,69.51367502865726,6.265986376047083,22.21802250862016,-15.25750176604401,3.8795469378771847,9.933504104614258,166.84246575342465,974,182.93079939586082,936.3096923828124,75.53744292237442,645
