,state,county,gisjoin,year range,avg temp,max temp,min temp,hdd,cdd,avg rh,average dp,max dp,min dp,avg wind speed,max wind speed,avg ghr,max ghr,avg dnr,max dnr,avg dhr,max dhr
0,VA,Fairfax County,G5100590,2000-2019,13.775033601108284,38.33187484741211,-13.720624923706056,2503.00663770686,851.393902111104,69.91393881388451,7.701656376951388,24.609750569991625,-13.720624950989253,3.966563944294028,10.36109447479248,166.84246575342465,974,178.98897076693865,925.22509765625,75.53744292237442,645
