,state,county,gisjoin,year range,avg temp,max temp,min temp,hdd,cdd,avg rh,average dp,max dp,min dp,avg wind speed,max wind speed,avg ghr,max ghr,avg dnr,max dnr,avg dhr,max dhr
0,VA,Fairfax County,G5100590,2060-2079,16.314387380852462,37.796016693115234,-8.010960578918457,1972.7080212339872,1247.9594152451316,71.31820171761186,10.51552999002054,27.207256663582324,-8.37944746635773,3.943350238342808,10.413692474365234,166.84246575342465,974,175.1488067977834,909.3336181640624,75.53744292237442,645
