,state,county,gisjoin,year range,avg temp,max temp,min temp,hdd,cdd,avg rh,average dp,max dp,min dp,avg wind speed,max wind speed,avg ghr,max ghr,avg dnr,max dnr,avg dhr,max dhr
0,VA,Fairfax County,G5100590,2080-2099,17.926835843112112,38.22538757324219,-8.502424240112305,1721.6351723592513,1585.4302550951106,71.84143239069202,12.215296878689829,27.48065861956518,-8.502424931651637,3.939181176277056,9.403719902038574,166.84246575342465,974,170.81837006913148,910.2941284179688,75.53744292237442,645
