,state,county,gisjoin,year range,avg temp,max temp,min temp,hdd,cdd,avg rh,average dp,max dp,min dp,avg wind speed,max wind speed,avg ghr,max ghr,avg dnr,max dnr,avg dhr,max dhr
0,IL,Scott County,G1701710,1980-1999,11.338057524680169,36.27000045776367,-27.23214340209961,3240.1262174566814,699.0172139644993,67.64600693820275,4.837253081401178,22.756549692332733,-27.232144600642872,4.388454440848468,10.943182945251465,173.42808219178082,992,183.40932923186483,927.4317016601562,73.27808219178083,493
