,state,county,gisjoin,year range,avg temp,max temp,min temp,hdd,cdd,avg rh,average dp,max dp,min dp,avg wind speed,max wind speed,avg ghr,max ghr,avg dnr,max dnr,avg dhr,max dhr
0,IL,Scott County,G1701710,2000-2019,12.732889217778546,35.53499984741211,-21.622142791748047,2901.1838940969956,869.1884585857892,68.26998658354424,6.3259362343633665,26.558168621745363,-21.62214416539583,4.372332470710964,9.811686515808104,173.42808219178082,992,181.3077944267946,923.203125,73.27808219178083,493
