,state,county,gisjoin,year range,avg temp,max temp,min temp,hdd,cdd,avg rh,average dp,max dp,min dp,avg wind speed,max wind speed,avg ghr,max ghr,avg dnr,max dnr,avg dhr,max dhr
0,IL,Scott County,G1701710,2020-2039,13.43113697443861,39.88861846923828,-20.313068389892575,2729.085393969817,951.9503896395912,68.34790467649835,6.979943613616765,24.169037081724227,-20.313069562205023,4.290956311356531,9.682284355163574,173.42808219178082,992,182.4061058811565,922.2887573242188,73.27808219178083,493
