,state,county,gisjoin,year range,avg temp,max temp,min temp,hdd,cdd,avg rh,average dp,max dp,min dp,avg wind speed,max wind speed,avg ghr,max ghr,avg dnr,max dnr,avg dhr,max dhr
0,LA,Livingston Parish,G2200630,1980-1999,19.250624348887467,35.395263671875,-3.950000047683716,1145.786008739827,1492.763896083837,71.1884779764637,13.282532662106378,24.573700794539143,-3.950000370689529,3.3005726298240767,7.904131889343262,183.13926940639269,1024,197.87679493173192,945.3082275390624,79.14189497716895,522
