,state,county,gisjoin,year range,avg temp,max temp,min temp,hdd,cdd,avg rh,average dp,max dp,min dp,avg wind speed,max wind speed,avg ghr,max ghr,avg dnr,max dnr,avg dhr,max dhr
0,LA,Livingston Parish,G2200630,2040-2059,21.730413443706166,38.38328552246094,-3.9137156009674072,803.6720278018894,2055.7729347544964,72.43306743151521,15.98346507583623,27.86249054259176,-3.913715848088279,3.2871317788346173,9.703133583068848,183.13926940639269,1024,191.08842384261365,925.1073608398438,79.14189497716895,522
