,state,county,gisjoin,year range,avg temp,max temp,min temp,hdd,cdd,avg rh,average dp,max dp,min dp,avg wind speed,max wind speed,avg ghr,max ghr,avg dnr,max dnr,avg dhr,max dhr
0,NY,Steuben County,G3601010,1980-1999,6.6040072132920145,31.45599937438965,-26.5766658782959,4551.348426449203,282.3110593000971,66.51117498254123,-0.00019995068246129923,18.47806151562009,-26.576667082699327,4.532900696094722,10.490191459655762,137.06963470319636,968,186.7412213194146,974.8230590820312,71.33173515981736,542
