,state,county,gisjoin,year range,avg temp,max temp,min temp,hdd,cdd,avg rh,average dp,max dp,min dp,avg wind speed,max wind speed,avg ghr,max ghr,avg dnr,max dnr,avg dhr,max dhr
0,NY,Steuben County,G3601010,2060-2079,10.484955537894855,34.38951873779297,-21.83251190185547,3417.7883258114393,565.2970971425626,68.21542006975984,4.085646512635319,22.884868967972945,-21.8325130800023,5.004296484058851,11.895343780517578,137.06963470319636,968,178.54359407049316,932.5405883789062,71.33173515981736,542
