,state,county,gisjoin,year range,avg temp,max temp,min temp,hdd,cdd,avg rh,average dp,max dp,min dp,avg wind speed,max wind speed,avg ghr,max ghr,avg dnr,max dnr,avg dhr,max dhr
0,MO,Wright County,G2902290,1980-1999,12.586786495797979,36.85117721557617,-19.10117721557617,2799.3679595485296,714.0450305144358,67.6701957138706,6.014626575076089,21.251206891892476,-20.168992061815626,4.820892220327299,11.93619441986084,169.3970319634703,991,194.8537913053718,943.1155395507812,74.48869863013698,604
