,state,county,gisjoin,year range,avg temp,max temp,min temp,hdd,cdd,avg rh,average dp,max dp,min dp,avg wind speed,max wind speed,avg ghr,max ghr,avg dnr,max dnr,avg dhr,max dhr
0,MO,Wright County,G2902290,2060-2079,16.488040113095533,38.75429916381836,-9.70444679260254,2000.4886730849512,1339.123314364831,69.0201872577406,10.01234509099174,24.90608175760675,-9.89122086479901,4.695165248439737,10.19740390777588,169.3970319634703,991,187.55241781758554,934.3220825195312,74.48869863013698,604
