,state,county,gisjoin,year range,avg temp,max temp,min temp,hdd,cdd,avg rh,average dp,max dp,min dp,avg wind speed,max wind speed,avg ghr,max ghr,avg dnr,max dnr,avg dhr,max dhr
0,MO,Wright County,G2902290,2080-2099,17.85673539010424,40.65918350219727,-9.778936386108398,1811.6884779093377,1649.8968952973044,68.75725712841505,11.258947089683712,26.17104933459969,-10.536501284332155,4.696746402897247,10.21518898010254,169.3970319634703,991,186.8481733024911,926.9913940429688,74.48869863013698,604
