,state,county,gisjoin,year range,avg temp,max temp,min temp,hdd,cdd,avg rh,average dp,max dp,min dp,avg wind speed,max wind speed,avg ghr,max ghr,avg dnr,max dnr,avg dhr,max dhr
0,GA,Chatham County,G1300510,1980-1999,19.03246778783614,35.52764892578125,-5.315882205963135,1148.743149044465,1416.093891604777,69.06642335168847,12.657440367931114,25.270795250009343,-5.315882446977707,5.0045030339123455,11.53950309753418,192.5626712328767,1011,193.5204052219277,951.5966796875,81.22271689497717,612
