,state,county,gisjoin,year range,avg temp,max temp,min temp,hdd,cdd,avg rh,average dp,max dp,min dp,avg wind speed,max wind speed,avg ghr,max ghr,avg dnr,max dnr,avg dhr,max dhr
0,GA,Chatham County,G1300510,2000-2019,20.12670307725766,37.84882354736328,-5.000588417053223,976.2912651529609,1643.0378883519923,70.34775295322889,13.971333301245547,26.244523916729044,-5.285687732069156,5.075857098788431,10.975820541381836,192.5626712328767,1011,191.38503553267427,935.517822265625,81.22271689497717,612
