,state,county,gisjoin,year range,avg temp,max temp,min temp,hdd,cdd,avg rh,average dp,max dp,min dp,avg wind speed,max wind speed,avg ghr,max ghr,avg dnr,max dnr,avg dhr,max dhr
0,GA,Chatham County,G1300510,2060-2079,21.88357747845186,38.236759185791016,-1.7239145040512085,705.6419977157739,2013.6477773505565,70.65826758031976,15.794030143531295,27.233588611921856,-1.9725045251744395,5.226444844350423,12.337187767028809,192.5626712328767,1011,187.7063173173246,885.5782470703125,81.22271689497717,612
