,state,county,gisjoin,year range,avg temp,max temp,min temp,hdd,cdd,avg rh,average dp,max dp,min dp,avg wind speed,max wind speed,avg ghr,max ghr,avg dnr,max dnr,avg dhr,max dhr
0,AL,Pickens County,G0101070,1980-1999,16.752884230941568,37.06500244140625,-13.994444847106934,1769.7781889593045,1205.0809332530487,68.95621187262338,10.246808610163717,23.046926398878107,-13.994445925142928,3.2606335543742464,11.89971160888672,183.5310502283105,1010,199.24679861209637,936.8650512695312,78.76518264840183,592
