,state,county,gisjoin,year range,avg temp,max temp,min temp,hdd,cdd,avg rh,average dp,max dp,min dp,avg wind speed,max wind speed,avg ghr,max ghr,avg dnr,max dnr,avg dhr,max dhr
0,AL,Pickens County,G0101070,2000-2019,17.727501680617213,38.00722122192383,-12.515555381774902,1606.719760999936,1397.7578744253017,69.5257612533221,11.325771036025172,24.169509578452026,-12.515555800229151,3.2600911056750443,8.956674575805664,183.5310502283105,1010,197.03924794304797,938.2467651367188,78.76518264840183,592
