,state,county,gisjoin,year range,avg temp,max temp,min temp,hdd,cdd,avg rh,average dp,max dp,min dp,avg wind speed,max wind speed,avg ghr,max ghr,avg dnr,max dnr,avg dhr,max dhr
0,TX,Childress County,G4800750,1980-1999,16.047346271789973,40.18149948120117,-10.159000396728516,2101.7764364097716,1279.557825613097,54.9672473755057,5.884417334990682,22.300654993031124,-13.230184745367398,3.7799001151160017,7.85869026184082,202.55091324200913,1023,214.94589378046192,963.388916015625,63.59006849315068,598
