,state,county,gisjoin,year range,avg temp,max temp,min temp,hdd,cdd,avg rh,average dp,max dp,min dp,avg wind speed,max wind speed,avg ghr,max ghr,avg dnr,max dnr,avg dhr,max dhr
0,TX,Childress County,G4800750,2040-2059,19.226416231172568,43.40334701538086,-10.30810832977295,1567.312534319619,1905.4544586974941,55.583952164541095,8.995666570531307,25.475703753139864,-10.72331741299807,3.7619150090435323,8.943334579467773,202.55091324200913,1023,210.03379677568535,951.65869140625,63.59006849315068,598
