,state,county,gisjoin,year range,avg temp,max temp,min temp,hdd,cdd,avg rh,average dp,max dp,min dp,avg wind speed,max wind speed,avg ghr,max ghr,avg dnr,max dnr,avg dhr,max dhr
0,TX,Howard County,G4802270,2000-2019,18.340374280662555,41.00749969482422,-10.4193754196167,1556.6219260109017,1571.358538452736,50.71286433537801,6.679908573968936,21.67693236243823,-12.353033770936216,4.222611515570994,8.02637767791748,205.3203196347032,1042,223.65909300061426,987.1799926757812,73.99543378995433,597
