,state,county,gisjoin,year range,avg temp,max temp,min temp,hdd,cdd,avg rh,average dp,max dp,min dp,avg wind speed,max wind speed,avg ghr,max ghr,avg dnr,max dnr,avg dhr,max dhr
0,TX,Howard County,G4802270,2080-2099,22.278895788694538,44.31014633178711,-5.768172264099121,1044.5594556724757,2496.856418545775,52.14582960627395,10.818467887133911,26.972957868468065,-10.525873341729527,4.405011620151398,9.002666473388672,205.3203196347032,1042,218.7273221772793,958.6463012695312,73.99543378995433,597
