,state,county,gisjoin,year range,avg temp,max temp,min temp,hdd,cdd,avg rh,average dp,max dp,min dp,avg wind speed,max wind speed,avg ghr,max ghr,avg dnr,max dnr,avg dhr,max dhr
0,GA,Tift County,G1302770,2040-2059,21.027302747129227,37.943355560302734,-4.827549934387207,907.4571899940252,1902.9226926960998,69.6327322208718,14.547525049233881,25.65716385107964,-4.827550147522978,3.866347732745349,8.965463638305664,185.89029680365297,999,197.58325863307203,950.5321044921876,85.33755707762558,674
