,state,county,gisjoin,year range,avg temp,max temp,min temp,hdd,cdd,avg rh,average dp,max dp,min dp,avg wind speed,max wind speed,avg ghr,max ghr,avg dnr,max dnr,avg dhr,max dhr
0,IA,Warren County,G1901810,2060-2079,13.872419884230156,38.43995666503906,-17.34010887145996,2775.6830969761436,1159.6163547198628,68.06111111292556,7.397971790003132,26.430160821902277,-17.74468183767846,3.9400274936467,11.203770637512209,174.6994292237443,987,175.36844111159718,916.0595092773438,69.4453196347032,495
