,state,county,gisjoin,year range,avg temp,max temp,min temp,hdd,cdd,avg rh,average dp,max dp,min dp,avg wind speed,max wind speed,avg ghr,max ghr,avg dnr,max dnr,avg dhr,max dhr
0,CA,Yuba County,G0601150,2060-2079,19.451281130528077,46.43718719482422,-2.598541498184204,1153.2422344100482,1573.459847052858,51.52943015784433,6.686762461278565,16.49844024004541,-3.504773844822615,2.758822758067144,8.338583946228027,194.76381278538813,1001,206.69667088045662,916.3411865234376,68.34155251141553,568
