,state,county,gisjoin,year range,avg temp,max temp,min temp,hdd,cdd,avg rh,average dp,max dp,min dp,avg wind speed,max wind speed,avg ghr,max ghr,avg dnr,max dnr,avg dhr,max dhr
0,MO,Barton County,G2900110,2060-2079,17.198561986342533,39.56661605834961,-10.672900199890137,1910.278805283506,1508.2539302984703,69.36913765140865,10.78632438514089,27.24349245994321,-10.672900662863569,4.145016954696342,9.191365242004396,179.15787671232877,994,184.6405571353962,922.2855834960938,66.51815068493151,456
