,state,county,gisjoin,year range,avg temp,max temp,min temp,hdd,cdd,avg rh,average dp,max dp,min dp,avg wind speed,max wind speed,avg ghr,max ghr,avg dnr,max dnr,avg dhr,max dhr
0,IA,Jackson County,G1900970,2020-2039,10.001454517690249,36.39442825317383,-28.724063873291016,3663.8585391005454,634.8894380569772,69.33577951035,3.990240646039736,24.03595007758127,-28.724064734565413,3.9100109368154445,8.571598052978516,154.48367579908677,976,177.3750389078633,917.1876220703124,67.76963470319635,598
