,state,county,gisjoin,year range,avg temp,max temp,min temp,hdd,cdd,avg rh,average dp,max dp,min dp,avg wind speed,max wind speed,avg ghr,max ghr,avg dnr,max dnr,avg dhr,max dhr
0,FL,Miami-Dade County,G1200860,2000-2019,25.046738967666887,34.24684143066406,4.689999103546143,101.74673382838556,2564.30645702645,74.30811241337153,19.826066080690318,27.523479398176324,3.812128309501999,3.5175713179862664,8.78536605834961,200.1288812785388,1071,181.68565910584994,906.217041015625,92.57602739726028,714
