,state,county,gisjoin,year range,avg temp,max temp,min temp,hdd,cdd,avg rh,average dp,max dp,min dp,avg wind speed,max wind speed,avg ghr,max ghr,avg dnr,max dnr,avg dhr,max dhr
0,FL,Miami-Dade County,G1200860,2060-2079,26.040624891514103,36.372314453125,7.462048053741455,83.04773914416536,2908.375824546418,75.19902179230294,21.00430411271253,29.155750664812768,6.0325492770637865,3.384267008794497,8.681635856628418,200.1288812785388,1071,177.35678064413247,873.8817749023438,92.57602739726028,714
