,state,county,gisjoin,year range,avg temp,max temp,min temp,hdd,cdd,avg rh,average dp,max dp,min dp,avg wind speed,max wind speed,avg ghr,max ghr,avg dnr,max dnr,avg dhr,max dhr
0,IL,Henderson County,G1700710,2000-2019,11.529598265221942,34.29499816894531,-26.424285888671875,3216.236403400288,745.0397702058573,68.8897720824638,5.340098356134994,23.002174444597664,-26.424287362768467,4.182971272403247,9.88864040374756,158.15045662100457,966,181.9000508843334,910.6240234375,69.9357305936073,485
