,state,county,gisjoin,year range,avg temp,max temp,min temp,hdd,cdd,avg rh,average dp,max dp,min dp,avg wind speed,max wind speed,avg ghr,max ghr,avg dnr,max dnr,avg dhr,max dhr
0,IL,Henderson County,G1700710,2040-2059,13.746887318623203,38.08251953125,-19.086395263671875,2803.493365358446,1141.6072366556164,68.58297954541908,7.384686466138458,26.245043964497604,-19.086396409808483,4.081546237207439,8.070809364318848,158.15045662100457,966,177.11585428509883,892.9710693359375,69.9357305936073,485
