,state,county,gisjoin,year range,avg temp,max temp,min temp,hdd,cdd,avg rh,average dp,max dp,min dp,avg wind speed,max wind speed,avg ghr,max ghr,avg dnr,max dnr,avg dhr,max dhr
0,IL,Henderson County,G1700710,2080-2099,15.949447181852472,41.37890625,-18.312664031982425,2317.9940918024613,1460.0423131783855,70.22414751989112,9.867903040450164,26.5868697707609,-18.31266630399096,3.932084712263656,8.679160118103027,158.15045662100457,966,172.0592681530676,891.6143798828125,69.9357305936073,485
