,state,county,gisjoin,year range,avg temp,max temp,min temp,hdd,cdd,avg rh,average dp,max dp,min dp,avg wind speed,max wind speed,avg ghr,max ghr,avg dnr,max dnr,avg dhr,max dhr
0,SC,Kershaw County,G4500550,2020-2039,17.860049489367015,40.88492965698242,-8.694169044494629,1519.7230467058582,1359.141110324949,67.92966419812207,11.061944377288288,23.58918557145677,-8.694170053535943,3.724939983511624,8.834831237792969,186.25011415525114,1012,195.60862504964325,949.5433959960938,80.23675799086757,611
