,state,county,gisjoin,year range,avg temp,max temp,min temp,hdd,cdd,avg rh,average dp,max dp,min dp,avg wind speed,max wind speed,avg ghr,max ghr,avg dnr,max dnr,avg dhr,max dhr
0,ND,Morton County,G3800590,2000-2019,6.967288999522921,35.633331298828125,-30.684165954589844,4619.81425095931,483.3747357845432,56.27631012794634,-2.3823673152339313,17.90453396854123,-30.68416765694208,4.241355248510021,9.96463680267334,165.67442922374428,961,181.08909206123195,912.3988647460938,62.66723744292238,529
