,state,county,gisjoin,year range,avg temp,max temp,min temp,hdd,cdd,avg rh,average dp,max dp,min dp,avg wind speed,max wind speed,avg ghr,max ghr,avg dnr,max dnr,avg dhr,max dhr
0,ND,Morton County,G3800590,2020-2039,7.132309876080681,40.27009963989258,-31.186256408691406,4627.799000762894,551.5921055317125,56.47018298787069,-2.1740200999190957,19.466822028228457,-32.47093907187959,4.307941492697964,10.045350074768066,165.67442922374428,961,180.3316495015137,895.3164672851562,62.66723744292238,529
