,state,county,gisjoin,year range,avg temp,max temp,min temp,hdd,cdd,avg rh,average dp,max dp,min dp,avg wind speed,max wind speed,avg ghr,max ghr,avg dnr,max dnr,avg dhr,max dhr
0,ND,Morton County,G3800590,2080-2099,11.722036005821016,43.1859016418457,-31.038408279418945,3538.823157489123,1137.8662996133767,57.81813986192555,2.5090735759638028,24.51080482256119,-31.289777347334013,4.129307600896652,10.252630233764648,165.67442922374428,961,176.85372974805335,889.4818725585938,62.66723744292238,529
