,state,county,gisjoin,year range,avg temp,max temp,min temp,hdd,cdd,avg rh,average dp,max dp,min dp,avg wind speed,max wind speed,avg ghr,max ghr,avg dnr,max dnr,avg dhr,max dhr
0,VA,Madison County,G5101130,1980-1999,12.5043560373755,35.7760009765625,-19.91866683959961,2807.1108977034182,691.7008513450992,67.35754830673949,5.797527456722713,22.235655746118955,-19.918668017340583,3.9696574642233653,9.603297233581545,161.94954337899543,981,188.39095294171756,924.7188720703124,75.43447488584475,644
