,state,county,gisjoin,year range,avg temp,max temp,min temp,hdd,cdd,avg rh,average dp,max dp,min dp,avg wind speed,max wind speed,avg ghr,max ghr,avg dnr,max dnr,avg dhr,max dhr
0,TX,Morris County,G4803430,2040-2059,20.13306491948376,42.64129257202149,-4.128707885742188,1218.170971549653,1887.2396671611734,67.51917323238773,13.12848215904792,25.504176026012072,-4.921848099628027,3.951082527474181,8.008207321166992,181.84657534246574,1007,196.46276036801203,920.009521484375,72.51495433789954,584
