,state,county,gisjoin,year range,avg temp,max temp,min temp,hdd,cdd,avg rh,average dp,max dp,min dp,avg wind speed,max wind speed,avg ghr,max ghr,avg dnr,max dnr,avg dhr,max dhr
0,AR,Madison County,G0500870,2040-2059,16.31986742447259,39.8923225402832,-12.766314506530762,1949.7734676012712,1227.0250775337952,69.80311229283407,10.136043877827253,25.604011877428977,-13.17546319903093,4.004147798067903,10.374099731445312,175.13390410958905,1000,191.68138300655866,936.5067749023438,70.98013698630137,512
