,state,county,gisjoin,year range,avg temp,max temp,min temp,hdd,cdd,avg rh,average dp,max dp,min dp,avg wind speed,max wind speed,avg ghr,max ghr,avg dnr,max dnr,avg dhr,max dhr
0,NJ,Passaic County,G3400310,2000-2019,11.7510143159766,35.88399887084961,-17.1200008392334,3053.664791889191,663.2850172202134,71.18900922858008,6.059678547571772,24.980130428274624,-17.120001515212177,4.481189904623925,11.145418167114258,156.19155251141552,959,176.26521116263163,904.1890869140624,74.40034246575343,451
