,state,county,gisjoin,year range,avg temp,max temp,min temp,hdd,cdd,avg rh,average dp,max dp,min dp,avg wind speed,max wind speed,avg ghr,max ghr,avg dnr,max dnr,avg dhr,max dhr
0,TX,Hopkins County,G4802230,2020-2039,19.15230499314629,40.95082092285156,-9.09544849395752,1373.6916704208022,1684.7829929191976,67.66943064149656,12.25516622441857,25.82966095533797,-9.095448636738183,4.190072514422952,9.643566131591797,188.05479452054794,1012,197.39978379266688,938.4154663085938,74.5142694063927,621
