,state,county,gisjoin,year range,avg temp,max temp,min temp,hdd,cdd,avg rh,average dp,max dp,min dp,avg wind speed,max wind speed,avg ghr,max ghr,avg dnr,max dnr,avg dhr,max dhr
0,TX,Hopkins County,G4802230,2080-2099,22.42790120290183,43.95443344116211,-4.305577754974365,968.6527741594623,2475.336713218436,67.33157865924922,15.329026899327204,30.27698107733602,-4.30557782676461,4.3049276822233855,8.588996887207031,188.05479452054794,1012,189.33959036013167,913.438232421875,74.5142694063927,621
