,state,county,gisjoin,year range,avg temp,max temp,min temp,hdd,cdd,avg rh,average dp,max dp,min dp,avg wind speed,max wind speed,avg ghr,max ghr,avg dnr,max dnr,avg dhr,max dhr
0,MO,Pemiscot County,G2901550,2000-2019,16.309976841370734,37.36933517456055,-10.618666648864746,2008.5125041877457,1282.1540512880488,69.43630735014128,10.04760926942203,24.615661254436763,-11.628382382667898,3.7070142466591918,8.603375434875488,185.08858447488583,1023,187.79907773224286,926.9081420898438,74.4513698630137,578
