,state,county,gisjoin,year range,avg temp,max temp,min temp,hdd,cdd,avg rh,average dp,max dp,min dp,avg wind speed,max wind speed,avg ghr,max ghr,avg dnr,max dnr,avg dhr,max dhr
0,MT,Musselshell County,G3000650,2080-2099,12.826110283002613,44.71076965332031,-20.87635040283203,3070.7747677838656,1072.805021079431,54.11721594279215,2.2925817753135704,19.712873988152054,-22.159706172492328,3.184336783134774,6.8114333152771,171.48527397260273,981,186.94439739556145,897.7911987304688,62.87066210045662,577
