,state,county,gisjoin,year range,avg temp,max temp,min temp,hdd,cdd,avg rh,average dp,max dp,min dp,avg wind speed,max wind speed,avg ghr,max ghr,avg dnr,max dnr,avg dhr,max dhr
0,KY,Montgomery County,G2101730,2060-2079,15.836702111944797,37.62793731689453,-10.00476360321045,2080.6535131648207,1181.5497840246298,69.25994608434912,9.487270067180875,23.90094007934525,-10.241015554975368,3.780334546018953,9.323906898498535,168.25559360730594,996,181.96283610545564,928.8179931640624,78.7587899543379,642
