,state,county,gisjoin,year range,avg temp,max temp,min temp,hdd,cdd,avg rh,average dp,max dp,min dp,avg wind speed,max wind speed,avg ghr,max ghr,avg dnr,max dnr,avg dhr,max dhr
0,NE,Greeley County,G3100770,2020-2039,10.884887476670864,37.62877655029297,-21.85990524291992,3467.417350989606,760.9012799740245,59.34854430684216,2.228264371729364,22.37292470015304,-25.032236169712657,4.3802604639094715,9.990410804748535,174.85970319634703,993,191.00922816136162,915.177978515625,67.47111872146118,611
