,state,county,gisjoin,year range,avg temp,max temp,min temp,hdd,cdd,avg rh,average dp,max dp,min dp,avg wind speed,max wind speed,avg ghr,max ghr,avg dnr,max dnr,avg dhr,max dhr
0,TN,Carroll County,G4700170,2000-2019,15.745818243364827,36.78277587890625,-12.89222240447998,2074.971961692863,1142.6956205209797,69.56014059907226,9.416691358970446,24.758748499924835,-12.892223131793042,3.2330676875566238,8.064745903015137,176.80559360730592,1006,189.66997911003418,938.5387573242188,74.61837899543379,583
