,state,county,gisjoin,year range,avg temp,max temp,min temp,hdd,cdd,avg rh,average dp,max dp,min dp,avg wind speed,max wind speed,avg ghr,max ghr,avg dnr,max dnr,avg dhr,max dhr
0,MI,Presque Isle County,G2601410,2060-2079,9.740718073323121,35.615562438964844,-18.757810592651367,3721.879582969617,597.7416797320335,70.13146641069352,3.9033334863348874,22.142264636177764,-18.75781132500253,5.271567340256417,12.937039375305176,154.9618721461187,964,166.3271490093582,886.361083984375,71.26780821917808,466
