,state,county,gisjoin,year range,avg temp,max temp,min temp,hdd,cdd,avg rh,average dp,max dp,min dp,avg wind speed,max wind speed,avg ghr,max ghr,avg dnr,max dnr,avg dhr,max dhr
0,MI,Presque Isle County,G2601410,2080-2099,11.793481218489259,36.90249633789063,-20.76728820800781,3268.5030290723876,893.6236738205436,69.00835935361853,5.548544556011825,24.70205946316273,-20.83081839925098,5.333031476054289,13.279492378234863,154.9618721461187,964,164.7780362999789,887.7693481445312,71.26780821917808,466
