,state,county,gisjoin,year range,avg temp,max temp,min temp,hdd,cdd,avg rh,average dp,max dp,min dp,avg wind speed,max wind speed,avg ghr,max ghr,avg dnr,max dnr,avg dhr,max dhr
0,NC,Lee County,G3701050,2060-2079,18.28834117057108,38.497066497802734,-6.9583659172058105,1507.4007117608965,1503.1452390193806,69.97716608700686,12.000611105572201,25.09780125728945,-6.958366252387834,3.965566423167921,10.576401710510254,175.3404109589041,1018,188.92765704557218,934.6790771484376,79.47054794520548,607
