,state,county,gisjoin,year range,avg temp,max temp,min temp,hdd,cdd,avg rh,average dp,max dp,min dp,avg wind speed,max wind speed,avg ghr,max ghr,avg dnr,max dnr,avg dhr,max dhr
0,KY,Washington County,G2102290,2000-2019,14.255914599283361,36.28133392333984,-18.3353328704834,2407.305822798785,931.214651536999,69.94447632750419,8.126442628325444,24.185199130497384,-18.335333550172745,3.547420948430828,9.142607688903809,169.9851598173516,987,188.22956215140468,933.9886474609376,73.20102739726028,653
