,state,county,gisjoin,year range,avg temp,max temp,min temp,hdd,cdd,avg rh,average dp,max dp,min dp,avg wind speed,max wind speed,avg ghr,max ghr,avg dnr,max dnr,avg dhr,max dhr
0,KY,Washington County,G2102290,2040-2059,16.038759952637054,38.367774963378906,-12.349214553833008,2083.1064204930785,1257.753803205567,69.6628559730913,9.791219913763813,24.64502054763323,-12.349215006367492,3.4808318124242024,8.967206954956055,169.9851598173516,987,184.74776421107455,902.9419555664062,73.20102739726028,653
