,state,county,gisjoin,year range,avg temp,max temp,min temp,hdd,cdd,avg rh,average dp,max dp,min dp,avg wind speed,max wind speed,avg ghr,max ghr,avg dnr,max dnr,avg dhr,max dhr
0,KY,Washington County,G2102290,2060-2079,16.321134715977756,39.13980484008789,-12.419500350952148,2000.0256103657975,1277.73978169767,70.75344201288267,10.308377838816334,26.09874968177324,-12.419500662809275,3.610353794027137,9.65773582458496,169.9851598173516,987,181.90239841795486,919.8816528320312,73.20102739726028,653
