,state,county,gisjoin,year range,avg temp,max temp,min temp,hdd,cdd,avg rh,average dp,max dp,min dp,avg wind speed,max wind speed,avg ghr,max ghr,avg dnr,max dnr,avg dhr,max dhr
0,WA,Columbia County,G5300130,2020-2039,11.42591494275394,41.03719711303711,-16.08283233642578,3092.3602541358036,583.3192082405316,59.36766252082232,2.326168221760889,13.439685691241046,-16.082833312635398,4.044970146814982,11.8226318359375,166.25308219178083,963,179.45686554662765,897.2242431640625,62.25730593607306,439
