,state,county,gisjoin,year range,avg temp,max temp,min temp,hdd,cdd,avg rh,average dp,max dp,min dp,avg wind speed,max wind speed,avg ghr,max ghr,avg dnr,max dnr,avg dhr,max dhr
0,WA,Columbia County,G5300130,2040-2059,12.84077324423855,39.26421737670898,-14.57685375213623,2716.0399654681482,723.4221996148732,60.97169348943179,4.101918836105951,16.201173037745416,-14.576854652208135,4.100314783573695,13.695640563964844,166.25308219178083,963,176.90732245051862,884.085205078125,62.25730593607306,439
