,state,county,gisjoin,year range,avg temp,max temp,min temp,hdd,cdd,avg rh,average dp,max dp,min dp,avg wind speed,max wind speed,avg ghr,max ghr,avg dnr,max dnr,avg dhr,max dhr
0,WA,Columbia County,G5300130,2080-2099,14.59241890683361,40.39488983154297,-12.688557624816896,2321.1692284494466,967.9021294435337,60.7480905842019,5.600999127050071,18.25504158202648,-12.688558466162814,3.979036741156012,9.88140869140625,166.25308219178083,963,176.83929804689603,871.6951904296875,62.25730593607306,439
