,state,county,gisjoin,year range,avg temp,max temp,min temp,hdd,cdd,avg rh,average dp,max dp,min dp,avg wind speed,max wind speed,avg ghr,max ghr,avg dnr,max dnr,avg dhr,max dhr
0,OK,Mayes County,G4000970,2040-2059,18.004501926038937,40.91291046142578,-11.636768341064451,1710.6153551737307,1602.758558177891,67.66470315510824,11.135941056279862,25.348265972032944,-11.636769120287044,4.426915186888551,10.585439682006836,189.2763698630137,1000,190.1057561412653,926.302001953125,70.90114155251142,625
