,state,county,gisjoin,year range,avg temp,max temp,min temp,hdd,cdd,avg rh,average dp,max dp,min dp,avg wind speed,max wind speed,avg ghr,max ghr,avg dnr,max dnr,avg dhr,max dhr
0,NY,Clinton County,G3600190,1980-1999,6.557376416487572,33.26285552978516,-30.11142921447754,4568.069755488801,282.0121475060707,68.59531622128944,0.5388109503174902,20.69761851353496,-30.11143277344537,4.220706341446262,9.73897933959961,153.10707762557078,1007,174.92148554900925,909.548828125,73.63972602739726,517
