,state,county,gisjoin,year range,avg temp,max temp,min temp,hdd,cdd,avg rh,average dp,max dp,min dp,avg wind speed,max wind speed,avg ghr,max ghr,avg dnr,max dnr,avg dhr,max dhr
0,NY,Clinton County,G3600190,2000-2019,7.567918433277659,34.540714263916016,-27.17928504943848,4293.410117259241,376.2003454049418,69.624484737823,1.7153374309442566,21.473660898517988,-27.179286699364297,4.257010540679166,12.239896774291992,153.10707762557078,1007,171.85888448157806,921.517822265625,73.63972602739726,517
