,state,county,gisjoin,year range,avg temp,max temp,min temp,hdd,cdd,avg rh,average dp,max dp,min dp,avg wind speed,max wind speed,avg ghr,max ghr,avg dnr,max dnr,avg dhr,max dhr
0,NY,Clinton County,G3600190,2040-2059,9.500875531707106,36.00437545776367,-25.485734939575195,3779.2089191025375,567.5284881750989,70.4494884704346,3.758504868461127,22.85779568087831,-25.48573820899231,4.552214472438102,10.79872989654541,153.10707762557078,1007,167.98413603727866,893.998291015625,73.63972602739726,517
