,state,county,gisjoin,year range,avg temp,max temp,min temp,hdd,cdd,avg rh,average dp,max dp,min dp,avg wind speed,max wind speed,avg ghr,max ghr,avg dnr,max dnr,avg dhr,max dhr
0,NY,Clinton County,G3600190,2060-2079,10.117073206224566,34.769554138183594,-24.700105667114254,3550.5395358734063,563.7712561448682,70.56006289682432,4.405206074614249,23.18693214891933,-24.74269531911476,4.480161736640212,11.42365837097168,153.10707762557078,1007,168.16398181805872,886.2723388671875,73.63972602739726,517
