,state,county,gisjoin,year range,avg temp,max temp,min temp,hdd,cdd,avg rh,average dp,max dp,min dp,avg wind speed,max wind speed,avg ghr,max ghr,avg dnr,max dnr,avg dhr,max dhr
0,MS,Webster County,G2801550,2040-2059,18.905452896762117,37.59606170654297,-8.70975399017334,1420.5805841256508,1641.5708914438326,69.52632937039415,12.427020348487847,25.266194687221173,-8.709754176372064,3.6118022981707907,9.23169231414795,189.47420091324202,1002,194.15204607593338,924.0396728515624,73.92956621004566,623
