,state,county,gisjoin,year range,avg temp,max temp,min temp,hdd,cdd,avg rh,average dp,max dp,min dp,avg wind speed,max wind speed,avg ghr,max ghr,avg dnr,max dnr,avg dhr,max dhr
0,IA,Dubuque County,G1900610,2000-2019,9.148862142103566,34.37187576293945,-25.56312561035156,3884.8093783312383,544.6440601984899,68.56499251709681,3.0240081105196106,22.23993839641517,-25.56312876143665,4.094911149266648,9.088753700256348,154.48367579908677,976,176.75625674528118,904.2329711914062,67.76963470319635,598
