,state,county,gisjoin,year range,avg temp,max temp,min temp,hdd,cdd,avg rh,average dp,max dp,min dp,avg wind speed,max wind speed,avg ghr,max ghr,avg dnr,max dnr,avg dhr,max dhr
0,IA,Dubuque County,G1900610,2020-2039,9.800524546594367,34.31370162963867,-25.616159439086918,3736.6954766177764,634.3869361241972,69.78624845781283,3.8777518720546773,25.18326898850341,-25.616161982259342,4.036609322077608,8.581843376159668,154.48367579908677,976,175.27800128686317,923.5138549804688,67.76963470319635,598
