,state,county,gisjoin,year range,avg temp,max temp,min temp,hdd,cdd,avg rh,average dp,max dp,min dp,avg wind speed,max wind speed,avg ghr,max ghr,avg dnr,max dnr,avg dhr,max dhr
0,SC,Allendale County,G4500050,1980-1999,17.617688518809153,37.04499816894531,-8.412221908569336,1487.9563335744797,1238.912642939971,67.55788578551653,10.734017381736876,24.537938592193026,-8.412222631403193,3.56479659341786,8.390625,193.16130136986303,1021,202.63447238529542,961.866943359375,78.90433789954338,537
