,state,county,gisjoin,year range,avg temp,max temp,min temp,hdd,cdd,avg rh,average dp,max dp,min dp,avg wind speed,max wind speed,avg ghr,max ghr,avg dnr,max dnr,avg dhr,max dhr
0,SC,Allendale County,G4500050,2040-2059,20.48885640259662,39.10120391845703,-7.463224411010742,1050.9393519483458,1849.8719388960246,67.91888194497862,13.562853012087444,24.89226532663546,-7.463224823838904,3.8492659356496106,9.569098472595217,193.16130136986303,1021,195.48028504454848,958.639892578125,78.90433789954338,537
