,state,county,gisjoin,year range,avg temp,max temp,min temp,hdd,cdd,avg rh,average dp,max dp,min dp,avg wind speed,max wind speed,avg ghr,max ghr,avg dnr,max dnr,avg dhr,max dhr
0,SC,Allendale County,G4500050,2080-2099,22.214053876579793,42.40178298950195,-6.025310516357422,869.9816303828221,2298.6112953342445,69.19051327139275,15.562514622573023,28.567846527562995,-6.0253110267753,3.8606989442485653,10.445590019226074,193.16130136986303,1021,189.64362835281855,906.5208740234376,78.90433789954338,537
