,state,county,gisjoin,year range,avg temp,max temp,min temp,hdd,cdd,avg rh,average dp,max dp,min dp,avg wind speed,max wind speed,avg ghr,max ghr,avg dnr,max dnr,avg dhr,max dhr
0,KY,Franklin County,G2100730,1980-1999,12.604784477909083,34.24866485595703,-22.224666595458984,2774.7269645265083,695.9732989629489,68.82562295878859,6.281105884392091,21.91641040837748,-22.22466828860879,4.308519789590139,9.758661270141602,168.25559360730594,996,186.44003100999757,915.146240234375,78.75924657534246,642
