,state,county,gisjoin,year range,avg temp,max temp,min temp,hdd,cdd,avg rh,average dp,max dp,min dp,avg wind speed,max wind speed,avg ghr,max ghr,avg dnr,max dnr,avg dhr,max dhr
0,KY,Franklin County,G2100730,2000-2019,13.979339774561922,34.89666748046875,-17.236000061035156,2485.434350275051,908.3933679899131,68.79317606137768,7.598116640177903,23.11156597617473,-17.236000684118498,4.12229013852605,8.777914047241211,168.25559360730594,996,184.87597241244885,960.4659423828124,78.75924657534246,642
