,state,county,gisjoin,year range,avg temp,max temp,min temp,hdd,cdd,avg rh,average dp,max dp,min dp,avg wind speed,max wind speed,avg ghr,max ghr,avg dnr,max dnr,avg dhr,max dhr
0,KY,Franklin County,G2100730,2040-2059,15.967339545947674,40.72364044189453,-12.4520263671875,2080.925578055128,1229.504512325999,68.79557813814242,9.503277025711004,25.110646989160617,-12.45202667182391,3.917917173964792,10.248167991638184,168.25559360730594,996,182.29364431546293,932.6468505859376,78.75924657534246,642
