,state,county,gisjoin,year range,avg temp,max temp,min temp,hdd,cdd,avg rh,average dp,max dp,min dp,avg wind speed,max wind speed,avg ghr,max ghr,avg dnr,max dnr,avg dhr,max dhr
0,OK,Cotton County,G4000330,2080-2099,21.806983921114146,45.10142517089844,-4.18977165222168,1155.5951321243606,2435.6442633308666,63.7777048696666,13.714535456989536,28.958847458958623,-4.189771631877602,4.098812743626773,8.663979530334473,160.7353881278539,965,199.4687838021401,908.6654663085938,65.36598173515982,553
