,state,county,gisjoin,year range,avg temp,max temp,min temp,hdd,cdd,avg rh,average dp,max dp,min dp,avg wind speed,max wind speed,avg ghr,max ghr,avg dnr,max dnr,avg dhr,max dhr
0,VA,Goochland County,G5100750,1980-1999,13.319627222053832,37.52687454223633,-14.042500495910645,2584.549262580701,766.7131986300597,67.11911972537978,6.526886211184885,21.67027925276111,-14.134446549208242,3.6594553957246756,8.392470359802246,177.37933789954337,997,192.0164835184911,940.901611328125,76.71632420091325,520
