,state,county,gisjoin,year range,avg temp,max temp,min temp,hdd,cdd,avg rh,average dp,max dp,min dp,avg wind speed,max wind speed,avg ghr,max ghr,avg dnr,max dnr,avg dhr,max dhr
0,AL,Wilcox County,G0101310,2000-2019,18.747664805075374,38.12470626831055,-11.295293807983398,1375.1978924883488,1538.595546340921,68.95330762188185,12.138896198200289,24.575908391908538,-11.295294321339584,3.4963625206114495,8.028956413269043,192.75022831050228,1022,198.81778982915296,939.3002319335938,86.18093607305936,575
