,state,county,gisjoin,year range,avg temp,max temp,min temp,hdd,cdd,avg rh,average dp,max dp,min dp,avg wind speed,max wind speed,avg ghr,max ghr,avg dnr,max dnr,avg dhr,max dhr
0,AL,Wilcox County,G0101310,2020-2039,19.231912168768844,37.29492950439453,-5.955413818359375,1237.6532190686157,1577.8011606692855,69.51268527997684,12.760901110168167,24.88057372026105,-5.955413956391782,3.449804649900084,8.285866737365723,192.75022831050228,1022,199.4041052203906,929.6646118164062,86.18093607305936,575
