,state,county,gisjoin,year range,avg temp,max temp,min temp,hdd,cdd,avg rh,average dp,max dp,min dp,avg wind speed,max wind speed,avg ghr,max ghr,avg dnr,max dnr,avg dhr,max dhr
0,MN,Anoka County,G2700030,1980-1999,6.3713277967725395,33.91461563110352,-32.29923248291016,4762.407302576637,408.441948397958,66.65468720116027,-0.1063419587692859,21.07806538084609,-32.29923311016214,4.039410893721123,8.67950439453125,136.80490867579908,960,174.68410034087253,911.346923828125,69.04760273972603,656
