,state,county,gisjoin,year range,avg temp,max temp,min temp,hdd,cdd,avg rh,average dp,max dp,min dp,avg wind speed,max wind speed,avg ghr,max ghr,avg dnr,max dnr,avg dhr,max dhr
0,ID,Boundary County,G1600210,2000-2019,8.770503104395008,35.6783332824707,-15.920000076293944,3850.4539000525087,372.18753315607586,62.82355639749466,0.8652988289463501,12.48111702941332,-15.919999899324871,3.5279105203608943,8.425455093383789,158.28310502283105,960,170.19482187114835,901.3899536132812,60.4560502283105,441
