,state,county,gisjoin,year range,avg temp,max temp,min temp,hdd,cdd,avg rh,average dp,max dp,min dp,avg wind speed,max wind speed,avg ghr,max ghr,avg dnr,max dnr,avg dhr,max dhr
0,ID,Boundary County,G1600210,2020-2039,9.285398749175021,38.23048782348633,-18.87834358215332,3729.0100412049374,438.6805846532273,62.951361429963484,1.3828558912833033,14.262289348203042,-18.87834607224101,3.514343671439445,8.095492362976074,158.28310502283105,960,168.90520456425588,883.217041015625,60.4560502283105,441
