,state,county,gisjoin,year range,avg temp,max temp,min temp,hdd,cdd,avg rh,average dp,max dp,min dp,avg wind speed,max wind speed,avg ghr,max ghr,avg dnr,max dnr,avg dhr,max dhr
0,ID,Boundary County,G1600210,2060-2079,10.960435025319356,40.158180236816406,-13.107958793640137,3300.343555519415,621.4023397604857,63.046597160269684,2.9030549034864923,14.944120610638388,-13.107959068080502,3.584020556774858,10.418107986450195,158.28310502283105,960,167.0889206001241,886.607421875,60.4560502283105,441
