,state,county,gisjoin,year range,avg temp,max temp,min temp,hdd,cdd,avg rh,average dp,max dp,min dp,avg wind speed,max wind speed,avg ghr,max ghr,avg dnr,max dnr,avg dhr,max dhr
0,GA,Baker County,G1300070,1980-1999,18.6716593137959,36.49176406860352,-6.834705829620361,1252.291037765406,1387.9466873010633,67.6830799827837,11.802450133367104,25.03540423071895,-8.278163259829647,3.6604268117582417,9.081581115722656,195.40970319634704,997,205.86244162229863,944.1187133789062,80.53070776255707,631
