,state,county,gisjoin,year range,avg temp,max temp,min temp,hdd,cdd,avg rh,average dp,max dp,min dp,avg wind speed,max wind speed,avg ghr,max ghr,avg dnr,max dnr,avg dhr,max dhr
0,GA,Baker County,G1300070,2020-2039,19.904114548696555,38.03925704956055,-6.141851902008057,1044.8365065477394,1630.3383168219873,68.84261226697599,13.24941123710502,24.998012076784057,-6.141852288958306,3.664774082036323,8.781418800354004,195.40970319634704,997,202.45003656015592,922.046875,80.53070776255707,631
