,state,county,gisjoin,year range,avg temp,max temp,min temp,hdd,cdd,avg rh,average dp,max dp,min dp,avg wind speed,max wind speed,avg ghr,max ghr,avg dnr,max dnr,avg dhr,max dhr
0,GA,Baker County,G1300070,2060-2079,21.33565151488801,38.24696731567383,-4.829769134521484,887.9317293171785,1995.9445322511795,69.81827523349082,14.869927405405697,27.05138198959992,-4.829769476950278,4.104106417502442,9.391006469726562,195.40970319634704,997,197.58478710689013,918.4114990234376,80.53070776255707,631
