,state,county,gisjoin,year range,avg temp,max temp,min temp,hdd,cdd,avg rh,average dp,max dp,min dp,avg wind speed,max wind speed,avg ghr,max ghr,avg dnr,max dnr,avg dhr,max dhr
0,GA,Baker County,G1300070,2080-2099,22.954324488252503,40.88447952270508,-5.140957832336426,751.3264491620367,2450.154887373966,70.51037651240553,16.618425096702936,29.62671233667321,-5.140958168067872,3.907228444224079,9.874900817871094,195.40970319634704,997,193.121852839525,921.5367431640624,80.53070776255707,631
