,state,county,gisjoin,year range,avg temp,max temp,min temp,hdd,cdd,avg rh,average dp,max dp,min dp,avg wind speed,max wind speed,avg ghr,max ghr,avg dnr,max dnr,avg dhr,max dhr
0,IA,Jasper County,G1900990,2060-2079,13.294060502203445,39.1282844543457,-19.67552757263184,2917.803416729828,1090.6355000337567,67.66843846726091,6.722981192466156,28.4812727600323,-21.21388379838889,4.274770143587295,9.629964828491213,144.1203196347032,973,173.58016411952235,909.6865234375,68.28721461187214,630
