,state,county,gisjoin,year range,avg temp,max temp,min temp,hdd,cdd,avg rh,average dp,max dp,min dp,avg wind speed,max wind speed,avg ghr,max ghr,avg dnr,max dnr,avg dhr,max dhr
0,KS,Norton County,G2001370,2000-2019,12.344800428548396,41.13533401489258,-24.81666755676269,3137.472128499366,963.8242849191548,55.02362040199645,2.162924486652895,21.27869426456626,-25.598330470064496,4.259281591465484,9.078042984008787,184.16997716894977,994,201.89469604630006,950.9683837890624,65.25753424657535,489
