,state,county,gisjoin,year range,avg temp,max temp,min temp,hdd,cdd,avg rh,average dp,max dp,min dp,avg wind speed,max wind speed,avg ghr,max ghr,avg dnr,max dnr,avg dhr,max dhr
0,KS,Norton County,G2001370,2040-2059,13.872981450637177,41.13674545288086,-19.88606071472168,2790.2024199159373,1174.3406493982316,56.52667829587579,4.020290300594727,22.431174830575568,-21.40883885610505,4.358937293957902,9.860299110412598,184.16997716894977,994,197.85471520921078,951.4322509765624,65.25753424657535,489
