,state,county,gisjoin,year range,avg temp,max temp,min temp,hdd,cdd,avg rh,average dp,max dp,min dp,avg wind speed,max wind speed,avg ghr,max ghr,avg dnr,max dnr,avg dhr,max dhr
0,AL,Shelby County,G0101170,2040-2059,19.531721510482605,39.511680603027344,-5.745706081390381,1258.1052904571632,1707.6836417833003,69.47206195783397,13.060610871045967,26.134824236296584,-5.745706927769891,3.2503986477715783,9.266695022583008,238.67431506849314,1072,192.7412314895945,930.3831787109376,58.76986301369863,466
