,state,county,gisjoin,year range,avg temp,max temp,min temp,hdd,cdd,avg rh,average dp,max dp,min dp,avg wind speed,max wind speed,avg ghr,max ghr,avg dnr,max dnr,avg dhr,max dhr
0,KY,Woodford County,G2102390,1980-1999,12.573230271280792,34.44874954223633,-18.79812431335449,2749.4848152616946,659.2138642788285,68.76695366776697,6.265946205232793,22.931092777512244,-18.833040098958985,3.9984882267370616,9.876328468322754,168.25559360730594,996,187.28526784327968,948.3837890625,78.76015981735159,642
