,state,county,gisjoin,year range,avg temp,max temp,min temp,hdd,cdd,avg rh,average dp,max dp,min dp,avg wind speed,max wind speed,avg ghr,max ghr,avg dnr,max dnr,avg dhr,max dhr
0,KY,Woodford County,G2102390,2000-2019,13.812480875006377,34.560001373291016,-18.506874084472656,2522.1353270343766,884.1908464114409,69.0612778822581,7.522605725964746,22.823913102657134,-18.50687355502556,3.8478641701887732,9.538921356201172,168.25559360730594,996,185.694678901096,933.1919555664062,78.76015981735159,642
