,state,county,gisjoin,year range,avg temp,max temp,min temp,hdd,cdd,avg rh,average dp,max dp,min dp,avg wind speed,max wind speed,avg ghr,max ghr,avg dnr,max dnr,avg dhr,max dhr
0,KY,Woodford County,G2102390,2040-2059,15.817747099585374,38.359649658203125,-12.934914588928224,2108.235207493946,1202.2128988425668,69.70654056823417,9.606153852442317,24.815443428506857,-12.934915669753805,3.8091038995545747,9.478724479675291,168.25559360730594,996,181.78187318600723,914.5926513671876,78.76015981735159,642
