,state,county,gisjoin,year range,avg temp,max temp,min temp,hdd,cdd,avg rh,average dp,max dp,min dp,avg wind speed,max wind speed,avg ghr,max ghr,avg dnr,max dnr,avg dhr,max dhr
0,KY,Woodford County,G2102390,2060-2079,16.259067895563774,37.20394515991211,-9.836328506469728,1974.214204570125,1229.2739864509056,70.08327859438718,10.114487061018378,24.63108188557057,-10.104645599276404,3.8530817967163373,9.72172737121582,168.25559360730594,996,179.9346353676686,921.6705322265624,78.76015981735159,642
