,state,county,gisjoin,year range,avg temp,max temp,min temp,hdd,cdd,avg rh,average dp,max dp,min dp,avg wind speed,max wind speed,avg ghr,max ghr,avg dnr,max dnr,avg dhr,max dhr
0,OR,Josephine County,G4100330,2040-2059,14.44046414417396,41.71971130371094,-2.652897834777832,2234.6327798103457,825.902192433712,56.81532750118813,3.8112159532420455,13.301573636295478,-6.559677907522386,3.8749796877168627,10.506593704223633,193.99075342465753,988,194.03159541474605,925.46728515625,57.176826484018264,438
