,state,county,gisjoin,year range,avg temp,max temp,min temp,hdd,cdd,avg rh,average dp,max dp,min dp,avg wind speed,max wind speed,avg ghr,max ghr,avg dnr,max dnr,avg dhr,max dhr
0,IA,Plymouth County,G1901490,2000-2019,9.33794635680237,36.48933410644531,-29.850000381469727,3949.7664795123596,678.6168997447039,64.4499613955685,2.0818259356604196,22.64454856204346,-29.850002017414333,4.387069918031562,8.902849197387695,162.0818493150685,978,183.70794761401038,926.89453125,63.68527397260274,542
