,state,county,gisjoin,year range,avg temp,max temp,min temp,hdd,cdd,avg rh,average dp,max dp,min dp,avg wind speed,max wind speed,avg ghr,max ghr,avg dnr,max dnr,avg dhr,max dhr
0,IA,Plymouth County,G1901490,2060-2079,11.876298259801395,37.46519088745117,-19.69997215270996,3353.469970638054,1008.8188354651707,64.97088680506842,4.627888445420744,25.621666454877325,-22.22699689307001,4.241952049895509,10.318501472473145,162.0818493150685,978,180.44585740212548,914.6630249023438,63.68527397260274,542
