,state,county,gisjoin,year range,avg temp,max temp,min temp,hdd,cdd,avg rh,average dp,max dp,min dp,avg wind speed,max wind speed,avg ghr,max ghr,avg dnr,max dnr,avg dhr,max dhr
0,IA,Plymouth County,G1901490,2080-2099,14.537120735850936,40.36803436279297,-20.71029663085937,2753.3575654911742,1379.9066340764946,64.83493816275575,7.149747791205497,28.63503260476374,-20.71029755290504,4.12368411887182,9.983610153198242,162.0818493150685,978,175.23859137087678,896.6503295898438,63.68527397260274,542
