,state,county,gisjoin,year range,avg temp,max temp,min temp,hdd,cdd,avg rh,average dp,max dp,min dp,avg wind speed,max wind speed,avg ghr,max ghr,avg dnr,max dnr,avg dhr,max dhr
0,TX,Bexar County,G4800290,2060-2079,23.18906897337901,40.86163330078125,-3.054014205932617,689.3017744147554,2473.811949697858,63.454308223071166,15.084443234426102,26.37963614286218,-5.598366298800171,3.959797149678888,7.326997756958008,205.22739726027396,1096,205.20041939365,961.799072265625,85.51518264840183,704
