Measure,Output Type,Training RMSE,Testing RMSE,Training R2,Testing R2
2022_1_1,other_fuel,4.545885447643542,4.662381614037532,0.9676794987855636,0.9510708930814281
