,state,county,gisjoin,year range,avg temp,max temp,min temp,hdd,cdd,avg rh,average dp,max dp,min dp,avg wind speed,max wind speed,avg ghr,max ghr,avg dnr,max dnr,avg dhr,max dhr
0,SD,Gregory County,G4600530,2060-2079,12.113904409334127,39.34048080444336,-24.337533950805664,3308.3348256864015,1050.4099350929826,62.275879334967975,4.069533980699407,23.43284488645429,-24.53220939264871,4.61975734934687,11.401344299316406,163.50913242009133,970,185.14904745179322,910.8379516601562,64.50433789954337,633
