,state,county,gisjoin,year range,avg temp,max temp,min temp,hdd,cdd,avg rh,average dp,max dp,min dp,avg wind speed,max wind speed,avg ghr,max ghr,avg dnr,max dnr,avg dhr,max dhr
0,SD,Gregory County,G4600530,2080-2099,14.283507697692606,42.41457748413086,-21.29197120666504,2801.149190795221,1335.129500452747,60.58015423419813,5.6514739040876085,26.711280141460687,-21.29197247835988,4.58513716195272,9.735129356384276,163.50913242009133,970,181.93157243192215,898.9450073242188,64.50433789954337,633
