,state,county,gisjoin,year range,avg temp,max temp,min temp,hdd,cdd,avg rh,average dp,max dp,min dp,avg wind speed,max wind speed,avg ghr,max ghr,avg dnr,max dnr,avg dhr,max dhr
0,NE,Richardson County,G3101470,1980-1999,10.634491769486246,37.29624938964844,-21.78125,3534.767919782354,736.8574156443675,64.8771563715042,3.4262689397103894,23.878220035232548,-22.754371947501,4.546181279012601,11.280935287475586,166.44908675799087,977,185.53651478355948,909.7846069335938,67.89223744292238,625
