,state,county,gisjoin,year range,avg temp,max temp,min temp,hdd,cdd,avg rh,average dp,max dp,min dp,avg wind speed,max wind speed,avg ghr,max ghr,avg dnr,max dnr,avg dhr,max dhr
0,NE,Richardson County,G3101470,2040-2059,14.664028419053562,41.464473724365234,-16.55157470703125,2598.8014307109106,1271.6718036652296,66.44066237532385,7.61392220652128,25.651411619329057,-16.55157559483079,4.387483906745911,10.407305717468262,166.44908675799087,977,182.92510852375426,925.8973388671876,67.89223744292238,625
