,state,county,gisjoin,year range,avg temp,max temp,min temp,hdd,cdd,avg rh,average dp,max dp,min dp,avg wind speed,max wind speed,avg ghr,max ghr,avg dnr,max dnr,avg dhr,max dhr
0,TN,Benton County,G4700050,2040-2059,17.164747991048245,40.63971328735352,-10.984955787658691,1820.4986893780504,1406.1317061106756,71.17133360910633,11.2070828490063,26.755192956533826,-11.02916110956965,3.4000017422791484,8.718690872192383,163.6527397260274,1001,185.5873038511252,928.2274780273438,79.10022831050229,628
