,state,county,gisjoin,year range,avg temp,max temp,min temp,hdd,cdd,avg rh,average dp,max dp,min dp,avg wind speed,max wind speed,avg ghr,max ghr,avg dnr,max dnr,avg dhr,max dhr
0,TX,Madison County,G4803130,2020-2039,20.884736397310338,39.98308181762695,-3.670931577682495,998.9378383197253,1942.3666233379072,66.62024950131978,13.629641675045997,26.37817094247337,-3.670931618193569,3.7068176182982038,8.815714836120605,182.03538812785388,1011,202.05026564873174,946.5599365234376,74.63207762557077,666
