,state,county,gisjoin,year range,avg temp,max temp,min temp,hdd,cdd,avg rh,average dp,max dp,min dp,avg wind speed,max wind speed,avg ghr,max ghr,avg dnr,max dnr,avg dhr,max dhr
0,IL,Effingham County,G1700490,2000-2019,13.065138161952625,36.775001525878906,-24.69928550720215,2823.3852901075097,912.6607192198975,69.1396845329842,6.830050847627371,24.48571194707553,-24.69928698018693,4.363485197171773,10.280309677124023,151.6513698630137,985,182.9418659331057,923.4326782226562,71.96598173515982,636
