,state,county,gisjoin,year range,avg temp,max temp,min temp,hdd,cdd,avg rh,average dp,max dp,min dp,avg wind speed,max wind speed,avg ghr,max ghr,avg dnr,max dnr,avg dhr,max dhr
0,IL,Effingham County,G1700490,2040-2059,15.10442959364795,39.40945053100586,-12.402040481567385,2377.412707656503,1211.0295093378138,69.96832855999742,8.996229417179201,25.46679101064842,-13.369537481214197,4.387296717107024,9.298813819885254,151.6513698630137,985,179.58869128352862,911.80908203125,71.96598173515982,636
