,state,county,gisjoin,year range,avg temp,max temp,min temp,hdd,cdd,avg rh,average dp,max dp,min dp,avg wind speed,max wind speed,avg ghr,max ghr,avg dnr,max dnr,avg dhr,max dhr
0,IL,Effingham County,G1700490,2060-2079,15.706560471881506,39.75659942626953,-16.23383903503418,2250.0980402684086,1303.4926125050365,70.14080084426217,9.629274945108321,25.76739538800508,-16.233839295825266,4.215947510608255,9.757329940795898,151.6513698630137,985,176.6582034651123,896.2186279296875,71.96598173515982,636
