,state,county,gisjoin,year range,avg temp,max temp,min temp,hdd,cdd,avg rh,average dp,max dp,min dp,avg wind speed,max wind speed,avg ghr,max ghr,avg dnr,max dnr,avg dhr,max dhr
0,GA,Bleckley County,G1300230,2020-2039,19.246441790669042,39.141937255859375,-7.399367809295654,1206.3669773843626,1551.8182309786132,67.83792284808747,12.376199036910954,24.439087783768198,-7.399368234723003,3.746499526881736,8.403770446777344,185.44771689497716,1055,201.86026848965048,945.4661865234376,80.47340182648402,686
