,state,county,gisjoin,year range,avg temp,max temp,min temp,hdd,cdd,avg rh,average dp,max dp,min dp,avg wind speed,max wind speed,avg ghr,max ghr,avg dnr,max dnr,avg dhr,max dhr
0,GA,Bleckley County,G1300230,2040-2059,20.63164191787178,39.24243927001953,-7.462562561035156,1020.9511779265126,1872.0004779496255,69.44867493572845,14.110904214487908,25.7569431549105,-7.462562614325082,3.7227970782072033,8.825791358947754,185.44771689497716,1055,198.1814264540455,961.6043701171876,80.47340182648402,686
