,state,county,gisjoin,year range,avg temp,max temp,min temp,hdd,cdd,avg rh,average dp,max dp,min dp,avg wind speed,max wind speed,avg ghr,max ghr,avg dnr,max dnr,avg dhr,max dhr
0,NE,Holt County,G3100890,1980-1999,8.410081167258966,39.09916687011719,-25.49333381652832,4128.347755053323,518.5273811022613,59.38058605052565,-0.1217226281996292,21.525787839615436,-26.13659517962433,4.890574075261208,11.490097999572754,163.50913242009133,970,191.9391878387331,936.2509765625,64.50479452054795,633
