,state,county,gisjoin,year range,avg temp,max temp,min temp,hdd,cdd,avg rh,average dp,max dp,min dp,avg wind speed,max wind speed,avg ghr,max ghr,avg dnr,max dnr,avg dhr,max dhr
0,NE,Holt County,G3100890,2020-2039,10.222436195874446,36.07601165771485,-27.15843772888184,3712.83639068809,764.525602181791,60.51772829245215,1.9669247097490905,22.63474362816582,-27.158439477293967,4.8300838318045285,11.234251022338867,163.50913242009133,970,189.736070134102,934.3379516601562,64.50479452054795,633
