,state,county,gisjoin,year range,avg temp,max temp,min temp,hdd,cdd,avg rh,average dp,max dp,min dp,avg wind speed,max wind speed,avg ghr,max ghr,avg dnr,max dnr,avg dhr,max dhr
0,NE,Holt County,G3100890,2040-2059,11.49774130327647,39.05546188354492,-23.8981990814209,3424.300582494334,941.4761581898236,61.991103787509275,3.50504001066114,24.14912163273347,-23.89819932054255,4.9153899605960065,10.58914279937744,163.50913242009133,970,187.80722647565725,911.04052734375,64.50479452054795,633
