,state,county,gisjoin,year range,avg temp,max temp,min temp,hdd,cdd,avg rh,average dp,max dp,min dp,avg wind speed,max wind speed,avg ghr,max ghr,avg dnr,max dnr,avg dhr,max dhr
0,ND,Benson County,G3800050,2040-2059,7.428428074959203,38.93330001831055,-29.10018539428711,4541.082839535498,572.959086895008,59.33180651936901,-0.9907409944304523,21.69516987211012,-30.384755418614592,4.199577150796647,10.596979141235352,153.87705479452055,944,173.4266752162355,868.8922119140625,58.25684931506849,570
