,state,county,gisjoin,year range,avg temp,max temp,min temp,hdd,cdd,avg rh,average dp,max dp,min dp,avg wind speed,max wind speed,avg ghr,max ghr,avg dnr,max dnr,avg dhr,max dhr
0,TX,Duval County,G4801310,2020-2039,23.042007408065714,40.914886474609375,-3.0467934608459477,637.8157779336326,2368.648481877383,56.06144496556286,12.822129778586357,24.19939415660908,-5.4677043998365535,4.650383869072074,8.79617691040039,192.4291095890411,1015,220.35892192497036,984.365478515625,78.73538812785388,658
