,state,county,gisjoin,year range,avg temp,max temp,min temp,hdd,cdd,avg rh,average dp,max dp,min dp,avg wind speed,max wind speed,avg ghr,max ghr,avg dnr,max dnr,avg dhr,max dhr
0,TX,Duval County,G4801310,2060-2079,24.382039278429044,41.668399810791016,-0.7388013005256653,517.4077926897136,2737.3521293160006,58.4517793439839,14.813532936144659,26.41636054674983,-2.3473635473845764,4.853354291937667,10.014613151550291,192.4291095890411,1015,216.9343732793106,1002.6912841796876,78.73538812785388,658
