,state,county,gisjoin,year range,avg temp,max temp,min temp,hdd,cdd,avg rh,average dp,max dp,min dp,avg wind speed,max wind speed,avg ghr,max ghr,avg dnr,max dnr,avg dhr,max dhr
0,MI,Iron County,G2600710,2060-2079,7.668444520691526,33.4528694152832,-26.89434051513672,4374.531514409093,494.0137644608969,67.09755061946503,1.0853322600017237,22.38214521231756,-26.894342423083305,4.157714149560014,10.444071769714355,142.29212328767125,937,172.10226373460875,917.453125,65.49680365296804,592
