,state,county,gisjoin,year range,avg temp,max temp,min temp,hdd,cdd,avg rh,average dp,max dp,min dp,avg wind speed,max wind speed,avg ghr,max ghr,avg dnr,max dnr,avg dhr,max dhr
0,IN,Decatur County,G1800310,1980-1999,10.8604032379479,33.54933166503906,-26.284666061401367,3334.0610531749203,618.6082350254392,69.42183962869862,4.794278660603354,22.876569770973,-26.28466799768005,3.742386902426476,9.224725723266602,165.93150684931507,993,183.51184441194005,933.8418579101562,75.83915525114155,554
