,state,county,gisjoin,year range,avg temp,max temp,min temp,hdd,cdd,avg rh,average dp,max dp,min dp,avg wind speed,max wind speed,avg ghr,max ghr,avg dnr,max dnr,avg dhr,max dhr
0,IN,Decatur County,G1800310,2060-2079,14.724098196239758,36.95855712890625,-20.261308670043945,2419.6577939700023,1114.4536355972973,71.24131383787007,8.929351371636574,25.544687189744465,-20.26130912232762,3.6552966302524417,9.901138305664062,165.93150684931507,993,174.93874881591287,914.6035766601562,75.83915525114155,554
