,state,county,gisjoin,year range,avg temp,max temp,min temp,hdd,cdd,avg rh,average dp,max dp,min dp,avg wind speed,max wind speed,avg ghr,max ghr,avg dnr,max dnr,avg dhr,max dhr
0,TX,Grayson County,G4801810,2000-2019,18.074786890956965,39.692779541015625,-9.27388858795166,1562.9755405665794,1480.7727557659089,67.51914359314802,11.213847134912394,25.40032930691356,-9.273889870149016,4.14401177788434,9.226373672485352,178.30456621004566,1020,199.48668959739493,962.9485473632812,76.1203196347032,657
