,state,county,gisjoin,year range,avg temp,max temp,min temp,hdd,cdd,avg rh,average dp,max dp,min dp,avg wind speed,max wind speed,avg ghr,max ghr,avg dnr,max dnr,avg dhr,max dhr
0,TX,Grayson County,G4801810,2060-2079,20.033511323405836,43.66328811645508,-9.094769477844238,1278.0371968905888,1910.7688299336653,69.53645544901286,13.588598524089305,27.45353438430348,-9.094770421378874,4.120913446766057,9.305495262145996,178.30456621004566,1020,194.77030477525432,955.4358520507812,76.1203196347032,657
