,state,county,gisjoin,year range,avg temp,max temp,min temp,hdd,cdd,avg rh,average dp,max dp,min dp,avg wind speed,max wind speed,avg ghr,max ghr,avg dnr,max dnr,avg dhr,max dhr
0,IL,Mason County,G1701250,2000-2019,11.756753391140677,34.9943733215332,-19.475000381469727,3191.8777651040436,803.592752869969,68.99457081921024,5.530480626000089,23.5083986676365,-19.47500282912453,4.395361955184915,10.534419059753418,170.1675799086758,984,182.03151491975467,921.4874877929688,72.99794520547945,514
