,state,county,gisjoin,year range,avg temp,max temp,min temp,hdd,cdd,avg rh,average dp,max dp,min dp,avg wind speed,max wind speed,avg ghr,max ghr,avg dnr,max dnr,avg dhr,max dhr
0,IL,Mason County,G1701250,2020-2039,12.719800466001093,36.82874298095703,-21.97687149047852,2945.449318293626,908.6764883836639,68.81998470537194,6.409920619113788,24.10005412251752,-21.976872211443418,4.336420000021316,9.402599334716797,170.1675799086758,984,180.21168518064766,922.4642944335938,72.99794520547945,514
