,state,county,gisjoin,year range,avg temp,max temp,min temp,hdd,cdd,avg rh,average dp,max dp,min dp,avg wind speed,max wind speed,avg ghr,max ghr,avg dnr,max dnr,avg dhr,max dhr
0,IL,Mason County,G1701250,2080-2099,16.540240231672065,42.5935173034668,-17.48017120361328,2157.374124868357,1515.0618094285094,70.29141834642245,10.384602907233337,28.473777574024087,-17.480171799547676,4.088887095580635,8.809051513671875,170.1675799086758,984,175.47099648579413,909.969970703125,72.99794520547945,514
