,state,county,gisjoin,year range,avg temp,max temp,min temp,hdd,cdd,avg rh,average dp,max dp,min dp,avg wind speed,max wind speed,avg ghr,max ghr,avg dnr,max dnr,avg dhr,max dhr
0,IL,Cook County,G1700310,1980-1999,9.98633114100345,34.586429595947266,-26.700000762939453,3563.8550528858873,529.3659193515978,70.58039954307417,4.3026851096270695,23.167541189505343,-26.700002636000782,4.4367443786092,10.910263061523438,157.21929223744291,960,173.294926352418,894.6639404296875,71.23607305936073,479
