,state,county,gisjoin,year range,avg temp,max temp,min temp,hdd,cdd,avg rh,average dp,max dp,min dp,avg wind speed,max wind speed,avg ghr,max ghr,avg dnr,max dnr,avg dhr,max dhr
0,IL,Cook County,G1700310,2020-2039,11.762018698912867,36.50341796875,-23.19769859313965,3119.3541279930264,732.9909530957921,72.49145213501639,6.47369006419509,24.722667646809743,-23.197700063334903,4.286228072126162,10.702638626098633,157.21929223744291,960,170.0907150034031,914.6520385742188,71.23607305936073,479
