,state,county,gisjoin,year range,avg temp,max temp,min temp,hdd,cdd,avg rh,average dp,max dp,min dp,avg wind speed,max wind speed,avg ghr,max ghr,avg dnr,max dnr,avg dhr,max dhr
0,CT,Middlesex County,G0900070,1980-1999,9.648129302482442,31.639333724975582,-19.179332733154297,3516.704741821743,358.77193722724445,70.89752084980272,4.00920361315143,20.534238261568422,-19.17933340452075,4.921730290060719,12.367300987243652,152.7093607305936,975,181.33640246623798,925.7174682617188,72.34006849315068,529
