,state,county,gisjoin,year range,avg temp,max temp,min temp,hdd,cdd,avg rh,average dp,max dp,min dp,avg wind speed,max wind speed,avg ghr,max ghr,avg dnr,max dnr,avg dhr,max dhr
0,CT,Middlesex County,G0900070,2060-2079,13.112409768598525,34.3377685546875,-13.7095947265625,2648.233287575725,754.7628531138554,73.02579282037743,7.846348230341238,24.48588869749182,-13.709595814871369,5.276892860893789,14.350668907165527,152.7093607305936,975,171.4569542386653,888.3071899414062,72.34006849315068,529
