,state,county,gisjoin,year range,avg temp,max temp,min temp,hdd,cdd,avg rh,average dp,max dp,min dp,avg wind speed,max wind speed,avg ghr,max ghr,avg dnr,max dnr,avg dhr,max dhr
0,LA,Sabine Parish,G2200850,1980-1999,18.241861005547534,36.782352447509766,-8.176470756530762,1396.9137589614218,1375.6930259864318,68.47718061203281,11.58804586726237,24.130514764630448,-8.176471745574519,4.019002525773767,10.072694778442385,184.40342465753426,981,200.2854412399713,946.4803466796876,85.1041095890411,667
