,state,county,gisjoin,year range,avg temp,max temp,min temp,hdd,cdd,avg rh,average dp,max dp,min dp,avg wind speed,max wind speed,avg ghr,max ghr,avg dnr,max dnr,avg dhr,max dhr
0,LA,Sabine Parish,G2200850,2060-2079,21.429569430980347,38.83565139770508,-3.603360652923584,936.7997680036234,2079.0926103113165,69.42357236522518,14.859996649588457,26.376674500472383,-3.6033610519007904,4.052814280823485,8.886251449584961,184.40342465753426,981,196.54381330165126,922.7427368164062,85.1041095890411,667
