,state,county,gisjoin,year range,avg temp,max temp,min temp,hdd,cdd,avg rh,average dp,max dp,min dp,avg wind speed,max wind speed,avg ghr,max ghr,avg dnr,max dnr,avg dhr,max dhr
0,VA,Arlington County,G5100130,1980-1999,12.599315064373464,35.21437454223633,-15.243749618530272,2809.8658060173952,729.1158045133365,68.75101070687107,6.317502036351968,23.284036782693235,-15.24375009432618,3.8664461348154773,10.483320236206056,166.27100456621005,996,183.31304707876225,933.1257934570312,74.43436073059361,559
