,state,county,gisjoin,year range,avg temp,max temp,min temp,hdd,cdd,avg rh,average dp,max dp,min dp,avg wind speed,max wind speed,avg ghr,max ghr,avg dnr,max dnr,avg dhr,max dhr
0,WI,La Crosse County,G5500630,1980-1999,7.4756334502174475,34.589332580566406,-31.05133438110352,4365.712860406488,414.81906973521654,66.3558182333158,0.9472689820197201,21.669099797789364,-31.05133383875892,4.370399551522242,9.838829040527344,160.9150684931507,964,174.58445252675227,913.1549682617188,71.25239726027397,497
