,state,county,gisjoin,year range,avg temp,max temp,min temp,hdd,cdd,avg rh,average dp,max dp,min dp,avg wind speed,max wind speed,avg ghr,max ghr,avg dnr,max dnr,avg dhr,max dhr
0,MI,Mackinac County,G2600970,2080-2099,10.779170821278472,35.772300720214844,-16.752832412719727,3483.643172205248,738.5405219714233,69.609542424276,4.7486364589767085,23.252524731152675,-16.75283324635133,4.811405050373513,11.930503845214844,144.87534246575342,962,164.50580292811836,890.1055297851562,63.456849315068496,511
