,state,county,gisjoin,year range,avg temp,max temp,min temp,hdd,cdd,avg rh,average dp,max dp,min dp,avg wind speed,max wind speed,avg ghr,max ghr,avg dnr,max dnr,avg dhr,max dhr
0,MN,Chisago County,G2700250,2000-2019,7.262273092150314,34.0359992980957,-32.76266860961914,4485.750439831198,456.9801184654345,65.82599852389941,0.45833224064204264,21.65434530454147,-32.76267175107279,4.508941163102241,10.402987480163574,154.19486301369864,941,174.65416640804008,905.744384765625,64.32271689497716,603
