,state,county,gisjoin,year range,avg temp,max temp,min temp,hdd,cdd,avg rh,average dp,max dp,min dp,avg wind speed,max wind speed,avg ghr,max ghr,avg dnr,max dnr,avg dhr,max dhr
0,MN,Chisago County,G2700250,2080-2099,12.348115145465647,38.24892044067383,-26.72746086120605,3239.279500321165,1066.8415284157384,67.99785257953486,5.821326118949588,25.240489619832168,-26.727464431539683,4.567180420274604,9.78644847869873,154.19486301369864,941,168.2180413921103,874.9757080078125,64.32271689497716,603
