,state,county,gisjoin,year range,avg temp,max temp,min temp,hdd,cdd,avg rh,average dp,max dp,min dp,avg wind speed,max wind speed,avg ghr,max ghr,avg dnr,max dnr,avg dhr,max dhr
0,WI,Green Lake County,G5500470,2020-2039,9.034277988151612,39.62199401855469,-30.744159698486328,3920.0100318927434,538.0214975675168,68.5853768117896,2.9116602937040597,22.4666957631928,-30.74416042376328,4.422527302617896,10.331854820251465,151.70205479452054,955,175.7675825228767,900.036865234375,66.1601598173516,551
