,state,county,gisjoin,year range,avg temp,max temp,min temp,hdd,cdd,avg rh,average dp,max dp,min dp,avg wind speed,max wind speed,avg ghr,max ghr,avg dnr,max dnr,avg dhr,max dhr
0,CO,Phillips County,G0800950,2060-2079,13.503424692933674,41.8205680847168,-18.671632766723636,2867.659428312256,1116.9094412327422,52.479491479320615,2.496061537451888,20.96828461871886,-19.274865489216413,4.204363194026359,9.58823299407959,188.1711187214612,1013,202.38115797770263,957.634765625,62.781392694063925,506
