,state,county,gisjoin,year range,avg temp,max temp,min temp,hdd,cdd,avg rh,average dp,max dp,min dp,avg wind speed,max wind speed,avg ghr,max ghr,avg dnr,max dnr,avg dhr,max dhr
0,OR,Clatsop County,G4100070,2040-2059,11.86545649071177,33.03254699707031,-3.396501064300537,2473.5760468172193,124.96766592661385,75.42039957155376,7.202850986786838,15.091398060188672,-3.396501351865836,5.15982682476305,14.386263847351074,135.22271689497717,964,148.81949107993577,878.2177124023438,70.3337899543379,465
