,state,county,gisjoin,year range,avg temp,max temp,min temp,hdd,cdd,avg rh,average dp,max dp,min dp,avg wind speed,max wind speed,avg ghr,max ghr,avg dnr,max dnr,avg dhr,max dhr
0,NC,Lenoir County,G3701070,1980-1999,16.174342831354547,36.78312683105469,-8.475000381469727,1842.8100592582375,1066.9451927026862,68.32110811869303,9.635513181463333,23.44698126715888,-10.38352305894168,3.925915675947111,10.546144485473633,165.98744292237444,998,192.3356032485974,938.6824340820312,76.70947488584476,669
