,state,county,gisjoin,year range,avg temp,max temp,min temp,hdd,cdd,avg rh,average dp,max dp,min dp,avg wind speed,max wind speed,avg ghr,max ghr,avg dnr,max dnr,avg dhr,max dhr
0,IN,Benton County,G1800070,1980-1999,9.42362449639231,35.0099983215332,-30.520587921142575,3787.0241498404916,547.1470910231498,68.74441623448237,3.248221117716973,22.75260456437007,-30.52058740934009,4.086356034779658,9.82774543762207,148.77728310502283,955,182.1259798108436,932.4252319335938,72.89680365296803,606
