,state,county,gisjoin,year range,avg temp,max temp,min temp,hdd,cdd,avg rh,average dp,max dp,min dp,avg wind speed,max wind speed,avg ghr,max ghr,avg dnr,max dnr,avg dhr,max dhr
0,MI,Ionia County,G2600670,2080-2099,14.131996880479015,39.44609069824219,-17.09661102294922,2680.4702827822907,1159.1491441568362,69.6122064551262,7.956449837748756,27.163491532817797,-17.09661365874547,4.491528806362522,10.75169849395752,158.31381278538814,981,167.7484426714218,884.6051635742188,76.23687214611873,491
