,state,county,gisjoin,year range,avg temp,max temp,min temp,hdd,cdd,avg rh,average dp,max dp,min dp,avg wind speed,max wind speed,avg ghr,max ghr,avg dnr,max dnr,avg dhr,max dhr
0,OH,Auglaize County,G3900110,2020-2039,12.121744303301309,35.250675201416016,-20.4399471282959,3023.3940232715504,768.3306939761293,70.53649071210052,6.300439228693542,23.837799856532403,-20.439947292681406,3.8323567276403785,10.334100723266602,162.5189497716895,990,178.4999457613182,915.1047973632812,77.84360730593608,498
