,state,county,gisjoin,year range,avg temp,max temp,min temp,hdd,cdd,avg rh,average dp,max dp,min dp,avg wind speed,max wind speed,avg ghr,max ghr,avg dnr,max dnr,avg dhr,max dhr
0,OH,Auglaize County,G3900110,2060-2079,14.019316637036992,37.03646469116211,-14.36328411102295,2631.765700487638,1069.3162730058682,70.4231499800399,8.067768909263688,24.501411732282264,-14.69773212584203,3.7329176133626127,9.714166641235352,162.5189497716895,990,172.16943284303946,920.5394287109376,77.84360730593608,498
