,state,county,gisjoin,year range,avg temp,max temp,min temp,hdd,cdd,avg rh,average dp,max dp,min dp,avg wind speed,max wind speed,avg ghr,max ghr,avg dnr,max dnr,avg dhr,max dhr
0,OH,Auglaize County,G3900110,2080-2099,16.051478376570227,39.16343307495117,-12.804593086242676,2185.092126462298,1364.3817339103182,71.14915256130097,10.20919157091927,27.952384063500247,-12.804594043834062,3.751256943102841,7.988102436065674,162.5189497716895,990,170.6416588429021,928.1212158203124,77.84360730593608,498
