,state,county,gisjoin,year range,avg temp,max temp,min temp,hdd,cdd,avg rh,average dp,max dp,min dp,avg wind speed,max wind speed,avg ghr,max ghr,avg dnr,max dnr,avg dhr,max dhr
0,WV,Boone County,G5400050,2020-2039,13.003069254016365,35.09278869628906,-16.700597763061523,2649.4621616910936,716.0824394067555,69.00663746742353,6.625034167100879,21.685306014316264,-16.81738639021619,4.550900670273664,12.043305397033691,168.07157534246576,1012,184.65188123075845,943.9329223632812,79.01369863013699,481
