,state,county,gisjoin,year range,avg temp,max temp,min temp,hdd,cdd,avg rh,average dp,max dp,min dp,avg wind speed,max wind speed,avg ghr,max ghr,avg dnr,max dnr,avg dhr,max dhr
0,CA,Santa Cruz County,G0600870,2000-2019,15.151156652117463,39.53466796875,-2.5739998817443848,1631.1844854902754,481.85666351319475,52.27938380415581,3.3261601913779004,13.696051938166152,-8.265063862886677,3.4754568704187054,7.331218242645264,206.63824200913243,1004,209.45435163266143,983.2216796875,69.38127853881278,495
