,state,county,gisjoin,year range,avg temp,max temp,min temp,hdd,cdd,avg rh,average dp,max dp,min dp,avg wind speed,max wind speed,avg ghr,max ghr,avg dnr,max dnr,avg dhr,max dhr
0,CA,Santa Cruz County,G0600870,2040-2059,16.04540429303261,36.859371185302734,-0.8819729685783386,1417.9725390407168,595.0451059977522,52.753817555566904,4.24514434778589,14.689296600006626,-7.466335245997112,3.4439550794967233,9.21835708618164,206.63824200913243,1004,208.60762419212634,974.9691772460938,69.38127853881278,495
