,state,county,gisjoin,year range,avg temp,max temp,min temp,hdd,cdd,avg rh,average dp,max dp,min dp,avg wind speed,max wind speed,avg ghr,max ghr,avg dnr,max dnr,avg dhr,max dhr
0,MO,Johnson County,G2901010,1980-1999,12.048427789821309,34.74583435058594,-20.90999984741211,3043.529165629838,761.7053089142283,67.85346620583643,5.56995122895841,23.339276615120447,-21.6087505125361,4.5058256949463935,9.749289512634276,176.2837899543379,995,185.2342621475553,920.2643432617188,71.51130136986302,651
