,state,county,gisjoin,year range,avg temp,max temp,min temp,hdd,cdd,avg rh,average dp,max dp,min dp,avg wind speed,max wind speed,avg ghr,max ghr,avg dnr,max dnr,avg dhr,max dhr
0,MO,Johnson County,G2901010,2040-2059,15.6955115321811,39.57360458374024,-19.697031021118164,2281.8693134934733,1331.2310227394848,68.37640586454575,9.082870432453909,25.1641427024278,-19.697033450693954,4.356226736878695,10.633275985717772,176.2837899543379,995,182.78477670588205,916.1624145507812,71.51130136986302,651
