,state,county,gisjoin,year range,avg temp,max temp,min temp,hdd,cdd,avg rh,average dp,max dp,min dp,avg wind speed,max wind speed,avg ghr,max ghr,avg dnr,max dnr,avg dhr,max dhr
0,NE,Fillmore County,G3100590,2000-2019,11.080186055506323,38.24166870117188,-23.364166259765625,3444.2484663314153,809.016376590771,63.14736141244026,3.466093006963159,21.709354813544103,-23.364167629954625,4.894498572311445,10.151039123535156,179.72328767123287,994,191.11686471535805,947.3695678710938,64.42385844748858,557
