,state,county,gisjoin,year range,avg temp,max temp,min temp,hdd,cdd,avg rh,average dp,max dp,min dp,avg wind speed,max wind speed,avg ghr,max ghr,avg dnr,max dnr,avg dhr,max dhr
0,ID,Lewis County,G1600610,1980-1999,7.392172972184777,32.2071418762207,-18.28214263916016,4208.335167107495,226.9783019542654,64.04980261467364,0.10386308139110113,12.077019617434964,-18.28214358957304,2.897511857734423,8.215569496154785,162.72933789954337,960,178.54667458271365,926.6668701171876,62.771004566210046,463
