,state,county,gisjoin,year range,avg temp,max temp,min temp,hdd,cdd,avg rh,average dp,max dp,min dp,avg wind speed,max wind speed,avg ghr,max ghr,avg dnr,max dnr,avg dhr,max dhr
0,MN,Sherburne County,G2701410,2060-2079,10.425204616384878,37.72623825073242,-25.269229888916016,3711.6227211053624,837.3224060853763,67.26136819543359,3.8488812731752624,25.65217163220968,-25.365737865370967,4.387888901527614,10.364709854125977,161.16518264840184,956,170.00353581808594,913.5867919921876,68.0898401826484,587
