,state,county,gisjoin,year range,avg temp,max temp,min temp,hdd,cdd,avg rh,average dp,max dp,min dp,avg wind speed,max wind speed,avg ghr,max ghr,avg dnr,max dnr,avg dhr,max dhr
0,ND,Cavalier County,G3800190,1980-1999,2.628183452409908,33.473846435546875,-35.15846252441406,5962.0301271239,241.81708725292967,58.69731500780201,-5.7341114507815565,17.379322714464553,-35.7499474032204,4.541037372993007,10.917112350463867,153.87705479452055,944,170.53029719567508,889.2273559570312,58.256278538812786,570
