,state,county,gisjoin,year range,avg temp,max temp,min temp,hdd,cdd,avg rh,average dp,max dp,min dp,avg wind speed,max wind speed,avg ghr,max ghr,avg dnr,max dnr,avg dhr,max dhr
0,NM,Los Alamos County,G3500280,2080-2099,14.066692966653765,37.470890045166016,-10.386438369750977,2491.5310011227502,946.3739339511125,47.799841333306546,1.5929974841567391,15.154702550948713,-13.100736926335136,4.659567509938593,11.581146240234377,226.72511415525113,1068,232.12167958229847,1010.9854736328124,53.60285388127854,518
