,state,county,gisjoin,year range,avg temp,max temp,min temp,hdd,cdd,avg rh,average dp,max dp,min dp,avg wind speed,max wind speed,avg ghr,max ghr,avg dnr,max dnr,avg dhr,max dhr
0,NJ,Ocean County,G3400290,1980-1999,11.61559352973766,32.95000076293945,-18.71999931335449,2984.7823987053785,544.974037059173,71.17617753847549,5.961368968887037,23.19850908355992,-18.720000980336174,5.40847482760203,11.66943645477295,172.16095890410958,974,178.78898245101942,902.4165649414062,73.63515981735159,560
