,state,county,gisjoin,year range,avg temp,max temp,min temp,hdd,cdd,avg rh,average dp,max dp,min dp,avg wind speed,max wind speed,avg ghr,max ghr,avg dnr,max dnr,avg dhr,max dhr
0,IN,Martin County,G1801010,2020-2039,13.696354564423574,34.661766052246094,-18.505558013916016,2615.8426000595864,935.5120160739203,69.95628381232693,7.594483114662713,23.736188894350352,-18.853702391760372,3.8970525014209967,10.200767517089844,175.93367579908676,994,184.0865019990942,934.1527099609376,72.70445205479452,623
