,state,county,gisjoin,year range,avg temp,max temp,min temp,hdd,cdd,avg rh,average dp,max dp,min dp,avg wind speed,max wind speed,avg ghr,max ghr,avg dnr,max dnr,avg dhr,max dhr
0,IN,Martin County,G1801010,2080-2099,17.20195947099222,38.322532653808594,-15.903834342956545,1922.491021995815,1521.7062289078783,71.2831136302861,11.3024821667796,26.96196793323592,-15.903836891531409,3.9212033156662773,10.556800842285156,175.93367579908676,994,175.88601302552456,910.0729370117188,72.70445205479452,623
