,state,county,gisjoin,year range,avg temp,max temp,min temp,hdd,cdd,avg rh,average dp,max dp,min dp,avg wind speed,max wind speed,avg ghr,max ghr,avg dnr,max dnr,avg dhr,max dhr
0,MI,Osceola County,G2601330,2060-2079,9.829894733473209,34.34897994995117,-20.6368350982666,3705.5747142794667,613.9862919966663,68.38977970489084,3.4499368006821176,23.807765885319057,-20.691507649706253,4.530003699238442,9.981093406677246,148.54429223744293,947,172.55406852733555,926.2744750976562,69.20502283105023,626
