,state,county,gisjoin,year range,avg temp,max temp,min temp,hdd,cdd,avg rh,average dp,max dp,min dp,avg wind speed,max wind speed,avg ghr,max ghr,avg dnr,max dnr,avg dhr,max dhr
0,AL,Madison County,G0100890,1980-1999,15.065043766746992,35.348751068115234,-16.560625076293945,2127.541689039099,946.782663901708,69.07658116741267,8.655667743520779,22.694456997509743,-16.560624823246805,4.006687270724066,12.4815034866333,182.2826484018265,1012,195.90840290561817,961.7968139648438,75.07328767123288,480
