,state,county,gisjoin,year range,avg temp,max temp,min temp,hdd,cdd,avg rh,average dp,max dp,min dp,avg wind speed,max wind speed,avg ghr,max ghr,avg dnr,max dnr,avg dhr,max dhr
0,AL,Madison County,G0100890,2020-2039,17.23668499869538,37.936622619628906,-12.836370468139648,1662.856746811781,1274.7467713356843,68.70679988403843,10.667119421099857,23.761435861697585,-12.836371094924704,3.9808571356888773,9.968029022216797,182.2826484018265,1012,192.2343244060218,949.3007202148438,75.07328767123288,480
