,state,county,gisjoin,year range,avg temp,max temp,min temp,hdd,cdd,avg rh,average dp,max dp,min dp,avg wind speed,max wind speed,avg ghr,max ghr,avg dnr,max dnr,avg dhr,max dhr
0,AL,Madison County,G0100890,2060-2079,18.691819097148468,39.00680923461914,-5.650742053985596,1454.9101847919312,1597.9241552511223,69.94664957817287,12.380758080261723,27.003473402073485,-5.650742353881912,3.998697304235746,11.024757385253906,182.2826484018265,1012,187.9736913443114,943.6396484375,75.07328767123288,480
