,state,county,gisjoin,year range,avg temp,max temp,min temp,hdd,cdd,avg rh,average dp,max dp,min dp,avg wind speed,max wind speed,avg ghr,max ghr,avg dnr,max dnr,avg dhr,max dhr
0,TX,Wheeler County,G4804830,2080-2099,19.88942207704057,44.9526596069336,-10.31112003326416,1518.2237629345998,2098.362821054288,56.42437529868731,9.653145547612716,26.970418097939145,-12.574837553918384,4.988961480197297,11.577163696289062,202.55091324200913,1023,207.76082166931465,938.8439331054688,63.59006849315068,598
