,state,county,gisjoin,year range,avg temp,max temp,min temp,hdd,cdd,avg rh,average dp,max dp,min dp,avg wind speed,max wind speed,avg ghr,max ghr,avg dnr,max dnr,avg dhr,max dhr
0,MI,Luce County,G2600950,2080-2099,10.063094593381631,36.2548828125,-22.47587203979492,3622.8531481579935,616.3826747417739,69.20295620748442,3.932358602933799,23.44351597817318,-22.475873817349765,4.807365224595483,11.15688133239746,138.59315068493152,951,167.38346976792977,903.8056030273438,63.74155251141553,529
