,state,county,gisjoin,year range,avg temp,max temp,min temp,hdd,cdd,avg rh,average dp,max dp,min dp,avg wind speed,max wind speed,avg ghr,max ghr,avg dnr,max dnr,avg dhr,max dhr
0,WV,Mingo County,G5400590,2000-2019,12.940008258616544,34.596248626708984,-18.515625,2678.409740951614,722.0127553463423,69.72074418089706,6.753300064514088,22.189720910865248,-18.51562688513716,3.7694219200578454,10.291023254394531,165.1150684931507,991,185.6179389476612,951.7113647460938,80.55981735159817,679
