,state,county,gisjoin,year range,avg temp,max temp,min temp,hdd,cdd,avg rh,average dp,max dp,min dp,avg wind speed,max wind speed,avg ghr,max ghr,avg dnr,max dnr,avg dhr,max dhr
0,WV,Mingo County,G5400590,2060-2079,15.255894517522762,36.430931091308594,-9.663806915283203,2168.978852329864,1057.880351225603,69.97865829446,9.041119260911968,23.861610652588983,-9.66380762962631,4.2202001207495385,10.849335670471191,165.1150684931507,991,180.06613481015273,933.2327270507812,80.55981735159817,679
