,state,county,gisjoin,year range,avg temp,max temp,min temp,hdd,cdd,avg rh,average dp,max dp,min dp,avg wind speed,max wind speed,avg ghr,max ghr,avg dnr,max dnr,avg dhr,max dhr
0,WV,Mingo County,G5400590,2080-2099,17.00175878568547,37.56969833374024,-10.08129596710205,1843.5645156058038,1369.7064723810315,70.48712672708241,10.852507201355323,25.841487156581525,-10.081296672975364,4.1143282292640375,9.39187717437744,165.1150684931507,991,178.33308795239586,943.9554443359376,80.55981735159817,679
