,state,county,gisjoin,year range,avg temp,max temp,min temp,hdd,cdd,avg rh,average dp,max dp,min dp,avg wind speed,max wind speed,avg ghr,max ghr,avg dnr,max dnr,avg dhr,max dhr
0,VA,Rockbridge County,G5101630,2020-2039,14.236810549760579,36.95210647583008,-13.353171348571776,2385.454481353016,902.3903320154121,65.9879297489445,7.060656496098256,22.132845481902564,-13.353171776211122,3.789940919288217,9.957073211669922,162.28082191780823,1021,192.92060686919498,955.8822021484376,69.86358447488584,604
