,state,county,gisjoin,year range,avg temp,max temp,min temp,hdd,cdd,avg rh,average dp,max dp,min dp,avg wind speed,max wind speed,avg ghr,max ghr,avg dnr,max dnr,avg dhr,max dhr
0,VA,Rockbridge County,G5101630,2080-2099,17.25231181630401,37.55925369262695,-9.91332721710205,1786.9115925386595,1404.5054054896527,68.51988551518689,10.614734999683298,25.277236899587862,-9.91332818974935,4.13483366737627,12.8797025680542,162.28082191780823,1021,184.60612201629857,944.7445068359376,69.86358447488584,604
