,state,county,gisjoin,year range,avg temp,max temp,min temp,hdd,cdd,avg rh,average dp,max dp,min dp,avg wind speed,max wind speed,avg ghr,max ghr,avg dnr,max dnr,avg dhr,max dhr
0,VA,Smyth County,G5101730,2000-2019,11.92913370296667,31.89125061035156,-17.71875,2889.6694230765647,564.3032246589913,66.96716692131949,5.1357514142134955,20.409246881579808,-17.718749980665056,4.4481846969421595,10.924676895141602,166.46929223744291,1008,193.6073633370473,962.7024536132812,73.93961187214612,558
