,state,county,gisjoin,year range,avg temp,max temp,min temp,hdd,cdd,avg rh,average dp,max dp,min dp,avg wind speed,max wind speed,avg ghr,max ghr,avg dnr,max dnr,avg dhr,max dhr
0,VA,Smyth County,G5101730,2060-2079,13.772719606760939,35.02705001831055,-10.582706451416016,2418.450299852982,765.992956320489,68.74637248570517,7.2913800493807805,21.71014428951306,-10.582706929830138,4.9181088803565665,14.464418411254885,166.46929223744291,1008,189.55730959926657,961.78173828125,73.93961187214612,558
