,state,county,gisjoin,year range,avg temp,max temp,min temp,hdd,cdd,avg rh,average dp,max dp,min dp,avg wind speed,max wind speed,avg ghr,max ghr,avg dnr,max dnr,avg dhr,max dhr
0,VA,Smyth County,G5101730,2080-2099,15.603665925294493,35.26765823364258,-11.783567428588867,2063.144544552798,1078.9826072852536,67.9635994031549,8.880389745338498,22.990316178604,-11.78356808309752,4.974800869210125,14.474566459655762,166.46929223744291,1008,186.66971278143913,946.170166015625,73.93961187214612,558
