,state,county,gisjoin,year range,avg temp,max temp,min temp,hdd,cdd,avg rh,average dp,max dp,min dp,avg wind speed,max wind speed,avg ghr,max ghr,avg dnr,max dnr,avg dhr,max dhr
0,IN,Switzerland County,G1801550,1980-1999,11.864381330864548,36.4986686706543,-24.541332244873047,3049.360774647858,700.3599604130162,69.78192329624473,5.796924466217349,21.56722038071508,-24.541334382191263,3.7342222624173447,9.387659072875977,165.93150684931507,993,185.59573877090173,929.7718505859376,75.8406392694064,554
