,state,county,gisjoin,year range,avg temp,max temp,min temp,hdd,cdd,avg rh,average dp,max dp,min dp,avg wind speed,max wind speed,avg ghr,max ghr,avg dnr,max dnr,avg dhr,max dhr
0,IN,Switzerland County,G1801550,2000-2019,13.248511073709325,33.79533386230469,-19.100000381469727,2672.344612058265,828.5511539618677,69.80837525102102,7.146569829678082,23.6801320986059,-19.100002444894752,3.6334212594788915,8.066478729248047,165.93150684931507,993,184.91668365925247,954.8321533203124,75.8406392694064,554
