,state,county,gisjoin,year range,avg temp,max temp,min temp,hdd,cdd,avg rh,average dp,max dp,min dp,avg wind speed,max wind speed,avg ghr,max ghr,avg dnr,max dnr,avg dhr,max dhr
0,IN,Switzerland County,G1801550,2080-2099,17.14772388285768,41.95530319213867,-9.208619117736816,1934.9334685899946,1514.3526858329644,71.23226262401772,11.20947023529909,28.7895975694248,-9.208619703285502,3.535715273077085,8.916072845458984,165.93150684931507,993,174.43413475155035,932.4983520507812,75.8406392694064,554
