,state,county,gisjoin,year range,avg temp,max temp,min temp,hdd,cdd,avg rh,average dp,max dp,min dp,avg wind speed,max wind speed,avg ghr,max ghr,avg dnr,max dnr,avg dhr,max dhr
0,AL,Cullman County,G0100430,2060-2079,18.498170971765703,37.78340530395508,-7.705952167510986,1455.7538199249975,1528.0862246195302,70.66293896474795,12.329987179475417,25.49924562831033,-7.705952991756029,3.1364528736295223,8.525946617126465,182.2826484018265,1012,192.34605292247807,925.7251586914062,75.05684931506849,480
