,state,county,gisjoin,year range,avg temp,max temp,min temp,hdd,cdd,avg rh,average dp,max dp,min dp,avg wind speed,max wind speed,avg ghr,max ghr,avg dnr,max dnr,avg dhr,max dhr
0,AL,Cullman County,G0100430,2080-2099,20.25222904614589,41.24737548828125,-9.171210289001465,1226.631838496713,1939.1954403398831,70.67395438930215,14.029808373320671,29.510276070313243,-9.171210257761851,3.0955983017609543,8.66153621673584,182.2826484018265,1012,187.74368928791816,954.9855346679688,75.05684931506849,480
