,state,county,gisjoin,year range,avg temp,max temp,min temp,hdd,cdd,avg rh,average dp,max dp,min dp,avg wind speed,max wind speed,avg ghr,max ghr,avg dnr,max dnr,avg dhr,max dhr
0,AR,Little River County,G0500810,1980-1999,16.774525094626007,37.29473876953125,-10.278947830200195,1759.706892106796,1202.9085516453572,68.75976256475057,10.240964821731032,23.36980525733045,-10.278948488895018,3.6124473612602443,8.534452438354492,181.84657534246574,1007,199.82909980454917,927.7197265625,72.51495433789954,584
