,state,county,gisjoin,year range,avg temp,max temp,min temp,hdd,cdd,avg rh,average dp,max dp,min dp,avg wind speed,max wind speed,avg ghr,max ghr,avg dnr,max dnr,avg dhr,max dhr
0,AR,Little River County,G0500810,2020-2039,18.53257602601361,39.39734649658203,-10.188098907470703,1475.9883488612077,1560.878598356195,68.17686280355062,11.757756613767116,24.176555078714987,-10.1880991800524,3.6043902842965845,8.497570991516113,181.84657534246574,1007,196.2221175837102,936.275634765625,72.51495433789954,584
