,state,county,gisjoin,year range,avg temp,max temp,min temp,hdd,cdd,avg rh,average dp,max dp,min dp,avg wind speed,max wind speed,avg ghr,max ghr,avg dnr,max dnr,avg dhr,max dhr
0,AR,Little River County,G0500810,2040-2059,19.614766173953186,41.42215347290039,-6.320642471313477,1316.9034166802642,1796.7930701731427,68.47280684410165,12.864167625185587,25.222292203449392,-6.911238469191349,3.693114190395564,8.55876636505127,181.84657534246574,1007,195.26787950075945,921.5806274414062,72.51495433789954,584
