,state,county,gisjoin,year range,avg temp,max temp,min temp,hdd,cdd,avg rh,average dp,max dp,min dp,avg wind speed,max wind speed,avg ghr,max ghr,avg dnr,max dnr,avg dhr,max dhr
0,AR,Little River County,G0500810,2080-2099,21.666758265863194,44.9336051940918,-7.446263313293457,1023.1695069638507,2252.0362740037576,68.78098591103401,14.923941623285764,28.223199472271567,-7.446264287539267,3.6297344181635607,8.275078773498535,181.84657534246574,1007,190.68181007848665,909.532470703125,72.51495433789954,584
