,state,county,gisjoin,year range,avg temp,max temp,min temp,hdd,cdd,avg rh,average dp,max dp,min dp,avg wind speed,max wind speed,avg ghr,max ghr,avg dnr,max dnr,avg dhr,max dhr
0,GA,McDuffie County,G1301890,1980-1999,16.22194981506141,37.33124923706055,-8.769999504089355,1846.2547999353008,1087.7664824327542,67.3705083725115,9.370105385613996,21.679941138357893,-9.052551064631285,3.317609116475876,9.957387924194336,193.16130136986303,1021,205.4995094265617,955.3873291015624,78.90194063926941,537
