,state,county,gisjoin,year range,avg temp,max temp,min temp,hdd,cdd,avg rh,average dp,max dp,min dp,avg wind speed,max wind speed,avg ghr,max ghr,avg dnr,max dnr,avg dhr,max dhr
0,GA,McDuffie County,G1301890,2020-2039,18.15799110528113,37.83412170410156,-7.781757354736328,1429.5599018489336,1377.7266552766935,67.77380016339968,11.301319001595813,23.147537921850788,-7.781758325117535,3.3175299406051635,9.263460159301758,193.16130136986303,1021,201.32398267186323,931.498779296875,78.90194063926941,537
