,state,county,gisjoin,year range,avg temp,max temp,min temp,hdd,cdd,avg rh,average dp,max dp,min dp,avg wind speed,max wind speed,avg ghr,max ghr,avg dnr,max dnr,avg dhr,max dhr
0,GA,Jeff Davis County,G1301610,1980-1999,18.297985929617838,36.51117706298828,-5.838235378265381,1319.1680711815923,1318.4329354922872,66.46748851336301,11.164377902158966,23.428177730847192,-5.838236008747849,3.3043862243765565,9.027267456054688,195.40970319634704,997,206.85351074002784,954.4702758789062,80.53070776255707,631
