,state,county,gisjoin,year range,avg temp,max temp,min temp,hdd,cdd,avg rh,average dp,max dp,min dp,avg wind speed,max wind speed,avg ghr,max ghr,avg dnr,max dnr,avg dhr,max dhr
0,GA,Jeff Davis County,G1301610,2040-2059,21.170335548631176,38.184349060058594,-5.919082164764404,898.1850231092421,1945.8574983595,68.54838052971722,14.421851352199466,27.09560106529273,-5.919082896212061,3.4648183701517374,8.807095527648926,195.40970319634704,997,197.44511501387316,967.0501098632812,80.53070776255707,631
