,state,county,gisjoin,year range,avg temp,max temp,min temp,hdd,cdd,avg rh,average dp,max dp,min dp,avg wind speed,max wind speed,avg ghr,max ghr,avg dnr,max dnr,avg dhr,max dhr
0,TN,Van Buren County,G4701750,2020-2039,14.73335940314714,34.77719497680664,-11.773544311523438,2149.2854317449355,847.4616138935615,71.22601544410671,8.892907697937481,22.833712340532973,-11.77354490482356,3.2502897860933113,8.629981994628906,161.43550228310502,982,192.17002718971364,983.7391967773438,76.60719178082192,593
