,state,county,gisjoin,year range,avg temp,max temp,min temp,hdd,cdd,avg rh,average dp,max dp,min dp,avg wind speed,max wind speed,avg ghr,max ghr,avg dnr,max dnr,avg dhr,max dhr
0,TN,Van Buren County,G4701750,2040-2059,15.882071068316973,37.22748947143555,-11.54359531402588,1989.383523457279,1106.8394633929668,70.99022483607949,9.928544004209332,23.07924741455468,-11.543596373488668,3.3265256144684745,9.761794090270996,161.43550228310502,982,188.40085439591172,956.1084594726562,76.60719178082192,593
