,state,county,gisjoin,year range,avg temp,max temp,min temp,hdd,cdd,avg rh,average dp,max dp,min dp,avg wind speed,max wind speed,avg ghr,max ghr,avg dnr,max dnr,avg dhr,max dhr
0,TN,Van Buren County,G4701750,2060-2079,16.079261493530858,36.04474639892578,-9.922663688659668,1936.8382915893326,1126.2687367281053,71.7459300467957,10.32680493061968,23.83119060128301,-10.06832242244162,3.3266224047909043,8.035194396972656,161.43550228310502,982,187.02227405815856,960.72119140625,76.60719178082192,593
