,state,county,gisjoin,year range,avg temp,max temp,min temp,hdd,cdd,avg rh,average dp,max dp,min dp,avg wind speed,max wind speed,avg ghr,max ghr,avg dnr,max dnr,avg dhr,max dhr
0,TN,Van Buren County,G4701750,2080-2099,17.57072479572869,37.09276580810547,-10.775545120239258,1679.7066194917059,1413.5211699327174,72.17327873456424,11.847286025907096,26.09078940402518,-10.775545804511818,3.3507006129309467,10.528069496154783,161.43550228310502,982,184.9803910252054,971.1251220703124,76.60719178082192,593
