,state,county,gisjoin,year range,avg temp,max temp,min temp,hdd,cdd,avg rh,average dp,max dp,min dp,avg wind speed,max wind speed,avg ghr,max ghr,avg dnr,max dnr,avg dhr,max dhr
0,TN,Johnson County,G4700910,2000-2019,11.75270062655893,31.78466796875,-20.53999900817871,2857.007694625309,467.243423318877,69.27041186437215,5.60291539213045,18.9889252622418,-20.5399999237001,5.440398295611551,13.630376815795898,168.6343607305936,1013,194.95969530481267,971.459228515625,76.72979452054794,668
