,state,county,gisjoin,year range,avg temp,max temp,min temp,hdd,cdd,avg rh,average dp,max dp,min dp,avg wind speed,max wind speed,avg ghr,max ghr,avg dnr,max dnr,avg dhr,max dhr
0,TN,Johnson County,G4700910,2060-2079,13.466283981763725,33.20873260498047,-11.404935836791992,2409.34255080389,645.0362041473757,71.0819868244537,7.665741701234917,21.68797566605284,-11.404937053106696,6.0070275035623,24.84453773498535,168.6343607305936,1013,188.1915659592187,957.4531860351562,76.72979452054794,668
