,state,county,gisjoin,year range,avg temp,max temp,min temp,hdd,cdd,avg rh,average dp,max dp,min dp,avg wind speed,max wind speed,avg ghr,max ghr,avg dnr,max dnr,avg dhr,max dhr
0,CO,Mesa County,G0800770,2060-2079,15.455244049695459,41.541053771972656,-11.88294792175293,2397.22776878838,1358.89184692708,44.879689334952126,2.0239835262687618,19.4940055461882,-16.49769228229523,3.2272988319396974,7.497686386108398,207.13059360730594,1077,216.3308589407228,982.4937744140624,63.57294520547945,537
