,state,county,gisjoin,year range,avg temp,max temp,min temp,hdd,cdd,avg rh,average dp,max dp,min dp,avg wind speed,max wind speed,avg ghr,max ghr,avg dnr,max dnr,avg dhr,max dhr
0,ND,Grant County,G3800370,1980-1999,5.324313484028878,35.05666732788086,-31.612499237060547,5077.303181495497,341.1776031653014,56.38315498404307,-3.8622181609946282,19.426428389354328,-33.19284620443566,4.515861179077462,10.053668022155762,165.67442922374428,961,186.12922744101832,912.8077392578124,62.63904109589041,529
