,state,county,gisjoin,year range,avg temp,max temp,min temp,hdd,cdd,avg rh,average dp,max dp,min dp,avg wind speed,max wind speed,avg ghr,max ghr,avg dnr,max dnr,avg dhr,max dhr
0,ND,Grant County,G3800370,2020-2039,7.063837754544186,40.73378372192383,-30.38335227966309,4649.804935804607,548.6057162126111,56.665873747220324,-2.163796569962818,18.655188210516247,-32.8355335143876,4.300620516658373,9.9905424118042,165.67442922374428,961,182.87019878480228,899.1370849609375,62.63904109589041,529
