,state,county,gisjoin,year range,avg temp,max temp,min temp,hdd,cdd,avg rh,average dp,max dp,min dp,avg wind speed,max wind speed,avg ghr,max ghr,avg dnr,max dnr,avg dhr,max dhr
0,ND,Grant County,G3800370,2060-2079,9.40936717078096,38.96869659423828,-26.175630569458008,4015.312961590578,770.2319789251028,58.15830373056403,0.5030580164985626,22.585757445401622,-26.235745074666596,4.445404309442599,9.871487617492676,165.67442922374428,961,180.17309566293795,893.8837890625,62.63904109589041,529
