,state,county,gisjoin,year range,avg temp,max temp,min temp,hdd,cdd,avg rh,average dp,max dp,min dp,avg wind speed,max wind speed,avg ghr,max ghr,avg dnr,max dnr,avg dhr,max dhr
0,NC,Iredell County,G3700970,2040-2059,17.23374633190337,36.92693328857422,-14.028135299682615,1727.9183104910906,1338.7357216359055,68.59447973591007,10.653465630376934,25.21922518522199,-14.028135950054496,3.5598311241358926,9.297304153442385,178.3134703196347,1004,190.0927091704543,944.7518310546876,76.8345890410959,610
