,state,county,gisjoin,year range,avg temp,max temp,min temp,hdd,cdd,avg rh,average dp,max dp,min dp,avg wind speed,max wind speed,avg ghr,max ghr,avg dnr,max dnr,avg dhr,max dhr
0,NC,Iredell County,G3700970,2060-2079,17.580172889431797,37.31251525878906,-8.03974723815918,1638.629965610109,1375.8930702528085,68.44212348951052,10.924932845395208,26.024002366459214,-8.039748213114425,3.6693849589726697,8.886178016662598,178.3134703196347,1004,190.27849847073418,948.2567749023438,76.8345890410959,610
