,state,county,gisjoin,year range,avg temp,max temp,min temp,hdd,cdd,avg rh,average dp,max dp,min dp,avg wind speed,max wind speed,avg ghr,max ghr,avg dnr,max dnr,avg dhr,max dhr
0,NC,Iredell County,G3700970,2080-2099,18.950112907895512,39.53678131103516,-8.07384204864502,1480.1679736461595,1717.4591850279724,70.48799729260135,12.762218211730952,27.12587463088215,-8.0738429278395,3.727518933113307,8.553790092468262,178.3134703196347,1004,184.16251244147517,949.2968139648438,76.8345890410959,610
