,state,county,gisjoin,year range,avg temp,max temp,min temp,hdd,cdd,avg rh,average dp,max dp,min dp,avg wind speed,max wind speed,avg ghr,max ghr,avg dnr,max dnr,avg dhr,max dhr
0,ND,McIntosh County,G3800510,2020-2039,6.797773242112131,34.42753601074219,-28.441390991210938,4721.515946179874,523.2031795501894,60.30261087003908,-1.3438378885476798,20.075764704812592,-28.561551503910472,4.567022625169797,11.824935913085938,142.9428082191781,950,180.3763559727686,896.1237182617188,62.025228310502285,503
