,state,county,gisjoin,year range,avg temp,max temp,min temp,hdd,cdd,avg rh,average dp,max dp,min dp,avg wind speed,max wind speed,avg ghr,max ghr,avg dnr,max dnr,avg dhr,max dhr
0,CO,Ouray County,G0800910,1980-1999,6.606060008864245,30.614166259765625,-26.94416618347168,4539.141780173325,270.85368340809464,50.64919098610203,-4.52435686072644,13.714609801715364,-26.94416681480641,3.6655832068560876,10.353914260864258,190.43550228310502,1049,232.34683491046155,1037.6802978515625,65.04155251141553,512
