,state,county,gisjoin,year range,avg temp,max temp,min temp,hdd,cdd,avg rh,average dp,max dp,min dp,avg wind speed,max wind speed,avg ghr,max ghr,avg dnr,max dnr,avg dhr,max dhr
0,MS,Hancock County,G2800450,2020-2039,20.761468673864865,36.01765441894531,-7.092799663543701,858.071035908852,1756.5071018694587,73.30032929612076,15.2771950097971,27.1921052488542,-7.092800113070775,4.322574940555172,9.341144561767578,178.2780821917808,1026,191.83174303845263,913.3154907226562,80.62796803652968,629
