,state,county,gisjoin,year range,avg temp,max temp,min temp,hdd,cdd,avg rh,average dp,max dp,min dp,avg wind speed,max wind speed,avg ghr,max ghr,avg dnr,max dnr,avg dhr,max dhr
0,TN,Clay County,G4700270,1980-1999,13.467301908586297,35.924373626708984,-21.886249542236328,2566.795613964041,802.8608105977878,69.04441738433489,7.088937826596066,22.08757461522736,-21.886251352827507,3.515960330437852,8.29353141784668,161.43550228310502,982,193.85680257295195,949.559326171875,76.6203196347032,593
