,state,county,gisjoin,year range,avg temp,max temp,min temp,hdd,cdd,avg rh,average dp,max dp,min dp,avg wind speed,max wind speed,avg ghr,max ghr,avg dnr,max dnr,avg dhr,max dhr
0,KS,Wilson County,G2002050,2000-2019,14.607194402424106,37.66374969482422,-15.908124923706056,2473.62083857904,1125.7467954636263,66.94203338427086,7.696300341300439,24.503163657057964,-17.14671077543578,4.0631268556803875,9.129709243774414,173.68333333333334,972,192.42360021073637,948.1415405273438,68.73630136986301,579
