,state,county,gisjoin,year range,avg temp,max temp,min temp,hdd,cdd,avg rh,average dp,max dp,min dp,avg wind speed,max wind speed,avg ghr,max ghr,avg dnr,max dnr,avg dhr,max dhr
0,KS,Wilson County,G2002050,2060-2079,17.13153056131544,42.49224853515625,-15.829636573791504,2013.5208981200815,1587.029553000076,68.59589878435004,10.538461641030425,27.05886477281458,-15.84475228097037,4.108092218555816,10.759603500366213,173.68333333333334,972,186.731799676973,909.871337890625,68.73630136986301,579
