,state,county,gisjoin,year range,avg temp,max temp,min temp,hdd,cdd,avg rh,average dp,max dp,min dp,avg wind speed,max wind speed,avg ghr,max ghr,avg dnr,max dnr,avg dhr,max dhr
0,NH,Sullivan County,G3300190,2040-2059,9.469062675087534,36.8421516418457,-24.86088180541992,3754.617793025309,531.3256694317073,70.18955387372405,3.567457647102383,23.363603244824965,-24.86088507167409,4.935846985529547,11.854877471923828,143.1958904109589,954,177.91075306545042,928.8069458007812,69.98561643835616,529
