,state,county,gisjoin,year range,avg temp,max temp,min temp,hdd,cdd,avg rh,average dp,max dp,min dp,avg wind speed,max wind speed,avg ghr,max ghr,avg dnr,max dnr,avg dhr,max dhr
0,TN,Franklin County,G4700510,2040-2059,17.427952918199054,38.07773208618164,-10.96505069732666,1703.3419272826302,1385.0447424253462,70.50446086365338,11.259247683863615,25.568233261002405,-10.965052007731714,3.8672673792327377,11.049744606018066,182.2826484018265,1012,187.68431745932793,942.1129150390624,75.11107305936073,480
