,state,county,gisjoin,year range,avg temp,max temp,min temp,hdd,cdd,avg rh,average dp,max dp,min dp,avg wind speed,max wind speed,avg ghr,max ghr,avg dnr,max dnr,avg dhr,max dhr
0,TX,Armstrong County,G4800110,1980-1999,13.481475961650908,39.5837516784668,-18.81312561035156,2670.069886789451,911.3086127917483,53.809108547206336,2.769512297519949,18.830471342096168,-22.090978881757884,4.234449154356299,9.078913688659668,210.44908675799087,1029,222.6009079800251,994.1397705078124,64.29326484018264,496
