,state,county,gisjoin,year range,avg temp,max temp,min temp,hdd,cdd,avg rh,average dp,max dp,min dp,avg wind speed,max wind speed,avg ghr,max ghr,avg dnr,max dnr,avg dhr,max dhr
0,TX,Armstrong County,G4800110,2000-2019,14.41509955320319,39.76874923706055,-17.718124389648438,2509.823222648883,1091.8345595678345,52.918089558980235,3.591576764594198,20.49652950425588,-18.898863948235128,4.228409898580481,8.55364990234375,210.44908675799087,1029,221.8311928483279,985.4058837890624,64.29326484018264,496
