,state,county,gisjoin,year range,avg temp,max temp,min temp,hdd,cdd,avg rh,average dp,max dp,min dp,avg wind speed,max wind speed,avg ghr,max ghr,avg dnr,max dnr,avg dhr,max dhr
0,TX,Armstrong County,G4800110,2080-2099,18.7210202661866,44.23456573486328,-9.087908744812012,1671.194917848132,1824.8673150061404,52.446290956458,7.394638119418035,25.343816900213746,-11.39677165496252,4.203971817531542,8.307533264160156,210.44908675799087,1029,217.9168211398496,970.5767211914062,64.29326484018264,496
