,state,county,gisjoin,year range,avg temp,max temp,min temp,hdd,cdd,avg rh,average dp,max dp,min dp,avg wind speed,max wind speed,avg ghr,max ghr,avg dnr,max dnr,avg dhr,max dhr
0,MO,Pike County,G2901630,1980-1999,11.211149804394577,35.24687576293945,-26.36000061035156,3242.5563740780726,655.1260526816391,68.05594341613386,4.822459370780469,23.331420428880165,-26.360000955799837,4.146115081930814,10.143107414245604,175.93367579908676,994,186.49399791674378,938.5200805664062,72.58892694063927,623
