,state,county,gisjoin,year range,avg temp,max temp,min temp,hdd,cdd,avg rh,average dp,max dp,min dp,avg wind speed,max wind speed,avg ghr,max ghr,avg dnr,max dnr,avg dhr,max dhr
0,WI,Forest County,G5500410,1980-1999,3.6482991566259724,30.099285125732425,-33.80928421020508,5551.01000861499,203.1392007827711,66.79199417475697,-2.7656641122334027,19.50750887063681,-33.80928464962828,4.8109494048983,10.732305526733398,140.8293378995434,956,177.5650889921716,945.6292724609376,65.65821917808219,564
