,state,county,gisjoin,year range,avg temp,max temp,min temp,hdd,cdd,avg rh,average dp,max dp,min dp,avg wind speed,max wind speed,avg ghr,max ghr,avg dnr,max dnr,avg dhr,max dhr
0,WI,Forest County,G5500410,2040-2059,7.217126801608359,31.723670959472656,-28.82682609558105,4497.693922100698,452.44520468712886,66.14681782352325,0.4579045092228837,23.016933595987503,-28.826829818495995,4.704980686687987,10.819604873657228,140.8293378995434,956,173.77260515065572,914.2664184570312,65.65821917808219,564
