,state,county,gisjoin,year range,avg temp,max temp,min temp,hdd,cdd,avg rh,average dp,max dp,min dp,avg wind speed,max wind speed,avg ghr,max ghr,avg dnr,max dnr,avg dhr,max dhr
0,WI,Forest County,G5500410,2080-2099,10.059139994383706,35.8095703125,-23.64123916625977,3735.9783939105423,728.0644918601097,68.21864917855285,3.664831161584583,22.94779405351544,-23.64124013840489,4.812033079340034,11.22929573059082,140.8293378995434,956,170.7209891956768,910.2947998046876,65.65821917808219,564
