,state,county,gisjoin,year range,avg temp,max temp,min temp,hdd,cdd,avg rh,average dp,max dp,min dp,avg wind speed,max wind speed,avg ghr,max ghr,avg dnr,max dnr,avg dhr,max dhr
0,GA,Troup County,G1302850,2020-2039,17.961642671801037,37.10052490234375,-8.876084327697754,1447.1930982690992,1323.6926734766253,68.03787151036197,11.154320417352269,23.757272007681003,-8.991811088569445,3.6643043818947385,9.009681701660156,191.31278538812785,1025,201.45118298861766,941.9821166992188,83.53538812785388,516
