,state,county,gisjoin,year range,avg temp,max temp,min temp,hdd,cdd,avg rh,average dp,max dp,min dp,avg wind speed,max wind speed,avg ghr,max ghr,avg dnr,max dnr,avg dhr,max dhr
0,GA,Troup County,G1302850,2060-2079,19.50805186611929,37.73123550415039,-6.8648681640625,1211.9790519532846,1652.917983086825,69.11607186979354,12.936948389968181,25.610227711870014,-6.864868659413904,3.72065202697227,8.719472885131836,191.31278538812785,1025,197.47321728276899,930.1023559570312,83.53538812785388,516
