,state,county,gisjoin,year range,avg temp,max temp,min temp,hdd,cdd,avg rh,average dp,max dp,min dp,avg wind speed,max wind speed,avg ghr,max ghr,avg dnr,max dnr,avg dhr,max dhr
0,GA,Troup County,G1302850,2080-2099,20.68857303963587,39.71179962158203,-7.800029277801514,1123.3203436526196,1995.1495031196146,69.49750366733498,14.153113208247445,27.44296482000593,-7.800029774044201,3.7273734475379667,9.952987670898438,191.31278538812785,1025,193.53080700534835,920.7720947265624,83.53538812785388,516
