Measure,Output Type,Training RMSE,Testing RMSE,Training R2,Testing R2
2022_1_2,total,1.5532938138302013,1.6142598641577823,0.9642838381995794,0.9423962639233899
