,state,county,gisjoin,year range,avg temp,max temp,min temp,hdd,cdd,avg rh,average dp,max dp,min dp,avg wind speed,max wind speed,avg ghr,max ghr,avg dnr,max dnr,avg dhr,max dhr
0,OK,Beckham County,G4000090,2040-2059,17.801460022288726,42.49837112426758,-9.135079383850098,1848.8549141906642,1666.8878223259571,58.285302320571795,8.411305316049361,25.361590387906517,-12.387438148463596,5.126349921667413,10.967521667480469,196.1054794520548,1051,205.88134176997673,954.1613159179688,61.95616438356164,602
