,state,county,gisjoin,year range,avg temp,max temp,min temp,hdd,cdd,avg rh,average dp,max dp,min dp,avg wind speed,max wind speed,avg ghr,max ghr,avg dnr,max dnr,avg dhr,max dhr
0,OK,Beckham County,G4000090,2060-2079,18.40447184459894,42.65079498291016,-11.495566368103027,1723.032594833445,1761.1648181119524,59.515892635415135,9.238072355007379,25.438456356457184,-14.040723941836244,5.170229062206669,10.24192714691162,196.1054794520548,1051,205.8203297298653,957.425048828125,61.95616438356164,602
