,state,county,gisjoin,year range,avg temp,max temp,min temp,hdd,cdd,avg rh,average dp,max dp,min dp,avg wind speed,max wind speed,avg ghr,max ghr,avg dnr,max dnr,avg dhr,max dhr
0,OK,Harmon County,G4000570,2040-2059,19.14507717749042,43.93082809448242,-10.823010444641112,1594.1675333886533,1902.6207031725514,55.75156708351553,8.934526441462626,25.40955764995874,-10.823010857383489,4.223866173257567,10.083498001098633,202.55091324200913,1023,209.44070429835307,944.2213134765624,63.59006849315068,598
