,state,county,gisjoin,year range,avg temp,max temp,min temp,hdd,cdd,avg rh,average dp,max dp,min dp,avg wind speed,max wind speed,avg ghr,max ghr,avg dnr,max dnr,avg dhr,max dhr
0,OK,Harmon County,G4000570,2060-2079,19.649395593184913,44.46913528442383,-9.309744834899902,1569.2282470531688,2061.7576385655325,55.90525425677974,9.394837479812036,26.917129455292336,-12.53694823035728,4.142567473255336,8.673842430114746,202.55091324200913,1023,209.44370240113957,947.0062255859376,63.59006849315068,598
