,state,county,gisjoin,year range,avg temp,max temp,min temp,hdd,cdd,avg rh,average dp,max dp,min dp,avg wind speed,max wind speed,avg ghr,max ghr,avg dnr,max dnr,avg dhr,max dhr
0,NJ,Cumberland County,G3400110,2040-2059,15.241191678720792,39.18277359008789,-12.524850845336914,2229.653356282645,1113.188319015569,71.20220776170356,9.495955113759619,25.48646915601012,-12.524851867944998,4.143957978731965,9.913591384887695,159.51849315068492,972,174.91356108200313,922.2506713867188,72.92100456621004,529
