,state,county,gisjoin,year range,avg temp,max temp,min temp,hdd,cdd,avg rh,average dp,max dp,min dp,avg wind speed,max wind speed,avg ghr,max ghr,avg dnr,max dnr,avg dhr,max dhr
0,WV,Greenbrier County,G5400250,1980-1999,10.24302636533856,31.55066680908203,-22.128665924072266,3373.7062355533103,432.9108589013519,67.38035074935112,3.6095037101378034,18.63898683222028,-22.128666266516493,4.303616838912442,10.391018867492676,147.69292237442923,1016,192.88530738520564,980.52490234375,81.22477168949771,648
