,state,county,gisjoin,year range,avg temp,max temp,min temp,hdd,cdd,avg rh,average dp,max dp,min dp,avg wind speed,max wind speed,avg ghr,max ghr,avg dnr,max dnr,avg dhr,max dhr
0,ND,Rolette County,G3800790,2020-2039,3.980923859083193,33.81382751464844,-35.8437385559082,5544.529272278564,318.06648084321864,60.524837820823876,-3.9653925817578033,18.32122099921498,-35.8437399453009,4.366231261853758,10.194958686828612,153.87705479452055,944,174.08195515879297,919.0927124023438,58.25696347031963,570
