,state,county,gisjoin,year range,avg temp,max temp,min temp,hdd,cdd,avg rh,average dp,max dp,min dp,avg wind speed,max wind speed,avg ghr,max ghr,avg dnr,max dnr,avg dhr,max dhr
0,NY,Westchester County,G3601190,2040-2059,14.066937437867821,38.20598220825195,-13.99612045288086,2494.7805160746925,949.712680896181,73.04796919713826,8.778007319642333,25.88610484845581,-13.996121604064523,4.306401133033783,11.240567207336426,152.01301369863015,967,170.47218577207616,911.9114379882812,72.32694063926941,581
