,state,county,gisjoin,year range,avg temp,max temp,min temp,hdd,cdd,avg rh,average dp,max dp,min dp,avg wind speed,max wind speed,avg ghr,max ghr,avg dnr,max dnr,avg dhr,max dhr
0,SC,Marlboro County,G4500690,2020-2039,18.129078795500572,40.84367752075195,-9.257412910461426,1493.5825168473905,1431.1962772051718,66.97145162194832,11.100396996346705,24.38406159620178,-9.257413464049362,3.553128182071529,8.052078247070312,182.85308219178083,994,195.40911903440906,952.0947265625,76.68538812785388,591
