,state,county,gisjoin,year range,avg temp,max temp,min temp,hdd,cdd,avg rh,average dp,max dp,min dp,avg wind speed,max wind speed,avg ghr,max ghr,avg dnr,max dnr,avg dhr,max dhr
0,SC,Marlboro County,G4500690,2040-2059,19.189381947165852,37.81186676025391,-6.8899664878845215,1330.2742587656548,1654.8986694811922,69.10361711293051,12.659109130971993,26.23063591722664,-6.8899667814104895,3.5999705415882475,8.227851867675781,182.85308219178083,994,189.65172846990544,935.7982788085938,76.68538812785388,591
