,state,county,gisjoin,year range,avg temp,max temp,min temp,hdd,cdd,avg rh,average dp,max dp,min dp,avg wind speed,max wind speed,avg ghr,max ghr,avg dnr,max dnr,avg dhr,max dhr
0,SC,Marlboro County,G4500690,2060-2079,19.65726851024277,39.243011474609375,-6.184324741363525,1257.1016868720917,1752.5046931106717,68.7299056904501,12.98648496989639,27.028698508575623,-6.184325164222281,3.7724752230186986,11.461932182312012,182.85308219178083,994,191.08387656650936,947.4843139648438,76.68538812785388,591
