,state,county,gisjoin,year range,avg temp,max temp,min temp,hdd,cdd,avg rh,average dp,max dp,min dp,avg wind speed,max wind speed,avg ghr,max ghr,avg dnr,max dnr,avg dhr,max dhr
0,GA,Dougherty County,G1300950,1980-1999,18.52436760032324,37.6817626953125,-7.02647066116333,1322.7140899943984,1404.6082641125186,67.77171011210577,11.65666261769309,24.73494632154321,-7.026470962585376,3.601236098868662,9.538222312927246,195.40970319634704,997,204.21308890645892,944.8665771484376,80.53070776255707,631
