,state,county,gisjoin,year range,avg temp,max temp,min temp,hdd,cdd,avg rh,average dp,max dp,min dp,avg wind speed,max wind speed,avg ghr,max ghr,avg dnr,max dnr,avg dhr,max dhr
0,GA,Dougherty County,G1300950,2000-2019,19.829464935137068,37.91294097900391,-7.011176109313965,1109.5086368115703,1667.7633381365922,67.46083563952685,12.855538294458588,26.394984751317452,-7.01117648310983,3.588348331965812,8.804529190063477,195.40970319634704,997,200.57719483092495,941.9607543945312,80.53070776255707,631
