,state,county,gisjoin,year range,avg temp,max temp,min temp,hdd,cdd,avg rh,average dp,max dp,min dp,avg wind speed,max wind speed,avg ghr,max ghr,avg dnr,max dnr,avg dhr,max dhr
0,GA,Liberty County,G1301790,1980-1999,18.9066923350525,37.13823699951172,-6.706470489501953,1191.8239050538737,1413.266607348164,68.60197613032442,12.355816790692677,24.80481775468929,-6.706470684481451,4.494929439074372,10.226806640625,192.5626712328767,1011,197.73484905022738,956.540283203125,81.22294520547945,612
