,state,county,gisjoin,year range,avg temp,max temp,min temp,hdd,cdd,avg rh,average dp,max dp,min dp,avg wind speed,max wind speed,avg ghr,max ghr,avg dnr,max dnr,avg dhr,max dhr
0,GA,Liberty County,G1301790,2040-2059,21.557410612807836,39.08819580078125,-4.296257495880127,795.7770737312221,1984.7319474059377,70.9013675199796,15.445796544989884,27.321823808841668,-4.296257608236086,4.71998746362451,10.597277641296388,192.5626712328767,1011,191.24033134075103,919.3564453125,81.22294520547945,612
