,state,county,gisjoin,year range,avg temp,max temp,min temp,hdd,cdd,avg rh,average dp,max dp,min dp,avg wind speed,max wind speed,avg ghr,max ghr,avg dnr,max dnr,avg dhr,max dhr
0,AL,Geneva County,G0100610,2000-2019,19.628375736137052,37.337059020996094,-9.211176872253418,1124.7488846918832,1609.6060283819268,70.25762013474557,13.31906971946116,24.450287939109607,-9.211177645589286,3.3157061892013027,8.396944999694824,183.33093607305935,1007,199.58223962839804,939.74169921875,83.38801369863013,639
