,state,county,gisjoin,year range,avg temp,max temp,min temp,hdd,cdd,avg rh,average dp,max dp,min dp,avg wind speed,max wind speed,avg ghr,max ghr,avg dnr,max dnr,avg dhr,max dhr
0,AL,Geneva County,G0100610,2060-2079,21.45414689920192,38.20073318481445,-4.918293952941895,870.06836483301,2021.3319830415805,70.5503320380433,15.177919063236422,27.63765138092438,-4.918294423758654,3.5830506627418135,8.236419677734375,183.33093607305935,1007,195.37919973812015,925.677978515625,83.38801369863013,639
