,state,county,gisjoin,year range,avg temp,max temp,min temp,hdd,cdd,avg rh,average dp,max dp,min dp,avg wind speed,max wind speed,avg ghr,max ghr,avg dnr,max dnr,avg dhr,max dhr
0,GA,Twiggs County,G1302890,1980-1999,17.27801517545236,37.429443359375,-7.936110973358154,1577.7153494282823,1204.6908884685072,67.92210174586675,10.49780870662042,23.63635042098465,-8.728999233601495,3.332619001781015,7.49509334564209,185.44771689497716,1055,202.14433849849112,959.5678100585938,80.47340182648402,686
