,state,county,gisjoin,year range,avg temp,max temp,min temp,hdd,cdd,avg rh,average dp,max dp,min dp,avg wind speed,max wind speed,avg ghr,max ghr,avg dnr,max dnr,avg dhr,max dhr
0,IN,Newton County,G1801110,2040-2059,13.13414778053927,38.374847412109375,-19.131885528564453,2856.620889211475,971.0848291079766,69.42487211270964,6.941664404418711,26.032112662380584,-19.58065074769371,4.123429323413056,8.786490440368652,148.77728310502283,955,175.2938104988968,913.17529296875,72.89680365296803,606
