,state,county,gisjoin,year range,avg temp,max temp,min temp,hdd,cdd,avg rh,average dp,max dp,min dp,avg wind speed,max wind speed,avg ghr,max ghr,avg dnr,max dnr,avg dhr,max dhr
0,MO,Marion County,G2901270,2080-2099,17.090820308148512,41.91973114013672,-15.2110595703125,2087.373938781957,1646.0233512559955,69.18766986333073,10.660658659290164,27.368150571354462,-15.211061358098128,3.9562647832583075,8.928367614746094,175.93367579908676,994,175.9516118480146,909.3478393554688,72.59554794520548,623
