,state,county,gisjoin,year range,avg temp,max temp,min temp,hdd,cdd,avg rh,average dp,max dp,min dp,avg wind speed,max wind speed,avg ghr,max ghr,avg dnr,max dnr,avg dhr,max dhr
0,OH,Morgan County,G3901150,2000-2019,11.61182987475082,33.28187561035156,-17.326875686645508,3076.7487506369957,635.5666549206089,69.42543282138702,5.461351715580436,22.58710257571997,-17.326876772266008,3.7096798475474526,10.066073417663574,141.1546803652968,1019,183.48546393017526,944.0313720703124,76.87260273972603,551
