,state,county,gisjoin,year range,avg temp,max temp,min temp,hdd,cdd,avg rh,average dp,max dp,min dp,avg wind speed,max wind speed,avg ghr,max ghr,avg dnr,max dnr,avg dhr,max dhr
0,OH,Morgan County,G3901150,2060-2079,13.822140330264821,35.58444595336914,-15.07476806640625,2571.129726903658,936.7109474500595,70.75034440924588,7.872549624921129,23.998123056816706,-15.074769824727152,3.7894794261618836,9.602335929870604,141.1546803652968,1019,177.46707585543356,936.9728393554688,76.87260273972603,551
