,state,county,gisjoin,year range,avg temp,max temp,min temp,hdd,cdd,avg rh,average dp,max dp,min dp,avg wind speed,max wind speed,avg ghr,max ghr,avg dnr,max dnr,avg dhr,max dhr
0,NE,Hamilton County,G3100810,2000-2019,10.859596973258792,37.32416534423828,-25.361665725708008,3452.492760186427,736.7456554254301,63.78464235170791,3.3178925555261505,22.303543024573404,-25.61903512251494,4.265314143406202,8.540197372436523,183.1425799086758,1016,190.5590815224242,930.5687255859376,66.37682648401827,526
