,state,county,gisjoin,year range,avg temp,max temp,min temp,hdd,cdd,avg rh,average dp,max dp,min dp,avg wind speed,max wind speed,avg ghr,max ghr,avg dnr,max dnr,avg dhr,max dhr
0,NE,Hamilton County,G3100810,2020-2039,12.296260708633685,38.608028411865234,-20.168357849121094,3115.8757976365087,924.5109562874377,62.243370379704864,4.3543943453694185,23.14675693331564,-23.326451813682493,4.259496468006204,9.722813606262209,183.1425799086758,1016,189.79637371609323,914.204345703125,66.37682648401827,526
