,state,county,gisjoin,year range,avg temp,max temp,min temp,hdd,cdd,avg rh,average dp,max dp,min dp,avg wind speed,max wind speed,avg ghr,max ghr,avg dnr,max dnr,avg dhr,max dhr
0,NE,Hamilton County,G3100810,2040-2059,13.39972549500098,38.21766662597656,-18.251317977905277,2879.493967626462,1090.8937733015034,64.0987876648228,5.817625450929845,23.11869834620838,-18.25131849103916,4.315160577455067,9.794818878173828,183.1425799086758,1016,184.66858490099833,897.97900390625,66.37682648401827,526
