,state,county,gisjoin,year range,avg temp,max temp,min temp,hdd,cdd,avg rh,average dp,max dp,min dp,avg wind speed,max wind speed,avg ghr,max ghr,avg dnr,max dnr,avg dhr,max dhr
0,AR,Pulaski County,G0501190,2000-2019,17.569400490476742,38.64250183105469,-8.873749732971191,1675.511532710745,1408.8427117348065,69.27860502325781,11.173000836825251,24.52219642381406,-9.554734568140145,3.3294865577188255,7.580649375915527,186.91118721461189,1005,190.7031487998409,925.2071533203124,77.80730593607306,566
