,state,county,gisjoin,year range,avg temp,max temp,min temp,hdd,cdd,avg rh,average dp,max dp,min dp,avg wind speed,max wind speed,avg ghr,max ghr,avg dnr,max dnr,avg dhr,max dhr
0,AR,Pulaski County,G0501190,2020-2039,17.761118950441794,40.72459030151367,-8.68298625946045,1646.1816859361386,1449.4901028474314,70.3995569518712,11.626586600638097,25.906232960679947,-8.682987233589127,3.348048688287604,8.30205249786377,186.91118721461189,1005,189.14606736769176,917.9039306640624,77.80730593607306,566
