,state,county,gisjoin,year range,avg temp,max temp,min temp,hdd,cdd,avg rh,average dp,max dp,min dp,avg wind speed,max wind speed,avg ghr,max ghr,avg dnr,max dnr,avg dhr,max dhr
0,AR,Pulaski County,G0501190,2060-2079,19.877890612570713,41.795501708984375,-4.695797443389893,1323.7384103682577,1899.6684839565144,69.76524119921471,13.482988787780297,28.980959633029755,-4.695797746030256,3.402876630058027,7.5124711990356445,186.91118721461189,1005,186.13137818151816,904.9436645507812,77.80730593607306,566
