,state,county,gisjoin,year range,avg temp,max temp,min temp,hdd,cdd,avg rh,average dp,max dp,min dp,avg wind speed,max wind speed,avg ghr,max ghr,avg dnr,max dnr,avg dhr,max dhr
0,MI,Manistee County,G2601010,2080-2099,13.140493156097204,36.117557525634766,-13.299992561340332,2838.090187500949,954.8701894760678,71.4394788282647,7.482482627980018,25.51463680279625,-13.299993377840527,5.857625272611505,14.108344078063965,226.72511415525113,1068,164.77006677512438,890.4982299804688,53.42762557077626,518
