,state,county,gisjoin,year range,avg temp,max temp,min temp,hdd,cdd,avg rh,average dp,max dp,min dp,avg wind speed,max wind speed,avg ghr,max ghr,avg dnr,max dnr,avg dhr,max dhr
0,MI,Benzie County,G2600190,1980-1999,7.183652850931997,31.87428474426269,-22.11214256286621,4321.735132554519,264.2684231440155,70.6708196552921,1.6271176653764976,18.642579015696764,-22.11214311514616,4.640673506926728,12.49165153503418,226.72511415525113,1068,170.37199157917587,902.0225219726562,53.42762557077626,518
