,state,county,gisjoin,year range,avg temp,max temp,min temp,hdd,cdd,avg rh,average dp,max dp,min dp,avg wind speed,max wind speed,avg ghr,max ghr,avg dnr,max dnr,avg dhr,max dhr
0,MI,Benzie County,G2600190,2000-2019,8.515704302121401,33.503570556640625,-20.277143478393555,3962.72824759232,391.46031786600867,71.00102408509277,2.9467871247730657,22.612682894694736,-20.277145597190717,4.701636590601103,13.051135063171388,226.72511415525113,1068,169.6826319296135,903.707275390625,53.42762557077626,518
