,state,county,gisjoin,year range,avg temp,max temp,min temp,hdd,cdd,avg rh,average dp,max dp,min dp,avg wind speed,max wind speed,avg ghr,max ghr,avg dnr,max dnr,avg dhr,max dhr
0,MI,Benzie County,G2600190,2080-2099,12.934796046538326,36.16038513183594,-18.649099349975582,2912.2867680305953,953.9873250167111,71.41485803726057,7.305147918690066,25.76305734363129,-18.64909974227201,4.709127993262522,11.724273681640623,226.72511415525113,1068,161.05756553887235,876.0472412109375,53.42762557077626,518
