,state,county,gisjoin,year range,avg temp,max temp,min temp,hdd,cdd,avg rh,average dp,max dp,min dp,avg wind speed,max wind speed,avg ghr,max ghr,avg dnr,max dnr,avg dhr,max dhr
0,IA,Louisa County,G1901150,2060-2079,14.194335140624883,37.7750129699707,-16.820880889892578,2664.004137648159,1165.4364639759738,69.62011431624356,8.076896899900749,27.63540186103626,-18.295822618287204,3.745221024996614,9.528897285461426,161.7912100456621,964,173.37287038157822,893.1705932617188,68.94132420091324,461
