,state,county,gisjoin,year range,avg temp,max temp,min temp,hdd,cdd,avg rh,average dp,max dp,min dp,avg wind speed,max wind speed,avg ghr,max ghr,avg dnr,max dnr,avg dhr,max dhr
0,MN,Todd County,G2701530,1980-1999,5.155519569372635,30.75062561035156,-37.63874816894531,5109.3701292261,311.63477204639895,64.41503884922969,-1.8295161615191393,20.909558682631605,-37.63875085151462,5.121967323838848,14.147379875183104,141.79828767123288,957,176.76254863868087,922.413330078125,64.31506849315069,584
