,state,county,gisjoin,year range,avg temp,max temp,min temp,hdd,cdd,avg rh,average dp,max dp,min dp,avg wind speed,max wind speed,avg ghr,max ghr,avg dnr,max dnr,avg dhr,max dhr
0,MN,Todd County,G2701530,2040-2059,8.245880813600987,36.57232284545898,-25.984376907348636,4282.753482484549,612.9999794483452,67.11759832112212,1.734988611226814,22.62110069176698,-26.217396190977254,5.046704037222144,13.929194450378418,141.79828767123288,957,171.55917958118619,914.1307373046876,64.31506849315069,584
