,state,county,gisjoin,year range,avg temp,max temp,min temp,hdd,cdd,avg rh,average dp,max dp,min dp,avg wind speed,max wind speed,avg ghr,max ghr,avg dnr,max dnr,avg dhr,max dhr
0,MN,Todd County,G2701530,2080-2099,11.519650887136377,40.2971076965332,-25.349687576293945,3434.3443459198475,959.5169197241994,66.58222965562724,4.747891487334739,27.005145303022672,-25.59840854283225,4.95687783254336,11.068185806274414,141.79828767123288,957,166.99866712634292,855.7219848632812,64.31506849315069,584
