,state,county,gisjoin,year range,avg temp,max temp,min temp,hdd,cdd,avg rh,average dp,max dp,min dp,avg wind speed,max wind speed,avg ghr,max ghr,avg dnr,max dnr,avg dhr,max dhr
0,LA,Winn Parish,G2201270,1980-1999,17.973309598675478,36.98143005371094,-7.529285907745361,1461.3857390447272,1342.1437425614276,69.98328674786711,11.709631036493894,26.523879613078183,-7.529286432711417,3.742289829580751,8.767942428588867,196.93835616438355,993,200.49737118522842,933.7220458984376,77.42671232876712,621
