,state,county,gisjoin,year range,avg temp,max temp,min temp,hdd,cdd,avg rh,average dp,max dp,min dp,avg wind speed,max wind speed,avg ghr,max ghr,avg dnr,max dnr,avg dhr,max dhr
0,LA,Winn Parish,G2201270,2040-2059,20.794624141760988,39.06743240356445,-5.347345352172852,1049.3580151690953,1959.8958269117666,69.77077675606017,14.35887883697382,26.651699902429502,-5.347346010747954,3.9701676873311604,10.2122802734375,196.93835616438355,993,195.18118962455014,912.0386352539062,77.42671232876712,621
