,state,county,gisjoin,year range,avg temp,max temp,min temp,hdd,cdd,avg rh,average dp,max dp,min dp,avg wind speed,max wind speed,avg ghr,max ghr,avg dnr,max dnr,avg dhr,max dhr
0,FL,Holmes County,G1200590,1980-1999,18.987331464114924,36.56157684326172,-6.112105369567871,1162.7187453552806,1413.5947297573512,69.01041713522994,12.42217864137043,23.53510775777393,-6.11210596217196,3.2105690479822897,8.255668640136719,183.33093607305935,1007,202.70485658258428,962.927490234375,83.39394977168949,639
