,state,county,gisjoin,year range,avg temp,max temp,min temp,hdd,cdd,avg rh,average dp,max dp,min dp,avg wind speed,max wind speed,avg ghr,max ghr,avg dnr,max dnr,avg dhr,max dhr
0,AL,Perry County,G0101050,2040-2059,19.934958640903822,38.807254791259766,-7.958754062652588,1169.4321199354106,1766.1920238652694,69.82947952344537,13.505389538543387,27.306311800810622,-7.958754481279749,3.314658656811605,8.443685531616211,183.5310502283105,1010,196.0565483367145,912.279296875,78.81529680365297,592
