,state,county,gisjoin,year range,avg temp,max temp,min temp,hdd,cdd,avg rh,average dp,max dp,min dp,avg wind speed,max wind speed,avg ghr,max ghr,avg dnr,max dnr,avg dhr,max dhr
0,MO,Buchanan County,G2900210,2040-2059,15.073224520863526,40.38215637207031,-14.667049407958984,2411.986550209946,1234.213500324954,66.53253747252025,8.106115441298021,26.9783977856195,-15.08483602929364,4.178021499555405,8.823089599609375,171.59075342465752,985,182.78954781551863,905.9024658203124,68.28869863013699,529
