,state,county,gisjoin,year range,avg temp,max temp,min temp,hdd,cdd,avg rh,average dp,max dp,min dp,avg wind speed,max wind speed,avg ghr,max ghr,avg dnr,max dnr,avg dhr,max dhr
0,MO,Buchanan County,G2900210,2060-2079,15.595593498161033,38.64387893676758,-15.811511993408203,2330.0766069475562,1342.9682337761658,67.2074628849552,8.729832144657092,26.060360070486094,-15.811512411111048,4.192057144478576,10.386333465576172,171.59075342465752,985,180.1549226859451,911.792724609375,68.28869863013699,529
