,state,county,gisjoin,year range,avg temp,max temp,min temp,hdd,cdd,avg rh,average dp,max dp,min dp,avg wind speed,max wind speed,avg ghr,max ghr,avg dnr,max dnr,avg dhr,max dhr
0,WI,Jefferson County,G5500550,1980-1999,7.777917976141183,34.60599899291992,-29.30733299255371,4275.333050783648,434.7731120745405,67.93392449318002,1.5091741784584374,21.777550866999988,-29.30733280783508,4.512497116101387,10.338788986206056,152.26678082191782,943,176.57448311915476,906.3106689453124,71.66826484018264,447
