,state,county,gisjoin,year range,avg temp,max temp,min temp,hdd,cdd,avg rh,average dp,max dp,min dp,avg wind speed,max wind speed,avg ghr,max ghr,avg dnr,max dnr,avg dhr,max dhr
0,GA,Bulloch County,G1300310,2000-2019,19.24442620737665,37.60411834716797,-8.499411582946777,1212.7155557680355,1557.4311214605495,68.6556404823582,12.61982628090836,24.48049448341843,-8.499411824824787,3.656438044325946,8.528841972351074,191.17888127853882,1048,198.63293443958395,951.8621826171876,80.55388127853881,578
