,state,county,gisjoin,year range,avg temp,max temp,min temp,hdd,cdd,avg rh,average dp,max dp,min dp,avg wind speed,max wind speed,avg ghr,max ghr,avg dnr,max dnr,avg dhr,max dhr
0,GA,Bulloch County,G1300310,2080-2099,22.726576086537293,43.25387954711914,-4.956103801727295,782.9790937308707,2398.679365316757,69.78609734300065,16.234397061111167,28.399993428333914,-4.956103907948863,3.8820443695538667,9.60079860687256,191.17888127853882,1048,190.48227365602904,932.8856201171876,80.55388127853881,578
