,state,county,gisjoin,year range,avg temp,max temp,min temp,hdd,cdd,avg rh,average dp,max dp,min dp,avg wind speed,max wind speed,avg ghr,max ghr,avg dnr,max dnr,avg dhr,max dhr
0,GA,Newton County,G1302170,1980-1999,16.327498251705144,35.66789627075195,-8.12842082977295,1776.9282062931036,1056.96506816553,68.32719042072557,9.712335995048027,22.83285898441026,-8.128421389298092,3.354621080884106,8.202239990234375,164.0777397260274,1027,200.44893106952344,951.6884155273438,78.95433789954338,661
