,state,county,gisjoin,year range,avg temp,max temp,min temp,hdd,cdd,avg rh,average dp,max dp,min dp,avg wind speed,max wind speed,avg ghr,max ghr,avg dnr,max dnr,avg dhr,max dhr
0,GA,Newton County,G1302170,2000-2019,17.363640861059583,36.90736770629883,-10.082632064819336,1591.540345626976,1249.7692599138456,68.82622366909567,10.842619730251018,23.915287021984824,-10.082632620483228,3.3578064372414325,9.527281761169434,164.0777397260274,1027,196.702897703947,943.3897705078124,78.95433789954338,661
