,state,county,gisjoin,year range,avg temp,max temp,min temp,hdd,cdd,avg rh,average dp,max dp,min dp,avg wind speed,max wind speed,avg ghr,max ghr,avg dnr,max dnr,avg dhr,max dhr
0,IA,Palo Alto County,G1901470,2000-2019,8.635741453275688,34.853572845458984,-23.86285781860352,4148.518677133359,621.0643075784341,66.59256443607208,1.989908645896106,24.449898114756333,-23.86285768149975,4.382530121280722,10.3113431930542,152.9307077625571,971,178.6752933446301,908.4938354492188,65.6134703196347,543
