,state,county,gisjoin,year range,avg temp,max temp,min temp,hdd,cdd,avg rh,average dp,max dp,min dp,avg wind speed,max wind speed,avg ghr,max ghr,avg dnr,max dnr,avg dhr,max dhr
0,IA,Palo Alto County,G1901470,2020-2039,9.740042069387892,36.18512344360352,-29.636131286621094,3807.045210733709,682.6605660597858,65.39021006555862,2.7648957004275263,24.56193641989536,-29.636134105779917,4.207142680965058,9.851637840270996,152.9307077625571,971,178.12718575866054,898.3280639648438,65.6134703196347,543
