,state,county,gisjoin,year range,avg temp,max temp,min temp,hdd,cdd,avg rh,average dp,max dp,min dp,avg wind speed,max wind speed,avg ghr,max ghr,avg dnr,max dnr,avg dhr,max dhr
0,IA,Palo Alto County,G1901470,2080-2099,13.4069222193673,39.33613204956055,-16.908329010009766,3016.7884675699693,1230.8150776386917,68.42029502794622,7.032026480390904,28.052942915961097,-17.724666286317603,4.074676929761286,10.51038932800293,152.9307077625571,971,170.37344521291269,894.682373046875,65.6134703196347,543
