,state,county,gisjoin,year range,avg temp,max temp,min temp,hdd,cdd,avg rh,average dp,max dp,min dp,avg wind speed,max wind speed,avg ghr,max ghr,avg dnr,max dnr,avg dhr,max dhr
0,FL,Okeechobee County,G1200930,2060-2079,24.674641074130278,36.96023178100586,-0.5616089701652527,243.23061272392405,2569.974604781138,68.663726879146,17.947360466783415,28.33473134579462,-0.561609046289857,3.318962946330031,8.553471565246582,181.2527397260274,1019,195.94499607056957,925.593505859375,83.2818493150685,605
