,state,county,gisjoin,year range,avg temp,max temp,min temp,hdd,cdd,avg rh,average dp,max dp,min dp,avg wind speed,max wind speed,avg ghr,max ghr,avg dnr,max dnr,avg dhr,max dhr
0,GA,Hall County,G1301390,2020-2039,16.529514630522353,38.16322708129883,-10.663233757019045,1732.8108432547308,1086.5836833954593,69.82817340659224,10.307132880697504,21.892084113239918,-10.66323438046817,3.270216601501861,9.584247589111328,188.32614155251142,1016,194.12191844773784,977.0283813476562,77.41038812785388,525
