,state,county,gisjoin,year range,avg temp,max temp,min temp,hdd,cdd,avg rh,average dp,max dp,min dp,avg wind speed,max wind speed,avg ghr,max ghr,avg dnr,max dnr,avg dhr,max dhr
0,GA,Pierce County,G1302290,2080-2099,23.273565383929945,41.22690963745117,-4.764522075653076,680.3204598612089,2495.6718249953833,69.81069790587577,16.72646323497511,29.22547445471517,-4.764522584607866,3.9892252451752963,10.387331008911133,195.40970319634704,997,193.01365403380353,909.3717041015624,80.53070776255707,631
