,state,county,gisjoin,year range,avg temp,max temp,min temp,hdd,cdd,avg rh,average dp,max dp,min dp,avg wind speed,max wind speed,avg ghr,max ghr,avg dnr,max dnr,avg dhr,max dhr
0,KS,Leavenworth County,G2001030,1980-1999,11.694209891256369,35.40571594238281,-19.779285430908203,3151.4540426663293,740.340652974489,67.76696318230128,5.226740544237263,24.018439345260827,-20.730996057249893,4.5202429519940726,10.93042278289795,181.18801369863013,983,185.97604919200765,936.8262329101562,68.71803652968036,500
