,state,county,gisjoin,year range,avg temp,max temp,min temp,hdd,cdd,avg rh,average dp,max dp,min dp,avg wind speed,max wind speed,avg ghr,max ghr,avg dnr,max dnr,avg dhr,max dhr
0,KS,Leavenworth County,G2001030,2000-2019,13.365359578544465,39.144287109375,-20.67142868041992,2780.2774905056344,979.1337366740466,68.0253738838788,6.864241199886469,25.08164309880712,-20.67143084715659,4.387695557777196,9.090950012207031,181.18801369863013,983,186.15291518404433,920.1359252929688,68.71803652968036,500
