,state,county,gisjoin,year range,avg temp,max temp,min temp,hdd,cdd,avg rh,average dp,max dp,min dp,avg wind speed,max wind speed,avg ghr,max ghr,avg dnr,max dnr,avg dhr,max dhr
0,KS,Leavenworth County,G2001030,2020-2039,14.094230491695544,38.05589294433594,-24.04302406311035,2584.1785005236084,1049.0726299922283,67.93028290304419,7.582341114825236,25.3599947013103,-24.043026145659617,4.2524448646258,8.476759910583496,181.18801369863013,983,183.71590887014446,915.3826904296876,68.71803652968036,500
