,state,county,gisjoin,year range,avg temp,max temp,min temp,hdd,cdd,avg rh,average dp,max dp,min dp,avg wind speed,max wind speed,avg ghr,max ghr,avg dnr,max dnr,avg dhr,max dhr
0,KS,Leavenworth County,G2001030,2060-2079,15.964967174067604,40.1417350769043,-12.77598762512207,2257.3484174669866,1405.0614360014988,69.85906730329609,9.792345567945,26.2593963525324,-13.235664124950295,4.384420966122248,11.76266098022461,181.18801369863013,983,179.19023142597086,912.3816528320312,68.71803652968036,500
