,state,county,gisjoin,year range,avg temp,max temp,min temp,hdd,cdd,avg rh,average dp,max dp,min dp,avg wind speed,max wind speed,avg ghr,max ghr,avg dnr,max dnr,avg dhr,max dhr
0,WA,Jefferson County,G5300310,2000-2019,10.342192852925233,30.3799991607666,-7.176154136657715,3030.6330877217265,126.03347903887243,69.46163292671447,4.337969886497907,10.582884048878558,-7.176154315677366,4.3812848398130235,16.37591552734375,108.51552511415525,816,155.4989526844418,870.4551391601562,52.65958904109589,509
