,state,county,gisjoin,year range,avg temp,max temp,min temp,hdd,cdd,avg rh,average dp,max dp,min dp,avg wind speed,max wind speed,avg ghr,max ghr,avg dnr,max dnr,avg dhr,max dhr
0,IA,Page County,G1901450,2020-2039,11.705730853924333,36.48869323730469,-20.702043533325195,3289.5582609519497,882.6500226339208,66.85005266394245,4.943035510409673,25.190756732253053,-20.702044848901128,4.1971997933845,8.858244895935059,152.75433789954337,980,182.54412758182505,926.9950561523438,69.0195205479452,593
