,state,county,gisjoin,year range,avg temp,max temp,min temp,hdd,cdd,avg rh,average dp,max dp,min dp,avg wind speed,max wind speed,avg ghr,max ghr,avg dnr,max dnr,avg dhr,max dhr
0,IA,Page County,G1901450,2060-2079,14.509783063533122,38.85192108154297,-16.234283447265625,2622.2800587937077,1238.8508769830758,66.59317438689541,7.563244260543303,26.286757209984263,-16.23428480746706,4.253566744229565,9.385306358337402,152.75433789954337,980,176.63809468045315,922.2434692382812,69.0195205479452,593
