,state,county,gisjoin,year range,avg temp,max temp,min temp,hdd,cdd,avg rh,average dp,max dp,min dp,avg wind speed,max wind speed,avg ghr,max ghr,avg dnr,max dnr,avg dhr,max dhr
0,ID,Nez Perce County,G1600690,2080-2099,15.626875875174168,43.82726287841797,-13.222835540771484,2150.3702389982464,1174.6799334367681,59.10765867429237,6.223981470325417,17.467982376997202,-13.245528520146134,4.167858015143708,12.113961219787598,162.72933789954337,960,173.87357226817568,879.9111938476562,62.71803652968037,463
