,state,county,gisjoin,year range,avg temp,max temp,min temp,hdd,cdd,avg rh,average dp,max dp,min dp,avg wind speed,max wind speed,avg ghr,max ghr,avg dnr,max dnr,avg dhr,max dhr
0,NY,Saratoga County,G3600910,2020-2039,10.371942851595518,35.63914108276367,-21.650127410888672,3517.0200677011403,623.2792085329992,69.36955285921489,4.263383124544778,23.662731505093348,-21.650128922963138,3.0806167480063764,9.069193840026855,160.9197488584475,1036,173.9167698486125,907.180908203125,78.2695205479452,514
