,state,county,gisjoin,year range,avg temp,max temp,min temp,hdd,cdd,avg rh,average dp,max dp,min dp,avg wind speed,max wind speed,avg ghr,max ghr,avg dnr,max dnr,avg dhr,max dhr
0,SD,Tripp County,G4601230,2000-2019,9.785802886802697,39.0625,-28.450834274291992,3854.4834336998133,746.8014873822909,57.14894068687474,0.5711929873920356,20.89325727168381,-28.45083640626693,4.433030194166588,9.959012985229492,182.5165525114155,994,187.06875735692518,919.9819946289062,60.789840182648405,438
