,state,county,gisjoin,year range,avg temp,max temp,min temp,hdd,cdd,avg rh,average dp,max dp,min dp,avg wind speed,max wind speed,avg ghr,max ghr,avg dnr,max dnr,avg dhr,max dhr
0,SD,Tripp County,G4601230,2080-2099,15.36409005981687,43.45431137084961,-16.38411521911621,2569.582385532036,1497.9752573648982,57.99581285208872,5.926391922378348,26.951164446541327,-21.66522556399915,4.33349857224177,12.975261688232422,182.5165525114155,994,180.73534728072937,916.1654052734376,60.789840182648405,438
