,state,county,gisjoin,year range,avg temp,max temp,min temp,hdd,cdd,avg rh,average dp,max dp,min dp,avg wind speed,max wind speed,avg ghr,max ghr,avg dnr,max dnr,avg dhr,max dhr
0,AL,Dallas County,G0100470,2000-2019,18.456873171483423,38.34941101074219,-11.51235294342041,1435.5968301727216,1492.8555377642206,69.04664331549378,11.896337568762133,24.43346107086869,-11.512354186174305,3.3880845445067913,8.224198341369629,192.75022831050228,1022,197.39183643474533,940.1224975585938,86.21038812785388,575
