,state,county,gisjoin,year range,avg temp,max temp,min temp,hdd,cdd,avg rh,average dp,max dp,min dp,avg wind speed,max wind speed,avg ghr,max ghr,avg dnr,max dnr,avg dhr,max dhr
0,AL,Dallas County,G0100470,2020-2039,19.03861162101876,37.52253723144531,-5.350053310394287,1277.062563502577,1546.6558051744796,69.92344415264043,12.6967554341849,25.35680410395697,-5.350053602884484,3.3904367161395887,8.76844310760498,192.75022831050228,1022,198.78159681309944,923.3021240234376,86.21038812785388,575
