,state,county,gisjoin,year range,avg temp,max temp,min temp,hdd,cdd,avg rh,average dp,max dp,min dp,avg wind speed,max wind speed,avg ghr,max ghr,avg dnr,max dnr,avg dhr,max dhr
0,WA,Yakima County,G5300770,2040-2059,13.053748524260918,41.883548736572266,-19.929067611694336,2710.479435421941,795.5976467768702,44.87185145817935,-0.8067662209625428,8.20898595192215,-19.92906803067276,2.6157261846816704,5.2126665115356445,169.7283105022831,968,189.56602043074275,912.1346435546876,62.8384703196347,446
