,state,county,gisjoin,year range,avg temp,max temp,min temp,hdd,cdd,avg rh,average dp,max dp,min dp,avg wind speed,max wind speed,avg ghr,max ghr,avg dnr,max dnr,avg dhr,max dhr
0,WA,Yakima County,G5300770,2080-2099,15.163898766652528,43.170196533203125,-13.498564720153809,2258.6200299932175,1113.9430798213261,44.79688072324343,0.9647891781626192,11.442726961342526,-14.331927608040642,2.5479681824984617,5.038308620452881,169.7283105022831,968,189.39707439490095,908.5018920898438,62.8384703196347,446
