,state,county,gisjoin,year range,avg temp,max temp,min temp,hdd,cdd,avg rh,average dp,max dp,min dp,avg wind speed,max wind speed,avg ghr,max ghr,avg dnr,max dnr,avg dhr,max dhr
0,MN,Crow Wing County,G2700350,2040-2059,8.237873359388017,34.1746940612793,-26.71342658996582,4262.444110716918,589.7678868929798,65.49490525101962,1.3644266525134316,22.09821725808314,-27.177597886113567,4.570910921162122,9.598132133483888,140.05593607305937,944,170.3648309236137,917.5676879882812,64.98105022831051,610
