,state,county,gisjoin,year range,avg temp,max temp,min temp,hdd,cdd,avg rh,average dp,max dp,min dp,avg wind speed,max wind speed,avg ghr,max ghr,avg dnr,max dnr,avg dhr,max dhr
0,MN,Crow Wing County,G2700350,2060-2079,9.103411810186008,35.359466552734375,-36.6927604675293,4082.7995408241804,726.0448515415545,64.63323363386877,1.9860462897902578,24.033449629179547,-36.69905201385962,4.606788045739474,13.276326179504396,140.05593607305937,944,170.15210363949785,883.461669921875,64.98105022831051,610
