,state,county,gisjoin,year range,avg temp,max temp,min temp,hdd,cdd,avg rh,average dp,max dp,min dp,avg wind speed,max wind speed,avg ghr,max ghr,avg dnr,max dnr,avg dhr,max dhr
0,MN,Crow Wing County,G2700350,2080-2099,11.097809262021888,38.081581115722656,-30.089252471923828,3597.2531361319143,968.4535167694576,66.19424909347813,4.228438726904434,25.241022125586277,-30.08925355199005,4.441435407449121,10.651122093200684,140.05593607305937,944,164.84573349392545,874.2667846679688,64.98105022831051,610
