,state,county,gisjoin,year range,avg temp,max temp,min temp,hdd,cdd,avg rh,average dp,max dp,min dp,avg wind speed,max wind speed,avg ghr,max ghr,avg dnr,max dnr,avg dhr,max dhr
0,MN,Polk County,G2701190,1980-1999,4.102729926147891,35.13999938964844,-36.03916549682617,5499.134296777382,317.13071982065105,60.04918196691226,-3.967968971081595,18.60043317776041,-36.03916854765292,4.210280065340538,9.376062393188477,149.81746575342467,924,172.6789015297902,899.6318969726562,60.91689497716895,527
