,state,county,gisjoin,year range,avg temp,max temp,min temp,hdd,cdd,avg rh,average dp,max dp,min dp,avg wind speed,max wind speed,avg ghr,max ghr,avg dnr,max dnr,avg dhr,max dhr
0,MN,Polk County,G2701190,2000-2019,5.821219362506906,35.3216667175293,-34.67333221435547,4947.500981088445,392.7460484027892,60.346539618544384,-2.303319910223853,19.40886646464532,-34.67333695415424,4.168927411837121,10.501742362976074,149.81746575342467,924,171.56158337438836,894.3394165039062,60.91689497716895,527
