,state,county,gisjoin,year range,avg temp,max temp,min temp,hdd,cdd,avg rh,average dp,max dp,min dp,avg wind speed,max wind speed,avg ghr,max ghr,avg dnr,max dnr,avg dhr,max dhr
0,WY,Campbell County,G5600050,2000-2019,8.116780865797255,36.47499847412109,-27.147857666015625,4215.775875527047,498.9008915424488,52.1766271639088,-2.4023056506112592,15.541916271769615,-28.00978972267201,3.883814815299152,11.857211112976074,178.2062785388128,990,200.33347134289542,958.9580688476562,59.31198630136986,436
