,state,county,gisjoin,year range,avg temp,max temp,min temp,hdd,cdd,avg rh,average dp,max dp,min dp,avg wind speed,max wind speed,avg ghr,max ghr,avg dnr,max dnr,avg dhr,max dhr
0,WY,Campbell County,G5600050,2020-2039,8.633228458418223,39.97348785400391,-29.40967559814453,4076.702987148339,548.3313744704125,51.772212690305494,-1.9894783936630265,17.227804452570325,-32.023326253335696,3.8777714108767576,12.436957359313965,178.2062785388128,990,198.18487226923568,944.66845703125,59.31198630136986,436
