,state,county,gisjoin,year range,avg temp,max temp,min temp,hdd,cdd,avg rh,average dp,max dp,min dp,avg wind speed,max wind speed,avg ghr,max ghr,avg dnr,max dnr,avg dhr,max dhr
0,WY,Campbell County,G5600050,2060-2079,10.507200492587863,39.80277633666992,-24.03045654296875,3662.430555687851,818.0587354819363,54.58617901693196,0.5211367350006059,19.28415152314842,-25.33192000678535,3.6990216395626327,8.606291770935059,178.2062785388128,990,194.37079039486332,926.6387939453124,59.31198630136986,436
