,state,county,gisjoin,year range,avg temp,max temp,min temp,hdd,cdd,avg rh,average dp,max dp,min dp,avg wind speed,max wind speed,avg ghr,max ghr,avg dnr,max dnr,avg dhr,max dhr
0,GA,Charlton County,G1300490,2000-2019,20.661751378105198,38.44353103637695,-9.410588264465332,921.6234781780877,1783.6627311864215,68.40365800356756,13.940886898257903,25.558001229515536,-9.410588764980956,3.939278456936144,10.147693634033203,189.33447488584474,1027,200.17720488190614,946.8858642578124,80.17511415525114,573
