,state,county,gisjoin,year range,avg temp,max temp,min temp,hdd,cdd,avg rh,average dp,max dp,min dp,avg wind speed,max wind speed,avg ghr,max ghr,avg dnr,max dnr,avg dhr,max dhr
0,GA,Charlton County,G1300490,2080-2099,23.89794875432293,42.57279586791992,-3.3345892429351807,553.3880992732948,2596.639394600871,70.44347658309762,17.556869924288755,32.23029017157313,-3.334589652887372,4.014410207369556,9.125146865844728,189.33447488584474,1027,189.0525629035622,910.6025390625,80.17511415525114,573
