,state,county,gisjoin,year range,avg temp,max temp,min temp,hdd,cdd,avg rh,average dp,max dp,min dp,avg wind speed,max wind speed,avg ghr,max ghr,avg dnr,max dnr,avg dhr,max dhr
0,TX,Marion County,G4803150,2000-2019,19.011301351776293,39.23500061035156,-7.284999847412109,1359.6247770521552,1619.2497704505322,67.60786027864778,12.106450532533394,26.57346700857876,-7.2850010959377105,3.850861032368386,8.43116283416748,191.80650684931507,1017,199.79972407045432,929.8064575195312,79.26506849315068,503
