,state,county,gisjoin,year range,avg temp,max temp,min temp,hdd,cdd,avg rh,average dp,max dp,min dp,avg wind speed,max wind speed,avg ghr,max ghr,avg dnr,max dnr,avg dhr,max dhr
0,TX,Marion County,G4803150,2020-2039,19.469948861867106,40.811954498291016,-8.072060585021973,1281.0424356553906,1708.0737702368688,68.00243754038527,12.640757228188203,26.02926997132662,-8.0720618243781,3.8378954679998634,9.159637451171877,191.80650684931507,1017,198.23909072287978,944.8856811523438,79.26506849315068,503
