,state,county,gisjoin,year range,avg temp,max temp,min temp,hdd,cdd,avg rh,average dp,max dp,min dp,avg wind speed,max wind speed,avg ghr,max ghr,avg dnr,max dnr,avg dhr,max dhr
0,UT,Utah County,G4900490,2000-2019,11.91225996213836,38.4058837890625,-16.417646408081055,3132.8793927181946,801.3542788982755,54.7393144492145,1.6792749302750622,17.16061562690649,-18.005488686026087,2.4389107220793425,6.1670241355896,197.80844748858448,1037,211.23263947108833,962.9759521484376,60.666324200913245,447
