,state,county,gisjoin,year range,avg temp,max temp,min temp,hdd,cdd,avg rh,average dp,max dp,min dp,avg wind speed,max wind speed,avg ghr,max ghr,avg dnr,max dnr,avg dhr,max dhr
0,AR,Howard County,G0500610,1980-1999,15.963779178147256,35.55350112915039,-13.866499900817873,1927.0842828344591,1074.3636828582205,68.86601586407178,9.458643048163054,23.72940124438808,-13.866500436445088,3.9288976813015872,8.399084091186523,181.84657534246574,1007,198.2831752791009,946.6339721679688,72.51495433789954,584
