,state,county,gisjoin,year range,avg temp,max temp,min temp,hdd,cdd,avg rh,average dp,max dp,min dp,avg wind speed,max wind speed,avg ghr,max ghr,avg dnr,max dnr,avg dhr,max dhr
0,PA,Philadelphia County,G4201010,2000-2019,13.804413913380351,35.35499954223633,-15.94499969482422,2591.85011522576,950.9611936092946,69.94555390523449,7.789000807985196,24.98540985946823,-16.34797728527114,4.187776793845712,11.914277076721191,159.57408675799087,988,176.19069456685037,896.0592651367188,73.52351598173516,591
