,state,county,gisjoin,year range,avg temp,max temp,min temp,hdd,cdd,avg rh,average dp,max dp,min dp,avg wind speed,max wind speed,avg ghr,max ghr,avg dnr,max dnr,avg dhr,max dhr
0,IA,Wapello County,G1901790,2060-2079,14.159139880690123,40.08422470092773,-18.30888557434082,2705.7518636896743,1194.337920141288,68.8825502987866,7.789977937806797,27.811389822689687,-18.308885875516754,4.366374712774198,10.1773681640625,150.00970319634703,983,175.45632043835732,905.1448974609376,70.33493150684932,596
