,state,county,gisjoin,year range,avg temp,max temp,min temp,hdd,cdd,avg rh,average dp,max dp,min dp,avg wind speed,max wind speed,avg ghr,max ghr,avg dnr,max dnr,avg dhr,max dhr
0,ME,Washington County,G2300290,2020-2039,7.891567251262241,32.363731384277344,-23.877086639404297,4070.6265720675474,271.54861877758594,70.83763322939068,2.26770282250097,18.20325997235343,-23.8770882681886,5.785301960821021,15.584634780883787,142.87739726027397,961,174.3462657214093,935.9579467773438,62.82431506849315,537
