,state,county,gisjoin,year range,avg temp,max temp,min temp,hdd,cdd,avg rh,average dp,max dp,min dp,avg wind speed,max wind speed,avg ghr,max ghr,avg dnr,max dnr,avg dhr,max dhr
0,ME,Washington County,G2300290,2060-2079,9.50340714403577,32.22295379638672,-22.078134536743164,3582.817331310369,372.06093888282834,71.51565235717112,3.9904890054824644,20.031256420527587,-22.07813627634833,5.906987256464893,15.139461517333984,142.87739726027397,961,168.12176136002836,880.5250244140625,62.82431506849315,537
