,state,county,gisjoin,year range,avg temp,max temp,min temp,hdd,cdd,avg rh,average dp,max dp,min dp,avg wind speed,max wind speed,avg ghr,max ghr,avg dnr,max dnr,avg dhr,max dhr
0,ME,Washington County,G2300290,2080-2099,11.433016687205562,33.34193420410156,-13.075881004333496,3084.613679392181,578.164770221738,72.25302998268441,6.023316316199457,21.97173907368397,-13.122125412742442,5.988108752361716,17.85072898864746,142.87739726027397,961,164.35255730881826,892.7787475585938,62.82431506849315,537
