,state,county,gisjoin,year range,avg temp,max temp,min temp,hdd,cdd,avg rh,average dp,max dp,min dp,avg wind speed,max wind speed,avg ghr,max ghr,avg dnr,max dnr,avg dhr,max dhr
0,RI,Kent County,G4400030,2020-2039,11.352133695064799,35.25159454345703,-15.93373966217041,3091.382610171269,555.4114088694504,71.71586718276211,5.829684598071281,22.08926604611073,-15.93374045428629,5.027708653608958,11.57470989227295,158.67397260273972,963,175.33885204633367,897.6555786132812,75.14611872146119,478
