,state,county,gisjoin,year range,avg temp,max temp,min temp,hdd,cdd,avg rh,average dp,max dp,min dp,avg wind speed,max wind speed,avg ghr,max ghr,avg dnr,max dnr,avg dhr,max dhr
0,RI,Kent County,G4400030,2040-2059,12.774042090712305,36.014129638671875,-13.413549423217772,2767.243626946138,750.268990055762,72.69958234747796,7.427330828479224,25.84879778940129,-13.871051100929964,5.314083479637425,14.695843696594238,158.67397260273972,963,170.91761790641752,896.7122802734375,75.14611872146119,478
