,state,county,gisjoin,year range,avg temp,max temp,min temp,hdd,cdd,avg rh,average dp,max dp,min dp,avg wind speed,max wind speed,avg ghr,max ghr,avg dnr,max dnr,avg dhr,max dhr
0,TX,Real County,G4803850,2020-2039,19.049895640419713,37.46699905395508,-10.449400901794434,1273.3345620477564,1547.0464708010059,60.98994970887763,10.385243413323629,25.16114181545221,-10.4494016547885,4.8142849145142455,9.716164588928224,203.76301369863015,1032,221.36389130841718,1009.502685546875,73.32374429223745,616
