,state,county,gisjoin,year range,avg temp,max temp,min temp,hdd,cdd,avg rh,average dp,max dp,min dp,avg wind speed,max wind speed,avg ghr,max ghr,avg dnr,max dnr,avg dhr,max dhr
0,TX,Real County,G4803850,2040-2059,20.282849289624224,38.83694839477539,-7.273416519165039,1109.561799301993,1833.3017900147704,60.8295671169072,11.483454133628456,24.12935756413032,-9.580740967831808,4.971892110887728,9.822957038879396,203.76301369863015,1032,218.66753536687392,983.762451171875,73.32374429223745,616
