,state,county,gisjoin,year range,avg temp,max temp,min temp,hdd,cdd,avg rh,average dp,max dp,min dp,avg wind speed,max wind speed,avg ghr,max ghr,avg dnr,max dnr,avg dhr,max dhr
0,CA,Santa Clara County,G0600850,2020-2039,16.42237692667197,37.86186218261719,0.6602155566215515,1339.9891738105514,654.656752045988,48.48441347106951,3.425606662866592,13.565455672438253,-5.473945067867775,3.94508117584333,9.29788875579834,206.63824200913243,1004,208.49611763577926,969.4651489257812,69.38127853881278,495
