,state,county,gisjoin,year range,avg temp,max temp,min temp,hdd,cdd,avg rh,average dp,max dp,min dp,avg wind speed,max wind speed,avg ghr,max ghr,avg dnr,max dnr,avg dhr,max dhr
0,KS,Shawnee County,G2001770,2000-2019,13.505821166000171,39.4913330078125,-19.343334197998047,2741.9339637820376,992.0586893718017,66.621125699396,6.581761494963328,24.917552014580888,-19.343335603697856,3.941178457704309,8.767571449279785,178.83310502283106,982,187.2848605240693,949.588134765625,67.9568493150685,549
