,state,county,gisjoin,year range,avg temp,max temp,min temp,hdd,cdd,avg rh,average dp,max dp,min dp,avg wind speed,max wind speed,avg ghr,max ghr,avg dnr,max dnr,avg dhr,max dhr
0,KS,Ness County,G2001350,1980-1999,11.405441531991176,39.72466659545898,-19.07933235168457,3300.3381889872985,783.8243481636479,56.206635174685964,1.6798033287030147,18.22119799132434,-22.03653202328308,4.620603014426688,10.4456205368042,191.88824200913243,1014,207.52290325305026,971.4086303710938,64.59566210045662,594
