,state,county,gisjoin,year range,avg temp,max temp,min temp,hdd,cdd,avg rh,average dp,max dp,min dp,avg wind speed,max wind speed,avg ghr,max ghr,avg dnr,max dnr,avg dhr,max dhr
0,KS,Ness County,G2001350,2020-2039,13.645001963591023,40.95293426513672,-19.48360252380371,2810.776622398436,1111.7023391088444,55.35122630857442,3.5530127399574662,23.20842856152229,-20.673467816412018,4.469610302143446,10.048199653625488,191.88824200913243,1014,206.13523545988764,963.9108276367188,64.59566210045662,594
