,state,county,gisjoin,year range,avg temp,max temp,min temp,hdd,cdd,avg rh,average dp,max dp,min dp,avg wind speed,max wind speed,avg ghr,max ghr,avg dnr,max dnr,avg dhr,max dhr
0,NM,Harding County,G3500210,1980-1999,11.314512055559875,37.63055419921875,-20.43722152709961,3137.990250771683,588.2871510505951,43.80894892444349,-2.420105414266021,14.107026010870136,-25.0036752393428,3.6868626933119613,8.04295539855957,214.1054794520548,1047,238.95665581870816,1025.671875,64.01837899543379,608
