,state,county,gisjoin,year range,avg temp,max temp,min temp,hdd,cdd,avg rh,average dp,max dp,min dp,avg wind speed,max wind speed,avg ghr,max ghr,avg dnr,max dnr,avg dhr,max dhr
0,NM,Harding County,G3500210,2040-2059,14.084733847719612,38.98472595214844,-14.528952598571776,2474.292540861573,935.7203952789845,44.156053965385645,0.20866385362189174,16.464383940200772,-20.30523971702344,3.744271659796641,8.729803085327148,214.1054794520548,1047,234.6458970480781,998.6842041015624,64.01837899543379,608
