,state,county,gisjoin,year range,avg temp,max temp,min temp,hdd,cdd,avg rh,average dp,max dp,min dp,avg wind speed,max wind speed,avg ghr,max ghr,avg dnr,max dnr,avg dhr,max dhr
0,NM,Harding County,G3500210,2060-2079,14.450280875838258,38.2933464050293,-10.91342067718506,2463.9054654502643,1058.7579851310072,45.04516185200922,0.9160373091609549,16.583404614471846,-19.107319988085205,3.7435028556547207,10.09965991973877,214.1054794520548,1047,234.3756374628522,1015.194091796875,64.01837899543379,608
