,state,county,gisjoin,year range,avg temp,max temp,min temp,hdd,cdd,avg rh,average dp,max dp,min dp,avg wind speed,max wind speed,avg ghr,max ghr,avg dnr,max dnr,avg dhr,max dhr
0,MS,Itawamba County,G2800570,2080-2099,20.96891210491383,43.34119415283203,-8.84834098815918,1194.106547861746,2168.259466155169,69.19731393861989,14.308801783656563,27.90504282657025,-8.848341939624708,3.4184263047698424,9.026561737060549,181.76803652968036,1007,186.29104226166814,909.2039184570312,74.287100456621,558
