,state,county,gisjoin,year range,avg temp,max temp,min temp,hdd,cdd,avg rh,average dp,max dp,min dp,avg wind speed,max wind speed,avg ghr,max ghr,avg dnr,max dnr,avg dhr,max dhr
0,WA,Adams County,G5300010,2000-2019,10.592659948788398,39.48333358764648,-17.608667373657227,3339.0481270431283,525.8690083503901,49.76299346843267,-1.4556954049512743,8.771117442299754,-18.33663863758606,2.6311184877061953,6.935812473297119,172.11415525114154,949,187.07599541163594,908.4537963867188,59.54977168949772,440
