,state,county,gisjoin,year range,avg temp,max temp,min temp,hdd,cdd,avg rh,average dp,max dp,min dp,avg wind speed,max wind speed,avg ghr,max ghr,avg dnr,max dnr,avg dhr,max dhr
0,WA,Adams County,G5300010,2060-2079,13.063484886955878,39.79814147949219,-11.12283992767334,2758.970553775845,847.6425375144091,50.508249333895506,0.9087398822736891,11.611838093416203,-12.155625414035349,2.6747787647459607,6.669693470001221,172.11415525114154,949,185.38543878194704,898.93701171875,59.54977168949772,440
