,state,county,gisjoin,year range,avg temp,max temp,min temp,hdd,cdd,avg rh,average dp,max dp,min dp,avg wind speed,max wind speed,avg ghr,max ghr,avg dnr,max dnr,avg dhr,max dhr
0,OH,Highland County,G3900710,1980-1999,10.632349275097726,33.807334899902344,-27.560667037963867,3378.818711149112,580.1261965592956,69.46322086390839,4.5853316974571845,22.004977023317448,-27.560669431122783,3.985933838913974,9.934928894042969,152.48002283105023,1004,183.21270927011804,927.0911865234376,78.42134703196346,641
