,state,county,gisjoin,year range,avg temp,max temp,min temp,hdd,cdd,avg rh,average dp,max dp,min dp,avg wind speed,max wind speed,avg ghr,max ghr,avg dnr,max dnr,avg dhr,max dhr
0,OH,Highland County,G3900710,2080-2099,15.911990450935377,37.26893615722656,-12.78282356262207,2190.4242708072566,1318.8007853985614,71.0132264979898,9.990785673003051,25.792302608210136,-12.782824728818358,3.7571474141590127,8.923412322998047,152.48002283105023,1004,174.15465009025496,935.6069946289062,78.42134703196346,641
