,state,county,gisjoin,year range,avg temp,max temp,min temp,hdd,cdd,avg rh,average dp,max dp,min dp,avg wind speed,max wind speed,avg ghr,max ghr,avg dnr,max dnr,avg dhr,max dhr
0,GA,Mitchell County,G1302050,2040-2059,21.174335138470404,38.690040588378906,-5.522163391113281,908.0804245116493,1957.2127500532376,70.27351782311044,14.85713839388331,26.52722782275875,-5.522163497288453,3.508834557133178,8.425338745117188,195.40970319634704,997,197.0296611825427,962.5042114257812,80.53070776255707,631
