,state,county,gisjoin,year range,avg temp,max temp,min temp,hdd,cdd,avg rh,average dp,max dp,min dp,avg wind speed,max wind speed,avg ghr,max ghr,avg dnr,max dnr,avg dhr,max dhr
0,GA,Mitchell County,G1302050,2060-2079,21.483190426787523,38.096641540527344,-4.821816444396973,849.50607527719,2011.3705810545043,69.51741292291581,14.958684034432043,26.131523412029114,-4.821817149396909,3.689550399943574,9.348875999450684,195.40970319634704,997,197.7753465979841,914.6680908203124,80.53070776255707,631
