,state,county,gisjoin,year range,avg temp,max temp,min temp,hdd,cdd,avg rh,average dp,max dp,min dp,avg wind speed,max wind speed,avg ghr,max ghr,avg dnr,max dnr,avg dhr,max dhr
0,SC,Saluda County,G4500810,2040-2059,19.468275936890866,39.828800201416016,-8.537700653076172,1280.4827290256292,1706.9034459907814,67.2758123339039,12.441780366241233,25.571454319700106,-8.537701781348746,4.196286117214046,11.631267547607422,186.28493150684932,1040,192.55223145120488,928.7476196289062,78.11826484018265,501
