,state,county,gisjoin,year range,avg temp,max temp,min temp,hdd,cdd,avg rh,average dp,max dp,min dp,avg wind speed,max wind speed,avg ghr,max ghr,avg dnr,max dnr,avg dhr,max dhr
0,IA,Polk County,G1901530,2000-2019,10.56954391742695,36.48624801635742,-23.801250457763672,3544.304365850956,722.6878957113009,67.3518476318551,4.013523140344906,26.191533763732465,-24.46412680120336,4.132158357803136,9.990556716918944,174.6994292237443,987,180.09745036712567,926.7179565429688,69.44497716894978,495
