,state,county,gisjoin,year range,avg temp,max temp,min temp,hdd,cdd,avg rh,average dp,max dp,min dp,avg wind speed,max wind speed,avg ghr,max ghr,avg dnr,max dnr,avg dhr,max dhr
0,KS,Allen County,G2000010,2060-2079,16.98624399176482,41.64068984985352,-11.540048599243164,1995.1907722791348,1515.669829273197,68.10889863162281,10.337912900667199,27.240874181368547,-11.54004973772914,4.421239654331991,9.874958038330078,173.68333333333334,972,185.18913481994915,914.2599487304688,68.73630136986301,579
