,state,county,gisjoin,year range,avg temp,max temp,min temp,hdd,cdd,avg rh,average dp,max dp,min dp,avg wind speed,max wind speed,avg ghr,max ghr,avg dnr,max dnr,avg dhr,max dhr
0,MO,Bates County,G2900130,2000-2019,13.819321085867413,37.40583419799805,-21.905000686645508,2644.8003146514116,1009.3525109927442,67.1162912603927,7.056546807651237,24.76918201576843,-22.835882588860738,4.298491890463111,9.623995780944824,177.62157534246575,976,186.2329093271157,926.0086059570312,65.10958904109589,608
