,state,county,gisjoin,year range,avg temp,max temp,min temp,hdd,cdd,avg rh,average dp,max dp,min dp,avg wind speed,max wind speed,avg ghr,max ghr,avg dnr,max dnr,avg dhr,max dhr
0,OK,Pottawatomie County,G4001250,2080-2099,21.226833550642205,47.68556213378906,-9.738327980041504,1221.118180598489,2289.412426582759,65.89523959007437,13.75891398739583,30.263651883904057,-9.738327957603335,4.693255198491763,10.666068077087402,189.50045662100456,1003,191.71285331881296,919.3515014648438,72.06324200913242,597
