,state,county,gisjoin,year range,avg temp,max temp,min temp,hdd,cdd,avg rh,average dp,max dp,min dp,avg wind speed,max wind speed,avg ghr,max ghr,avg dnr,max dnr,avg dhr,max dhr
0,GA,Morgan County,G1302110,1980-1999,16.060774103429974,37.30875015258789,-13.520625114440918,1847.7931339821846,1030.4756817341543,67.65238091586387,9.293200336578243,23.414502101887344,-13.520626633089876,3.3063533302719734,8.171323776245117,188.32614155251142,1016,202.79233823434478,937.3348999023438,77.41255707762556,525
