,state,county,gisjoin,year range,avg temp,max temp,min temp,hdd,cdd,avg rh,average dp,max dp,min dp,avg wind speed,max wind speed,avg ghr,max ghr,avg dnr,max dnr,avg dhr,max dhr
0,MO,Pulaski County,G2901690,2040-2059,15.994236348130423,38.90177154541016,-13.992834091186523,2129.388184862249,1287.7844519298035,68.6911064596481,9.467884929650785,24.46527672152958,-14.932217461833265,3.6996595630907034,8.619575500488281,169.3970319634703,991,186.2564118385628,920.0486450195312,74.48869863013698,604
