,state,county,gisjoin,year range,avg temp,max temp,min temp,hdd,cdd,avg rh,average dp,max dp,min dp,avg wind speed,max wind speed,avg ghr,max ghr,avg dnr,max dnr,avg dhr,max dhr
0,MO,Pulaski County,G2901690,2060-2079,16.444805606138907,39.47709655761719,-11.46698760986328,2064.264131443536,1387.118177684195,69.68807859094176,10.124943727473553,27.122154855581552,-11.46698786186668,3.8049839062233493,9.660886764526367,169.3970319634703,991,184.00381311717214,922.7561645507812,74.48869863013698,604
