,state,county,gisjoin,year range,avg temp,max temp,min temp,hdd,cdd,avg rh,average dp,max dp,min dp,avg wind speed,max wind speed,avg ghr,max ghr,avg dnr,max dnr,avg dhr,max dhr
0,PA,Columbia County,G4200370,2040-2059,12.925681463725116,38.41936111450195,-14.0341796875,2802.5672941290686,840.9410283883917,70.28089562202697,6.967308924710115,23.61945752596856,-14.034180817854471,4.8287922196192286,12.171102523803713,155.9428082191781,984,174.99784948679616,919.0906982421876,79.51518264840183,518
