,state,county,gisjoin,year range,avg temp,max temp,min temp,hdd,cdd,avg rh,average dp,max dp,min dp,avg wind speed,max wind speed,avg ghr,max ghr,avg dnr,max dnr,avg dhr,max dhr
0,PA,Columbia County,G4200370,2080-2099,14.915552243026148,39.4310188293457,-11.29487133026123,2413.3850025758934,1178.0615712802273,71.07987924623707,9.048291903082559,25.485173687669462,-11.294871825743517,5.0981991209395945,13.217641830444336,155.9428082191781,984,172.75903442778127,914.5394897460938,79.51518264840183,518
