,state,county,gisjoin,year range,avg temp,max temp,min temp,hdd,cdd,avg rh,average dp,max dp,min dp,avg wind speed,max wind speed,avg ghr,max ghr,avg dnr,max dnr,avg dhr,max dhr
0,ID,Kootenai County,G1600550,2000-2019,8.851845207663082,36.78214263916016,-16.358572006225586,3831.508932029947,382.9324328263604,63.22128852110475,1.0635616372504257,13.906433773456332,-18.58007502450501,3.2088716287727226,8.142902374267578,158.28310502283105,960,171.801827013843,886.796142578125,60.41997716894977,441
