,state,county,gisjoin,year range,avg temp,max temp,min temp,hdd,cdd,avg rh,average dp,max dp,min dp,avg wind speed,max wind speed,avg ghr,max ghr,avg dnr,max dnr,avg dhr,max dhr
0,ID,Kootenai County,G1600550,2040-2059,10.35018494597831,37.23960494995117,-18.54325294494629,3403.2546493834584,501.5721546650066,65.04762876480137,2.996141921022766,16.768051365423663,-18.54325541593233,3.2069069031574955,8.047210693359375,158.28310502283105,960,170.48079581202737,870.025634765625,60.41997716894977,441
