,state,county,gisjoin,year range,avg temp,max temp,min temp,hdd,cdd,avg rh,average dp,max dp,min dp,avg wind speed,max wind speed,avg ghr,max ghr,avg dnr,max dnr,avg dhr,max dhr
0,ID,Kootenai County,G1600550,2080-2099,12.727874311933506,39.99729537963867,-11.180914878845217,2822.527275423319,788.701399278676,63.70527595798719,4.815786245645537,17.431743132126076,-11.463852622931755,3.2305951451874213,7.745891094207764,158.28310502283105,960,169.55064841319262,873.95458984375,60.41997716894977,441
