,state,county,gisjoin,year range,avg temp,max temp,min temp,hdd,cdd,avg rh,average dp,max dp,min dp,avg wind speed,max wind speed,avg ghr,max ghr,avg dnr,max dnr,avg dhr,max dhr
0,PA,Wyoming County,G4201310,2020-2039,10.846366252774239,35.16510772705078,-21.49083709716797,3321.325550030097,600.7492322922037,68.21768056420976,4.4290798724861595,22.699935285139897,-21.490839504138197,4.457896839429254,11.601585388183594,156.14794520547946,977,177.33205820506308,929.71630859375,78.27625570776256,453
