,state,county,gisjoin,year range,avg temp,max temp,min temp,hdd,cdd,avg rh,average dp,max dp,min dp,avg wind speed,max wind speed,avg ghr,max ghr,avg dnr,max dnr,avg dhr,max dhr
0,CO,Custer County,G0800270,2060-2079,9.315201996286776,33.95685958862305,-17.83973503112793,3761.901594683288,482.4503233273953,49.03646080842301,-2.1922146868215036,11.967648266165392,-19.81783591076505,4.538530375859509,11.964024543762209,204.29748858447488,1027,231.84866229269417,1014.7728881835938,62.016666666666666,456
