,state,county,gisjoin,year range,avg temp,max temp,min temp,hdd,cdd,avg rh,average dp,max dp,min dp,avg wind speed,max wind speed,avg ghr,max ghr,avg dnr,max dnr,avg dhr,max dhr
0,IA,Appanoose County,G1900070,2060-2079,13.899183456428439,41.38679885864258,-18.8809871673584,2804.6900181142496,1198.391979710327,69.55991334610334,7.721069231661293,27.06479060736574,-19.24796315469698,4.407116418668669,10.51251220703125,150.00970319634703,983,174.64255572527273,912.69677734375,70.33504566210046,596
