,state,county,gisjoin,year range,avg temp,max temp,min temp,hdd,cdd,avg rh,average dp,max dp,min dp,avg wind speed,max wind speed,avg ghr,max ghr,avg dnr,max dnr,avg dhr,max dhr
0,IA,Appanoose County,G1900070,2080-2099,15.676517940912655,42.24715423583984,-17.245418548583984,2448.88874860808,1491.317797040934,66.93029832208538,8.81188855981991,28.10599561030034,-17.42377420573373,4.322628177028813,10.177960395812988,150.00970319634703,983,174.41893027142982,900.3177490234375,70.33504566210046,596
