,state,county,gisjoin,year range,avg temp,max temp,min temp,hdd,cdd,avg rh,average dp,max dp,min dp,avg wind speed,max wind speed,avg ghr,max ghr,avg dnr,max dnr,avg dhr,max dhr
0,IN,Warren County,G1801710,1980-1999,10.28145849338688,35.11769104003906,-30.295385360717773,3522.1096292431175,595.3419793288194,69.12388368175455,4.151408135107987,21.547075013710376,-30.29538608671392,4.010217190101811,11.84854793548584,148.77728310502283,955,182.90925324057673,919.0592041015624,72.89691780821917,606
