,state,county,gisjoin,year range,avg temp,max temp,min temp,hdd,cdd,avg rh,average dp,max dp,min dp,avg wind speed,max wind speed,avg ghr,max ghr,avg dnr,max dnr,avg dhr,max dhr
0,IN,Warren County,G1801710,2080-2099,15.811259105691347,40.17523956298828,-18.3073673248291,2282.8318285244045,1374.4414021015816,70.80048531397293,9.863363086981925,27.58475028830722,-18.307369730460447,3.8521616329341173,9.337505340576172,148.77728310502283,955,174.00179253130148,893.9146118164062,72.89691780821917,606
