,state,county,gisjoin,year range,avg temp,max temp,min temp,hdd,cdd,avg rh,average dp,max dp,min dp,avg wind speed,max wind speed,avg ghr,max ghr,avg dnr,max dnr,avg dhr,max dhr
0,CO,Fremont County,G0800430,2060-2079,13.973261843152933,38.9610710144043,-19.570188522338867,2618.7777237455807,1039.5182964961314,43.488665868049345,0.060995444226430405,17.22231867273115,-21.791972624003957,4.466149370311058,9.861577987670898,196.90947488584476,1038,221.92955424814357,997.9577026367188,61.13310502283105,486
