,state,county,gisjoin,year range,avg temp,max temp,min temp,hdd,cdd,avg rh,average dp,max dp,min dp,avg wind speed,max wind speed,avg ghr,max ghr,avg dnr,max dnr,avg dhr,max dhr
0,CO,Fremont County,G0800430,2080-2099,15.842446597688658,41.13060760498047,-16.60173225402832,2199.142537399501,1302.135545555825,42.69807170820018,1.4204658283891647,20.180283140532257,-23.72878639344333,4.570217894854611,12.959991455078123,196.90947488584476,1038,220.4933966532543,981.5970458984376,61.13310502283105,486
