,state,county,gisjoin,year range,avg temp,max temp,min temp,hdd,cdd,avg rh,average dp,max dp,min dp,avg wind speed,max wind speed,avg ghr,max ghr,avg dnr,max dnr,avg dhr,max dhr
0,TX,Borden County,G4800330,2020-2039,18.520799614259186,39.91632461547852,-10.139968872070312,1532.4272231985221,1613.0190824031258,52.34547678858178,7.249458559404998,23.80063442743999,-13.532704132733851,4.514055051923343,8.479358673095703,210.74920091324202,1043,224.7995533740685,991.499755859375,65.40570776255707,643
