,state,county,gisjoin,year range,avg temp,max temp,min temp,hdd,cdd,avg rh,average dp,max dp,min dp,avg wind speed,max wind speed,avg ghr,max ghr,avg dnr,max dnr,avg dhr,max dhr
0,MO,Knox County,G2901030,2020-2039,12.889150813033597,39.88580322265625,-17.476741790771484,2911.629851467018,936.669898223929,68.75027635413218,6.610640800513847,25.612709156560328,-18.01890547270581,4.532893868341838,9.751420974731444,161.17808219178082,971,181.30594664704054,913.0906372070312,69.05844748858448,559
