,state,county,gisjoin,year range,avg temp,max temp,min temp,hdd,cdd,avg rh,average dp,max dp,min dp,avg wind speed,max wind speed,avg ghr,max ghr,avg dnr,max dnr,avg dhr,max dhr
0,MO,Knox County,G2901030,2060-2079,14.630649140089528,39.78174209594727,-16.358875274658203,2574.2389842904936,1234.9259204229422,68.93898447115127,8.27406291904579,26.307072468091363,-16.35887628116341,4.4315691353523565,11.23545265197754,161.17808219178082,971,178.12963807126255,904.490234375,69.05844748858448,559
