,state,county,gisjoin,year range,avg temp,max temp,min temp,hdd,cdd,avg rh,average dp,max dp,min dp,avg wind speed,max wind speed,avg ghr,max ghr,avg dnr,max dnr,avg dhr,max dhr
0,KY,Nicholas County,G2101810,2080-2099,16.957985008996726,39.30783081054688,-9.922137260437012,1953.7705955254598,1463.935123809185,70.64558802892084,10.882987512414704,26.854546529739167,-9.92213759611868,3.454732161944043,9.391353607177734,168.25559360730594,996,178.40585427872537,939.7586059570312,78.75867579908676,642
