,state,county,gisjoin,year range,avg temp,max temp,min temp,hdd,cdd,avg rh,average dp,max dp,min dp,avg wind speed,max wind speed,avg ghr,max ghr,avg dnr,max dnr,avg dhr,max dhr
0,FL,Marion County,G1200830,1980-1999,20.713017521120744,36.55889129638672,-4.5427775382995605,767.2492383167273,1648.0006335257656,68.74078937948566,14.04419159891135,25.351459596502597,-4.542777884704352,3.3768289530113953,8.888238906860352,207.5562785388128,1024,202.7240172162568,935.9047241210938,77.47431506849315,618
