,state,county,gisjoin,year range,avg temp,max temp,min temp,hdd,cdd,avg rh,average dp,max dp,min dp,avg wind speed,max wind speed,avg ghr,max ghr,avg dnr,max dnr,avg dhr,max dhr
0,MO,St. Louis County,G2901890,1980-1999,12.521365650477192,37.46466827392578,-19.03933334350586,2896.9508122274297,787.7492746512539,69.51875189689741,6.41140554481328,23.903975259044145,-19.03933516677497,4.236503915917384,10.49639129638672,175.14988584474887,1002,182.39207635524795,916.7179565429688,73.36130136986301,644
