,state,county,gisjoin,year range,avg temp,max temp,min temp,hdd,cdd,avg rh,average dp,max dp,min dp,avg wind speed,max wind speed,avg ghr,max ghr,avg dnr,max dnr,avg dhr,max dhr
0,MO,St. Louis County,G2901890,2080-2099,18.52191915413601,42.57963180541992,-11.459386825561523,1748.2654853600895,1829.2659766196175,70.40351622616319,12.316731972574146,28.35313393832319,-11.459387246075345,3.9901036899383753,10.6375150680542,175.14988584474887,1002,174.7011882037778,908.8753662109376,73.36130136986301,644
