,state,county,gisjoin,year range,avg temp,max temp,min temp,hdd,cdd,avg rh,average dp,max dp,min dp,avg wind speed,max wind speed,avg ghr,max ghr,avg dnr,max dnr,avg dhr,max dhr
0,MN,Wadena County,G2701590,2020-2039,6.546021300619978,35.99834442138672,-35.385963439941406,4760.73249187721,470.53026660284667,63.58227272077238,-0.6704499201905857,21.544294598064894,-35.38596519022363,3.8507726976316268,8.863672256469727,138.34988584474885,935,170.98132406364314,889.830322265625,66.19029680365297,575
