,state,county,gisjoin,year range,avg temp,max temp,min temp,hdd,cdd,avg rh,average dp,max dp,min dp,avg wind speed,max wind speed,avg ghr,max ghr,avg dnr,max dnr,avg dhr,max dhr
0,MN,Wadena County,G2701590,2060-2079,9.064271094200741,35.91702651977539,-28.21834373474121,4096.866757274056,725.8257066568093,64.46982927017561,1.9196204061280995,24.69684906009564,-28.237771967706657,3.8697064122108564,10.949877738952637,138.34988584474885,935,167.90617165807407,876.2739868164062,66.19029680365297,575
