,state,county,gisjoin,year range,avg temp,max temp,min temp,hdd,cdd,avg rh,average dp,max dp,min dp,avg wind speed,max wind speed,avg ghr,max ghr,avg dnr,max dnr,avg dhr,max dhr
0,TX,San Patricio County,G4804090,2060-2079,24.604065528743345,38.24651718139648,0.7789664268493652,389.2242868661906,2690.2082048571747,65.6366177064643,17.20191296691864,26.74570161703477,-1.5653032782026497,4.52837333581219,8.539775848388672,189.18447488584474,1012,196.74606784583378,965.2440795898438,81.89098173515981,524
