,state,county,gisjoin,year range,avg temp,max temp,min temp,hdd,cdd,avg rh,average dp,max dp,min dp,avg wind speed,max wind speed,avg ghr,max ghr,avg dnr,max dnr,avg dhr,max dhr
0,MN,Mower County,G2700990,2000-2019,7.8073793769078375,36.28785705566406,-27.155000686645508,4319.264192761416,489.4576653321738,67.59502373569087,1.4560113395804237,24.900068483942963,-27.155002621463268,4.7386806216958455,10.739994049072266,147.28972602739725,963,176.21224302039147,913.1793212890624,68.01700913242009,600
