,state,county,gisjoin,year range,avg temp,max temp,min temp,hdd,cdd,avg rh,average dp,max dp,min dp,avg wind speed,max wind speed,avg ghr,max ghr,avg dnr,max dnr,avg dhr,max dhr
0,MN,Mower County,G2700990,2080-2099,12.64778824574851,39.234256744384766,-31.31269073486328,3184.7694374109337,1121.7121471087744,68.12399586542556,6.202794882268439,27.123956090746656,-31.312690888346552,4.723203245254412,9.433700561523438,147.28972602739725,963,166.92601425403763,903.6988525390624,68.01700913242009,600
