,state,county,gisjoin,year range,avg temp,max temp,min temp,hdd,cdd,avg rh,average dp,max dp,min dp,avg wind speed,max wind speed,avg ghr,max ghr,avg dnr,max dnr,avg dhr,max dhr
0,WV,Wetzel County,G5401030,1980-1999,10.369763597376263,34.45000076293945,-27.442142486572266,3403.824995899349,509.2887089411569,67.81118582503436,3.8025172673535392,20.26877220546595,-27.442144897514908,3.9258019075001758,8.875374794006348,152.82054794520548,982,185.68011074455245,949.022705078125,75.19760273972602,516
