,state,county,gisjoin,year range,avg temp,max temp,min temp,hdd,cdd,avg rh,average dp,max dp,min dp,avg wind speed,max wind speed,avg ghr,max ghr,avg dnr,max dnr,avg dhr,max dhr
0,WV,Wetzel County,G5401030,2060-2079,13.774367382680957,34.322120666503906,-22.877830505371094,2576.519712157585,924.6638068358678,69.61952946839267,7.494040453263699,23.701393631763956,-22.877833173368185,4.287719719050682,9.885533332824709,152.82054794520548,982,177.7940551020253,942.6128540039062,75.19760273972602,516
