,state,county,gisjoin,year range,avg temp,max temp,min temp,hdd,cdd,avg rh,average dp,max dp,min dp,avg wind speed,max wind speed,avg ghr,max ghr,avg dnr,max dnr,avg dhr,max dhr
0,SD,Brown County,G4600130,1980-1999,5.463787525100389,33.172664642333984,-33.124000549316406,5061.86527049704,376.6477171579993,59.58135923566339,-2.7516824014290058,18.97218376625956,-33.88406925941717,4.6026374118241,11.087196350097656,161.81141552511414,962,182.2290350087937,922.6695556640624,62.15559360730594,532
