,state,county,gisjoin,year range,avg temp,max temp,min temp,hdd,cdd,avg rh,average dp,max dp,min dp,avg wind speed,max wind speed,avg ghr,max ghr,avg dnr,max dnr,avg dhr,max dhr
0,SD,Brown County,G4600130,2020-2039,7.730388353104105,35.07003402709961,-30.934934616088867,4427.869828135724,569.9615770181239,59.94492712075307,-0.5310578834233073,21.595616868677368,-30.93493653900361,4.572744578245568,9.468756675720217,161.81141552511414,962,178.7827650707878,891.9678955078125,62.15559360730594,532
