,state,county,gisjoin,year range,avg temp,max temp,min temp,hdd,cdd,avg rh,average dp,max dp,min dp,avg wind speed,max wind speed,avg ghr,max ghr,avg dnr,max dnr,avg dhr,max dhr
0,UT,Juab County,G4900230,2000-2019,10.90880559811764,37.26374816894531,-19.933124542236328,3410.3803644049535,712.5944077174191,51.283869482502,-0.36728450974928706,14.882090711533383,-21.155157440395243,3.9838614623840543,9.476836204528809,197.80844748858448,1037,219.66620554964044,991.54638671875,60.666324200913245,447
