,state,county,gisjoin,year range,avg temp,max temp,min temp,hdd,cdd,avg rh,average dp,max dp,min dp,avg wind speed,max wind speed,avg ghr,max ghr,avg dnr,max dnr,avg dhr,max dhr
0,TX,Jim Hogg County,G4802470,1980-1999,22.04383748159935,38.915000915527344,-1.5049998760223389,731.032661100808,2097.533341884418,58.244610697820306,12.569858872161065,24.958339880197123,-3.2834659720851462,4.685580283675564,9.094964027404783,205.3203196347032,1042,222.56448492702893,980.4378662109376,73.99543378995433,597
