,state,county,gisjoin,year range,avg temp,max temp,min temp,hdd,cdd,avg rh,average dp,max dp,min dp,avg wind speed,max wind speed,avg ghr,max ghr,avg dnr,max dnr,avg dhr,max dhr
0,TX,Jim Hogg County,G4802470,2060-2079,25.00087825224892,42.0518913269043,0.2342026531696319,425.85237049038034,2871.672932560876,56.131530548992764,14.708874530227597,27.12527512031901,-3.6475333231148217,4.915978535533496,10.079354286193848,205.3203196347032,1042,217.0007960625915,938.0450439453124,73.99543378995433,597
