,state,county,gisjoin,year range,avg temp,max temp,min temp,hdd,cdd,avg rh,average dp,max dp,min dp,avg wind speed,max wind speed,avg ghr,max ghr,avg dnr,max dnr,avg dhr,max dhr
0,NE,Merrick County,G3101210,2060-2079,14.047196236623826,38.66983413696289,-17.894662857055664,2789.8803226441337,1237.6069490115544,62.27437908584125,6.031900738704059,24.465629962000342,-19.010682376098185,4.181777922992837,9.144775390625,183.1425799086758,1016,185.4570763553158,917.0193481445312,66.37751141552512,526
