,state,county,gisjoin,year range,avg temp,max temp,min temp,hdd,cdd,avg rh,average dp,max dp,min dp,avg wind speed,max wind speed,avg ghr,max ghr,avg dnr,max dnr,avg dhr,max dhr
0,NE,Merrick County,G3101210,2080-2099,16.08139521959465,40.23521423339844,-16.940418243408203,2308.867349198507,1499.0766043504025,62.50644217375751,7.954912060736004,27.009901972970223,-16.94041802464805,4.1605253023780095,9.007901191711426,183.1425799086758,1016,180.24575609129795,920.8370361328124,66.37751141552512,526
