,state,county,gisjoin,year range,avg temp,max temp,min temp,hdd,cdd,avg rh,average dp,max dp,min dp,avg wind speed,max wind speed,avg ghr,max ghr,avg dnr,max dnr,avg dhr,max dhr
0,VA,Middlesex County,G5101190,2040-2059,17.38596499409265,37.46955108642578,-8.378006935119629,1693.5292026004743,1359.9064254443713,71.72413114478054,11.630508863323739,25.973599493538657,-8.497542807385171,4.844069233659195,16.37702751159668,176.3689497716895,979,177.85869596685643,922.2162475585938,75.70296803652968,623
