,state,county,gisjoin,year range,avg temp,max temp,min temp,hdd,cdd,avg rh,average dp,max dp,min dp,avg wind speed,max wind speed,avg ghr,max ghr,avg dnr,max dnr,avg dhr,max dhr
0,GA,Pickens County,G1302270,2060-2079,17.2852548917579,36.05818176269531,-6.510231971740723,1590.5726975914204,1220.1907330831702,72.0340752488402,11.560376625881952,25.011301504537272,-6.510232329998144,3.9403451836000296,9.719060897827148,173.2590182648402,1029,189.68792395934673,955.7772216796876,80.04006849315068,654
