,state,county,gisjoin,year range,avg temp,max temp,min temp,hdd,cdd,avg rh,average dp,max dp,min dp,avg wind speed,max wind speed,avg ghr,max ghr,avg dnr,max dnr,avg dhr,max dhr
0,OK,Sequoyah County,G4001350,1980-1999,15.449646247570048,37.5283317565918,-10.711111068725586,2108.386841347246,1068.0077217102728,69.43245612976213,9.126235923223808,23.20252720950773,-10.711111333719488,3.653356294272697,8.90027904510498,191.69554794520548,1007,195.47639630953424,956.139892578125,74.12328767123287,633
