,state,county,gisjoin,year range,avg temp,max temp,min temp,hdd,cdd,avg rh,average dp,max dp,min dp,avg wind speed,max wind speed,avg ghr,max ghr,avg dnr,max dnr,avg dhr,max dhr
0,OK,Sequoyah County,G4001350,2000-2019,16.695149538089755,40.10722351074219,-15.243888854980469,1887.8832218974906,1302.1128033002985,68.96563731393857,10.218816842777693,24.309498270414373,-15.243890263690336,3.6712357801933813,11.20396327972412,191.69554794520548,1007,195.0786599316688,947.8506469726562,74.12328767123287,633
