,state,county,gisjoin,year range,avg temp,max temp,min temp,hdd,cdd,avg rh,average dp,max dp,min dp,avg wind speed,max wind speed,avg ghr,max ghr,avg dnr,max dnr,avg dhr,max dhr
0,TN,Madison County,G4701130,2040-2059,18.036802247836235,39.918724060058594,-8.015089988708496,1591.9248636433924,1495.857684103635,70.58758014195585,11.910110387951732,26.33608363626704,-8.015090712205383,3.7924518031888903,9.509279251098633,176.80559360730592,1006,185.7875994511122,909.41748046875,74.57933789954338,583
