,state,county,gisjoin,year range,avg temp,max temp,min temp,hdd,cdd,avg rh,average dp,max dp,min dp,avg wind speed,max wind speed,avg ghr,max ghr,avg dnr,max dnr,avg dhr,max dhr
0,OH,Scioto County,G3901450,2000-2019,12.403711441500946,37.79375076293945,-17.843124389648438,2866.4634642798296,714.3181404273105,68.71402001903482,5.998701357702742,23.180688753753067,-17.843126329468415,3.872485035712316,8.784168243408203,165.1150684931507,991,184.9400363772054,941.5467529296876,80.55844748858448,679
