,state,county,gisjoin,year range,avg temp,max temp,min temp,hdd,cdd,avg rh,average dp,max dp,min dp,avg wind speed,max wind speed,avg ghr,max ghr,avg dnr,max dnr,avg dhr,max dhr
0,UT,Rich County,G4900330,2020-2039,7.076192830354065,34.05527114868164,-25.839338302612305,4496.984244142864,400.29462722142927,51.02487756302368,-3.9203656133183236,11.276548256421783,-26.73109764385894,4.100024176950324,9.103461265563965,192.80011415525115,1044,219.19762374586568,1003.1476440429688,58.45068493150685,447
