,state,county,gisjoin,year range,avg temp,max temp,min temp,hdd,cdd,avg rh,average dp,max dp,min dp,avg wind speed,max wind speed,avg ghr,max ghr,avg dnr,max dnr,avg dhr,max dhr
0,MI,Leelanau County,G2600890,1980-1999,6.949037105914978,31.787857055664062,-22.14285659790039,4413.022778115251,269.92132177352147,71.02578851425484,1.4688706660988882,18.77369552442049,-22.142857867183046,4.876866659671749,12.715929985046388,151.65696347031962,958,169.96599941792203,891.3232421875,73.76929223744293,455
