,state,county,gisjoin,year range,avg temp,max temp,min temp,hdd,cdd,avg rh,average dp,max dp,min dp,avg wind speed,max wind speed,avg ghr,max ghr,avg dnr,max dnr,avg dhr,max dhr
0,NY,Fulton County,G3600350,2000-2019,7.869938510565882,32.01499938964844,-28.047142028808597,4157.6440762200855,350.67163257598276,70.63804648739018,2.1728458968687834,20.9410445906236,-28.04714408899235,3.753362543533926,11.460759162902832,160.9197488584475,1036,178.67393894151456,924.5885620117188,78.21130136986301,514
