,state,county,gisjoin,year range,avg temp,max temp,min temp,hdd,cdd,avg rh,average dp,max dp,min dp,avg wind speed,max wind speed,avg ghr,max ghr,avg dnr,max dnr,avg dhr,max dhr
0,NY,Fulton County,G3600350,2040-2059,10.075857695418124,36.11980819702149,-24.32971572875977,3578.379937865589,576.5679966926842,70.80912750366072,4.3157272657568155,22.35700352901539,-24.329716706122827,4.356321063896292,10.48254108428955,160.9197488584475,1036,175.65761167280982,906.4166870117188,78.21130136986301,514
