,state,county,gisjoin,year range,avg temp,max temp,min temp,hdd,cdd,avg rh,average dp,max dp,min dp,avg wind speed,max wind speed,avg ghr,max ghr,avg dnr,max dnr,avg dhr,max dhr
0,MN,Winona County,G2701690,2000-2019,8.043404431130256,33.44200134277344,-29.56399917602539,4219.0280160653765,475.37063342731693,68.5063957739094,1.8981692513558035,21.831725594764134,-29.563998127159444,4.531705755076996,10.315303802490234,157.95262557077626,971,176.36252887003994,894.1948852539062,65.47317351598174,619
