,state,county,gisjoin,year range,avg temp,max temp,min temp,hdd,cdd,avg rh,average dp,max dp,min dp,avg wind speed,max wind speed,avg ghr,max ghr,avg dnr,max dnr,avg dhr,max dhr
0,MN,Winona County,G2701690,2040-2059,10.253019021388617,36.75614547729492,-25.119064331054688,3706.301362708318,769.1533055146957,68.50719246124024,4.038958625135677,27.639230744313945,-25.11906480015608,4.403992542828599,9.654817581176758,157.95262557077626,971,171.9798424281643,893.9012451171875,65.47317351598174,619
