,state,county,gisjoin,year range,avg temp,max temp,min temp,hdd,cdd,avg rh,average dp,max dp,min dp,avg wind speed,max wind speed,avg ghr,max ghr,avg dnr,max dnr,avg dhr,max dhr
0,CA,San Mateo County,G0600810,2040-2059,15.414715405958429,34.68153381347656,1.821901798248291,1411.1495353816672,358.0206585566166,53.15438365272191,4.11923660430681,12.57137685168631,-5.552354945462934,3.9980757076446323,10.190927505493164,195.93995433789954,1009,201.34698825395392,957.4166259765624,71.87545662100456,516
