,state,county,gisjoin,year range,avg temp,max temp,min temp,hdd,cdd,avg rh,average dp,max dp,min dp,avg wind speed,max wind speed,avg ghr,max ghr,avg dnr,max dnr,avg dhr,max dhr
0,TX,Brewster County,G4800430,2000-2019,17.822679013552047,38.47650146484375,-10.53600025177002,1455.379143492558,1281.1569834392167,42.024130682204955,3.0172988910796072,18.36444823983204,-16.45164700792697,4.155778382276291,10.548650741577148,237.71210045662102,1087,243.8083311410034,1024.910400390625,58.29052511415525,590
