,state,county,gisjoin,year range,avg temp,max temp,min temp,hdd,cdd,avg rh,average dp,max dp,min dp,avg wind speed,max wind speed,avg ghr,max ghr,avg dnr,max dnr,avg dhr,max dhr
0,TX,Brewster County,G4800430,2080-2099,21.317478107881083,39.65297317504883,-4.016397953033447,936.5744687168125,2037.9539780932753,42.807901186485815,6.284050680770242,20.88296449237299,-14.422210522320212,4.156011528103319,12.326665878295898,237.71210045662102,1087,239.45103009921593,1028.6417236328125,58.29052511415525,590
