,state,county,gisjoin,year range,avg temp,max temp,min temp,hdd,cdd,avg rh,average dp,max dp,min dp,avg wind speed,max wind speed,avg ghr,max ghr,avg dnr,max dnr,avg dhr,max dhr
0,NM,Guadalupe County,G3500190,2040-2059,15.370074377564041,40.25022506713867,-12.572293281555176,2174.8107660838873,1105.3879138947207,43.41644128686217,1.1519400525263637,15.8650723232512,-15.89272806965196,3.9574878231031163,10.109150886535645,216.68801369863013,1061,238.16695013683608,1014.0717163085938,58.2,521
