,state,county,gisjoin,year range,avg temp,max temp,min temp,hdd,cdd,avg rh,average dp,max dp,min dp,avg wind speed,max wind speed,avg ghr,max ghr,avg dnr,max dnr,avg dhr,max dhr
0,NM,Guadalupe County,G3500190,2080-2099,17.20939033767582,40.55660629272461,-13.88335418701172,1806.6117153717703,1408.5391886234731,42.16553352635745,2.372827980677002,17.939960799475973,-17.388705128072008,3.942179044060511,8.477707862854004,216.68801369863013,1061,236.76433550478103,1005.5728759765624,58.2,521
