,state,county,gisjoin,year range,avg temp,max temp,min temp,hdd,cdd,avg rh,average dp,max dp,min dp,avg wind speed,max wind speed,avg ghr,max ghr,avg dnr,max dnr,avg dhr,max dhr
0,NH,Carroll County,G3300030,1980-1999,6.477298101015587,33.55933380126953,-25.517333984375,4605.934048284677,290.6478551546657,67.49261016627969,0.02025146431815,19.49194654855653,-25.66337982842648,4.30597200058911,11.95556640625,160.7353881278539,965,181.0558254871586,960.0867919921876,65.21598173515982,553
