,state,county,gisjoin,year range,avg temp,max temp,min temp,hdd,cdd,avg rh,average dp,max dp,min dp,avg wind speed,max wind speed,avg ghr,max ghr,avg dnr,max dnr,avg dhr,max dhr
0,NH,Carroll County,G3300030,2020-2039,8.486697676087163,36.94949722290039,-25.25104522705078,4027.696986142186,445.8416379133974,68.50565798739865,2.145028857453934,22.97041717467772,-25.25104578941033,4.1805950044224796,11.230876922607422,160.7353881278539,965,177.63606806870925,915.0895385742188,65.21598173515982,553
