,state,county,gisjoin,year range,avg temp,max temp,min temp,hdd,cdd,avg rh,average dp,max dp,min dp,avg wind speed,max wind speed,avg ghr,max ghr,avg dnr,max dnr,avg dhr,max dhr
0,NH,Carroll County,G3300030,2080-2099,12.40991075320534,35.78598403930664,-19.0903434753418,3001.48791646729,851.6053413868423,69.03053159147638,6.048096002833009,24.817736584579936,-19.09034487207448,4.4829464063524656,12.089946746826172,160.7353881278539,965,169.95334476885364,895.4825439453125,65.21598173515982,553
