,state,county,gisjoin,year range,avg temp,max temp,min temp,hdd,cdd,avg rh,average dp,max dp,min dp,avg wind speed,max wind speed,avg ghr,max ghr,avg dnr,max dnr,avg dhr,max dhr
0,NC,Transylvania County,G3701750,1980-1999,12.772522971100338,31.835294723510746,-11.711176872253418,2564.3634207079804,546.834305159276,69.81982103461,6.6372096752953205,19.88204143562753,-11.7111783966429,4.630499731677852,13.650548934936523,180.26986301369863,1022,198.17276479587727,977.3433837890624,71.97465753424657,527
