,state,county,gisjoin,year range,avg temp,max temp,min temp,hdd,cdd,avg rh,average dp,max dp,min dp,avg wind speed,max wind speed,avg ghr,max ghr,avg dnr,max dnr,avg dhr,max dhr
0,MO,St. Charles County,G2901830,2000-2019,13.84271171793156,37.61399841308594,-21.36400032043457,2599.7351262686307,972.8249033133767,68.91283910481353,7.4810315201792825,24.691606845929712,-22.250076679997743,4.113135093858797,12.23864459991455,170.02728310502283,982,182.53786555009015,914.38916015625,71.99360730593607,645
