,state,county,gisjoin,year range,avg temp,max temp,min temp,hdd,cdd,avg rh,average dp,max dp,min dp,avg wind speed,max wind speed,avg ghr,max ghr,avg dnr,max dnr,avg dhr,max dhr
0,MO,St. Charles County,G2901830,2080-2099,18.51526814874067,42.59002304077149,-11.538628578186035,1783.9315965507656,1862.5044708409794,70.51724048161616,12.306011245353417,31.40871961661165,-11.538628963620916,3.929654665842448,8.845909118652344,170.02728310502283,982,175.31935610251458,906.6131591796876,71.99360730593607,645
