,state,county,gisjoin,year range,avg temp,max temp,min temp,hdd,cdd,avg rh,average dp,max dp,min dp,avg wind speed,max wind speed,avg ghr,max ghr,avg dnr,max dnr,avg dhr,max dhr
0,IL,Clay County,G1700250,2060-2079,16.38746947794338,39.88383102416992,-11.60979461669922,2113.146106765272,1415.0724662145374,69.8245561037978,10.168226562353029,26.906103068587655,-11.868956634326551,4.08302249036151,9.679472923278809,169.3033105022831,986,180.03569677944498,913.5013427734376,70.83550228310503,614
