,state,county,gisjoin,year range,avg temp,max temp,min temp,hdd,cdd,avg rh,average dp,max dp,min dp,avg wind speed,max wind speed,avg ghr,max ghr,avg dnr,max dnr,avg dhr,max dhr
0,RI,Washington County,G4400090,2040-2059,12.96540027840821,36.92076110839844,-13.974739074707031,2629.0820601773426,681.9531617959752,72.39095403679974,7.60529793516961,25.1531361593,-13.974739153972967,5.256629053942144,12.36972713470459,148.19577625570776,1011,170.51306308914712,914.1144409179688,70.77351598173516,552
