,state,county,gisjoin,year range,avg temp,max temp,min temp,hdd,cdd,avg rh,average dp,max dp,min dp,avg wind speed,max wind speed,avg ghr,max ghr,avg dnr,max dnr,avg dhr,max dhr
0,NE,Franklin County,G3100610,2020-2039,12.333984087522303,40.03615951538086,-19.75981712341309,3124.3931810953013,946.7973730405707,58.30274527791428,3.2613945118531342,22.433037688574704,-24.142152033275345,4.597093965256051,10.335685729980469,167.76495433789955,1001,195.03806062507402,939.5822143554688,60.294292237442924,592
