,state,county,gisjoin,year range,avg temp,max temp,min temp,hdd,cdd,avg rh,average dp,max dp,min dp,avg wind speed,max wind speed,avg ghr,max ghr,avg dnr,max dnr,avg dhr,max dhr
0,IA,Cherokee County,G1900350,2000-2019,8.88075921844558,36.99615478515625,-25.938461303710938,4067.320766744019,629.2978814761151,66.0572558884207,2.0792631492486118,23.72076674458189,-26.094587874966603,4.318049694740609,9.018290519714355,155.99155251141553,977,181.27685688057778,921.5326538085938,65.48869863013698,593
