,state,county,gisjoin,year range,avg temp,max temp,min temp,hdd,cdd,avg rh,average dp,max dp,min dp,avg wind speed,max wind speed,avg ghr,max ghr,avg dnr,max dnr,avg dhr,max dhr
0,SD,Perkins County,G4601050,2000-2019,7.8677053325330855,37.49416732788086,-33.385833740234375,4349.661054799703,541.873501173672,53.22005109536593,-2.5098044807527473,17.84562820446557,-33.38583646760101,4.398226499162853,9.661718368530272,165.67442922374428,961,188.96391328438887,922.20556640625,62.61837899543379,529
