,state,county,gisjoin,year range,avg temp,max temp,min temp,hdd,cdd,avg rh,average dp,max dp,min dp,avg wind speed,max wind speed,avg ghr,max ghr,avg dnr,max dnr,avg dhr,max dhr
0,SD,Perkins County,G4601050,2040-2059,9.044333848120145,43.96318817138672,-29.795700073242188,4098.857640730028,720.5394952933303,56.39582922121161,-0.36005238925346106,20.875657783626668,-31.037703685403336,4.333923923996486,9.821455001831056,165.67442922374428,961,186.55421227459723,908.1382446289062,62.61837899543379,529
