,state,county,gisjoin,year range,avg temp,max temp,min temp,hdd,cdd,avg rh,average dp,max dp,min dp,avg wind speed,max wind speed,avg ghr,max ghr,avg dnr,max dnr,avg dhr,max dhr
0,SD,Perkins County,G4601050,2080-2099,12.425052659412538,43.36606216430664,-28.496492385864254,3311.3365522869776,1166.980772972164,54.46475051548927,2.1702129947459308,23.070588482398158,-29.96951696381308,4.221076785633553,9.789403915405272,165.67442922374428,961,183.54036164319353,910.2838134765624,62.61837899543379,529
