,state,county,gisjoin,year range,avg temp,max temp,min temp,hdd,cdd,avg rh,average dp,max dp,min dp,avg wind speed,max wind speed,avg ghr,max ghr,avg dnr,max dnr,avg dhr,max dhr
0,ID,Lemhi County,G1600590,2000-2019,3.1961594292855997,28.885385513305664,-29.073076248168945,5646.273248340592,133.37144002914235,57.78080992611576,-5.375029133053322,10.42060709156716,-29.07307830822773,3.8964233281949885,10.240532875061035,177.81826484018265,1014,212.47878899725774,992.8933715820312,64.5013698630137,456
