,state,county,gisjoin,year range,avg temp,max temp,min temp,hdd,cdd,avg rh,average dp,max dp,min dp,avg wind speed,max wind speed,avg ghr,max ghr,avg dnr,max dnr,avg dhr,max dhr
0,ID,Lemhi County,G1600590,2020-2039,3.92798889193791,30.025968551635746,-30.9804630279541,5409.013651789416,163.2295973459849,56.42683484957099,-5.0547834131168825,9.873650734933596,-30.980466832066583,3.837465557932309,9.96635913848877,177.81826484018265,1014,212.09186787755246,994.221435546875,64.5013698630137,456
