,state,county,gisjoin,year range,avg temp,max temp,min temp,hdd,cdd,avg rh,average dp,max dp,min dp,avg wind speed,max wind speed,avg ghr,max ghr,avg dnr,max dnr,avg dhr,max dhr
0,OK,Grady County,G4000510,1980-1999,15.240838648136078,38.52922821044922,-12.799230575561523,2227.114144434362,1110.52025100397,65.51194810061695,7.956953977119263,24.02802806117623,-13.044896204067912,4.222292939087027,11.291793823242188,198.92351598173516,1023,202.72470171524256,955.1588745117188,70.98938356164383,537
