,state,county,gisjoin,year range,avg temp,max temp,min temp,hdd,cdd,avg rh,average dp,max dp,min dp,avg wind speed,max wind speed,avg ghr,max ghr,avg dnr,max dnr,avg dhr,max dhr
0,NH,Grafton County,G3300090,2080-2099,11.501843640038963,35.761653900146484,-18.788148880004883,3193.2769852376846,711.9499138514584,68.65926308283522,5.1324800448175205,22.863532209839985,-18.788150419588305,6.07000141641865,16.142684936523438,143.1958904109589,954,173.32670226431992,908.5348510742188,69.99931506849315,529
