,state,county,gisjoin,year range,avg temp,max temp,min temp,hdd,cdd,avg rh,average dp,max dp,min dp,avg wind speed,max wind speed,avg ghr,max ghr,avg dnr,max dnr,avg dhr,max dhr
0,WI,Fond du Lac County,G5500390,2000-2019,8.270400625304426,33.26285552978516,-25.437143325805664,4092.428596574533,431.62482481003764,68.0323032350845,2.074850811819057,21.095663295939328,-25.437145986431386,4.281308862539731,10.49915885925293,151.70205479452054,955,174.21072757840972,902.2271728515624,66.18116438356165,551
