,state,county,gisjoin,year range,avg temp,max temp,min temp,hdd,cdd,avg rh,average dp,max dp,min dp,avg wind speed,max wind speed,avg ghr,max ghr,avg dnr,max dnr,avg dhr,max dhr
0,WI,Fond du Lac County,G5500390,2080-2099,13.316681147823928,38.42568588256836,-22.313230514526367,2877.239620882949,1058.3282398383421,70.79764072056774,7.549782576763821,26.64673061909228,-22.7847276540418,4.143370287739523,10.57510757446289,151.70205479452054,955,165.86883665546907,874.3096923828125,66.18116438356165,551
