,state,county,gisjoin,year range,avg temp,max temp,min temp,hdd,cdd,avg rh,average dp,max dp,min dp,avg wind speed,max wind speed,avg ghr,max ghr,avg dnr,max dnr,avg dhr,max dhr
0,OH,Lawrence County,G3900870,2000-2019,12.74505658695549,36.790000915527344,-15.984375,2781.7586441148246,754.2042983532361,68.20255796506525,6.182647924007148,21.908340438243727,-15.984376264663997,3.4154462782351396,9.252984046936035,165.1150684931507,991,185.47748926781466,941.7978515625,80.55970319634703,679
