,state,county,gisjoin,year range,avg temp,max temp,min temp,hdd,cdd,avg rh,average dp,max dp,min dp,avg wind speed,max wind speed,avg ghr,max ghr,avg dnr,max dnr,avg dhr,max dhr
0,KS,Comanche County,G2000330,2040-2059,16.660272830752252,42.94132995605469,-13.868383407592772,2158.9500624855414,1560.4496457099667,57.187622354346324,6.839319916237093,25.1692467748533,-15.470506761242213,4.534426280652007,9.460526466369627,202.22785388127855,1036,205.7154027588732,970.1435546875,69.20593607305936,554
