,state,county,gisjoin,year range,avg temp,max temp,min temp,hdd,cdd,avg rh,average dp,max dp,min dp,avg wind speed,max wind speed,avg ghr,max ghr,avg dnr,max dnr,avg dhr,max dhr
0,MS,Pearl River County,G2801090,2020-2039,20.230479331331363,36.86422348022461,-7.50199031829834,997.0137680731842,1701.6387240090962,71.8425216509327,14.361096899559099,25.83624528729194,-7.5019904334707554,4.02675677305215,9.616583824157717,178.2780821917808,1026,195.54087123563278,921.3868408203124,80.59600456621004,629
