,state,county,gisjoin,year range,avg temp,max temp,min temp,hdd,cdd,avg rh,average dp,max dp,min dp,avg wind speed,max wind speed,avg ghr,max ghr,avg dnr,max dnr,avg dhr,max dhr
0,MS,Pearl River County,G2801090,2040-2059,21.420767309822377,37.04012680053711,-7.242465019226074,842.8224388066686,1981.9025068917044,71.91268792936246,15.560473068076156,26.578525214961825,-7.242465202233581,3.946949705985039,9.56626319885254,178.2780821917808,1026,192.92560858074935,928.413818359375,80.59600456621004,629
