,state,county,gisjoin,year range,avg temp,max temp,min temp,hdd,cdd,avg rh,average dp,max dp,min dp,avg wind speed,max wind speed,avg ghr,max ghr,avg dnr,max dnr,avg dhr,max dhr
0,FL,Lake County,G1200690,1980-1999,21.541856007770843,34.61111068725586,-3.11222243309021,601.5754664901647,1784.8529093264235,68.549225253275,14.877187534168467,24.617562427394567,-3.1122226076532247,3.256680595711486,7.170634746551514,193.07899543378994,1006,200.98590257773586,929.6556396484376,83.24052511415525,596
