,state,county,gisjoin,year range,avg temp,max temp,min temp,hdd,cdd,avg rh,average dp,max dp,min dp,avg wind speed,max wind speed,avg ghr,max ghr,avg dnr,max dnr,avg dhr,max dhr
0,FL,Lake County,G1200690,2040-2059,23.55787182108214,37.00532531738281,-2.3605828285217285,434.4860772558757,2353.6092919505822,69.46389216571093,17.065232412180908,28.19165386930676,-2.360583067795292,3.484803561151844,7.8858113288879395,193.07899543378994,1006,193.2690591672439,936.0958862304688,83.24052511415525,596
