,state,county,gisjoin,year range,avg temp,max temp,min temp,hdd,cdd,avg rh,average dp,max dp,min dp,avg wind speed,max wind speed,avg ghr,max ghr,avg dnr,max dnr,avg dhr,max dhr
0,FL,Lake County,G1200690,2060-2079,23.72557098672738,38.53790664672852,-0.9883855581283568,403.9695250633197,2384.3029352185285,69.9108800975155,17.32522632768551,26.22950912432244,-0.9883855899556352,3.3481074320126885,7.316218852996826,193.07899543378994,1006,194.10943565270114,928.4368286132812,83.24052511415525,596
