,state,county,gisjoin,year range,avg temp,max temp,min temp,hdd,cdd,avg rh,average dp,max dp,min dp,avg wind speed,max wind speed,avg ghr,max ghr,avg dnr,max dnr,avg dhr,max dhr
0,VA,Chesterfield County,G5100410,2080-2099,19.053048433380873,40.62069320678711,-8.170194625854492,1522.3207059006334,1797.183384084582,69.59175365983623,12.668127152689678,27.71160952913431,-8.170195203479317,3.6955815890063977,10.147061347961426,171.7329908675799,986,179.99197512959117,917.6246948242188,72.65821917808219,448
