,state,county,gisjoin,year range,avg temp,max temp,min temp,hdd,cdd,avg rh,average dp,max dp,min dp,avg wind speed,max wind speed,avg ghr,max ghr,avg dnr,max dnr,avg dhr,max dhr
0,TX,Hill County,G4802170,2060-2079,21.57315750744249,41.34842300415039,-7.79271125793457,1027.745565972648,2222.448056189,65.35505511379678,13.945772333646703,27.760917747483404,-7.792711363747396,4.588462433423081,9.904627799987791,202.06700913242008,1041,201.726269794685,943.6717529296876,76.99246575342465,512
