,state,county,gisjoin,year range,avg temp,max temp,min temp,hdd,cdd,avg rh,average dp,max dp,min dp,avg wind speed,max wind speed,avg ghr,max ghr,avg dnr,max dnr,avg dhr,max dhr
0,TX,Hill County,G4802170,2080-2099,23.175523520929985,44.3724479675293,-5.256435871124268,848.2566277587579,2627.8227128979815,64.39162853232257,15.272252360793994,28.853473280729737,-5.256436374889176,4.442481179433326,9.211281776428224,202.06700913242008,1041,195.80740743254032,922.4370727539062,76.99246575342465,512
