,state,county,gisjoin,year range,avg temp,max temp,min temp,hdd,cdd,avg rh,average dp,max dp,min dp,avg wind speed,max wind speed,avg ghr,max ghr,avg dnr,max dnr,avg dhr,max dhr
0,IL,Stephenson County,G1701770,2060-2079,12.322106520806987,36.56050491333008,-28.740800857543945,3085.50371405578,903.5725941499594,69.57694496324618,6.25097752236558,25.42657648954192,-28.74080219692421,4.282853973646686,10.311758041381836,162.4343607305936,975,173.54264408491827,911.6092529296876,74.17557077625571,520
