,state,county,gisjoin,year range,avg temp,max temp,min temp,hdd,cdd,avg rh,average dp,max dp,min dp,avg wind speed,max wind speed,avg ghr,max ghr,avg dnr,max dnr,avg dhr,max dhr
0,IL,Stephenson County,G1701770,2080-2099,14.329046724377577,38.838478088378906,-16.201765060424805,2699.449481288383,1250.0515356859278,68.51384451770348,7.898409171481094,27.934997605518102,-16.201766456521177,4.238423268245236,10.407187461853027,162.4343607305936,975,171.16965890878075,910.1224975585938,74.17557077625571,520
