,state,county,gisjoin,year range,avg temp,max temp,min temp,hdd,cdd,avg rh,average dp,max dp,min dp,avg wind speed,max wind speed,avg ghr,max ghr,avg dnr,max dnr,avg dhr,max dhr
0,VA,Lexington city,G5106780,2040-2059,14.792929268461192,36.84037780761719,-11.779413223266602,2252.3843702116633,972.3035531998298,67.64983792370313,8.055344146125082,23.0382890507793,-11.779414452345373,3.9169944479040906,9.949012756347656,162.28082191780823,1021,187.09628547890767,928.0120239257812,69.86358447488584,604
