,state,county,gisjoin,year range,avg temp,max temp,min temp,hdd,cdd,avg rh,average dp,max dp,min dp,avg wind speed,max wind speed,avg ghr,max ghr,avg dnr,max dnr,avg dhr,max dhr
0,AL,Winston County,G0101330,1980-1999,15.174902244923386,34.197776794433594,-8.499444007873535,2073.4158606281585,932.7551800251614,69.32091141334952,8.8380061039952,22.041075698948383,-8.499444759557704,3.816838406386985,10.606409072875977,159.93972602739726,1004,199.02120014138305,948.0088500976562,76.7392694063927,608
