,state,county,gisjoin,year range,avg temp,max temp,min temp,hdd,cdd,avg rh,average dp,max dp,min dp,avg wind speed,max wind speed,avg ghr,max ghr,avg dnr,max dnr,avg dhr,max dhr
0,AL,Winston County,G0101330,2040-2059,18.41854200038273,39.182762145996094,-7.703213214874268,1496.463370873188,1539.7312010129135,70.27350625578127,12.160504795240996,25.74397212228821,-7.703213965031258,3.7498963467334505,10.683222770690918,159.93972602739726,1004,192.31658044558415,913.1846313476562,76.7392694063927,608
