,state,county,gisjoin,year range,avg temp,max temp,min temp,hdd,cdd,avg rh,average dp,max dp,min dp,avg wind speed,max wind speed,avg ghr,max ghr,avg dnr,max dnr,avg dhr,max dhr
0,AL,Winston County,G0101330,2060-2079,18.69438169937377,37.91513442993164,-6.086633682250977,1440.5855786136005,1584.5348988850462,70.25890666317177,12.426762957727915,25.174100932977037,-6.086634324955615,3.7435900444853796,9.881877899169922,159.93972602739726,1004,191.75897687412441,941.7257690429688,76.7392694063927,608
