,state,county,gisjoin,year range,avg temp,max temp,min temp,hdd,cdd,avg rh,average dp,max dp,min dp,avg wind speed,max wind speed,avg ghr,max ghr,avg dnr,max dnr,avg dhr,max dhr
0,OR,Clackamas County,G4100050,2040-2059,13.559137639248123,40.0317497253418,-7.7153000831604,2270.3532109144057,539.9384492397497,69.11013947937586,7.062770286338762,16.25237836612519,-7.715300057457386,3.7538958423758206,11.14390468597412,146.6972602739726,953,163.6755323389971,874.2943115234375,70.07785388127854,450
