,state,county,gisjoin,year range,avg temp,max temp,min temp,hdd,cdd,avg rh,average dp,max dp,min dp,avg wind speed,max wind speed,avg ghr,max ghr,avg dnr,max dnr,avg dhr,max dhr
0,OR,Clackamas County,G4100050,2080-2099,15.144371708061708,41.91571044921875,-5.2686309814453125,1856.6445063505505,704.8401797930743,68.42221530626898,8.397859089421125,19.14916501754392,-5.268631339944768,3.7555780763495457,12.24827003479004,146.6972602739726,953,164.33040871131246,856.2434692382812,70.07785388127854,450
