,state,county,gisjoin,year range,avg temp,max temp,min temp,hdd,cdd,avg rh,average dp,max dp,min dp,avg wind speed,max wind speed,avg ghr,max ghr,avg dnr,max dnr,avg dhr,max dhr
0,GA,Worth County,G1303210,2020-2039,19.554249267816836,40.084842681884766,-5.045283794403076,1124.9138970774545,1582.7148798306332,70.09952444159276,13.237606440210746,25.06926612777709,-5.045284242974398,3.679029102412533,8.209654808044434,195.40970319634704,997,199.8265232204075,936.1393432617188,80.53070776255707,631
