,state,county,gisjoin,year range,avg temp,max temp,min temp,hdd,cdd,avg rh,average dp,max dp,min dp,avg wind speed,max wind speed,avg ghr,max ghr,avg dnr,max dnr,avg dhr,max dhr
0,LA,Red River Parish,G2200810,2080-2099,22.548491474295133,42.24690628051758,-5.156838417053223,869.8785594352225,2420.577947552748,70.69497185232433,16.276883176179208,30.262613194724988,-5.156838632838319,3.6278985738754272,7.953088760375977,194.76381278538813,1001,188.67686665860185,909.6879272460938,68.3398401826484,568
