,state,county,gisjoin,year range,avg temp,max temp,min temp,hdd,cdd,avg rh,average dp,max dp,min dp,avg wind speed,max wind speed,avg ghr,max ghr,avg dnr,max dnr,avg dhr,max dhr
0,SC,Chester County,G4500230,2000-2019,16.69792564746225,38.27882385253906,-10.821176528930664,1818.5845891106756,1233.8274504344452,67.52733684282869,9.865448980400647,22.815958710279627,-10.821178070869708,3.286708215818013,7.342883110046387,186.27317351598174,1013,196.1502628287005,956.2140502929688,75.83447488584476,576
