,state,county,gisjoin,year range,avg temp,max temp,min temp,hdd,cdd,avg rh,average dp,max dp,min dp,avg wind speed,max wind speed,avg ghr,max ghr,avg dnr,max dnr,avg dhr,max dhr
0,SC,Chester County,G4500230,2020-2039,17.40943956115039,41.35641479492188,-8.990735054016113,1653.951778630001,1328.897218449999,66.91251575043212,10.381818871966848,23.65977198378346,-8.990735951189528,3.4304789437006598,9.355655670166016,186.27317351598174,1013,195.9512370317223,930.4682006835938,75.83447488584476,576
