,state,county,gisjoin,year range,avg temp,max temp,min temp,hdd,cdd,avg rh,average dp,max dp,min dp,avg wind speed,max wind speed,avg ghr,max ghr,avg dnr,max dnr,avg dhr,max dhr
0,MN,Pope County,G2701210,1980-1999,5.612478166141655,34.505001068115234,-37.55916595458984,4977.984612142473,347.03914278347474,62.8194885988758,-1.736750378543631,20.27864503229994,-37.55916966738914,4.468927132266842,13.162192344665527,158.38755707762556,958,177.27134965783375,902.8477783203124,65.43173515981735,599
