,state,county,gisjoin,year range,avg temp,max temp,min temp,hdd,cdd,avg rh,average dp,max dp,min dp,avg wind speed,max wind speed,avg ghr,max ghr,avg dnr,max dnr,avg dhr,max dhr
0,IA,Shelby County,G1901650,2020-2039,10.597685853415168,35.650386810302734,-25.70645904541016,3569.3904544146894,758.0457909107599,66.30528811276231,3.8032268044511173,24.033983433352187,-25.70645934736364,4.592680320021224,9.35089874267578,159.56952054794522,966,181.57649725643088,928.2828369140624,65.92477168949772,469
