,state,county,gisjoin,year range,avg temp,max temp,min temp,hdd,cdd,avg rh,average dp,max dp,min dp,avg wind speed,max wind speed,avg ghr,max ghr,avg dnr,max dnr,avg dhr,max dhr
0,IA,Shelby County,G1901650,2080-2099,14.660447129849773,40.74747085571289,-19.59754943847656,2688.3689581256936,1359.9321605206271,65.77858628987177,7.523048025745893,27.328087541326653,-19.597550551578816,4.523632966982175,9.067378044128418,159.56952054794522,966,176.62410693757946,904.169677734375,65.92477168949772,469
