,state,county,gisjoin,year range,avg temp,max temp,min temp,hdd,cdd,avg rh,average dp,max dp,min dp,avg wind speed,max wind speed,avg ghr,max ghr,avg dnr,max dnr,avg dhr,max dhr
0,SD,Hyde County,G4600690,2060-2079,11.044845744827775,41.350059509277344,-21.484825134277344,3645.239705168027,997.1084020297221,58.16501295610106,2.045430253070117,24.50405292186517,-22.14958511202368,3.6184705754937645,8.670145034790039,171.72705479452054,1001,185.4563655205604,900.2553100585938,66.72340182648402,632
