,state,county,gisjoin,year range,avg temp,max temp,min temp,hdd,cdd,avg rh,average dp,max dp,min dp,avg wind speed,max wind speed,avg ghr,max ghr,avg dnr,max dnr,avg dhr,max dhr
0,SD,Turner County,G4601250,2060-2079,11.695643800691638,37.99500274658203,-25.604232788085938,3460.4958379655814,1049.9058252176214,62.778822917263255,3.9749743413466074,25.963895818797717,-26.36486276372259,4.61996879675617,10.8504056930542,168.3720319634703,983,177.88413266011034,892.748291015625,66.73835616438356,589
