,state,county,gisjoin,year range,avg temp,max temp,min temp,hdd,cdd,avg rh,average dp,max dp,min dp,avg wind speed,max wind speed,avg ghr,max ghr,avg dnr,max dnr,avg dhr,max dhr
0,MO,Mercer County,G2901290,2000-2019,11.417162819390853,37.47857284545898,-23.10785675048828,3264.7503905925405,752.5148196697627,67.89294017678526,4.971789862614574,24.18567188585265,-23.296421090549487,3.945286076362819,9.116327285766602,152.75433789954337,980,182.41051606888516,923.3942260742188,69.0195205479452,593
