,state,county,gisjoin,year range,avg temp,max temp,min temp,hdd,cdd,avg rh,average dp,max dp,min dp,avg wind speed,max wind speed,avg ghr,max ghr,avg dnr,max dnr,avg dhr,max dhr
0,AZ,Maricopa County,G0400130,2060-2079,25.86440986164901,48.3032455444336,1.2036267518997192,558.958290204392,3319.9678897059425,40.386832458243525,9.743770923499246,26.03075225873273,-3.001730778134605,2.134587656063576,5.358468055725098,239.0642694063927,1149,222.5128667532869,969.0860595703124,64.38618721461187,640
