,state,county,gisjoin,year range,avg temp,max temp,min temp,hdd,cdd,avg rh,average dp,max dp,min dp,avg wind speed,max wind speed,avg ghr,max ghr,avg dnr,max dnr,avg dhr,max dhr
0,MN,Brown County,G2700150,2020-2039,9.21494921114597,34.585845947265625,-33.54537582397461,3960.770826941383,644.7272890091243,66.38663835002951,2.545134937850595,23.350022870515044,-33.54537865080541,3.9540526125529043,9.198522567749023,153.06792237442923,977,173.42096124702732,909.380859375,65.2351598173516,496
