,state,county,gisjoin,year range,avg temp,max temp,min temp,hdd,cdd,avg rh,average dp,max dp,min dp,avg wind speed,max wind speed,avg ghr,max ghr,avg dnr,max dnr,avg dhr,max dhr
0,MN,Brown County,G2700150,2040-2059,10.02947541502829,37.67848587036133,-28.31367874145508,3820.733958943054,801.9924854278985,68.40457556650519,3.783725286841826,25.651961620979275,-28.46914935755913,3.979472084894572,8.435966491699219,153.06792237442923,977,169.85044948104945,920.3189086914062,65.2351598173516,496
