,state,county,gisjoin,year range,avg temp,max temp,min temp,hdd,cdd,avg rh,average dp,max dp,min dp,avg wind speed,max wind speed,avg ghr,max ghr,avg dnr,max dnr,avg dhr,max dhr
0,MN,Brown County,G2700150,2060-2079,10.686923397066908,37.22508239746094,-22.092012405395508,3722.349675699372,943.5767156283572,68.85141194204218,4.570204031422889,26.54585158549568,-22.39685838672604,3.8968173675341147,9.733537673950195,153.06792237442923,977,168.16041067311355,873.300537109375,65.2351598173516,496
