,state,county,gisjoin,year range,avg temp,max temp,min temp,hdd,cdd,avg rh,average dp,max dp,min dp,avg wind speed,max wind speed,avg ghr,max ghr,avg dnr,max dnr,avg dhr,max dhr
0,AR,St. Francis County,G0501230,2040-2059,18.87063505704763,37.30257415771485,-4.98623514175415,1440.447487033541,1648.7292828559166,71.37758111823095,12.972304731019277,26.46979683451696,-4.9862353879808055,3.6225664204114105,8.510229110717773,187.20479452054795,1007,186.3788476744152,899.6832275390625,76.7906392694064,575
