,state,county,gisjoin,year range,avg temp,max temp,min temp,hdd,cdd,avg rh,average dp,max dp,min dp,avg wind speed,max wind speed,avg ghr,max ghr,avg dnr,max dnr,avg dhr,max dhr
0,AR,St. Francis County,G0501230,2080-2099,20.83211580666301,40.33590316772461,-8.661273002624512,1212.3203705545968,2136.5426399864746,70.1047830960522,14.592057529541856,28.379465900511423,-8.661273121238676,3.559792434352718,8.490386009216309,187.20479452054795,1007,181.9203541648985,900.8839721679688,76.7906392694064,575
