,state,county,gisjoin,year range,avg temp,max temp,min temp,hdd,cdd,avg rh,average dp,max dp,min dp,avg wind speed,max wind speed,avg ghr,max ghr,avg dnr,max dnr,avg dhr,max dhr
0,TN,Hickman County,G4700810,2020-2039,15.747858827195202,38.781471252441406,-15.514567375183104,2028.6342660569135,1097.1027379831394,69.1778280260356,9.325159997869777,24.47155242317291,-15.514569041003211,3.767403610860376,9.413397789001465,179.75730593607307,1031,192.66344902557532,972.5308227539062,80.09269406392694,603
