,state,county,gisjoin,year range,avg temp,max temp,min temp,hdd,cdd,avg rh,average dp,max dp,min dp,avg wind speed,max wind speed,avg ghr,max ghr,avg dnr,max dnr,avg dhr,max dhr
0,PA,Venango County,G4201210,2060-2079,11.783314757715186,33.77116394042969,-15.34416389465332,3115.1194834085422,736.5293699741779,70.29654355832976,5.777684122023803,23.121000150925774,-15.34416397189587,4.67455641308876,11.312562942504885,155.82077625570776,985,173.30944337830672,936.8553466796876,72.27671232876712,610
