,state,county,gisjoin,year range,avg temp,max temp,min temp,hdd,cdd,avg rh,average dp,max dp,min dp,avg wind speed,max wind speed,avg ghr,max ghr,avg dnr,max dnr,avg dhr,max dhr
0,CO,Clear Creek County,G0800190,1980-1999,3.7223021269625356,26.531665802001957,-23.441110610961918,5399.806246658265,78.94652299881066,55.92852352340472,-5.317136690913417,7.494734729194105,-25.52238790006265,4.261307111504959,10.58815574645996,184.9255707762557,1032,226.53728721776125,1051.2039794921875,65.97465753424657,549
