,state,county,gisjoin,year range,avg temp,max temp,min temp,hdd,cdd,avg rh,average dp,max dp,min dp,avg wind speed,max wind speed,avg ghr,max ghr,avg dnr,max dnr,avg dhr,max dhr
0,CO,Clear Creek County,G0800190,2040-2059,6.371595679683012,29.408260345458984,-22.65812873840332,4549.60656436222,195.7389874458264,56.81449488417743,-2.6477189025694448,10.351647695510048,-22.658129150278327,3.946762458265644,8.67329216003418,184.9255707762557,1032,223.83600028637366,1034.367431640625,65.97465753424657,549
