,state,county,gisjoin,year range,avg temp,max temp,min temp,hdd,cdd,avg rh,average dp,max dp,min dp,avg wind speed,max wind speed,avg ghr,max ghr,avg dnr,max dnr,avg dhr,max dhr
0,MI,Kalkaska County,G2600790,2020-2039,7.9961179043935,32.939048767089844,-23.919775009155277,4215.33356024473,454.4165953477315,68.7208375776195,1.8056222280491256,22.356075518051775,-23.919775632535185,4.636191705182263,11.11954402923584,151.65696347031962,958,171.88514634554335,930.4415283203124,73.77100456621005,455
