,state,county,gisjoin,year range,avg temp,max temp,min temp,hdd,cdd,avg rh,average dp,max dp,min dp,avg wind speed,max wind speed,avg ghr,max ghr,avg dnr,max dnr,avg dhr,max dhr
0,MI,Kalkaska County,G2600790,2060-2079,9.820030769234034,36.07230758666992,-21.575307846069336,3707.8132865914517,612.6245173613496,69.76624716188266,3.7954921703914875,23.235207230182816,-21.738039580954037,4.673530523023104,13.123231887817385,151.65696347031962,958,169.33142081122483,911.4000244140624,73.77100456621005,455
