,state,county,gisjoin,year range,avg temp,max temp,min temp,hdd,cdd,avg rh,average dp,max dp,min dp,avg wind speed,max wind speed,avg ghr,max ghr,avg dnr,max dnr,avg dhr,max dhr
0,KY,Union County,G2102250,1980-1999,13.321839605410611,35.68600082397461,-18.99333381652832,2702.826037483283,885.7974934578475,70.19932914041493,7.318554501849559,22.51142968178063,-19.21674561349044,3.7046899974482246,9.506078720092772,176.99851598173515,978,188.7218640943094,914.570068359375,73.50182648401827,587
