,state,county,gisjoin,year range,avg temp,max temp,min temp,hdd,cdd,avg rh,average dp,max dp,min dp,avg wind speed,max wind speed,avg ghr,max ghr,avg dnr,max dnr,avg dhr,max dhr
0,KY,Union County,G2102250,2040-2059,16.51050315449045,39.28981399536133,-7.103158473968506,2013.2639302996486,1360.0975816886414,70.49944756129017,10.48373583137037,25.896252992452798,-7.671182052594473,3.5775464838090008,9.283831596374512,176.99851598173515,978,183.8652488052683,919.4252319335938,73.50182648401827,587
