,state,county,gisjoin,year range,avg temp,max temp,min temp,hdd,cdd,avg rh,average dp,max dp,min dp,avg wind speed,max wind speed,avg ghr,max ghr,avg dnr,max dnr,avg dhr,max dhr
0,KY,Union County,G2102250,2080-2099,18.569530814343405,39.967811584472656,-14.159162521362305,1637.2972948604531,1735.6760420957235,71.9903739123584,12.79687313197734,27.729178393662064,-14.159163135915913,3.577249297023364,9.67443561553955,176.99851598173515,978,177.34219667952098,926.1324462890624,73.50182648401827,587
