,state,county,gisjoin,year range,avg temp,max temp,min temp,hdd,cdd,avg rh,average dp,max dp,min dp,avg wind speed,max wind speed,avg ghr,max ghr,avg dnr,max dnr,avg dhr,max dhr
0,IL,Iroquois County,G1700750,2020-2039,12.050632977414342,36.75218963623047,-25.277812957763672,3116.4826419856704,835.463678741502,69.18222348875106,5.842700455884848,23.922380751938345,-25.277814764147287,4.050040774163046,9.810319900512695,155.4920091324201,961,179.88740808432226,932.9293823242188,74.32054794520548,616
