,state,county,gisjoin,year range,avg temp,max temp,min temp,hdd,cdd,avg rh,average dp,max dp,min dp,avg wind speed,max wind speed,avg ghr,max ghr,avg dnr,max dnr,avg dhr,max dhr
0,IL,Iroquois County,G1700750,2080-2099,15.620510977059263,40.692115783691406,-18.93974876403809,2343.736960389855,1365.7234670162945,69.73935528432942,9.398853001141035,26.822008103864945,-18.939749471165207,4.075547692274938,10.051047325134276,155.4920091324201,961,172.08602017566366,888.8560791015625,74.32054794520548,616
