,state,county,gisjoin,year range,avg temp,max temp,min temp,hdd,cdd,avg rh,average dp,max dp,min dp,avg wind speed,max wind speed,avg ghr,max ghr,avg dnr,max dnr,avg dhr,max dhr
0,SC,Aiken County,G4500030,2020-2039,18.5957209477999,38.334564208984375,-8.666036605834961,1376.3267020309033,1484.2648479779498,67.72181883990493,11.661570073609221,23.21795192827861,-8.666036620453808,3.4797018456132442,8.566332817077637,193.16130136986303,1021,200.3253991670982,946.1260986328124,78.90308219178083,537
