,state,county,gisjoin,year range,avg temp,max temp,min temp,hdd,cdd,avg rh,average dp,max dp,min dp,avg wind speed,max wind speed,avg ghr,max ghr,avg dnr,max dnr,avg dhr,max dhr
0,MO,Oregon County,G2901490,1980-1999,13.443283854142805,37.69473648071289,-19.9089469909668,2613.9021850262984,841.200791788148,67.61733086141821,6.702789531799827,22.0868711190388,-19.908947800522107,4.118152318588675,11.386569023132324,178.83219178082192,984,198.84448086030247,951.7982177734376,73.89292237442922,529
