,state,county,gisjoin,year range,avg temp,max temp,min temp,hdd,cdd,avg rh,average dp,max dp,min dp,avg wind speed,max wind speed,avg ghr,max ghr,avg dnr,max dnr,avg dhr,max dhr
0,NE,Stanton County,G3101670,2000-2019,10.29206080638,35.65250015258789,-26.524999618530277,3658.2935356268567,735.3957299550774,61.69501384371492,2.2771302176027883,22.200105535996062,-26.524999472576056,5.110814440413697,10.836788177490234,179.12123287671233,987,185.64847254587767,926.545166015625,67.32751141552511,472
