,state,county,gisjoin,year range,avg temp,max temp,min temp,hdd,cdd,avg rh,average dp,max dp,min dp,avg wind speed,max wind speed,avg ghr,max ghr,avg dnr,max dnr,avg dhr,max dhr
0,NE,Stanton County,G3101670,2040-2059,12.34730773717795,36.99288940429688,-24.36134147644043,3197.332044216608,1024.5993682861908,63.91989934030733,4.828722125113207,24.7353099413758,-24.36134304801583,4.987387428544972,12.782690048217772,179.12123287671233,987,183.453659324941,901.527587890625,67.32751141552511,472
