,state,county,gisjoin,year range,avg temp,max temp,min temp,hdd,cdd,avg rh,average dp,max dp,min dp,avg wind speed,max wind speed,avg ghr,max ghr,avg dnr,max dnr,avg dhr,max dhr
0,KY,Leslie County,G2101310,2020-2039,14.138740454269064,34.57484817504883,-18.156679153442383,2355.2175588513896,836.3578246594011,68.93203176994847,7.736120697032696,21.712236047696965,-18.156681382399096,3.660178358696367,9.48685359954834,167.09063926940638,986,188.6760489794003,960.051025390625,74.89372146118721,524
