,state,county,gisjoin,year range,avg temp,max temp,min temp,hdd,cdd,avg rh,average dp,max dp,min dp,avg wind speed,max wind speed,avg ghr,max ghr,avg dnr,max dnr,avg dhr,max dhr
0,IA,Woodbury County,G1901930,2020-2039,10.749157977601955,37.4313850402832,-25.95417213439941,3605.295307176914,849.2379690011797,65.01168633454466,3.595607786193661,25.086441529148733,-27.043132181900106,4.457701768613841,10.000777244567873,173.1966894977169,980,182.73575332901285,913.7304077148438,66.67956621004566,489
