,state,county,gisjoin,year range,avg temp,max temp,min temp,hdd,cdd,avg rh,average dp,max dp,min dp,avg wind speed,max wind speed,avg ghr,max ghr,avg dnr,max dnr,avg dhr,max dhr
0,FL,Seminole County,G1201170,2080-2099,25.32683902991825,38.66938400268555,0.6391537189483643,292.7629424457826,2857.559188365563,73.05326775089246,19.669037124399146,29.984718706352812,0.6391537436693702,4.032299529526331,8.61687183380127,208.44189497716894,1014,184.15139960508148,895.8074340820312,75.80730593607306,599
