,state,county,gisjoin,year range,avg temp,max temp,min temp,hdd,cdd,avg rh,average dp,max dp,min dp,avg wind speed,max wind speed,avg ghr,max ghr,avg dnr,max dnr,avg dhr,max dhr
0,SC,Edgefield County,G4500370,2080-2099,21.28539640720273,42.28104782104492,-7.06274938583374,1075.4762217770492,2165.145910405895,69.33108208277454,14.671365393500391,28.72074916444003,-7.062749710651799,3.8745814111134775,8.26633071899414,193.16130136986303,1021,188.77450786860004,943.7638549804688,78.90388127853882,537
