,state,county,gisjoin,year range,avg temp,max temp,min temp,hdd,cdd,avg rh,average dp,max dp,min dp,avg wind speed,max wind speed,avg ghr,max ghr,avg dnr,max dnr,avg dhr,max dhr
0,IN,Clay County,G1800210,2000-2019,12.674379259969701,33.802001953125,-21.856666564941406,2860.553102316402,807.2015322049939,69.48629151501068,6.496053033008692,23.533237783434373,-21.85666685744725,4.221276280528879,9.644349098205566,148.1025114155251,978,185.39291877522177,947.6982421875,74.19292237442923,597
