,state,county,gisjoin,year range,avg temp,max temp,min temp,hdd,cdd,avg rh,average dp,max dp,min dp,avg wind speed,max wind speed,avg ghr,max ghr,avg dnr,max dnr,avg dhr,max dhr
0,NY,Chenango County,G3600170,2000-2019,8.557699086487354,33.56666564941406,-24.426666259765625,3959.083314655519,403.1434812227939,69.40271829851142,2.5074083255284774,21.21185938671371,-24.426668534711315,4.825931973979897,11.31485652923584,152.91495433789953,982,176.68947151399757,916.0626831054688,76.6074200913242,593
