,state,county,gisjoin,year range,avg temp,max temp,min temp,hdd,cdd,avg rh,average dp,max dp,min dp,avg wind speed,max wind speed,avg ghr,max ghr,avg dnr,max dnr,avg dhr,max dhr
0,AL,Marshall County,G0100950,1980-1999,15.342693773489318,34.587501525878906,-10.041250228881836,2025.7790118783414,946.3622392019255,70.02688743708885,9.186473741769891,22.800003804576864,-10.041250430264617,3.359897582335015,11.222033500671388,238.67431506849314,1072,197.24093101491607,946.4555053710938,58.773972602739725,466
