,state,county,gisjoin,year range,avg temp,max temp,min temp,hdd,cdd,avg rh,average dp,max dp,min dp,avg wind speed,max wind speed,avg ghr,max ghr,avg dnr,max dnr,avg dhr,max dhr
0,AL,Marshall County,G0100950,2080-2099,20.384033381866136,40.04376983642578,-7.773627758026123,1208.73371889459,1969.405903275637,71.17433103426406,14.327183752649486,27.876147311843447,-7.773628036094227,3.357169831465913,9.3684663772583,238.67431506849314,1072,183.71029476954917,947.9835815429688,58.773972602739725,466
