,state,county,gisjoin,year range,avg temp,max temp,min temp,hdd,cdd,avg rh,average dp,max dp,min dp,avg wind speed,max wind speed,avg ghr,max ghr,avg dnr,max dnr,avg dhr,max dhr
0,KY,Taylor County,G2102170,2020-2039,14.818782662941897,36.50052261352539,-13.187430381774902,2224.465178017271,953.8208499909043,70.59817007012563,8.799565783421134,22.34793234837551,-13.18743072116738,4.023834106965697,10.798857688903809,162.64623287671233,1004,187.56435174482925,938.62060546875,77.58698630136986,667
