,state,county,gisjoin,year range,avg temp,max temp,min temp,hdd,cdd,avg rh,average dp,max dp,min dp,avg wind speed,max wind speed,avg ghr,max ghr,avg dnr,max dnr,avg dhr,max dhr
0,TX,Hidalgo County,G4802150,2080-2099,27.373913205704188,44.5268783569336,2.3906519412994385,253.81505026023171,3565.7933703418034,56.43030833294402,17.07224206300756,29.63420827848324,-0.9247826081086296,4.963565263968625,8.703054428100586,196.78059360730595,1043,207.90448888131155,969.4359741210938,75.92385844748858,625
