,state,county,gisjoin,year range,avg temp,max temp,min temp,hdd,cdd,avg rh,average dp,max dp,min dp,avg wind speed,max wind speed,avg ghr,max ghr,avg dnr,max dnr,avg dhr,max dhr
0,MN,Red Lake County,G2701250,1980-1999,3.397546139042327,32.35916519165039,-37.14583206176758,5686.280053419042,246.8843941688482,62.80189984813673,-3.954143367263788,17.617391778497016,-37.145833280218014,4.512915669565332,10.864297866821287,145.7058219178082,936,173.27059204746186,899.4345703125,61.72979452054795,430
