,state,county,gisjoin,year range,avg temp,max temp,min temp,hdd,cdd,avg rh,average dp,max dp,min dp,avg wind speed,max wind speed,avg ghr,max ghr,avg dnr,max dnr,avg dhr,max dhr
0,MN,Red Lake County,G2701250,2000-2019,5.149587978223646,31.94333267211914,-32.66666793823242,5129.9533352000735,330.0529472509935,61.853390268212586,-2.538649565992591,18.993665616396672,-32.666669958809344,4.375659382179991,10.161263465881348,145.7058219178082,936,173.2805206301213,896.5333251953125,61.72979452054795,430
