,state,county,gisjoin,year range,avg temp,max temp,min temp,hdd,cdd,avg rh,average dp,max dp,min dp,avg wind speed,max wind speed,avg ghr,max ghr,avg dnr,max dnr,avg dhr,max dhr
0,MN,Red Lake County,G2701250,2020-2039,6.20169296290323,33.26047134399414,-35.184906005859375,4851.5020144644905,435.6199459234927,60.774223197867336,-1.850818640467126,20.40634531864334,-35.18490715505489,4.419636596392279,11.77642822265625,145.7058219178082,936,171.94828810691388,895.672119140625,61.72979452054795,430
