,state,county,gisjoin,year range,avg temp,max temp,min temp,hdd,cdd,avg rh,average dp,max dp,min dp,avg wind speed,max wind speed,avg ghr,max ghr,avg dnr,max dnr,avg dhr,max dhr
0,MN,Red Lake County,G2701250,2060-2079,8.13316441368661,36.24436569213867,-29.78289222717285,4403.575078431003,692.6800894260723,62.263545782489864,0.367710035150214,21.27692910645956,-29.782894383017123,4.279654783745334,12.319689750671388,145.7058219178082,936,167.90033268966806,887.6978759765625,61.72979452054795,430
