,state,county,gisjoin,year range,avg temp,max temp,min temp,hdd,cdd,avg rh,average dp,max dp,min dp,avg wind speed,max wind speed,avg ghr,max ghr,avg dnr,max dnr,avg dhr,max dhr
0,MT,Meagher County,G3000590,2000-2019,6.399572818315711,34.6775016784668,-30.02083396911621,4647.823402467676,304.16748115221054,55.40779607862098,-3.1751957357866676,9.92571329871743,-30.020833058016503,4.941239553281705,10.781794548034668,212.55011415525115,1048,193.22959957740244,933.18701171875,59.429680365296804,482
