,state,county,gisjoin,year range,avg temp,max temp,min temp,hdd,cdd,avg rh,average dp,max dp,min dp,avg wind speed,max wind speed,avg ghr,max ghr,avg dnr,max dnr,avg dhr,max dhr
0,MT,Meagher County,G3000590,2020-2039,6.782855225307243,34.840721130371094,-34.81133270263672,4554.459881337753,350.7020385742146,55.82802381003828,-2.660806580869132,11.698639999353672,-34.81133797889913,5.129312869294049,12.334508895874023,212.55011415525115,1048,191.96881425044222,934.463134765625,59.429680365296804,482
