,state,county,gisjoin,year range,avg temp,max temp,min temp,hdd,cdd,avg rh,average dp,max dp,min dp,avg wind speed,max wind speed,avg ghr,max ghr,avg dnr,max dnr,avg dhr,max dhr
0,NE,Loup County,G3101150,2020-2039,10.39802581366573,36.880104064941406,-27.616125106811523,3647.8580621179494,763.6374841054644,59.25672839613266,1.653991143876667,21.424911785674663,-27.61612723992252,4.429369282123705,10.065232276916504,166.03013698630136,987,195.1213777780561,913.0588989257812,65.65102739726028,484
