,state,county,gisjoin,year range,avg temp,max temp,min temp,hdd,cdd,avg rh,average dp,max dp,min dp,avg wind speed,max wind speed,avg ghr,max ghr,avg dnr,max dnr,avg dhr,max dhr
0,NE,Loup County,G3101150,2060-2079,12.667380676545072,38.85866165161133,-22.27704620361328,3070.7967839352027,1014.8907308738007,60.2721597341642,4.065587016062352,23.08657452586132,-22.92675443637117,4.399570811502465,10.484318733215332,166.03013698630136,987,189.88508538096963,932.2479248046876,65.65102739726028,484
