,state,county,gisjoin,year range,avg temp,max temp,min temp,hdd,cdd,avg rh,average dp,max dp,min dp,avg wind speed,max wind speed,avg ghr,max ghr,avg dnr,max dnr,avg dhr,max dhr
0,NY,Allegany County,G3600030,2000-2019,8.293208288543589,35.5966682434082,-24.368000030517575,4026.443660901114,373.9646862188951,67.35673956566205,1.7619514743218079,19.547474561619666,-24.368000130312375,4.87424322154424,14.03592300415039,153.51118721461188,991,179.59341176532527,938.9457397460938,82.74497716894977,487
