,state,county,gisjoin,year range,avg temp,max temp,min temp,hdd,cdd,avg rh,average dp,max dp,min dp,avg wind speed,max wind speed,avg ghr,max ghr,avg dnr,max dnr,avg dhr,max dhr
0,NY,Allegany County,G3600030,2060-2079,10.859935742558498,34.63432693481445,-19.425018310546875,3316.789278300479,601.1658243338552,68.40193518198788,4.469483660370464,22.39742151269169,-19.42501898248237,5.1515003720374954,12.679166793823242,153.51118721461188,991,174.68295335209288,947.490234375,82.74497716894977,487
