,state,county,gisjoin,year range,avg temp,max temp,min temp,hdd,cdd,avg rh,average dp,max dp,min dp,avg wind speed,max wind speed,avg ghr,max ghr,avg dnr,max dnr,avg dhr,max dhr
0,NV,Churchill County,G3200010,2040-2059,14.376782246474729,42.04520797729492,-12.232370376586914,2513.9838417491706,1082.0093617121904,32.36249074658303,-4.1726120551293615,6.9015327229795576,-16.420101966498795,2.246420656403178,5.636545658111572,218.32671232876712,1065,231.25408078997538,992.1219482421876,54.54634703196347,497
