,state,county,gisjoin,year range,avg temp,max temp,min temp,hdd,cdd,avg rh,average dp,max dp,min dp,avg wind speed,max wind speed,avg ghr,max ghr,avg dnr,max dnr,avg dhr,max dhr
0,NV,Churchill County,G3200010,2080-2099,16.642953940835657,43.22462844848633,-12.43514633178711,2103.7548249229867,1498.9330133279116,32.25549467567984,-2.2060362338413433,8.982236964168365,-17.653293668364473,2.235387278188309,5.270431041717529,218.32671232876712,1065,230.11769022848532,992.9284057617188,54.54634703196347,497
