,state,county,gisjoin,year range,avg temp,max temp,min temp,hdd,cdd,avg rh,average dp,max dp,min dp,avg wind speed,max wind speed,avg ghr,max ghr,avg dnr,max dnr,avg dhr,max dhr
0,NY,Genesee County,G3600370,2060-2079,11.984531387092819,35.221092224121094,-16.06463623046875,3076.2013289746355,771.0552852631049,71.9518294530372,6.511528191270196,24.83719222286081,-16.064637625389647,4.747292678650111,12.269638061523438,154.09634703196346,981,164.26248180681804,880.2986450195312,74.59543378995434,486
