,state,county,gisjoin,year range,avg temp,max temp,min temp,hdd,cdd,avg rh,average dp,max dp,min dp,avg wind speed,max wind speed,avg ghr,max ghr,avg dnr,max dnr,avg dhr,max dhr
0,NM,Grant County,G3500170,1980-1999,12.223444812421551,33.28874969482422,-16.628124237060547,2769.0178162246193,551.0751727581279,45.582730343243846,-1.2348100552568229,17.13346994463445,-17.50872899871843,4.575739261222212,12.165719032287598,238.67431506849314,1072,245.57800560907256,1049.664306640625,58.818949771689496,466
