,state,county,gisjoin,year range,avg temp,max temp,min temp,hdd,cdd,avg rh,average dp,max dp,min dp,avg wind speed,max wind speed,avg ghr,max ghr,avg dnr,max dnr,avg dhr,max dhr
0,NM,Grant County,G3500170,2000-2019,13.343139932556323,35.87812423706055,-10.583749771118164,2511.9777622472106,702.7238376299923,46.16097702669771,0.07484624310957876,16.58925373077471,-13.91467026093399,4.53668714353483,12.153972625732422,238.67431506849314,1072,244.76596317331828,1056.409912109375,58.818949771689496,466
