,state,county,gisjoin,year range,avg temp,max temp,min temp,hdd,cdd,avg rh,average dp,max dp,min dp,avg wind speed,max wind speed,avg ghr,max ghr,avg dnr,max dnr,avg dhr,max dhr
0,VA,Amherst County,G5100090,2000-2019,14.087153461829004,36.723751068115234,-13.237500190734863,2380.2491072219004,842.5601207892629,67.14165606280984,7.223928099714495,21.583353384279032,-13.23750093681766,4.6562278260923415,11.377817153930664,182.35730593607306,1009,191.2572380453592,953.6185913085938,73.56598173515982,577
