,state,county,gisjoin,year range,avg temp,max temp,min temp,hdd,cdd,avg rh,average dp,max dp,min dp,avg wind speed,max wind speed,avg ghr,max ghr,avg dnr,max dnr,avg dhr,max dhr
0,NM,Curry County,G3500090,2000-2019,14.625452511888055,39.3569221496582,-15.00076961517334,2367.1491752466322,1025.9393420855824,46.28743859676466,1.5030588748520461,16.9802185097779,-18.82224931027164,4.432580472780689,9.118607521057127,215.72865296803653,1052,233.18565664546048,1011.6283569335938,62.91917808219178,531
