,state,county,gisjoin,year range,avg temp,max temp,min temp,hdd,cdd,avg rh,average dp,max dp,min dp,avg wind speed,max wind speed,avg ghr,max ghr,avg dnr,max dnr,avg dhr,max dhr
0,NM,Curry County,G3500090,2060-2079,16.878551845168072,43.55165863037109,-11.007779121398926,1935.357950477379,1416.5293739637161,46.46543809077511,3.397651410393174,20.306055532042613,-17.600536754409355,4.4947622208290445,10.641963005065918,215.72865296803653,1052,231.59004755029537,988.1074829101562,62.91917808219178,531
