,state,county,gisjoin,year range,avg temp,max temp,min temp,hdd,cdd,avg rh,average dp,max dp,min dp,avg wind speed,max wind speed,avg ghr,max ghr,avg dnr,max dnr,avg dhr,max dhr
0,TX,Montgomery County,G4803390,2000-2019,20.777512557447473,38.56941223144531,-2.782352924346924,949.3360054668274,1853.6280889350728,69.39081908165048,14.334426508032118,25.868883806440508,-3.549316868190292,4.075796374556137,8.132948875427246,177.42979452054794,1007,200.25901926761773,966.3428344726562,82.63892694063927,684
