,state,county,gisjoin,year range,avg temp,max temp,min temp,hdd,cdd,avg rh,average dp,max dp,min dp,avg wind speed,max wind speed,avg ghr,max ghr,avg dnr,max dnr,avg dhr,max dhr
0,TX,Hood County,G4802210,2060-2079,21.162188456502605,42.17710113525391,-6.370517253875732,1125.8666828163039,2170.565469439622,63.37926996679611,12.969745545413586,27.8185557628962,-6.370517774720169,4.576226511066907,9.767640113830566,195.66723744292239,1025,204.2907248511826,942.696044921875,70.31438356164384,612
