,state,county,gisjoin,year range,avg temp,max temp,min temp,hdd,cdd,avg rh,average dp,max dp,min dp,avg wind speed,max wind speed,avg ghr,max ghr,avg dnr,max dnr,avg dhr,max dhr
0,MN,Koochiching County,G2700710,2020-2039,4.865457328720115,33.735626220703125,-39.51878356933594,5255.265084079046,351.6570090611717,65.42319333825482,-1.9657933985516105,20.37835862290014,-39.51878427863512,4.630603456497193,10.86717700958252,143.99874429223743,923,165.40884842951098,904.9912719726562,66.3134703196347,476
