,state,county,gisjoin,year range,avg temp,max temp,min temp,hdd,cdd,avg rh,average dp,max dp,min dp,avg wind speed,max wind speed,avg ghr,max ghr,avg dnr,max dnr,avg dhr,max dhr
0,MN,Koochiching County,G2700710,2060-2079,7.0142106890574745,35.74308776855469,-33.34680938720703,4669.581774235213,550.2686757405803,65.60346018386214,0.08657662458103645,21.932094916954703,-33.34680934893491,4.571826250585791,9.725646018981934,143.99874429223743,923,163.53652711856037,897.359130859375,66.3134703196347,476
