,state,county,gisjoin,year range,avg temp,max temp,min temp,hdd,cdd,avg rh,average dp,max dp,min dp,avg wind speed,max wind speed,avg ghr,max ghr,avg dnr,max dnr,avg dhr,max dhr
0,PA,Monroe County,G4200890,2020-2039,10.412043983691433,33.94559097290039,-21.72551918029785,3398.4146401867383,519.310694233598,69.52909364547904,4.33211642581939,22.465918831857227,-21.725521514206857,4.127378025446853,10.705406188964844,161.13835616438357,975,182.30590166119407,944.2846069335938,77.62054794520547,483
