,state,county,gisjoin,year range,avg temp,max temp,min temp,hdd,cdd,avg rh,average dp,max dp,min dp,avg wind speed,max wind speed,avg ghr,max ghr,avg dnr,max dnr,avg dhr,max dhr
0,NJ,Morris County,G3400270,2040-2059,13.030895425848048,36.021610260009766,-16.179391860961914,2758.010161305127,834.7869917393209,71.45341847563444,7.303622699080039,24.518185229200235,-16.179393485685054,4.6968622449326185,11.36623764038086,156.19155251141552,959,176.04374574540748,924.3329467773438,74.37865296803653,451
