,state,county,gisjoin,year range,avg temp,max temp,min temp,hdd,cdd,avg rh,average dp,max dp,min dp,avg wind speed,max wind speed,avg ghr,max ghr,avg dnr,max dnr,avg dhr,max dhr
0,IN,Jennings County,G1800790,2000-2019,13.005134814362478,34.48466491699219,-27.444000244140625,2767.5640390241247,834.9382462660961,69.4363704761958,6.811562337689369,24.386926512550176,-27.444001162761477,4.199872704728009,9.54894733428955,153.51255707762556,995,183.8946200249897,947.3413696289062,75.6310502283105,626
