,state,county,gisjoin,year range,avg temp,max temp,min temp,hdd,cdd,avg rh,average dp,max dp,min dp,avg wind speed,max wind speed,avg ghr,max ghr,avg dnr,max dnr,avg dhr,max dhr
0,IN,Jennings County,G1800790,2020-2039,13.242049329438418,35.69523239135742,-14.879793167114258,2709.595765577228,863.4437708219419,70.1466253957792,7.201988694364054,24.418845849018144,-14.986884121478974,4.124538509418431,10.49583339691162,153.51255707762556,995,181.4024250355635,926.9788208007812,75.6310502283105,626
