,state,county,gisjoin,year range,avg temp,max temp,min temp,hdd,cdd,avg rh,average dp,max dp,min dp,avg wind speed,max wind speed,avg ghr,max ghr,avg dnr,max dnr,avg dhr,max dhr
0,IN,Jennings County,G1800790,2040-2059,14.881705603971238,37.39508819580078,-12.619951248168944,2339.7857468125026,1092.1082922618257,70.68630881178869,8.949157429393459,25.23201968661647,-12.7802327088001,4.059659846759822,10.482584953308104,153.51255707762556,995,177.4806010571713,907.0187377929688,75.6310502283105,626
