,state,county,gisjoin,year range,avg temp,max temp,min temp,hdd,cdd,avg rh,average dp,max dp,min dp,avg wind speed,max wind speed,avg ghr,max ghr,avg dnr,max dnr,avg dhr,max dhr
0,IN,Jennings County,G1800790,2080-2099,16.951803655552503,41.45729064941406,-12.53020477294922,2002.8542507276045,1510.7625850041566,71.08867612342311,10.980117324300823,27.1020184123419,-12.530205423560911,4.0827722759687735,10.98133373260498,153.51255707762556,995,174.41279378593225,921.672607421875,75.6310502283105,626
