,state,county,gisjoin,year range,avg temp,max temp,min temp,hdd,cdd,avg rh,average dp,max dp,min dp,avg wind speed,max wind speed,avg ghr,max ghr,avg dnr,max dnr,avg dhr,max dhr
0,KS,Wallace County,G2001990,2040-2059,14.132674933437281,41.262840270996094,-20.196626663208008,2709.2687049553138,1188.195055659678,51.44818927272814,2.7073129831170157,20.74248655794848,-20.196628331609777,4.425426027069897,10.400238037109377,199.1041095890411,1020,211.15857935170766,969.7198486328124,59.276826484018265,477
