,state,county,gisjoin,year range,avg temp,max temp,min temp,hdd,cdd,avg rh,average dp,max dp,min dp,avg wind speed,max wind speed,avg ghr,max ghr,avg dnr,max dnr,avg dhr,max dhr
0,KY,Estill County,G2100650,1980-1999,12.666546760519411,34.11750030517578,-24.49625015258789,2756.1499788528276,699.9395464420703,69.19120904735234,6.36261043989668,22.155152311580984,-24.496252595246624,3.8039067225777394,9.624677658081056,164.45856164383562,1000,190.06979882365272,950.5602416992188,77.09246575342466,660
