,state,county,gisjoin,year range,avg temp,max temp,min temp,hdd,cdd,avg rh,average dp,max dp,min dp,avg wind speed,max wind speed,avg ghr,max ghr,avg dnr,max dnr,avg dhr,max dhr
0,KY,Estill County,G2100650,2080-2099,17.708202776836657,38.016357421875,-13.447455406188965,1731.8632391319163,1515.8572526772657,70.70771752797306,11.582843639188473,26.357669327616563,-13.447455177625796,3.7088163644483645,9.67839813232422,164.45856164383562,1000,178.97814857623135,938.3677368164062,77.09246575342466,660
