,state,county,gisjoin,year range,avg temp,max temp,min temp,hdd,cdd,avg rh,average dp,max dp,min dp,avg wind speed,max wind speed,avg ghr,max ghr,avg dnr,max dnr,avg dhr,max dhr
0,MN,Pipestone County,G2701170,1980-1999,5.7650253978311765,35.52692413330078,-38.18769073486328,4965.048653188727,389.78292339642866,64.90619549294041,-1.1402325773096418,22.168150455959363,-38.18769185541808,4.66161540403758,9.42823600769043,159.0060502283105,961,181.72963353561695,928.54443359375,64.93424657534247,494
