,state,county,gisjoin,year range,avg temp,max temp,min temp,hdd,cdd,avg rh,average dp,max dp,min dp,avg wind speed,max wind speed,avg ghr,max ghr,avg dnr,max dnr,avg dhr,max dhr
0,LA,Catahoula Parish,G2200250,2040-2059,20.990508862706466,39.00918197631836,-7.060636520385742,1015.7335078279121,1997.769242715668,70.88349080695409,14.827044835653139,27.44497949510112,-7.060636909648187,3.5003218208273794,8.913789749145508,193.32271689497716,1024,194.13621174239952,904.41455078125,77.7404109589041,669
