,state,county,gisjoin,year range,avg temp,max temp,min temp,hdd,cdd,avg rh,average dp,max dp,min dp,avg wind speed,max wind speed,avg ghr,max ghr,avg dnr,max dnr,avg dhr,max dhr
0,LA,Catahoula Parish,G2200250,2060-2079,21.45176710284046,38.35039138793945,-4.253056049346924,917.6480951999409,2068.043087736564,69.98723066974448,15.094801537922468,26.673445442344686,-4.253056242908143,3.535211767235847,8.460992813110352,193.32271689497716,1024,193.39320296407467,916.69482421875,77.7404109589041,669
