,state,county,gisjoin,year range,avg temp,max temp,min temp,hdd,cdd,avg rh,average dp,max dp,min dp,avg wind speed,max wind speed,avg ghr,max ghr,avg dnr,max dnr,avg dhr,max dhr
0,LA,Catahoula Parish,G2200250,2080-2099,22.637357130156712,41.72035217285156,-6.156059265136719,855.7336449076579,2438.8689974146523,71.18208950251748,16.50026338021452,29.11254901194236,-6.156059916284194,3.4052783361852987,8.319835662841797,193.32271689497716,1024,189.34393771200712,924.9071655273438,77.7404109589041,669
