,state,county,gisjoin,year range,avg temp,max temp,min temp,hdd,cdd,avg rh,average dp,max dp,min dp,avg wind speed,max wind speed,avg ghr,max ghr,avg dnr,max dnr,avg dhr,max dhr
0,NJ,Warren County,G3400410,2060-2079,13.402217246806513,35.17624282836914,-12.974468231201172,2688.034259428643,900.3435545127136,70.72796702188988,7.498849643220377,25.973297078039028,-12.97446907744766,4.269900550608221,11.070199966430664,161.13835616438357,975,174.78351230006558,923.8153076171876,77.1087899543379,483
