,state,county,gisjoin,year range,avg temp,max temp,min temp,hdd,cdd,avg rh,average dp,max dp,min dp,avg wind speed,max wind speed,avg ghr,max ghr,avg dnr,max dnr,avg dhr,max dhr
0,ND,Ransom County,G3800730,2060-2079,9.419799191010105,40.85564804077149,-26.43853187561035,4039.44892515195,798.1756298701353,60.99331841730092,1.2775130752196575,22.92367597037534,-26.59582550106533,3.964477992819869,8.424721717834473,160.44897260273973,935,175.36580500624385,886.9705200195312,67.16506849315068,433
