,state,county,gisjoin,year range,avg temp,max temp,min temp,hdd,cdd,avg rh,average dp,max dp,min dp,avg wind speed,max wind speed,avg ghr,max ghr,avg dnr,max dnr,avg dhr,max dhr
0,LA,Avoyelles Parish,G2200090,1980-1999,19.063994813098713,35.20133209228516,-5.5926666259765625,1202.035605834854,1480.8937126159763,70.94208172314788,13.033228878975548,26.300174672456237,-5.592667042471405,3.374508749948789,9.05002784729004,177.62431506849316,1015,201.05219977010174,912.2979736328124,77.92808219178082,590
