,state,county,gisjoin,year range,avg temp,max temp,min temp,hdd,cdd,avg rh,average dp,max dp,min dp,avg wind speed,max wind speed,avg ghr,max ghr,avg dnr,max dnr,avg dhr,max dhr
0,LA,Avoyelles Parish,G2200090,2000-2019,19.834708614319087,38.369998931884766,-5.299333095550537,1095.5567110489326,1655.7253552753928,71.11520048994996,13.812037648119391,25.41213771822665,-5.563152791483376,3.4383041799884952,8.99025821685791,177.62431506849316,1015,197.22950959680847,922.3403930664062,77.92808219178082,590
