,state,county,gisjoin,year range,avg temp,max temp,min temp,hdd,cdd,avg rh,average dp,max dp,min dp,avg wind speed,max wind speed,avg ghr,max ghr,avg dnr,max dnr,avg dhr,max dhr
0,OH,Van Wert County,G3901610,1980-1999,9.8307162025099,33.03733444213867,-27.58133316040039,3619.120698682849,527.8321125984419,70.1250801981312,3.9852192828274453,23.06872558551892,-27.58133564848879,3.87173144636361,8.577999114990234,161.35730593607306,996,179.86354451446692,926.1026611328124,77.84006849315068,499
