,state,county,gisjoin,year range,avg temp,max temp,min temp,hdd,cdd,avg rh,average dp,max dp,min dp,avg wind speed,max wind speed,avg ghr,max ghr,avg dnr,max dnr,avg dhr,max dhr
0,OH,Van Wert County,G3901610,2000-2019,11.002566398012616,36.54600143432617,-27.04800033569336,3340.186518675388,676.6232539495169,69.83593765502651,5.051567967437531,24.17316285854597,-27.048003051279768,3.733809357010611,9.458189010620115,161.35730593607306,996,180.1211210679256,933.2020263671876,77.84006849315068,499
