,state,county,gisjoin,year range,avg temp,max temp,min temp,hdd,cdd,avg rh,average dp,max dp,min dp,avg wind speed,max wind speed,avg ghr,max ghr,avg dnr,max dnr,avg dhr,max dhr
0,OH,Van Wert County,G3901610,2020-2039,11.666114176035387,35.512664794921875,-23.28184700012207,3145.7265422080923,724.3582164605864,70.12682544150853,5.725062471781767,23.01828004419079,-23.281848962102224,3.6438071301742774,8.682981491088867,161.35730593607306,996,179.13818626485212,929.907470703125,77.84006849315068,499
