,state,county,gisjoin,year range,avg temp,max temp,min temp,hdd,cdd,avg rh,average dp,max dp,min dp,avg wind speed,max wind speed,avg ghr,max ghr,avg dnr,max dnr,avg dhr,max dhr
0,KS,Linn County,G2001070,2020-2039,14.705913031457808,38.3577880859375,-21.2951717376709,2447.684591612488,1135.8428480943687,67.35562644266102,7.951726858960631,25.27141686741363,-21.295172616977748,4.312670912807935,10.538219451904297,177.62157534246575,976,187.20613053127894,919.1163330078124,65.10981735159817,608
