,state,county,gisjoin,year range,avg temp,max temp,min temp,hdd,cdd,avg rh,average dp,max dp,min dp,avg wind speed,max wind speed,avg ghr,max ghr,avg dnr,max dnr,avg dhr,max dhr
0,MD,Dorchester County,G2400190,1980-1999,13.602293720836357,37.55785751342773,-12.384285926818848,2472.362165871461,757.6993739764347,70.0296104731625,7.632339506038328,22.473914399931868,-13.31800249302438,3.153044913566276,8.075434684753418,173.77739726027397,973,183.48605660357708,931.1166381835938,72.64577625570776,493
