,state,county,gisjoin,year range,avg temp,max temp,min temp,hdd,cdd,avg rh,average dp,max dp,min dp,avg wind speed,max wind speed,avg ghr,max ghr,avg dnr,max dnr,avg dhr,max dhr
0,MD,Dorchester County,G2400190,2000-2019,14.943485601967947,36.808570861816406,-14.010714530944824,2217.746850162358,992.6190948804823,70.55646029803306,9.047725697838466,24.34760068691245,-14.010715190625737,3.1983940098383656,8.134883880615234,173.77739726027397,973,180.1309563785668,905.1051025390624,72.64577625570776,493
