,state,county,gisjoin,year range,avg temp,max temp,min temp,hdd,cdd,avg rh,average dp,max dp,min dp,avg wind speed,max wind speed,avg ghr,max ghr,avg dnr,max dnr,avg dhr,max dhr
0,MD,Dorchester County,G2400190,2020-2039,15.35613703278391,35.09807586669922,-14.895917892456056,2067.8091320386316,993.2991490046799,70.23481134323225,9.394843667994888,25.28148630817912,-14.89591909140926,3.1289599590105555,8.544902801513672,173.77739726027397,973,179.8330953298009,885.9796142578125,72.64577625570776,493
