,state,county,gisjoin,year range,avg temp,max temp,min temp,hdd,cdd,avg rh,average dp,max dp,min dp,avg wind speed,max wind speed,avg ghr,max ghr,avg dnr,max dnr,avg dhr,max dhr
0,MD,Dorchester County,G2400190,2040-2059,16.72010688972564,37.80610275268555,-9.666547775268556,1877.7785831003696,1301.117597850242,71.86086624223891,11.05201745769232,26.786723491851845,-9.666548998710782,3.231333894109073,7.889361381530762,173.77739726027397,973,176.4057368757723,897.5845336914062,72.64577625570776,493
