,state,county,gisjoin,year range,avg temp,max temp,min temp,hdd,cdd,avg rh,average dp,max dp,min dp,avg wind speed,max wind speed,avg ghr,max ghr,avg dnr,max dnr,avg dhr,max dhr
0,TX,San Augustine County,G4804050,2080-2099,22.85527134897298,41.35722732543945,-5.66740608215332,804.1684736020412,2466.84251597696,70.2468463370789,16.45026589598827,30.3398111626386,-5.667406463498937,4.061048452494895,9.393954277038574,192.80376712328768,1007,189.88044617354632,913.443115234375,76.02956621004566,589
