,state,county,gisjoin,year range,avg temp,max temp,min temp,hdd,cdd,avg rh,average dp,max dp,min dp,avg wind speed,max wind speed,avg ghr,max ghr,avg dnr,max dnr,avg dhr,max dhr
0,MS,Leake County,G2800790,2000-2019,18.041943002217682,36.88399887084961,-12.444499969482422,1542.7019322664185,1448.511128075935,69.47594905073784,11.593040592993102,24.41630626673491,-12.44450092394838,3.633946901682305,8.694494247436523,191.8788812785388,1032,199.42172315484703,927.5845947265624,79.89269406392694,569
