,state,county,gisjoin,year range,avg temp,max temp,min temp,hdd,cdd,avg rh,average dp,max dp,min dp,avg wind speed,max wind speed,avg ghr,max ghr,avg dnr,max dnr,avg dhr,max dhr
0,VT,Addison County,G5000010,2080-2099,12.83040757227562,37.94159698486328,-18.393184661865234,2916.647618276833,920.2463821570615,70.22409399110977,6.797627407488877,25.541733486147294,-18.393185385393306,4.487495745956625,11.39125919342041,153.10707762557078,1007,165.5016403233828,889.7186279296875,73.67831050228311,517
