,state,county,gisjoin,year range,avg temp,max temp,min temp,hdd,cdd,avg rh,average dp,max dp,min dp,avg wind speed,max wind speed,avg ghr,max ghr,avg dnr,max dnr,avg dhr,max dhr
0,GA,Fayette County,G1301130,2020-2039,17.65585262444568,37.857818603515625,-10.839995384216309,1495.5367187734018,1260.4229266962245,69.56539120434626,11.292089466298927,23.612769063940327,-10.922300855511851,3.717111228984785,9.31593418121338,192.45045662100458,1018,195.00940423566794,932.3778076171876,82.34703196347031,551
