,state,county,gisjoin,year range,avg temp,max temp,min temp,hdd,cdd,avg rh,average dp,max dp,min dp,avg wind speed,max wind speed,avg ghr,max ghr,avg dnr,max dnr,avg dhr,max dhr
0,GA,Fayette County,G1301130,2040-2059,19.080039889044382,37.53067779541016,-5.175363540649414,1316.2596951545524,1600.9742546557761,69.14422898205449,12.556295043596597,25.448151503859275,-5.17536395101089,3.6907605011985725,8.758955001831055,192.45045662100458,1018,192.7590828140416,955.373046875,82.34703196347031,551
