,state,county,gisjoin,year range,avg temp,max temp,min temp,hdd,cdd,avg rh,average dp,max dp,min dp,avg wind speed,max wind speed,avg ghr,max ghr,avg dnr,max dnr,avg dhr,max dhr
0,GA,Fayette County,G1301130,2080-2099,20.91893377780564,41.00132751464844,-6.122433185577393,1068.025078766759,2023.935907665702,70.0729041791942,14.563827004825235,27.961858419570163,-6.122433836521237,3.8172964786557846,9.825855255126951,192.45045662100458,1018,187.52246248430583,918.1240844726562,82.34703196347031,551
