,state,county,gisjoin,year range,avg temp,max temp,min temp,hdd,cdd,avg rh,average dp,max dp,min dp,avg wind speed,max wind speed,avg ghr,max ghr,avg dnr,max dnr,avg dhr,max dhr
0,PA,Blair County,G4200130,2040-2059,12.3391405165976,34.10225296020508,-18.172704696655277,2902.414414284362,726.7007028421162,69.6540905671577,6.227958298738784,22.727337622595197,-18.172704311997368,4.467228919839206,11.721256256103516,154.90456621004566,981,177.34553101820953,942.0435791015624,76.99292237442923,504
