,state,county,gisjoin,year range,avg temp,max temp,min temp,hdd,cdd,avg rh,average dp,max dp,min dp,avg wind speed,max wind speed,avg ghr,max ghr,avg dnr,max dnr,avg dhr,max dhr
0,CO,Costilla County,G0800230,1980-1999,5.897781728193174,29.24307632446289,-27.56846237182617,4741.905562195855,215.0958929856566,43.04570194161646,-7.379564689226859,6.559409143590915,-28.618007279821573,3.2372481756014366,8.928045272827148,204.29748858447488,1027,248.53779856888454,1072.19921875,62.016780821917806,456
