,state,county,gisjoin,year range,avg temp,max temp,min temp,hdd,cdd,avg rh,average dp,max dp,min dp,avg wind speed,max wind speed,avg ghr,max ghr,avg dnr,max dnr,avg dhr,max dhr
0,CO,Costilla County,G0800230,2020-2039,7.697988851372527,30.96787452697754,-21.942461013793945,4197.483965585268,327.7498963355933,45.4638085201995,-4.986592726926397,9.977024855082878,-23.97186724059004,3.154742007222894,7.658215999603271,204.29748858447488,1027,244.13739495337802,1041.4539794921875,62.016780821917806,456
