,state,county,gisjoin,year range,avg temp,max temp,min temp,hdd,cdd,avg rh,average dp,max dp,min dp,avg wind speed,max wind speed,avg ghr,max ghr,avg dnr,max dnr,avg dhr,max dhr
0,OR,Douglas County,G4100190,2000-2019,12.926580965050713,35.728572845458984,-3.1685714721679688,2451.3815483096755,490.0836005528904,63.04420564435933,4.58945500369838,12.897232116699715,-8.790237923415814,4.53398262931876,12.10598373413086,164.96632420091325,974,181.47232611732102,919.0021362304688,64.34474885844749,480
