,state,county,gisjoin,year range,avg temp,max temp,min temp,hdd,cdd,avg rh,average dp,max dp,min dp,avg wind speed,max wind speed,avg ghr,max ghr,avg dnr,max dnr,avg dhr,max dhr
0,OR,Douglas County,G4100190,2040-2059,14.218074401136441,39.4864387512207,-2.52503514289856,2129.557818840665,639.654975255357,61.752560830334005,5.4458873126034,13.4444778877491,-4.690167701809441,4.413197478856126,10.78196620941162,164.96632420091325,974,181.3463051339429,907.6563110351562,64.34474885844749,480
