,state,county,gisjoin,year range,avg temp,max temp,min temp,hdd,cdd,avg rh,average dp,max dp,min dp,avg wind speed,max wind speed,avg ghr,max ghr,avg dnr,max dnr,avg dhr,max dhr
0,OR,Douglas County,G4100190,2080-2099,16.16599757098614,41.72281646728516,-2.2525863647460938,1711.2930673443855,932.3821807543915,61.103108010553335,7.020744787440934,15.643508495248868,-2.9600503980346606,4.5304586632611,11.801298141479492,164.96632420091325,974,180.66129516957295,898.9332275390625,64.34474885844749,480
