,state,county,gisjoin,year range,avg temp,max temp,min temp,hdd,cdd,avg rh,average dp,max dp,min dp,avg wind speed,max wind speed,avg ghr,max ghr,avg dnr,max dnr,avg dhr,max dhr
0,KS,Douglas County,G2000450,2000-2019,13.59045493366404,39.32083511352539,-20.53416633605957,2744.0042303053083,1025.0202810923847,67.36621161443458,6.908089440421411,24.93964548152767,-20.534168057770607,3.821678021672654,10.37328052520752,177.62157534246575,976,186.18518999894783,940.917724609375,65.10993150684932,608
