,state,county,gisjoin,year range,avg temp,max temp,min temp,hdd,cdd,avg rh,average dp,max dp,min dp,avg wind speed,max wind speed,avg ghr,max ghr,avg dnr,max dnr,avg dhr,max dhr
0,KS,Stevens County,G2001890,2020-2039,14.319456736791585,41.36801910400391,-22.614688873291016,2598.719726967933,1145.8214358966222,51.10811955525995,2.869621406616003,20.082749281765963,-22.6248298602486,4.295818563737826,12.50132179260254,169.18561643835616,983,215.174524692625,975.581298828125,64.44828767123288,662
