,state,county,gisjoin,year range,avg temp,max temp,min temp,hdd,cdd,avg rh,average dp,max dp,min dp,avg wind speed,max wind speed,avg ghr,max ghr,avg dnr,max dnr,avg dhr,max dhr
0,KS,Stevens County,G2001890,2080-2099,18.034712237745687,44.044918060302734,-15.152301788330078,1968.5393042882836,1871.7092710652796,50.122843355784134,5.91887620627732,25.013424470659704,-17.213203263182034,4.287502050631122,9.710890769958496,169.18561643835616,983,212.22959083581296,957.7655029296876,64.44828767123288,662
