,state,county,gisjoin,year range,avg temp,max temp,min temp,hdd,cdd,avg rh,average dp,max dp,min dp,avg wind speed,max wind speed,avg ghr,max ghr,avg dnr,max dnr,avg dhr,max dhr
0,SD,Jerauld County,G4600730,2000-2019,8.962671601978387,40.240665435791016,-31.07466697692871,4098.114293417201,689.9894281387669,61.06796051280139,0.9430543195250924,21.085544049035416,-31.23648013563032,4.40522484537129,9.892680168151855,170.18299086757992,958,184.3730982782896,907.7529907226562,69.37066210045663,567
