,state,county,gisjoin,year range,avg temp,max temp,min temp,hdd,cdd,avg rh,average dp,max dp,min dp,avg wind speed,max wind speed,avg ghr,max ghr,avg dnr,max dnr,avg dhr,max dhr
0,OH,Carroll County,G3900190,1980-1999,9.641443871897318,33.65733337402344,-22.097999572753903,3614.113255099741,453.7402683417124,68.74215698155093,3.451029715680222,20.068662095954306,-22.407404498351493,3.8958249428500866,9.23374843597412,153.82751141552512,1000,182.16804710073373,944.2576904296876,81.43219178082192,531
