,state,county,gisjoin,year range,avg temp,max temp,min temp,hdd,cdd,avg rh,average dp,max dp,min dp,avg wind speed,max wind speed,avg ghr,max ghr,avg dnr,max dnr,avg dhr,max dhr
0,MO,Adair County,G2900010,2040-2059,13.950228282821882,39.661231994628906,-18.58393096923828,2712.9546481079965,1125.287971337699,68.4162900561067,7.487320396667207,26.92547002863392,-18.583931363195173,4.368768272334582,10.229679107666016,161.17808219178082,971,182.00782388083869,906.6829833984376,69.05867579908676,559
