,state,county,gisjoin,year range,avg temp,max temp,min temp,hdd,cdd,avg rh,average dp,max dp,min dp,avg wind speed,max wind speed,avg ghr,max ghr,avg dnr,max dnr,avg dhr,max dhr
0,NM,Valencia County,G3500610,2000-2019,14.734882962662216,39.005001068115234,-16.508750915527344,2400.604752170518,1099.3370335420607,36.95011098874758,-2.015529436445969,16.756153779201785,-23.391673947176557,3.3892999302851012,8.981013298034668,226.07305936073058,1088,241.96480389318396,1032.6640625,60.84452054794521,564
