,state,county,gisjoin,year range,avg temp,max temp,min temp,hdd,cdd,avg rh,average dp,max dp,min dp,avg wind speed,max wind speed,avg ghr,max ghr,avg dnr,max dnr,avg dhr,max dhr
0,NM,Valencia County,G3500610,2080-2099,18.73105689130389,42.49887847900391,-9.413681030273438,1671.8519163490146,1829.187681674841,37.17881713730015,1.6654555305043919,18.34071925187573,-14.607549520279926,3.310767556216619,8.512174606323242,226.07305936073058,1088,239.0448291759552,1012.257080078125,60.84452054794521,564
