,state,county,gisjoin,year range,avg temp,max temp,min temp,hdd,cdd,avg rh,average dp,max dp,min dp,avg wind speed,max wind speed,avg ghr,max ghr,avg dnr,max dnr,avg dhr,max dhr
0,MS,Forrest County,G2800350,2000-2019,19.694126704004358,37.48625183105469,-8.498125076293945,1160.1722740674875,1669.0285210290724,70.30348033251828,13.385716244446808,26.16799971497612,-8.498125831163671,3.5566306770664373,8.428645133972168,192.10856164383563,1002,197.95272493643975,932.0756225585938,76.92043378995434,623
