,state,county,gisjoin,year range,avg temp,max temp,min temp,hdd,cdd,avg rh,average dp,max dp,min dp,avg wind speed,max wind speed,avg ghr,max ghr,avg dnr,max dnr,avg dhr,max dhr
0,MS,Forrest County,G2800350,2040-2059,20.93483105517762,38.4907341003418,-6.812163352966309,987.7925916598805,1949.5059267996082,69.54063872528947,14.436326944230926,27.353682664006016,-6.812163887720228,3.448445233621009,8.279163360595703,192.10856164383563,1002,194.47108644083352,930.1290893554688,76.92043378995434,623
