,state,county,gisjoin,year range,avg temp,max temp,min temp,hdd,cdd,avg rh,average dp,max dp,min dp,avg wind speed,max wind speed,avg ghr,max ghr,avg dnr,max dnr,avg dhr,max dhr
0,MS,Forrest County,G2800350,2080-2099,23.03387271053196,41.3474235534668,-5.693058490753174,779.9155994910612,2507.7791388349956,70.42222054320384,16.64740778518797,29.913786591282086,-5.69305886931117,3.542899043919289,8.083525657653809,192.10856164383563,1002,188.41366403404848,913.2294921875,76.92043378995434,623
