,state,county,gisjoin,year range,avg temp,max temp,min temp,hdd,cdd,avg rh,average dp,max dp,min dp,avg wind speed,max wind speed,avg ghr,max ghr,avg dnr,max dnr,avg dhr,max dhr
0,TX,Robertson County,G4803950,1980-1999,19.087619100839536,38.99187469482422,-5.583749771118164,1280.7200352258753,1568.2010070323577,66.04495240542443,11.834274818716397,24.03868909482573,-6.348652375045938,4.412454101810717,9.791488647460938,182.03538812785388,1011,206.0245384831638,947.7517700195312,74.63207762557077,666
