,state,county,gisjoin,year range,avg temp,max temp,min temp,hdd,cdd,avg rh,average dp,max dp,min dp,avg wind speed,max wind speed,avg ghr,max ghr,avg dnr,max dnr,avg dhr,max dhr
0,VA,Hopewell city,G5106700,1980-1999,14.578528588019486,36.257999420166016,-10.506667137145996,2264.6475707791355,906.310505406118,68.34579065662541,8.050751049467193,23.037840329811377,-11.530541819173695,3.8935855849148475,9.137775421142578,177.37933789954337,997,190.23715839250727,927.8857421875,76.7175799086758,520
