,state,county,gisjoin,year range,avg temp,max temp,min temp,hdd,cdd,avg rh,average dp,max dp,min dp,avg wind speed,max wind speed,avg ghr,max ghr,avg dnr,max dnr,avg dhr,max dhr
0,VA,Hopewell city,G5106700,2060-2079,18.028184345200152,39.25837326049805,-7.929598331451416,1637.429337753245,1538.216623751284,69.43704849334613,11.63623082209646,26.300374349821038,-7.929598405099074,3.916932981634793,11.06352996826172,177.37933789954337,997,182.63291297030645,936.5645751953124,76.7175799086758,520
