,state,county,gisjoin,year range,avg temp,max temp,min temp,hdd,cdd,avg rh,average dp,max dp,min dp,avg wind speed,max wind speed,avg ghr,max ghr,avg dnr,max dnr,avg dhr,max dhr
0,TX,Baylor County,G4800230,2060-2079,20.516404267825074,43.52150344848633,-5.388545989990234,1282.2777620997736,2091.2653198558264,60.46453076671792,11.566965152542526,26.099867050909342,-8.239601897710434,4.647761085643071,9.267048835754396,205.0013698630137,1068,205.86794445278605,924.6263427734376,70.75148401826485,490
