,state,county,gisjoin,year range,avg temp,max temp,min temp,hdd,cdd,avg rh,average dp,max dp,min dp,avg wind speed,max wind speed,avg ghr,max ghr,avg dnr,max dnr,avg dhr,max dhr
0,IL,Pulaski County,G1701530,1980-1999,13.567884895419617,36.11562347412109,-19.701250076293945,2590.1392948951816,862.9172817230739,70.4305232300606,7.61394758975007,23.328664776170147,-19.70125073331284,3.8339839838139,8.843003273010254,173.54075342465754,1012,188.31895166041284,908.1157836914062,72.39794520547945,631
