,state,county,gisjoin,year range,avg temp,max temp,min temp,hdd,cdd,avg rh,average dp,max dp,min dp,avg wind speed,max wind speed,avg ghr,max ghr,avg dnr,max dnr,avg dhr,max dhr
0,IL,Pulaski County,G1701530,2000-2019,15.235833759567784,36.002498626708984,-12.670624732971191,2233.7711670087397,1115.350489250886,69.08865608820632,8.881916899748107,24.621568663268462,-12.761369363136332,3.676639213069389,8.912424087524414,173.54075342465754,1012,187.77491406267973,917.1273803710938,72.39794520547945,631
