,state,county,gisjoin,year range,avg temp,max temp,min temp,hdd,cdd,avg rh,average dp,max dp,min dp,avg wind speed,max wind speed,avg ghr,max ghr,avg dnr,max dnr,avg dhr,max dhr
0,GA,Seminole County,G1302530,2040-2059,21.51928689870502,38.04023361206055,-6.050379753112793,877.0518992071635,2052.091617234355,69.5496833585713,15.016213476819805,26.97590953278862,-6.050380213708525,3.3730029106276223,8.365949630737305,192.25502283105024,1007,195.35554747392746,909.5050048828124,78.58938356164384,472
