,state,county,gisjoin,year range,avg temp,max temp,min temp,hdd,cdd,avg rh,average dp,max dp,min dp,avg wind speed,max wind speed,avg ghr,max ghr,avg dnr,max dnr,avg dhr,max dhr
0,IN,Pulaski County,G1801310,1980-1999,9.412313130796306,33.25,-29.69857215881348,3780.053208188176,536.0475009282649,68.44571682938702,3.18358168502776,22.97535880540083,-29.698575871999253,4.125100790937197,8.655478477478027,156.0728310502283,966,181.20987515853702,933.19384765625,77.29166666666667,634
