,state,county,gisjoin,year range,avg temp,max temp,min temp,hdd,cdd,avg rh,average dp,max dp,min dp,avg wind speed,max wind speed,avg ghr,max ghr,avg dnr,max dnr,avg dhr,max dhr
0,IN,Pulaski County,G1801310,2000-2019,10.529546078655748,33.99928665161133,-20.979286193847656,3469.0618770843103,632.8461957931829,70.71769816189597,4.802251315840774,24.098595514644263,-20.979286325845862,4.106543195710334,10.192560195922852,156.0728310502283,966,178.39807570460624,921.8283081054688,77.29166666666667,634
