,state,county,gisjoin,year range,avg temp,max temp,min temp,hdd,cdd,avg rh,average dp,max dp,min dp,avg wind speed,max wind speed,avg ghr,max ghr,avg dnr,max dnr,avg dhr,max dhr
0,IN,Pulaski County,G1801310,2040-2059,12.92201234602168,38.29141998291016,-15.718964576721191,2900.3211451605803,937.3556514581588,70.1550159443459,6.926010573197493,25.93391651400865,-15.71896609152514,4.112504060845397,9.458521842956545,156.0728310502283,966,173.29088566613035,907.504150390625,77.29166666666667,634
