,state,county,gisjoin,year range,avg temp,max temp,min temp,hdd,cdd,avg rh,average dp,max dp,min dp,avg wind speed,max wind speed,avg ghr,max ghr,avg dnr,max dnr,avg dhr,max dhr
0,IN,Pulaski County,G1801310,2060-2079,13.395910303404296,36.253536224365234,-26.988086700439453,2787.50533772469,997.5125984669326,70.49920742043622,7.467132116159126,25.703775950217057,-27.022262645201494,3.9843371095586586,9.348528861999512,156.0728310502283,966,173.98271084721708,913.8507080078124,77.29166666666667,634
