,state,county,gisjoin,year range,avg temp,max temp,min temp,hdd,cdd,avg rh,average dp,max dp,min dp,avg wind speed,max wind speed,avg ghr,max ghr,avg dnr,max dnr,avg dhr,max dhr
0,KY,Casey County,G2100450,2060-2079,16.0956327355423,36.78963088989258,-11.051599502563477,1978.8049274197563,1174.2108758927125,70.7441186003489,10.098426676923758,23.76563888758968,-11.05159989077072,3.503240468077464,8.667240142822266,169.9851598173516,987,185.50381439714735,937.3353271484376,73.20102739726028,653
