,state,county,gisjoin,year range,avg temp,max temp,min temp,hdd,cdd,avg rh,average dp,max dp,min dp,avg wind speed,max wind speed,avg ghr,max ghr,avg dnr,max dnr,avg dhr,max dhr
0,MS,Franklin County,G2800370,2080-2099,22.74422504807903,40.516578674316406,-4.305420875549316,766.6390132757692,2388.781155824412,70.65214917648873,16.47730155802234,29.40159444709076,-4.305421100421947,3.851959261502305,9.522080421447754,193.32271689497716,1024,190.66964400622356,925.1744995117188,77.7404109589041,669
