,state,county,gisjoin,year range,avg temp,max temp,min temp,hdd,cdd,avg rh,average dp,max dp,min dp,avg wind speed,max wind speed,avg ghr,max ghr,avg dnr,max dnr,avg dhr,max dhr
0,MO,Polk County,G2901670,2060-2079,16.60127592466423,39.11593246459961,-13.47863483428955,2063.9766965202903,1443.9424090226682,69.51514551345616,10.228956382518954,26.12647168226445,-13.953026989427489,3.960251103688593,8.867538452148438,181.0912100456621,995,184.12173773994297,931.9835815429688,72.91712328767123,668
