,state,county,gisjoin,year range,avg temp,max temp,min temp,hdd,cdd,avg rh,average dp,max dp,min dp,avg wind speed,max wind speed,avg ghr,max ghr,avg dnr,max dnr,avg dhr,max dhr
0,TX,Bailey County,G4800170,2060-2079,17.181627638215183,39.52494430541992,-10.422144889831545,1858.3848914800935,1450.1789794286362,47.46001151468111,4.006658765269908,19.79841840328807,-17.975971706637512,4.129088045690702,9.132561683654783,223.061301369863,1046,229.09474127517439,1002.8019409179688,60.009246575342466,534
