,state,county,gisjoin,year range,avg temp,max temp,min temp,hdd,cdd,avg rh,average dp,max dp,min dp,avg wind speed,max wind speed,avg ghr,max ghr,avg dnr,max dnr,avg dhr,max dhr
0,IN,Delaware County,G1800350,1980-1999,10.011935363758194,32.81399917602539,-27.584667205810547,3566.5863791925785,541.4427869638026,69.57849652320827,4.032834067057893,22.26800358779988,-27.5846710403794,4.4905615520531725,10.543655395507812,150.63915525114155,973,183.09787129290257,940.703857421875,75.52625570776256,650
