,state,county,gisjoin,year range,avg temp,max temp,min temp,hdd,cdd,avg rh,average dp,max dp,min dp,avg wind speed,max wind speed,avg ghr,max ghr,avg dnr,max dnr,avg dhr,max dhr
0,IL,Jefferson County,G1700810,2020-2039,14.26674747647708,42.25212860107422,-21.55681037902832,2539.9020456239555,1067.7648745378485,69.65017336928136,8.08483154303645,25.026063623261532,-21.55681251130222,3.9290690304073568,9.15320873260498,169.3033105022831,986,185.70329854153468,925.3961181640624,70.80388127853881,614
