,state,county,gisjoin,year range,avg temp,max temp,min temp,hdd,cdd,avg rh,average dp,max dp,min dp,avg wind speed,max wind speed,avg ghr,max ghr,avg dnr,max dnr,avg dhr,max dhr
0,IL,Champaign County,G1700190,2040-2059,13.75720849535731,38.616947174072266,-18.394344329833984,2652.2229741340266,994.1040749391528,69.41747024570971,7.550607027806298,25.790176451258343,-18.39434622202508,4.002295487452315,12.354867935180664,155.4920091324201,961,179.54162835619542,909.1080932617188,74.2966894977169,616
