,state,county,gisjoin,year range,avg temp,max temp,min temp,hdd,cdd,avg rh,average dp,max dp,min dp,avg wind speed,max wind speed,avg ghr,max ghr,avg dnr,max dnr,avg dhr,max dhr
0,AL,Marion County,G0100930,2040-2059,18.372201618776693,37.65093994140625,-11.87169361114502,1545.894699542209,1572.2482903957064,69.86754600664251,12.001103022886674,25.022381538852848,-11.871693692206485,3.85938790277259,8.317902565002441,159.93972602739726,1004,191.56236089026422,936.1575317382812,76.68333333333334,608
