,state,county,gisjoin,year range,avg temp,max temp,min temp,hdd,cdd,avg rh,average dp,max dp,min dp,avg wind speed,max wind speed,avg ghr,max ghr,avg dnr,max dnr,avg dhr,max dhr
0,VA,Petersburg city,G5107300,1980-1999,14.196805549002589,37.041873931884766,-10.918749809265137,2362.958806368981,865.2928317547406,68.3049628222914,7.645043280958882,22.4690937723586,-11.123951940330716,3.782408928544554,9.23392105102539,171.7329908675799,986,190.36177406500124,945.27880859375,72.65821917808219,448
