,state,county,gisjoin,year range,avg temp,max temp,min temp,hdd,cdd,avg rh,average dp,max dp,min dp,avg wind speed,max wind speed,avg ghr,max ghr,avg dnr,max dnr,avg dhr,max dhr
0,VA,Petersburg city,G5107300,2000-2019,15.626387869089463,38.243751525878906,-10.551250457763672,2053.2526026697856,1077.384174887409,68.72201118077318,9.119922740971374,23.690277468164183,-10.551251578363068,3.758843305012951,8.284005165100098,171.7329908675799,986,187.27805511547396,936.8567504882812,72.65821917808219,448
