,state,county,gisjoin,year range,avg temp,max temp,min temp,hdd,cdd,avg rh,average dp,max dp,min dp,avg wind speed,max wind speed,avg ghr,max ghr,avg dnr,max dnr,avg dhr,max dhr
0,SD,Douglas County,G4600430,2020-2039,10.281308391505931,37.39500045776367,-25.88421440124512,3719.171943415447,792.3495063146364,61.1241435157654,2.140389524174872,23.50373214228288,-26.802183221674035,4.189069500660787,8.784208297729492,155.47716894977168,1000,184.14529842860708,918.35546875,64.06529680365297,526
