,state,county,gisjoin,year range,avg temp,max temp,min temp,hdd,cdd,avg rh,average dp,max dp,min dp,avg wind speed,max wind speed,avg ghr,max ghr,avg dnr,max dnr,avg dhr,max dhr
0,MS,Amite County,G2800050,2000-2019,19.331537729246886,38.15187454223633,-5.574999809265137,1216.1179850255955,1592.6292562007395,69.71906464284957,12.934296035091238,25.042918490213907,-5.575000031915133,3.903482132088648,9.426511764526367,182.13036529680366,1009,199.85750745106574,931.2839965820312,80.48139269406393,618
