,state,county,gisjoin,year range,avg temp,max temp,min temp,hdd,cdd,avg rh,average dp,max dp,min dp,avg wind speed,max wind speed,avg ghr,max ghr,avg dnr,max dnr,avg dhr,max dhr
0,MS,Amite County,G2800050,2040-2059,20.774882003644134,37.10446548461914,-5.585028648376465,965.2542490229938,1868.5861803530208,70.88454686343398,14.622743167955662,26.623066114477147,-5.585028945191742,4.004231530019681,10.055598258972168,182.13036529680366,1009,196.08939838217736,926.3797607421876,80.48139269406393,618
