,state,county,gisjoin,year range,avg temp,max temp,min temp,hdd,cdd,avg rh,average dp,max dp,min dp,avg wind speed,max wind speed,avg ghr,max ghr,avg dnr,max dnr,avg dhr,max dhr
0,NJ,Cape May County,G3400090,1980-1999,12.657059056264377,34.102664947509766,-11.706666946411133,2679.84418640346,620.1707419395775,70.10987235465551,6.806883626536352,23.86840086379376,-11.706667486076189,4.1821943361193075,11.523183822631836,179.14600456621005,958,180.05223537961731,922.556884765625,70.03470319634704,556
