,state,county,gisjoin,year range,avg temp,max temp,min temp,hdd,cdd,avg rh,average dp,max dp,min dp,avg wind speed,max wind speed,avg ghr,max ghr,avg dnr,max dnr,avg dhr,max dhr
0,NJ,Cape May County,G3400090,2040-2059,15.593941758073505,37.54153060913086,-11.146175384521484,2107.6571116320606,1119.9458533287723,71.69630376563225,9.987884583714617,27.27555951531308,-11.146175939828682,4.183771662230361,11.071131706237791,179.14600456621005,958,174.64058194662547,914.3297119140624,70.03470319634704,556
