,state,county,gisjoin,year range,avg temp,max temp,min temp,hdd,cdd,avg rh,average dp,max dp,min dp,avg wind speed,max wind speed,avg ghr,max ghr,avg dnr,max dnr,avg dhr,max dhr
0,NJ,Cape May County,G3400090,2060-2079,15.929976991083702,36.74810791015625,-10.096138954162598,1959.9112070161373,1094.852808761665,72.48372483993774,10.500537242629612,25.42960930925013,-10.096140093551826,4.290596312719937,11.853811264038086,179.14600456621005,958,172.3948633554202,917.7412719726562,70.03470319634704,556
