,state,county,gisjoin,year range,avg temp,max temp,min temp,hdd,cdd,avg rh,average dp,max dp,min dp,avg wind speed,max wind speed,avg ghr,max ghr,avg dnr,max dnr,avg dhr,max dhr
0,SD,Sully County,G4601190,2040-2059,10.62718882158848,43.65983963012695,-24.352481842041016,3736.154112407676,935.5780322870104,57.0050498693501,1.3116602043211916,23.89079425963895,-25.58817134341218,4.252987261912594,10.14377498626709,171.72705479452054,1001,183.5121385630123,912.4202880859376,66.68002283105022,632
