,state,county,gisjoin,year range,avg temp,max temp,min temp,hdd,cdd,avg rh,average dp,max dp,min dp,avg wind speed,max wind speed,avg ghr,max ghr,avg dnr,max dnr,avg dhr,max dhr
0,SD,Sully County,G4601190,2080-2099,13.150312043211837,45.72175216674805,-22.264894485473636,3220.7369574805125,1341.1008532524756,60.097504909180074,4.475440642743867,25.50018946758345,-22.264895858262776,4.219467196140659,10.168248176574709,171.72705479452054,1001,180.99629662986638,876.5463256835938,66.68002283105022,632
