,state,county,gisjoin,year range,avg temp,max temp,min temp,hdd,cdd,avg rh,average dp,max dp,min dp,avg wind speed,max wind speed,avg ghr,max ghr,avg dnr,max dnr,avg dhr,max dhr
0,ID,Gooding County,G1600470,2040-2059,13.075164908462854,41.12066650390625,-19.32139587402344,2867.7556524863394,960.6908440749315,44.914488488245226,-0.8812235970923273,13.145134942372165,-19.32139806031429,2.9083558093331177,7.742955684661865,196.91849315068492,1019,207.65704285865095,974.1875610351562,58.465639269406395,455
