,state,county,gisjoin,year range,avg temp,max temp,min temp,hdd,cdd,avg rh,average dp,max dp,min dp,avg wind speed,max wind speed,avg ghr,max ghr,avg dnr,max dnr,avg dhr,max dhr
0,ID,Gooding County,G1600470,2060-2079,13.42175854918556,42.60805130004883,-15.55058765411377,2817.112263423822,1036.554133876216,45.9423581515273,-0.21001688935730106,12.28200710444001,-16.20765819784726,2.8485433565699347,6.180330753326416,196.91849315068492,1019,205.5199564908116,959.27099609375,58.465639269406395,455
