,state,county,gisjoin,year range,avg temp,max temp,min temp,hdd,cdd,avg rh,average dp,max dp,min dp,avg wind speed,max wind speed,avg ghr,max ghr,avg dnr,max dnr,avg dhr,max dhr
0,ID,Gooding County,G1600470,2080-2099,15.283455125922538,43.93210220336914,-9.235989570617676,2439.0437311268115,1338.0048520883554,47.2107092639627,1.8492612189728177,14.90597715357814,-10.235552119280117,2.750639959053906,6.812215805053711,196.91849315068492,1019,205.28759611689827,939.5443115234376,58.465639269406395,455
