,state,county,gisjoin,year range,avg temp,max temp,min temp,hdd,cdd,avg rh,average dp,max dp,min dp,avg wind speed,max wind speed,avg ghr,max ghr,avg dnr,max dnr,avg dhr,max dhr
0,NC,Macon County,G3701130,2060-2079,15.98451289650931,34.89117431640625,-8.591236114501953,1885.5949275677513,1040.4421347936702,68.98402544330789,9.470804489015569,25.64131249748295,-8.59123698287591,3.9213653615756665,13.0633544921875,180.26986301369863,1022,194.44316629020204,956.2647094726562,71.97260273972603,527
