,state,county,gisjoin,year range,avg temp,max temp,min temp,hdd,cdd,avg rh,average dp,max dp,min dp,avg wind speed,max wind speed,avg ghr,max ghr,avg dnr,max dnr,avg dhr,max dhr
0,ID,Canyon County,G1600270,1980-1999,10.59148862912074,36.3985710144043,-16.37285804748535,3391.6832953642643,578.07664499285,47.10952501035717,-2.270016470572946,8.00570007262782,-16.9778773129014,3.3511166680485145,8.948219299316406,193.59497716894978,996,200.30319474244934,957.9204711914062,53.73573059360731,433
