,state,county,gisjoin,year range,avg temp,max temp,min temp,hdd,cdd,avg rh,average dp,max dp,min dp,avg wind speed,max wind speed,avg ghr,max ghr,avg dnr,max dnr,avg dhr,max dhr
0,ID,Canyon County,G1600270,2020-2039,12.406412462217558,39.526363372802734,-18.140918731689453,2939.75843271914,788.5989814281826,47.43276306853447,-0.45774527114019276,11.400285694212425,-19.19443429032048,3.395561065813994,7.766512870788574,193.59497716894978,996,198.8986603812207,935.5360107421876,53.73573059360731,433
