,state,county,gisjoin,year range,avg temp,max temp,min temp,hdd,cdd,avg rh,average dp,max dp,min dp,avg wind speed,max wind speed,avg ghr,max ghr,avg dnr,max dnr,avg dhr,max dhr
0,OR,Malheur County,G4100450,2040-2059,13.576347228640092,45.27530288696289,-16.638166427612305,2720.17749448737,996.0442329407178,48.82276997849277,1.032038144257436,15.545952583861952,-17.635660883001783,2.1517803986390978,5.511024951934815,193.59497716894978,996,198.23564718088255,928.643798828125,53.73573059360731,433
