,state,county,gisjoin,year range,avg temp,max temp,min temp,hdd,cdd,avg rh,average dp,max dp,min dp,avg wind speed,max wind speed,avg ghr,max ghr,avg dnr,max dnr,avg dhr,max dhr
0,TX,Caldwell County,G4800550,2040-2059,22.453397373739126,39.86813354492188,-3.900477647781372,815.5411134084757,2331.5311548230607,63.488015857025914,14.335151200461478,26.04397830313961,-3.90047781223627,4.26095514233526,8.208316802978516,189.93961187214612,1017,205.16454255432603,953.157470703125,73.8697488584475,680
