,state,county,gisjoin,year range,avg temp,max temp,min temp,hdd,cdd,avg rh,average dp,max dp,min dp,avg wind speed,max wind speed,avg ghr,max ghr,avg dnr,max dnr,avg dhr,max dhr
0,LA,Franklin Parish,G2200410,1980-1999,18.017938706933087,36.32533264160156,-7.424000263214111,1460.7460971261492,1357.7937251568721,69.80361301256642,11.70405702043125,25.58142845427988,-7.424001231046468,3.330358935218968,8.890436172485352,184.10011415525113,996,198.68699700133828,937.65283203125,77.17762557077626,631
