,state,county,gisjoin,year range,avg temp,max temp,min temp,hdd,cdd,avg rh,average dp,max dp,min dp,avg wind speed,max wind speed,avg ghr,max ghr,avg dnr,max dnr,avg dhr,max dhr
0,LA,Franklin Parish,G2200410,2000-2019,19.40229872546598,38.4379997253418,-7.677333354949951,1258.3313402181873,1660.6703750132767,69.25839782849839,12.910456552214953,24.87619846601947,-7.67733426528142,3.4023508391968194,8.365279197692871,184.10011415525113,996,194.59662478530703,918.86376953125,77.17762557077626,631
