,state,county,gisjoin,year range,avg temp,max temp,min temp,hdd,cdd,avg rh,average dp,max dp,min dp,avg wind speed,max wind speed,avg ghr,max ghr,avg dnr,max dnr,avg dhr,max dhr
0,LA,Franklin Parish,G2200410,2060-2079,21.357886790498224,38.98204040527344,-3.737549066543579,965.5017968143343,2081.630475346057,69.7679198382652,14.915975107498973,26.50199526460243,-3.737549536208352,3.485331539585166,8.417823791503906,184.10011415525113,996,193.2664304459056,900.1298828125,77.17762557077626,631
