,state,county,gisjoin,year range,avg temp,max temp,min temp,hdd,cdd,avg rh,average dp,max dp,min dp,avg wind speed,max wind speed,avg ghr,max ghr,avg dnr,max dnr,avg dhr,max dhr
0,IL,Marshall County,G1701230,2020-2039,11.915211455390283,39.57760238647461,-25.39773178100586,3170.271219630135,839.8234008471667,68.15391868412767,5.528526889913906,24.962613650727302,-25.397734733936648,4.111781107617295,10.012786865234377,170.1675799086758,984,181.64139972293017,908.7836303710938,73.0316210045662,514
