,state,county,gisjoin,year range,avg temp,max temp,min temp,hdd,cdd,avg rh,average dp,max dp,min dp,avg wind speed,max wind speed,avg ghr,max ghr,avg dnr,max dnr,avg dhr,max dhr
0,IL,Marshall County,G1701230,2060-2079,14.093205017481125,37.62113571166992,-20.166976928710938,2659.563498170149,1124.0833295504879,69.49770805454689,7.925450938472782,25.747956968033424,-20.16697889256013,4.0125897919206315,9.77727222442627,170.1675799086758,984,175.65797265879922,920.188232421875,73.0316210045662,514
