,state,county,gisjoin,year range,avg temp,max temp,min temp,hdd,cdd,avg rh,average dp,max dp,min dp,avg wind speed,max wind speed,avg ghr,max ghr,avg dnr,max dnr,avg dhr,max dhr
0,IN,Perry County,G1801230,2060-2079,16.447310533307995,38.71992111206055,-16.79310417175293,2073.4746147307746,1397.2429593881445,70.28835943148016,10.286471726033197,25.641211860019155,-16.79310545406331,3.719257865022851,9.08207893371582,175.93367579908676,994,180.83517689355034,916.9586791992188,72.70468036529681,623
