,state,county,gisjoin,year range,avg temp,max temp,min temp,hdd,cdd,avg rh,average dp,max dp,min dp,avg wind speed,max wind speed,avg ghr,max ghr,avg dnr,max dnr,avg dhr,max dhr
0,AL,Hale County,G0100650,1980-1999,17.26048091752657,37.09529495239258,-10.864706039428713,1624.042383228556,1244.6179181258715,68.85471220604362,10.725566474721019,23.339737858635043,-10.864706632131652,3.1105695762046395,8.058951377868652,183.5310502283105,1010,201.31948387415449,952.9200439453124,78.80559360730594,592
