,state,county,gisjoin,year range,avg temp,max temp,min temp,hdd,cdd,avg rh,average dp,max dp,min dp,avg wind speed,max wind speed,avg ghr,max ghr,avg dnr,max dnr,avg dhr,max dhr
0,AL,Hale County,G0100650,2020-2039,18.643510175754738,37.41055679321289,-9.292518615722656,1373.6984842372156,1499.0796983877754,69.77177145666184,12.278230398235523,24.58062276475357,-9.292519192558084,3.1217289624965354,7.945855140686035,183.5310502283105,1010,197.38645662764185,935.38525390625,78.80559360730594,592
