,state,county,gisjoin,year range,avg temp,max temp,min temp,hdd,cdd,avg rh,average dp,max dp,min dp,avg wind speed,max wind speed,avg ghr,max ghr,avg dnr,max dnr,avg dhr,max dhr
0,AL,Hale County,G0100650,2080-2099,22.0396457251206,42.03037643432617,-5.662234306335449,928.4948500883339,2293.465539757169,70.17459826817796,15.650153193316706,30.06263370196921,-5.662234363109973,3.0388891973315855,8.26451587677002,183.5310502283105,1010,189.43982252595973,936.7147827148438,78.80559360730594,592
