,state,county,gisjoin,year range,avg temp,max temp,min temp,hdd,cdd,avg rh,average dp,max dp,min dp,avg wind speed,max wind speed,avg ghr,max ghr,avg dnr,max dnr,avg dhr,max dhr
0,FL,Nassau County,G1200890,2000-2019,21.089950968594223,36.5911750793457,-5.664117336273193,769.901258947038,1788.2333624838393,71.1780542835253,15.118372106049637,24.507464296678293,-5.775481689097615,3.857452013068003,10.208474159240724,189.33447488584474,1027,191.28599971679057,926.5531005859376,80.1769406392694,573
