,state,county,gisjoin,year range,avg temp,max temp,min temp,hdd,cdd,avg rh,average dp,max dp,min dp,avg wind speed,max wind speed,avg ghr,max ghr,avg dnr,max dnr,avg dhr,max dhr
0,CO,Elbert County,G0800390,1980-1999,7.672743039938874,32.91923141479492,-23.44230842590332,4202.091341876859,323.1425514539007,51.65203765777692,-3.024635681685494,13.609688278027946,-23.442309992460164,3.9225152800888776,8.551030158996582,189.54029680365298,1041,222.85954824644065,993.08203125,64.41472602739726,626
