,state,county,gisjoin,year range,avg temp,max temp,min temp,hdd,cdd,avg rh,average dp,max dp,min dp,avg wind speed,max wind speed,avg ghr,max ghr,avg dnr,max dnr,avg dhr,max dhr
0,CO,Elbert County,G0800390,2020-2039,9.476776012159686,35.39421844482422,-21.603172302246094,3749.2829190163407,528.8061634540735,51.31059597942927,-1.4227243790033997,13.47162053603064,-24.40337013380271,3.796289137563749,10.010294914245604,189.54029680365298,1041,222.80795836053963,995.7762451171876,64.41472602739726,626
