,state,county,gisjoin,year range,avg temp,max temp,min temp,hdd,cdd,avg rh,average dp,max dp,min dp,avg wind speed,max wind speed,avg ghr,max ghr,avg dnr,max dnr,avg dhr,max dhr
0,NC,Montgomery County,G3701230,1980-1999,15.447574165527131,36.015625,-8.592500686645508,2010.3830974675095,969.2476678848911,67.54707110374486,8.684412231382607,21.55920423454973,-8.592501292490462,3.252909576892853,7.262012958526611,194.97271689497717,1018,196.309498226364,948.3182983398438,69.0123287671233,628
