,state,county,gisjoin,year range,avg temp,max temp,min temp,hdd,cdd,avg rh,average dp,max dp,min dp,avg wind speed,max wind speed,avg ghr,max ghr,avg dnr,max dnr,avg dhr,max dhr
0,NC,Montgomery County,G3701230,2000-2019,16.41221243936978,36.77750015258789,-11.337499618530272,1827.1434683790685,1138.1010087490833,69.06661066007396,9.969251354040567,23.66595864688241,-11.337500225194376,3.3339938926370176,7.59782075881958,194.97271689497717,1018,194.37531180878952,936.4786376953124,69.0123287671233,628
