,state,county,gisjoin,year range,avg temp,max temp,min temp,hdd,cdd,avg rh,average dp,max dp,min dp,avg wind speed,max wind speed,avg ghr,max ghr,avg dnr,max dnr,avg dhr,max dhr
0,NC,Scotland County,G3701650,2020-2039,18.001900878651934,36.97471237182617,-8.485427856445312,1503.279152161853,1394.472972869937,67.79255634551723,11.179542972257403,24.278122611082647,-8.485428280548758,3.0501692345697586,7.96304988861084,194.97271689497717,1018,193.34002241539693,927.9774780273438,69.01221461187215,628
