,state,county,gisjoin,year range,avg temp,max temp,min temp,hdd,cdd,avg rh,average dp,max dp,min dp,avg wind speed,max wind speed,avg ghr,max ghr,avg dnr,max dnr,avg dhr,max dhr
0,NC,Scotland County,G3701650,2080-2099,21.213335579582044,41.46032333374024,-5.271103382110596,1106.7079465636768,2170.075433110979,70.01750377737768,14.801422387424683,29.2225946153018,-5.271103794082208,3.25041216946628,8.362686157226562,194.97271689497717,1018,185.09887969440325,937.3865356445312,69.01221461187215,628
