,state,county,gisjoin,year range,avg temp,max temp,min temp,hdd,cdd,avg rh,average dp,max dp,min dp,avg wind speed,max wind speed,avg ghr,max ghr,avg dnr,max dnr,avg dhr,max dhr
0,GA,Randolph County,G1302430,1980-1999,17.782462596981684,36.28705978393555,-7.637647151947021,1466.8256613567012,1277.924509255178,68.29809785085182,11.074759571530338,24.24120095082769,-7.637648001408284,3.3339547950519273,8.570260047912598,195.40970319634704,997,206.47332219740298,960.0953369140624,80.53070776255707,631
