,state,county,gisjoin,year range,avg temp,max temp,min temp,hdd,cdd,avg rh,average dp,max dp,min dp,avg wind speed,max wind speed,avg ghr,max ghr,avg dnr,max dnr,avg dhr,max dhr
0,GA,Randolph County,G1302430,2000-2019,19.113301590412057,37.42411804199219,-6.507058620452881,1227.185685134689,1524.0407656351433,67.85340607939246,12.24939068487411,25.72589117140368,-6.5070591668929465,3.3873823339672393,8.25790786743164,195.40970319634704,997,204.3518601369957,948.172607421875,80.53070776255707,631
