,state,county,gisjoin,year range,avg temp,max temp,min temp,hdd,cdd,avg rh,average dp,max dp,min dp,avg wind speed,max wind speed,avg ghr,max ghr,avg dnr,max dnr,avg dhr,max dhr
0,WV,Preston County,G5400770,1980-1999,9.832891146755939,30.606250762939453,-21.38249969482422,3506.13413670109,415.63940526645,69.84718691943444,3.8466973790468315,20.27952216330389,-21.382501979400725,4.028645175777069,9.42141819000244,141.4453196347032,972,181.5845616665024,949.916259765625,76.05719178082192,570
