,state,county,gisjoin,year range,avg temp,max temp,min temp,hdd,cdd,avg rh,average dp,max dp,min dp,avg wind speed,max wind speed,avg ghr,max ghr,avg dnr,max dnr,avg dhr,max dhr
0,WV,Preston County,G5400770,2000-2019,10.925258764557391,31.98062515258789,-19.941875457763672,3212.751168851239,520.9706179142211,70.54431008770041,5.067902375870722,20.93275102814185,-19.941876099358897,4.081088469453054,10.471960067749023,141.4453196347032,972,179.9564887034776,957.6928100585938,76.05719178082192,570
