,state,county,gisjoin,year range,avg temp,max temp,min temp,hdd,cdd,avg rh,average dp,max dp,min dp,avg wind speed,max wind speed,avg ghr,max ghr,avg dnr,max dnr,avg dhr,max dhr
0,OH,Madison County,G3900970,1980-1999,10.42199228962505,33.978572845458984,-20.272857666015625,3411.899690959492,536.426876672131,68.41312234630324,4.129880645272921,21.83107157037782,-20.58652704172079,4.0203311467687834,8.858049392700195,152.52888127853882,1002,185.13435582460258,931.6129760742188,76.31244292237443,661
