,state,county,gisjoin,year range,avg temp,max temp,min temp,hdd,cdd,avg rh,average dp,max dp,min dp,avg wind speed,max wind speed,avg ghr,max ghr,avg dnr,max dnr,avg dhr,max dhr
0,OH,Madison County,G3900970,2020-2039,12.300646843080388,34.81687927246094,-20.990816116333008,2934.4580037209503,744.6941014449226,69.61887489040149,6.2033379686581265,22.748658116490528,-21.25900081330181,3.8293403744561485,10.989553451538086,152.52888127853882,1002,181.253537870149,926.0636596679688,76.31244292237443,661
