,state,county,gisjoin,year range,avg temp,max temp,min temp,hdd,cdd,avg rh,average dp,max dp,min dp,avg wind speed,max wind speed,avg ghr,max ghr,avg dnr,max dnr,avg dhr,max dhr
0,OH,Madison County,G3900970,2040-2059,13.778183057497268,36.14490509033203,-16.625276565551758,2602.310925760741,951.84774174696,69.98097656306611,7.733870371993728,25.0720520694578,-16.62527684258777,3.80588383171112,8.69892692565918,152.52888127853882,1002,178.83085611015656,921.2256469726562,76.31244292237443,661
