,state,county,gisjoin,year range,avg temp,max temp,min temp,hdd,cdd,avg rh,average dp,max dp,min dp,avg wind speed,max wind speed,avg ghr,max ghr,avg dnr,max dnr,avg dhr,max dhr
0,OH,Madison County,G3900970,2060-2079,14.182861658894934,36.951759338378906,-14.960700988769531,2533.9376341705356,1031.1821396669377,70.51735454476588,8.270203388141642,24.36381225111016,-14.960701736433258,3.797103244379231,8.631746292114258,152.52888127853882,1002,177.11159961807743,920.37890625,76.31244292237443,661
