,state,county,gisjoin,year range,avg temp,max temp,min temp,hdd,cdd,avg rh,average dp,max dp,min dp,avg wind speed,max wind speed,avg ghr,max ghr,avg dnr,max dnr,avg dhr,max dhr
0,OK,Caddo County,G4000150,2080-2099,20.786066170259524,44.588321685791016,-8.069573402404785,1340.509019788686,2247.9231719332915,63.75734906893343,12.788398300323303,28.20268674256714,-9.58809276780301,4.72354526239443,14.541543006896973,200.69417808219177,1004,195.65569584400868,937.7045288085938,67.98812785388128,669
