,state,county,gisjoin,year range,avg temp,max temp,min temp,hdd,cdd,avg rh,average dp,max dp,min dp,avg wind speed,max wind speed,avg ghr,max ghr,avg dnr,max dnr,avg dhr,max dhr
0,KY,Owsley County,G2101890,1980-1999,12.440972905578947,34.34733200073242,-21.91866683959961,2805.319112251307,666.7742227872578,68.07514821056905,5.852044563433761,20.76299998919461,-21.918669695388346,3.9827854729406367,9.513248443603516,167.09063926940638,986,191.2689064407366,955.1879272460938,74.89349315068493,524
