,state,county,gisjoin,year range,avg temp,max temp,min temp,hdd,cdd,avg rh,average dp,max dp,min dp,avg wind speed,max wind speed,avg ghr,max ghr,avg dnr,max dnr,avg dhr,max dhr
0,KY,Owsley County,G2101890,2080-2099,17.64234666120229,38.38081359863281,-13.28612232208252,1717.1800580929291,1477.1365894317596,70.02657285433382,11.359136186622731,25.58033972679954,-13.286123478289545,3.8816346658147087,9.226659774780272,167.09063926940638,986,179.40022489386564,942.4564819335938,74.89349315068493,524
