,state,county,gisjoin,year range,avg temp,max temp,min temp,hdd,cdd,avg rh,average dp,max dp,min dp,avg wind speed,max wind speed,avg ghr,max ghr,avg dnr,max dnr,avg dhr,max dhr
0,TN,Anderson County,G4700010,2020-2039,15.578423551845729,36.06754684448242,-10.823738098144531,2048.3780049774045,1055.0026014010803,69.78826414809379,9.33956979611323,23.12776788525455,-10.986875698300263,2.811990672615293,7.504786491394043,178.29326484018264,1001,190.64240899112067,929.3815307617188,79.8082191780822,584
