,state,county,gisjoin,year range,avg temp,max temp,min temp,hdd,cdd,avg rh,average dp,max dp,min dp,avg wind speed,max wind speed,avg ghr,max ghr,avg dnr,max dnr,avg dhr,max dhr
0,CO,Saguache County,G0801090,2000-2019,7.051552903023176,31.79142951965332,-27.28499984741211,4452.965940256695,347.28274985948684,37.47248461257377,-8.206186235209584,9.43978893659077,-30.214473581248537,3.9082496502628064,9.118751525878906,204.29748858447488,1027,243.69761916270306,1032.3331298828125,62.016552511415526,456
