,state,county,gisjoin,year range,avg temp,max temp,min temp,hdd,cdd,avg rh,average dp,max dp,min dp,avg wind speed,max wind speed,avg ghr,max ghr,avg dnr,max dnr,avg dhr,max dhr
0,CO,Saguache County,G0801090,2060-2079,9.613945700088143,33.3630256652832,-27.08704376220703,3705.1127049212937,534.7028854529254,35.88898039435687,-6.711242673634593,9.66509148664267,-29.82866178419853,3.7450846136432805,8.946188926696777,204.29748858447488,1027,241.31357622105665,1037.59716796875,62.016552511415526,456
