,state,county,gisjoin,year range,avg temp,max temp,min temp,hdd,cdd,avg rh,average dp,max dp,min dp,avg wind speed,max wind speed,avg ghr,max ghr,avg dnr,max dnr,avg dhr,max dhr
0,GA,Macon County,G1301930,2000-2019,18.947886980772942,37.7783317565918,-8.457221984863281,1259.7904585575832,1496.2692065397857,68.18393027336086,12.16714947103407,24.80240088924998,-8.457222500180682,3.650630605792346,8.663503646850586,191.99166666666667,1021,200.3118748360047,947.7833251953124,78.06518264840183,512
