,state,county,gisjoin,year range,avg temp,max temp,min temp,hdd,cdd,avg rh,average dp,max dp,min dp,avg wind speed,max wind speed,avg ghr,max ghr,avg dnr,max dnr,avg dhr,max dhr
0,GA,Macon County,G1301930,2060-2079,20.593567438133977,40.1398811340332,-3.804936170578003,1053.407919658081,1890.5600345769044,68.6279742506541,13.875510602380864,26.55692335920567,-3.804936046164877,3.694921574826654,8.077642440795898,191.99166666666667,1021,197.31493771433156,926.1829833984376,78.06518264840183,512
