,state,county,gisjoin,year range,avg temp,max temp,min temp,hdd,cdd,avg rh,average dp,max dp,min dp,avg wind speed,max wind speed,avg ghr,max ghr,avg dnr,max dnr,avg dhr,max dhr
0,MD,Allegany County,G2400010,2040-2059,14.138955902604527,37.37124252319336,-13.723410606384276,2520.942430763637,1002.1613352140384,67.5379230817159,7.351312076918448,24.373474961407798,-13.723410258876076,4.106509887682249,10.079191207885742,143.3818493150685,958,180.66949032820466,934.3370971679688,74.57990867579909,605
