,state,county,gisjoin,year range,avg temp,max temp,min temp,hdd,cdd,avg rh,average dp,max dp,min dp,avg wind speed,max wind speed,avg ghr,max ghr,avg dnr,max dnr,avg dhr,max dhr
0,MD,Allegany County,G2400010,2080-2099,16.200711094900488,39.09708404541016,-11.366569519042969,2089.8323341797545,1323.591883818388,68.1245443065417,9.446685663427743,25.344052452946627,-11.366570084882236,4.218552066528634,11.285900115966797,143.3818493150685,958,176.63443327177237,929.7142944335938,74.57990867579909,605
