,state,county,gisjoin,year range,avg temp,max temp,min temp,hdd,cdd,avg rh,average dp,max dp,min dp,avg wind speed,max wind speed,avg ghr,max ghr,avg dnr,max dnr,avg dhr,max dhr
0,MN,Itasca County,G2700610,1980-1999,3.269183458844051,32.46916580200195,-37.17333221435547,5724.024123519193,237.77608599662213,63.6402366929947,-3.9107587632678302,18.152470483770475,-37.173335621458925,4.627306449903201,12.982505798339844,148.0824200913242,952,172.25432836653744,890.299560546875,62.05422374429224,559
