,state,county,gisjoin,year range,avg temp,max temp,min temp,hdd,cdd,avg rh,average dp,max dp,min dp,avg wind speed,max wind speed,avg ghr,max ghr,avg dnr,max dnr,avg dhr,max dhr
0,IA,Monroe County,G1901350,2020-2039,11.63388634920861,35.41925430297852,-25.240381240844727,3243.6730059482124,810.5415234089337,68.82995271562986,5.42528438275773,25.36879505533524,-25.240382858038604,4.3898552365499,9.527483940124512,150.00970319634703,983,179.49799482181112,925.9422607421876,70.33504566210046,596
