,state,county,gisjoin,year range,avg temp,max temp,min temp,hdd,cdd,avg rh,average dp,max dp,min dp,avg wind speed,max wind speed,avg ghr,max ghr,avg dnr,max dnr,avg dhr,max dhr
0,OK,Jefferson County,G4000670,2060-2079,20.369122732738425,43.25248718261719,-7.253595352172852,1335.7636808644718,2090.993478313895,63.40115388931205,12.279544904294236,26.90793245096716,-7.802329590200164,4.334840199582653,8.752235412597656,205.0013698630137,1068,201.1118814319488,930.8358154296876,70.75148401826485,490
