,state,county,gisjoin,year range,avg temp,max temp,min temp,hdd,cdd,avg rh,average dp,max dp,min dp,avg wind speed,max wind speed,avg ghr,max ghr,avg dnr,max dnr,avg dhr,max dhr
0,OK,Jefferson County,G4000670,2080-2099,21.95273600768789,47.72568130493164,-4.26644229888916,1109.928107027278,2443.1767498331906,64.49299238871221,14.039106173151866,28.475266113899373,-4.266442625779607,4.348665279163617,9.08475112915039,205.0013698630137,1068,196.70992334257105,914.8583374023438,70.75148401826485,490
