,state,county,gisjoin,year range,avg temp,max temp,min temp,hdd,cdd,avg rh,average dp,max dp,min dp,avg wind speed,max wind speed,avg ghr,max ghr,avg dnr,max dnr,avg dhr,max dhr
0,KY,Edmonson County,G2100610,1980-1999,13.619627860871613,36.487060546875,-22.32999992370605,2560.366685388803,852.0308546066789,68.70601850470452,7.1674710274291344,21.38469126032455,-22.330001936660626,3.6206869277507745,9.029921531677246,154.85513698630137,1017,191.7722491218609,939.0943603515624,75.56175799086758,668
