,state,county,gisjoin,year range,avg temp,max temp,min temp,hdd,cdd,avg rh,average dp,max dp,min dp,avg wind speed,max wind speed,avg ghr,max ghr,avg dnr,max dnr,avg dhr,max dhr
0,KY,Edmonson County,G2100610,2060-2079,17.253116827376044,38.62989044189453,-11.171778678894045,1809.544906959879,1427.4325489521282,70.28176111325826,11.056817572923931,24.769023742632925,-11.171780047495462,3.4684962478810792,10.341992378234863,154.85513698630137,1017,183.91773186724373,937.4067993164062,75.56175799086758,668
