,state,county,gisjoin,year range,avg temp,max temp,min temp,hdd,cdd,avg rh,average dp,max dp,min dp,avg wind speed,max wind speed,avg ghr,max ghr,avg dnr,max dnr,avg dhr,max dhr
0,FL,Putnam County,G1201070,2000-2019,21.428836641605248,36.05777740478516,-5.412221908569336,690.9477210721194,1832.9730952579284,70.68531447806859,15.287955402469708,26.244562332239006,-5.412222365052626,3.468536518044668,8.67209529876709,188.5162100456621,1043,196.13525980384483,934.2546997070312,82.50057077625571,615
