,state,county,gisjoin,year range,avg temp,max temp,min temp,hdd,cdd,avg rh,average dp,max dp,min dp,avg wind speed,max wind speed,avg ghr,max ghr,avg dnr,max dnr,avg dhr,max dhr
0,NV,Clark County,G3200030,2060-2079,23.206574857176907,46.54663848876953,-3.0475010871887207,927.322226239502,2718.222049108872,35.361184441009065,5.441514739082398,18.725268652323305,-8.33307863438678,3.6490923801513566,10.329378128051758,231.98424657534247,1133,221.7161468721835,967.7005615234376,58.9027397260274,595
