,state,county,gisjoin,year range,avg temp,max temp,min temp,hdd,cdd,avg rh,average dp,max dp,min dp,avg wind speed,max wind speed,avg ghr,max ghr,avg dnr,max dnr,avg dhr,max dhr
0,KS,Butler County,G2000150,2000-2019,14.026199877255365,39.607059478759766,-21.072940826416016,2672.0259738672,1112.0889290651317,64.621429785637,6.571490583644785,23.872016276266184,-21.4499068055105,5.180209607947362,12.963508605957031,191.0582191780822,1004,194.6561205009987,948.1194458007812,61.53904109589041,490
