,state,county,gisjoin,year range,avg temp,max temp,min temp,hdd,cdd,avg rh,average dp,max dp,min dp,avg wind speed,max wind speed,avg ghr,max ghr,avg dnr,max dnr,avg dhr,max dhr
0,KS,Butler County,G2000150,2040-2059,16.202373478474513,42.1482048034668,-17.069141387939453,2201.1362726821512,1435.502592325229,64.85445611727292,8.70410685638223,27.24908825768231,-17.069142774131983,5.219311795822562,10.262990951538086,191.0582191780822,1004,189.88450231257985,942.061279296875,61.53904109589041,490
