,state,county,gisjoin,year range,avg temp,max temp,min temp,hdd,cdd,avg rh,average dp,max dp,min dp,avg wind speed,max wind speed,avg ghr,max ghr,avg dnr,max dnr,avg dhr,max dhr
0,TX,Nacogdoches County,G4803470,2020-2039,19.83383213562219,39.98813247680664,-5.60023307800293,1178.7660510192165,1738.6147805212884,68.14714625219231,13.04348409350137,25.2423001000755,-5.600233216306925,4.290506726748323,11.295202255249023,192.80376712328768,1007,198.0404426713176,951.672607421875,76.03002283105023,589
