,state,county,gisjoin,year range,avg temp,max temp,min temp,hdd,cdd,avg rh,average dp,max dp,min dp,avg wind speed,max wind speed,avg ghr,max ghr,avg dnr,max dnr,avg dhr,max dhr
0,CA,Lake County,G0600330,2060-2079,16.895485706147355,43.28621292114258,-2.674818992614746,1648.1359352457891,1135.488217989666,54.17818641542844,5.0998333989495945,16.10436998585136,-4.043583126644153,4.073358117717586,10.049116134643556,208.498401826484,1017,208.98974697585925,946.5001220703124,78.96141552511415,520
