Measure,Output Type,Training RMSE,Testing RMSE,Training R2,Testing R2
2024_1_4_08,electricity,1.1749658636697982,12.528517205247198,0.9776183297146717,0.7651224452174953
