,state,county,gisjoin,year range,avg temp,max temp,min temp,hdd,cdd,avg rh,average dp,max dp,min dp,avg wind speed,max wind speed,avg ghr,max ghr,avg dnr,max dnr,avg dhr,max dhr
0,MS,Tishomingo County,G2801410,2020-2039,16.811275861343848,36.66929626464844,-10.022567749023438,1761.0719861968528,1217.6876755874152,69.8047600587209,10.531283850846338,23.967924762447,-10.022568611721985,4.014270461204389,9.486915588378906,159.93972602739726,1004,194.4757299771101,934.6578979492188,76.61586757990868,608
