,state,county,gisjoin,year range,avg temp,max temp,min temp,hdd,cdd,avg rh,average dp,max dp,min dp,avg wind speed,max wind speed,avg ghr,max ghr,avg dnr,max dnr,avg dhr,max dhr
0,MS,Tishomingo County,G2801410,2080-2099,19.965790123011775,42.65078353881836,-10.797588348388672,1314.4036406326165,1922.41703553185,69.99958813201347,13.59326075958881,27.48474127661313,-10.797588781052673,3.908628712587705,9.864143371582031,159.93972602739726,1004,187.17046830314095,952.85595703125,76.61586757990868,608
