,state,county,gisjoin,year range,avg temp,max temp,min temp,hdd,cdd,avg rh,average dp,max dp,min dp,avg wind speed,max wind speed,avg ghr,max ghr,avg dnr,max dnr,avg dhr,max dhr
0,KY,McLean County,G2101490,2060-2079,17.45118111708838,38.26144790649414,-13.237293243408203,1785.6521807098234,1475.8332884470672,70.3905541877224,11.301860768557725,26.22347014431086,-13.23729358166471,3.5025847329396633,8.956094741821289,176.99851598173515,978,180.9752009824902,900.3692016601562,73.57956621004566,587
