,state,county,gisjoin,year range,avg temp,max temp,min temp,hdd,cdd,avg rh,average dp,max dp,min dp,avg wind speed,max wind speed,avg ghr,max ghr,avg dnr,max dnr,avg dhr,max dhr
0,MI,Mecosta County,G2601070,1980-1999,6.9448126491919355,31.62142944335937,-26.59214210510254,4477.8561756487825,333.21279260316624,66.40312325290348,0.24900591797757196,19.30310822846941,-26.592144554439987,4.315401541274976,10.14582347869873,148.54429223744293,947,181.9593168096402,962.2874755859376,69.20502283105023,626
