,state,county,gisjoin,year range,avg temp,max temp,min temp,hdd,cdd,avg rh,average dp,max dp,min dp,avg wind speed,max wind speed,avg ghr,max ghr,avg dnr,max dnr,avg dhr,max dhr
0,MI,Mecosta County,G2601070,2000-2019,8.105355443120652,32.961429595947266,-24.981428146362305,4157.233527711032,436.18826444944693,67.34360029838945,1.605237486302702,22.211571420332444,-24.981431232601157,4.361064354238445,10.19642162322998,148.54429223744293,947,179.5443178031114,927.0377197265624,69.20502283105023,626
