,state,county,gisjoin,year range,avg temp,max temp,min temp,hdd,cdd,avg rh,average dp,max dp,min dp,avg wind speed,max wind speed,avg ghr,max ghr,avg dnr,max dnr,avg dhr,max dhr
0,GA,Webster County,G1303070,1980-1999,17.62955033762166,36.84789657592773,-8.536842346191406,1471.39199529322,1226.6778685252727,67.62449184095479,10.779774132982594,23.1419415019338,-8.536842691803528,3.2505742869148517,10.72072410583496,184.89771689497718,1000,205.89147173087198,960.2702026367188,81.59280821917808,657
