,state,county,gisjoin,year range,avg temp,max temp,min temp,hdd,cdd,avg rh,average dp,max dp,min dp,avg wind speed,max wind speed,avg ghr,max ghr,avg dnr,max dnr,avg dhr,max dhr
0,GA,Webster County,G1303070,2020-2039,19.136688189318864,37.0528450012207,-7.181833267211914,1203.7357257335077,1509.126914834965,69.33166515402598,12.624475962784624,25.047245799857976,-7.181834233475389,3.215573668398269,8.717256546020508,184.89771689497718,1000,201.82815621481043,952.861328125,81.59280821917808,657
