,state,county,gisjoin,year range,avg temp,max temp,min temp,hdd,cdd,avg rh,average dp,max dp,min dp,avg wind speed,max wind speed,avg ghr,max ghr,avg dnr,max dnr,avg dhr,max dhr
0,GA,Webster County,G1303070,2080-2099,22.181363028454697,40.28816223144531,-5.1003289222717285,841.7656767136444,2258.463182099426,70.07345626561064,15.767436302446193,27.64057667226872,-5.1003289974421175,3.5103978117987444,9.210753440856934,184.89771689497718,1000,191.91493290677053,939.13720703125,81.59280821917808,657
