,state,county,gisjoin,year range,avg temp,max temp,min temp,hdd,cdd,avg rh,average dp,max dp,min dp,avg wind speed,max wind speed,avg ghr,max ghr,avg dnr,max dnr,avg dhr,max dhr
0,FL,Martin County,G1200850,2000-2019,24.05308045343449,34.75105285644531,1.0773686170578003,226.1017479906541,2325.9761134939436,72.28664858656931,18.320304502261404,26.00307098182977,1.0773687413853967,4.5531636958252895,9.581920623779297,181.2527397260274,1019,188.19084544699984,921.6034545898438,83.2818493150685,605
