,state,county,gisjoin,year range,avg temp,max temp,min temp,hdd,cdd,avg rh,average dp,max dp,min dp,avg wind speed,max wind speed,avg ghr,max ghr,avg dnr,max dnr,avg dhr,max dhr
0,MT,Dawson County,G3000210,1980-1999,6.841794309347653,38.15833282470703,-34.75,4632.267152900794,450.0220758120313,50.26069305955547,-4.323942897651577,14.765360342310968,-34.75000393314999,3.938025647265726,10.551865577697754,154.88949771689497,950,185.62416578543397,905.14453125,58.35867579908676,574
