,state,county,gisjoin,year range,avg temp,max temp,min temp,hdd,cdd,avg rh,average dp,max dp,min dp,avg wind speed,max wind speed,avg ghr,max ghr,avg dnr,max dnr,avg dhr,max dhr
0,MT,Dawson County,G3000210,2040-2059,9.779940812302048,40.997108459472656,-27.255931854248047,3867.1941209212223,757.3725174109474,52.89341446874349,-0.75363482481496,20.666706656429675,-28.341399358637968,3.890580393925105,8.370705604553223,154.88949771689497,950,182.67536516973033,889.1898193359375,58.35867579908676,574
