,state,county,gisjoin,year range,avg temp,max temp,min temp,hdd,cdd,avg rh,average dp,max dp,min dp,avg wind speed,max wind speed,avg ghr,max ghr,avg dnr,max dnr,avg dhr,max dhr
0,MT,Dawson County,G3000210,2060-2079,10.64771522063297,39.93083572387695,-24.664962768554688,3704.537470139852,911.4535256704121,52.385911110220434,0.034383186277762344,20.595070516604405,-25.75023442862231,3.8819853933978843,8.253888130187988,154.88949771689497,950,179.85550291881776,885.213623046875,58.35867579908676,574
