,state,county,gisjoin,year range,avg temp,max temp,min temp,hdd,cdd,avg rh,average dp,max dp,min dp,avg wind speed,max wind speed,avg ghr,max ghr,avg dnr,max dnr,avg dhr,max dhr
0,MT,Dawson County,G3000210,2080-2099,13.108394509494957,44.80012512207031,-24.064640045166016,3173.9780211290617,1279.0420170943544,51.92492215252358,1.91535661520668,22.546022346726925,-24.368091318256344,3.8585892465833114,9.39091968536377,154.88949771689497,950,180.4747393415764,874.8956909179688,58.35867579908676,574
