,state,county,gisjoin,year range,avg temp,max temp,min temp,hdd,cdd,avg rh,average dp,max dp,min dp,avg wind speed,max wind speed,avg ghr,max ghr,avg dnr,max dnr,avg dhr,max dhr
0,MO,Jasper County,G2900970,2060-2079,17.1967036756743,42.710548400878906,-9.348543167114258,1899.8911218805308,1497.1879635015923,69.80341120941998,10.897255019453128,27.199533908188528,-9.371011194010077,4.36065135296077,9.9190673828125,179.15787671232877,994,185.12948375833034,928.23974609375,66.51815068493151,456
