,state,county,gisjoin,year range,avg temp,max temp,min temp,hdd,cdd,avg rh,average dp,max dp,min dp,avg wind speed,max wind speed,avg ghr,max ghr,avg dnr,max dnr,avg dhr,max dhr
0,AL,Tallapoosa County,G0101230,2040-2059,19.36466920585935,38.01043319702149,-8.197760581970215,1273.1804208317644,1661.7846809704326,69.07443990293703,12.772468494500337,25.897866400854063,-8.197761256733646,3.330727598492958,8.111865997314453,197.16769406392694,1004,196.34578215865002,926.22998046875,74.20993150684932,567
