,state,county,gisjoin,year range,avg temp,max temp,min temp,hdd,cdd,avg rh,average dp,max dp,min dp,avg wind speed,max wind speed,avg ghr,max ghr,avg dnr,max dnr,avg dhr,max dhr
0,IN,Porter County,G1801270,2000-2019,10.54771944185607,36.635833740234375,-27.02916717529297,3433.7182034807124,604.1357997576696,70.73938943632118,4.830494487110135,23.99381085364296,-27.029168012607148,4.290526172178521,10.120077133178713,157.21929223744291,960,176.01821351150124,934.3336791992188,71.28424657534246,479
