,state,county,gisjoin,year range,avg temp,max temp,min temp,hdd,cdd,avg rh,average dp,max dp,min dp,avg wind speed,max wind speed,avg ghr,max ghr,avg dnr,max dnr,avg dhr,max dhr
0,KS,Thomas County,G2001930,1980-1999,10.016004313812505,38.83625030517578,-20.82250022888184,3665.1501715826175,641.4917461236613,54.277833050571076,-0.21278320917172863,18.70756539031294,-24.04604337017837,4.726962952676429,10.498438835144045,199.1041095890411,1020,208.18059178301533,971.92822265625,59.32694063926941,477
