,state,county,gisjoin,year range,avg temp,max temp,min temp,hdd,cdd,avg rh,average dp,max dp,min dp,avg wind speed,max wind speed,avg ghr,max ghr,avg dnr,max dnr,avg dhr,max dhr
0,VA,Fredericksburg city,G5106300,2000-2019,14.384965387416035,36.95562362670898,-12.719374656677246,2349.637757634647,920.6501240412975,69.07389279108614,8.072425282872901,23.34611456213566,-12.994783381415472,3.8566822839109864,8.522727966308594,174.04098173515982,997,182.3296701199558,923.9544067382812,72.32853881278538,635
