,state,county,gisjoin,year range,avg temp,max temp,min temp,hdd,cdd,avg rh,average dp,max dp,min dp,avg wind speed,max wind speed,avg ghr,max ghr,avg dnr,max dnr,avg dhr,max dhr
0,CO,Gunnison County,G0800510,2000-2019,4.402206520574778,31.412500381469727,-27.86062431335449,5278.040578080775,205.3459580898241,47.887276708807576,-7.375510449477594,6.789912707724544,-28.508306927783416,3.8176509478320813,9.84906768798828,172.0447488584475,990,244.24623241966125,1089.2218017578125,62.18219178082192,599
