,state,county,gisjoin,year range,avg temp,max temp,min temp,hdd,cdd,avg rh,average dp,max dp,min dp,avg wind speed,max wind speed,avg ghr,max ghr,avg dnr,max dnr,avg dhr,max dhr
0,KS,Greeley County,G2000710,2000-2019,12.313332501149082,40.18999862670898,-22.059165954589844,3131.6617111865994,946.5280741056314,47.52614024518287,-0.2589009703997676,16.32632888870712,-23.86185379267709,4.319068828510911,9.460285186767578,199.1041095890411,1020,216.50141751353567,981.5921020507812,59.28527397260274,477
