,state,county,gisjoin,year range,avg temp,max temp,min temp,hdd,cdd,avg rh,average dp,max dp,min dp,avg wind speed,max wind speed,avg ghr,max ghr,avg dnr,max dnr,avg dhr,max dhr
0,IA,Mitchell County,G1901310,2000-2019,8.425211139461961,33.60166549682617,-26.01749992370605,4130.099834404317,525.8019003073572,68.06859889988486,2.181788984208268,24.90983211799556,-26.017502240920617,4.731647935958758,11.785029411315918,152.75433789954337,980,177.09551490844592,897.330078125,69.0195205479452,593
