,state,county,gisjoin,year range,avg temp,max temp,min temp,hdd,cdd,avg rh,average dp,max dp,min dp,avg wind speed,max wind speed,avg ghr,max ghr,avg dnr,max dnr,avg dhr,max dhr
0,OH,Tuscarawas County,G3901570,1980-1999,9.923532666355483,33.87533187866211,-20.00666618347168,3539.1934759221094,481.7828991413258,68.78432179847265,3.697986423733833,21.891743382217825,-20.22721510609521,3.9713581630628405,9.45722484588623,153.82751141552512,1000,181.98347313085432,941.1891479492188,81.43276255707762,531
