,state,county,gisjoin,year range,avg temp,max temp,min temp,hdd,cdd,avg rh,average dp,max dp,min dp,avg wind speed,max wind speed,avg ghr,max ghr,avg dnr,max dnr,avg dhr,max dhr
0,OH,Tuscarawas County,G3901570,2040-2059,13.302196724128638,37.93829727172852,-16.054950714111328,2708.176652381343,883.9784566879783,70.35649641398426,7.305358538402717,23.96319742833633,-16.054951866170985,4.047185245931965,9.191926956176758,153.82751141552512,1000,175.21692101563332,937.72021484375,81.43276255707762,531
