,state,county,gisjoin,year range,avg temp,max temp,min temp,hdd,cdd,avg rh,average dp,max dp,min dp,avg wind speed,max wind speed,avg ghr,max ghr,avg dnr,max dnr,avg dhr,max dhr
0,OH,Tuscarawas County,G3901570,2080-2099,15.383727660066254,37.591339111328125,-12.710667610168455,2304.941738591326,1240.5023345153259,70.50282749911966,9.352628586185284,26.26995426904439,-12.71066840391829,3.9098814541346405,9.667961120605469,153.82751141552512,1000,170.4850859456804,935.2954711914062,81.43276255707762,531
