,state,county,gisjoin,year range,avg temp,max temp,min temp,hdd,cdd,avg rh,average dp,max dp,min dp,avg wind speed,max wind speed,avg ghr,max ghr,avg dnr,max dnr,avg dhr,max dhr
0,KY,Cumberland County,G2100570,1980-1999,13.627642849519516,34.45000076293945,-22.799375534057617,2491.9665515449087,786.5561916192861,68.56562000823348,7.1255869766881865,21.907066211342524,-22.79937644144608,3.8888748368443964,8.774260520935059,161.43550228310502,982,193.22539002594107,946.1392211914062,76.63116438356164,593
