,state,county,gisjoin,year range,avg temp,max temp,min temp,hdd,cdd,avg rh,average dp,max dp,min dp,avg wind speed,max wind speed,avg ghr,max ghr,avg dnr,max dnr,avg dhr,max dhr
0,KY,Cumberland County,G2100570,2000-2019,14.921986406451166,36.14250183105469,-18.996875762939453,2246.278569188815,1013.3036075433743,68.80171337824434,8.43603915734346,22.347254768470947,-18.996876893489155,3.840472582962415,9.714783668518066,161.43550228310502,982,191.57998195646408,959.0716552734376,76.63116438356164,593
