,state,county,gisjoin,year range,avg temp,max temp,min temp,hdd,cdd,avg rh,average dp,max dp,min dp,avg wind speed,max wind speed,avg ghr,max ghr,avg dnr,max dnr,avg dhr,max dhr
0,KY,Cumberland County,G2100570,2060-2079,17.321526098752408,38.95294570922852,-9.40599536895752,1729.4002808172602,1372.2573068619504,69.63556350355279,10.94135101111437,25.06632238039637,-9.405995315894748,3.811732070957689,8.793499946594238,161.43550228310502,982,186.08463918489036,940.4484252929688,76.63116438356164,593
