,state,county,gisjoin,year range,avg temp,max temp,min temp,hdd,cdd,avg rh,average dp,max dp,min dp,avg wind speed,max wind speed,avg ghr,max ghr,avg dnr,max dnr,avg dhr,max dhr
0,CO,Alamosa County,G0800030,1980-1999,5.527879861572339,30.457500457763672,-28.546875,4901.682362356177,239.8585118293705,32.49626732552977,-12.002652695179316,8.868449899437717,-32.73259020222705,2.445027356441707,7.17855167388916,204.29748858447488,1027,248.70151859293458,1064.918701171875,62.016666666666666,456
