,state,county,gisjoin,year range,avg temp,max temp,min temp,hdd,cdd,avg rh,average dp,max dp,min dp,avg wind speed,max wind speed,avg ghr,max ghr,avg dnr,max dnr,avg dhr,max dhr
0,CO,Alamosa County,G0800030,2000-2019,6.946818878434582,31.99499893188477,-27.356250762939453,4469.561471339127,325.65036196707945,32.161553681495526,-10.64846666081769,7.204596397088365,-30.94051378717717,2.5102149365699455,6.082397937774658,204.29748858447488,1027,247.10183717893347,1055.6395263671875,62.016666666666666,456
