,state,county,gisjoin,year range,avg temp,max temp,min temp,hdd,cdd,avg rh,average dp,max dp,min dp,avg wind speed,max wind speed,avg ghr,max ghr,avg dnr,max dnr,avg dhr,max dhr
0,CO,Alamosa County,G0800030,2020-2039,7.152967248917249,32.170448303222656,-23.876598358154297,4434.971438115861,366.30448397000424,34.255989328639146,-9.617463841626877,7.787038825644223,-28.21642777936976,2.5385498486153066,6.431045055389404,204.29748858447488,1027,246.77586540715126,1051.3607177734375,62.016666666666666,456
