,state,county,gisjoin,year range,avg temp,max temp,min temp,hdd,cdd,avg rh,average dp,max dp,min dp,avg wind speed,max wind speed,avg ghr,max ghr,avg dnr,max dnr,avg dhr,max dhr
0,CO,Alamosa County,G0800030,2040-2059,8.490549260959614,32.578392028808594,-25.56375503540039,4053.6651793369347,473.21565958660216,33.76110205242079,-8.690161261613662,9.962713452678544,-28.24301405072732,2.4436585199343015,5.627788543701172,204.29748858447488,1027,247.0493157429358,1033.5399169921875,62.016666666666666,456
