,state,county,gisjoin,year range,avg temp,max temp,min temp,hdd,cdd,avg rh,average dp,max dp,min dp,avg wind speed,max wind speed,avg ghr,max ghr,avg dnr,max dnr,avg dhr,max dhr
0,TX,Rusk County,G4804010,2000-2019,19.373269580962766,38.52411651611328,-6.018823623657227,1256.4472451941158,1648.1906422455334,67.60384890521497,12.465928711435382,23.831514767757884,-6.076285561960976,4.227396541752228,9.579500198364258,194.5595890410959,1019,199.65228369562817,955.5543823242188,57.294292237442924,446
