,state,county,gisjoin,year range,avg temp,max temp,min temp,hdd,cdd,avg rh,average dp,max dp,min dp,avg wind speed,max wind speed,avg ghr,max ghr,avg dnr,max dnr,avg dhr,max dhr
0,TX,Rusk County,G4804010,2080-2099,22.962212957986036,42.18512725830078,-3.705487012863159,803.5935151661357,2505.301244830822,68.23475881014785,16.07935736868413,30.65827780497115,-3.705487392013033,4.189548890231407,9.00352668762207,194.5595890410959,1019,188.89763036507426,905.3373413085938,57.294292237442924,446
