,state,county,gisjoin,year range,avg temp,max temp,min temp,hdd,cdd,avg rh,average dp,max dp,min dp,avg wind speed,max wind speed,avg ghr,max ghr,avg dnr,max dnr,avg dhr,max dhr
0,NM,Quay County,G3500370,1980-1999,14.751390187794366,41.37842178344727,-14.72789478302002,2328.780506110538,1033.5379246553423,44.709799605199734,1.043191424775143,17.900795428157203,-19.056904683342424,3.280113415209126,8.291891098022461,214.1054794520548,1047,229.03472735675825,1009.6181030273438,64.08025114155251,608
