,state,county,gisjoin,year range,avg temp,max temp,min temp,hdd,cdd,avg rh,average dp,max dp,min dp,avg wind speed,max wind speed,avg ghr,max ghr,avg dnr,max dnr,avg dhr,max dhr
0,NM,Quay County,G3500370,2000-2019,15.476516664170159,39.12631607055664,-12.69631576538086,2199.7265945195804,1169.1551769416249,45.709100464272176,2.3154731973622713,17.97988591217673,-19.29400639082641,3.2369301885910775,7.779798984527588,214.1054794520548,1047,226.95490988960483,995.8703002929688,64.08025114155251,608
