,state,county,gisjoin,year range,avg temp,max temp,min temp,hdd,cdd,avg rh,average dp,max dp,min dp,avg wind speed,max wind speed,avg ghr,max ghr,avg dnr,max dnr,avg dhr,max dhr
0,NM,Quay County,G3500370,2040-2059,17.693078273365945,40.9742317199707,-10.99821662902832,1757.2748381098424,1535.7484078883974,45.31838055081563,4.177459605239429,20.488127730083743,-16.583180422267418,3.1975681216749425,7.103168964385986,214.1054794520548,1047,226.1601250453416,997.2247924804688,64.08025114155251,608
