,state,county,gisjoin,year range,avg temp,max temp,min temp,hdd,cdd,avg rh,average dp,max dp,min dp,avg wind speed,max wind speed,avg ghr,max ghr,avg dnr,max dnr,avg dhr,max dhr
0,NM,Quay County,G3500370,2080-2099,20.003221635136413,44.26136016845703,-7.411526679992676,1451.1678215290442,2072.8437183537235,44.912042287550015,6.120737557770368,23.208516010216798,-19.725847486031043,3.1718471112860938,8.784026145935059,214.1054794520548,1047,223.64279958768068,979.985595703125,64.08025114155251,608
