,state,county,gisjoin,year range,avg temp,max temp,min temp,hdd,cdd,avg rh,average dp,max dp,min dp,avg wind speed,max wind speed,avg ghr,max ghr,avg dnr,max dnr,avg dhr,max dhr
0,MS,Panola County,G2801070,2040-2059,19.17293131775563,40.05239486694336,-10.045991897583008,1399.7585758544226,1718.3785068352106,69.72228866450862,12.781759133634958,27.01903759238618,-10.045992790602137,3.711352284313881,10.863144874572754,187.20479452054795,1007,189.05243821921042,917.7762451171876,76.2695205479452,575
