,state,county,gisjoin,year range,avg temp,max temp,min temp,hdd,cdd,avg rh,average dp,max dp,min dp,avg wind speed,max wind speed,avg ghr,max ghr,avg dnr,max dnr,avg dhr,max dhr
0,KY,Lyon County,G2101430,2040-2059,17.14667037681733,39.5943603515625,-6.60734748840332,1833.3406356460366,1412.3753231843664,70.69397779926318,11.118413152777634,25.910400305898907,-6.899373585479609,4.307936994411629,11.121203422546388,173.54075342465754,1012,184.04700931122943,916.8599243164062,72.50034246575342,631
