,state,county,gisjoin,year range,avg temp,max temp,min temp,hdd,cdd,avg rh,average dp,max dp,min dp,avg wind speed,max wind speed,avg ghr,max ghr,avg dnr,max dnr,avg dhr,max dhr
0,MI,Kent County,G2600810,2020-2039,10.132604240741696,35.34050369262695,-23.900291442871094,3552.9769942758844,571.8775421460738,70.35915802537579,4.317854652271902,24.11347424465573,-23.900294956467476,4.496938690026057,10.660001754760742,158.31381278538814,981,175.39187280508335,902.5889892578124,76.23481735159817,491
