,state,county,gisjoin,year range,avg temp,max temp,min temp,hdd,cdd,avg rh,average dp,max dp,min dp,avg wind speed,max wind speed,avg ghr,max ghr,avg dnr,max dnr,avg dhr,max dhr
0,MI,Kent County,G2600810,2080-2099,14.008230374703645,37.77643203735352,-16.96599006652832,2698.814562414262,1132.318649180793,70.30275071592635,8.010241817051787,25.54261685141897,-16.9659916671931,4.436065153525845,10.636474609375,158.31381278538814,981,167.58848217450824,912.9966430664062,76.23481735159817,491
