,state,county,gisjoin,year range,avg temp,max temp,min temp,hdd,cdd,avg rh,average dp,max dp,min dp,avg wind speed,max wind speed,avg ghr,max ghr,avg dnr,max dnr,avg dhr,max dhr
0,AZ,Coconino County,G0400050,2040-2059,11.037877107554232,34.81402587890625,-21.074262619018555,3249.7139018081944,599.0390460650389,48.338043926295626,-1.1988199171854053,15.331305244686163,-21.07426422212272,4.385063648223877,13.387672424316406,216.72020547945206,1073,239.21842152276932,1044.5025634765625,56.269406392694066,481
