,state,county,gisjoin,year range,avg temp,max temp,min temp,hdd,cdd,avg rh,average dp,max dp,min dp,avg wind speed,max wind speed,avg ghr,max ghr,avg dnr,max dnr,avg dhr,max dhr
0,PA,Lebanon County,G4200750,2060-2079,14.281439774860756,37.03632354736328,-9.740036010742188,2466.3941101922733,999.6196280162154,71.11411168150705,8.460844005123908,25.264332094389424,-10.075151809871995,4.506783430543664,11.352807998657228,150.475799086758,961,175.70749042837474,907.2026977539062,76.3255707762557,560
