,state,county,gisjoin,year range,avg temp,max temp,min temp,hdd,cdd,avg rh,average dp,max dp,min dp,avg wind speed,max wind speed,avg ghr,max ghr,avg dnr,max dnr,avg dhr,max dhr
0,NC,Sampson County,G3701630,2000-2019,17.081453713930394,37.69066619873047,-8.251999855041504,1687.3475908932894,1242.578196477971,69.43732023413322,10.740592070049528,25.05235510814058,-8.25199973707315,3.7825143477688097,8.35698127746582,214.4716894977169,1021,190.25958263773805,933.9544677734376,68.3785388127854,462
