,state,county,gisjoin,year range,avg temp,max temp,min temp,hdd,cdd,avg rh,average dp,max dp,min dp,avg wind speed,max wind speed,avg ghr,max ghr,avg dnr,max dnr,avg dhr,max dhr
0,IA,Iowa County,G1900950,2000-2019,10.149707077810032,36.73714447021485,-28.858572006225582,3630.5288084799063,655.6718918800681,67.62851441766574,3.6683850614724265,25.251383969706847,-28.85857350422449,4.093872715022466,9.680166244506836,148.24029680365297,979,181.98887042438136,914.509033203125,70.53926940639269,620
