,state,county,gisjoin,year range,avg temp,max temp,min temp,hdd,cdd,avg rh,average dp,max dp,min dp,avg wind speed,max wind speed,avg ghr,max ghr,avg dnr,max dnr,avg dhr,max dhr
0,IA,Iowa County,G1900950,2080-2099,15.147244496841104,41.69997787475586,-18.125242233276367,2518.0468538147197,1367.2910951615092,67.02546583441294,8.304347957591153,26.25738591365777,-18.12524429183001,4.0085020842617505,10.657336235046388,148.24029680365297,979,173.8747446471983,902.749755859375,70.53926940639269,620
