,state,county,gisjoin,year range,avg temp,max temp,min temp,hdd,cdd,avg rh,average dp,max dp,min dp,avg wind speed,max wind speed,avg ghr,max ghr,avg dnr,max dnr,avg dhr,max dhr
0,WY,Natrona County,G5600250,2000-2019,8.370301667894301,35.29916763305664,-24.7641658782959,4126.114555207948,501.77466398876413,49.68048808073889,-2.958126700426057,13.289050264844668,-25.548861697724146,4.607276162056074,10.413185119628906,184.46666666666667,1003,210.8341779669742,951.716064453125,62.2263698630137,518
