,state,county,gisjoin,year range,avg temp,max temp,min temp,hdd,cdd,avg rh,average dp,max dp,min dp,avg wind speed,max wind speed,avg ghr,max ghr,avg dnr,max dnr,avg dhr,max dhr
0,VA,Salem city,G5107750,1980-1999,12.639966070620858,34.446250915527344,-17.267499923706055,2737.798177067274,671.8857928435394,68.14402881822629,6.131141610806134,21.06286195405881,-17.267500791542997,4.12630261558376,10.127473831176758,175.96141552511415,1025,190.75751195622615,947.874267578125,76.01495433789954,485
