,state,county,gisjoin,year range,avg temp,max temp,min temp,hdd,cdd,avg rh,average dp,max dp,min dp,avg wind speed,max wind speed,avg ghr,max ghr,avg dnr,max dnr,avg dhr,max dhr
0,VA,Salem city,G5107750,2020-2039,14.695522327636704,36.32382583618164,-12.400145530700684,2231.6601830022655,916.0258325895247,66.76025880918111,7.766237348314842,23.0597608915952,-12.40014641562674,4.20198216242333,10.378106117248535,175.96141552511415,1025,188.32552761380245,949.2142333984376,76.01495433789954,485
