,state,county,gisjoin,year range,avg temp,max temp,min temp,hdd,cdd,avg rh,average dp,max dp,min dp,avg wind speed,max wind speed,avg ghr,max ghr,avg dnr,max dnr,avg dhr,max dhr
0,KS,Logan County,G2001090,2000-2019,12.007353788986881,39.240665435791016,-23.17799949645996,3172.7793764050275,875.9635093848365,51.73974754979077,0.8469692407517679,18.543769370847592,-24.84089110524971,4.259885949141359,9.373072624206545,199.1041095890411,1020,209.97571115750404,972.8875732421876,59.339155251141555,477
