,state,county,gisjoin,year range,avg temp,max temp,min temp,hdd,cdd,avg rh,average dp,max dp,min dp,avg wind speed,max wind speed,avg ghr,max ghr,avg dnr,max dnr,avg dhr,max dhr
0,KS,Logan County,G2001090,2080-2099,17.29135156697195,43.88549423217773,-8.014066696166992,2010.0356102611277,1641.8789322057771,51.59303770212278,5.626223138029091,23.234152880599616,-15.59604235801569,4.272745900611355,10.651280403137209,199.1041095890411,1020,203.2579945298541,942.4653930664062,59.339155251141555,477
