,state,county,gisjoin,year range,avg temp,max temp,min temp,hdd,cdd,avg rh,average dp,max dp,min dp,avg wind speed,max wind speed,avg ghr,max ghr,avg dnr,max dnr,avg dhr,max dhr
0,MI,Marquette County,G2601030,2020-2039,6.218662629377926,33.889591217041016,-26.264848709106445,4721.187048972334,311.49890869457755,68.52131713253178,0.09852016040705669,20.13991563696271,-26.264849019806935,4.908458943426881,12.737133979797363,142.29212328767125,937,174.87026657451577,923.435546875,65.53196347031964,592
