,state,county,gisjoin,year range,avg temp,max temp,min temp,hdd,cdd,avg rh,average dp,max dp,min dp,avg wind speed,max wind speed,avg ghr,max ghr,avg dnr,max dnr,avg dhr,max dhr
0,MI,Marquette County,G2601030,2040-2059,7.589246063332869,33.01929473876953,-25.765851974487305,4348.570440113276,439.1452532291487,68.14425298851918,1.2367561306219157,19.269642020891467,-25.76585431575988,5.0405239392633305,12.324881553649902,142.29212328767125,937,174.12753307667617,903.4724731445312,65.53196347031964,592
