,state,county,gisjoin,year range,avg temp,max temp,min temp,hdd,cdd,avg rh,average dp,max dp,min dp,avg wind speed,max wind speed,avg ghr,max ghr,avg dnr,max dnr,avg dhr,max dhr
0,FL,Palm Beach County,G1200990,2040-2059,25.356468904644387,36.30265045166016,3.411677122116089,145.0604791065084,2720.671629301327,75.23723668442469,20.3335036420937,28.669642078325424,3.411677283081864,4.1136345517145445,10.399335861206056,202.40319634703195,1013,177.44324006651945,879.4222412109375,84.2994292237443,489
