,state,county,gisjoin,year range,avg temp,max temp,min temp,hdd,cdd,avg rh,average dp,max dp,min dp,avg wind speed,max wind speed,avg ghr,max ghr,avg dnr,max dnr,avg dhr,max dhr
0,KS,Mitchell County,G2001230,2060-2079,15.768662648556061,42.09083557128906,-15.061382293701172,2417.0234534003116,1493.08532012303,62.04647465688453,7.40435479224748,25.54357809651122,-15.061382533181952,4.046307141187529,8.38821792602539,181.10228310502282,999,189.0878411381187,928.2623291015624,64.83127853881278,534
