,state,county,gisjoin,year range,avg temp,max temp,min temp,hdd,cdd,avg rh,average dp,max dp,min dp,avg wind speed,max wind speed,avg ghr,max ghr,avg dnr,max dnr,avg dhr,max dhr
0,KS,Mitchell County,G2001230,2080-2099,17.84897560916985,45.28940582275391,-16.337446212768555,2033.800846098288,1869.1769434450928,59.27262780731672,8.633333684882048,26.899185990431725,-17.652444734822495,4.056273584863911,9.49622631072998,181.10228310502282,999,189.05426085403073,905.001220703125,64.83127853881278,534
