,state,county,gisjoin,year range,avg temp,max temp,min temp,hdd,cdd,avg rh,average dp,max dp,min dp,avg wind speed,max wind speed,avg ghr,max ghr,avg dnr,max dnr,avg dhr,max dhr
0,OH,Marion County,G3901010,2060-2079,13.784107973917173,36.13618850708008,-15.568192481994627,2671.568396130046,1023.2678066095341,70.15944449977788,7.800156834398378,25.72314338678851,-15.568193064844076,3.9338842081560936,10.105598449707031,152.52888127853882,1002,173.45131274478837,919.5580444335938,76.31267123287671,661
