,state,county,gisjoin,year range,avg temp,max temp,min temp,hdd,cdd,avg rh,average dp,max dp,min dp,avg wind speed,max wind speed,avg ghr,max ghr,avg dnr,max dnr,avg dhr,max dhr
0,GA,Colquitt County,G1300710,1980-1999,18.581868152583887,36.59333419799805,-6.304999828338623,1240.2799950406873,1343.1618707339915,67.91856225527584,11.793857479382815,23.739179272697047,-7.994925307285817,3.4504748197314945,8.955174446105957,195.40970319634704,997,205.9842055742941,941.2304077148438,80.53070776255707,631
