,state,county,gisjoin,year range,avg temp,max temp,min temp,hdd,cdd,avg rh,average dp,max dp,min dp,avg wind speed,max wind speed,avg ghr,max ghr,avg dnr,max dnr,avg dhr,max dhr
0,NC,Surry County,G3701710,1980-1999,13.008942195188178,33.426876068115234,-17.76937484741211,2626.664346812427,695.4282480558157,67.54920900553873,6.271980628412237,21.379404960814217,-17.76937622079189,3.3272439078108906,8.154529571533203,185.45559360730593,1017,194.8658165887905,966.46728515625,69.17796803652968,617
