,state,county,gisjoin,year range,avg temp,max temp,min temp,hdd,cdd,avg rh,average dp,max dp,min dp,avg wind speed,max wind speed,avg ghr,max ghr,avg dnr,max dnr,avg dhr,max dhr
0,NC,Surry County,G3701710,2040-2059,15.921230454598744,37.84959411621094,-10.488780975341797,1984.8720222627555,1116.621138191296,68.12305153472238,9.174789684868362,22.621789014451075,-10.48878219375352,3.3503260668009927,7.891855716705322,185.45559360730593,1017,189.3339846548412,945.1845703125,69.17796803652968,617
