,state,county,gisjoin,year range,avg temp,max temp,min temp,hdd,cdd,avg rh,average dp,max dp,min dp,avg wind speed,max wind speed,avg ghr,max ghr,avg dnr,max dnr,avg dhr,max dhr
0,NC,Surry County,G3701710,2060-2079,15.838818798732431,37.49822998046875,-9.329510688781738,2021.0778018901017,1122.7466634274265,69.09279888949982,9.361824567449773,24.8608814965318,-9.722801792265535,3.533565779254861,8.230167388916016,185.45559360730593,1017,188.61059535059954,956.15966796875,69.17796803652968,617
