,state,county,gisjoin,year range,avg temp,max temp,min temp,hdd,cdd,avg rh,average dp,max dp,min dp,avg wind speed,max wind speed,avg ghr,max ghr,avg dnr,max dnr,avg dhr,max dhr
0,IA,Des Moines County,G1900570,2080-2099,16.214454471606672,41.41078186035156,-17.88599395751953,2275.831940043572,1514.6078221797752,70.57912818002919,10.213456947601244,28.462048801336227,-17.885993176782485,4.023682644595839,8.680414199829102,158.15045662100457,966,171.53194686813097,882.060546875,69.9357305936073,485
