,state,county,gisjoin,year range,avg temp,max temp,min temp,hdd,cdd,avg rh,average dp,max dp,min dp,avg wind speed,max wind speed,avg ghr,max ghr,avg dnr,max dnr,avg dhr,max dhr
0,MI,Ontonagon County,G2601310,2000-2019,5.815756681925441,33.57666778564453,-27.62583351135254,4856.850738616758,300.10192751883716,67.18511798349145,-0.6404719000097372,20.564599188193583,-27.625835237999794,4.93918547280575,13.410507202148438,141.97237442922375,943,175.7474967522732,937.1580810546876,62.20091324200913,489
