,state,county,gisjoin,year range,avg temp,max temp,min temp,hdd,cdd,avg rh,average dp,max dp,min dp,avg wind speed,max wind speed,avg ghr,max ghr,avg dnr,max dnr,avg dhr,max dhr
0,MI,Ontonagon County,G2601310,2080-2099,10.214635397386973,36.68209838867188,-26.00485610961914,3696.070115530781,744.9120355765413,69.65238963218584,4.127467535975641,22.60617375040996,-26.004857338659072,5.027772576215605,13.144567489624023,141.97237442922375,943,166.0768400068979,882.7421875,62.20091324200913,489
