,state,county,gisjoin,year range,avg temp,max temp,min temp,hdd,cdd,avg rh,average dp,max dp,min dp,avg wind speed,max wind speed,avg ghr,max ghr,avg dnr,max dnr,avg dhr,max dhr
0,MT,Granite County,G3000390,1980-1999,4.482428048331754,30.13692283630371,-32.96230697631836,5194.5877078025,151.17394544283334,58.3971313550592,-4.113733427432761,7.881907933467524,-32.96231107262316,5.282036206874674,12.400354385375977,157.51278538812787,969,195.81021956762677,945.4005126953124,64.33413242009132,470
