,state,county,gisjoin,year range,avg temp,max temp,min temp,hdd,cdd,avg rh,average dp,max dp,min dp,avg wind speed,max wind speed,avg ghr,max ghr,avg dnr,max dnr,avg dhr,max dhr
0,MT,Granite County,G3000390,2000-2019,5.4451637830362625,34.137691497802734,-29.535385131835938,4922.203982715569,230.1887635230975,59.03401300449894,-3.1265583433968422,11.381733334305183,-29.53538804125078,5.253609654212107,12.345559120178224,157.51278538812787,969,194.99846008910887,953.8515625,64.33413242009132,470
