,state,county,gisjoin,year range,avg temp,max temp,min temp,hdd,cdd,avg rh,average dp,max dp,min dp,avg wind speed,max wind speed,avg ghr,max ghr,avg dnr,max dnr,avg dhr,max dhr
0,MT,Granite County,G3000390,2020-2039,6.181047866915203,33.618778228759766,-25.715065002441406,4690.577826479065,267.1602979024194,57.71652876296544,-2.79549020359923,9.726096518824097,-25.715064330758413,5.1518728213495315,11.717727661132812,157.51278538812787,969,195.59177870026832,946.792724609375,64.33413242009132,470
