,state,county,gisjoin,year range,avg temp,max temp,min temp,hdd,cdd,avg rh,average dp,max dp,min dp,avg wind speed,max wind speed,avg ghr,max ghr,avg dnr,max dnr,avg dhr,max dhr
0,MS,Washington County,G2801510,2000-2019,18.6120712831601,37.78062438964844,-8.34749984741211,1433.0670267730854,1546.9730451265689,70.1341041928557,12.39235147287219,25.647956804347807,-8.46734785023275,3.626825557996149,8.456302642822266,189.82305936073058,984,193.40331325910367,919.7667236328124,74.35810502283105,477
