,state,county,gisjoin,year range,avg temp,max temp,min temp,hdd,cdd,avg rh,average dp,max dp,min dp,avg wind speed,max wind speed,avg ghr,max ghr,avg dnr,max dnr,avg dhr,max dhr
0,SC,Colleton County,G4500290,2000-2019,19.02081898176207,37.25,-6.590000152587891,1246.031579396143,1509.130507739369,69.10659782766751,12.537994614599201,25.22674229490556,-6.590000433015937,4.106812310872012,9.200571060180664,189.9033105022831,1006,194.8073371123893,955.7453002929688,80.82968036529681,598
