,state,county,gisjoin,year range,avg temp,max temp,min temp,hdd,cdd,avg rh,average dp,max dp,min dp,avg wind speed,max wind speed,avg ghr,max ghr,avg dnr,max dnr,avg dhr,max dhr
0,SC,Colleton County,G4500290,2020-2039,19.471000630109568,39.92055892944336,-5.410130023956299,1118.338309905941,1545.7535398959692,68.73601866813556,12.89539108367689,24.382557845918964,-5.4101302334808,4.288653210417865,9.949825286865234,189.9033105022831,1006,197.06517120366598,948.4351806640624,80.82968036529681,598
