,state,county,gisjoin,year range,avg temp,max temp,min temp,hdd,cdd,avg rh,average dp,max dp,min dp,avg wind speed,max wind speed,avg ghr,max ghr,avg dnr,max dnr,avg dhr,max dhr
0,SC,Colleton County,G4500290,2060-2079,20.812912724934918,38.441368103027344,-6.91135311126709,958.5470224252099,1875.7601670263718,70.72895485277046,14.63876000470076,26.07707131219513,-6.911353441070272,4.404923243392004,12.666189193725586,189.9033105022831,1006,191.74483725523467,911.0927734375,80.82968036529681,598
