,state,county,gisjoin,year range,avg temp,max temp,min temp,hdd,cdd,avg rh,average dp,max dp,min dp,avg wind speed,max wind speed,avg ghr,max ghr,avg dnr,max dnr,avg dhr,max dhr
0,SC,Union County,G4500870,2000-2019,16.594757771603156,37.34749984741211,-10.986249923706056,1848.1343541137264,1225.7209407489297,67.45984767517542,9.716542636913506,23.156420852017945,-10.98625078997034,3.2206430830367623,8.443938255310059,186.07762557077626,1027,196.4686325964226,949.2702026367188,72.85365296803653,480
