,state,county,gisjoin,year range,avg temp,max temp,min temp,hdd,cdd,avg rh,average dp,max dp,min dp,avg wind speed,max wind speed,avg ghr,max ghr,avg dnr,max dnr,avg dhr,max dhr
0,MN,Wright County,G2701710,2000-2019,7.6895026150157415,36.64356994628906,-29.08357048034668,4398.4603992065195,525.6288536866697,65.93299734886378,0.9252933727564511,22.935575738367767,-29.098973987142884,4.690840235801592,10.929827690124512,161.16518264840184,956,175.69075855920053,898.68017578125,68.08938356164384,587
