,state,county,gisjoin,year range,avg temp,max temp,min temp,hdd,cdd,avg rh,average dp,max dp,min dp,avg wind speed,max wind speed,avg ghr,max ghr,avg dnr,max dnr,avg dhr,max dhr
0,IA,Marion County,G1901250,2020-2039,11.565288937845258,36.67806243896485,-25.093467712402344,3266.0674173351513,807.8978796482548,67.94984780119978,5.13483818616445,25.59021204515383,-25.093468507536727,4.228236521760079,9.431537628173828,161.73892694063926,980,179.5051498303318,923.2808227539062,66.53356164383561,654
