,state,county,gisjoin,year range,avg temp,max temp,min temp,hdd,cdd,avg rh,average dp,max dp,min dp,avg wind speed,max wind speed,avg ghr,max ghr,avg dnr,max dnr,avg dhr,max dhr
0,IA,Marion County,G1901250,2080-2099,15.64208787527208,43.35434341430664,-16.328372955322266,2438.9164151156483,1468.77848958969,67.73363693468103,8.979646205210026,28.99285592681133,-16.463229552194242,4.092174053192139,10.379701614379885,161.73892694063926,980,172.31465050485627,907.8749389648438,66.53356164383561,654
