,state,county,gisjoin,year range,avg temp,max temp,min temp,hdd,cdd,avg rh,average dp,max dp,min dp,avg wind speed,max wind speed,avg ghr,max ghr,avg dnr,max dnr,avg dhr,max dhr
0,IL,Williamson County,G1701990,2040-2059,16.281638039886133,39.96384048461914,-15.331700325012209,2107.1644250564987,1370.4623096148887,69.31793961612057,9.945053376402406,25.36615413617696,-15.331700644549535,3.4932671972469653,8.1134672164917,157.65034246575343,996,183.31516000169682,930.0437622070312,76.05901826484018,640
