,state,county,gisjoin,year range,avg temp,max temp,min temp,hdd,cdd,avg rh,average dp,max dp,min dp,avg wind speed,max wind speed,avg ghr,max ghr,avg dnr,max dnr,avg dhr,max dhr
0,TX,Milam County,G4803310,2040-2059,21.790551856611366,40.9135627746582,-3.196407556533813,888.6348490587498,2162.6862767217503,66.5376419988397,14.488377098447785,26.307930359158853,-3.330452080949289,4.124199530849718,9.534192085266112,196.0533105022831,1044,203.90732353371973,950.856201171875,74.46598173515982,654
