,state,county,gisjoin,year range,avg temp,max temp,min temp,hdd,cdd,avg rh,average dp,max dp,min dp,avg wind speed,max wind speed,avg ghr,max ghr,avg dnr,max dnr,avg dhr,max dhr
0,VA,Wise County,G5101950,2020-2039,13.032452440534726,32.91526412963867,-18.92410659790039,2531.7061096152493,609.0512504101137,69.87614579962813,6.943598696422847,20.439006703291376,-18.924108387700475,4.827934681062829,11.44451141357422,172.46563926940638,997,189.85950154032076,956.43798828125,76.91826484018264,631
