,state,county,gisjoin,year range,avg temp,max temp,min temp,hdd,cdd,avg rh,average dp,max dp,min dp,avg wind speed,max wind speed,avg ghr,max ghr,avg dnr,max dnr,avg dhr,max dhr
0,NJ,Hunterdon County,G3400190,2080-2099,16.148936356039325,40.3657112121582,-11.673734664916992,2147.9733326516475,1362.8351026058979,70.26269697402711,10.012430194480228,26.30197484862028,-11.673734895446708,4.338655411952162,12.07650661468506,163.72180365296805,968,172.57932311676296,891.589111328125,75.16164383561645,491
