,state,county,gisjoin,year range,avg temp,max temp,min temp,hdd,cdd,avg rh,average dp,max dp,min dp,avg wind speed,max wind speed,avg ghr,max ghr,avg dnr,max dnr,avg dhr,max dhr
0,LA,Pointe Coupee Parish,G2200770,1980-1999,19.130804696109266,35.429443359375,-4.623888969421387,1178.0050639453482,1481.2487780253207,71.75750903386503,13.313566510807311,25.672719175552693,-4.623889324932457,3.3766483434259076,8.69688892364502,183.13926940639269,1024,199.3592388602595,930.933349609375,79.14337899543379,522
