,state,county,gisjoin,year range,avg temp,max temp,min temp,hdd,cdd,avg rh,average dp,max dp,min dp,avg wind speed,max wind speed,avg ghr,max ghr,avg dnr,max dnr,avg dhr,max dhr
0,MI,Montcalm County,G2601170,1980-1999,7.513388977334135,33.32615661621094,-23.6784610748291,4289.342260464565,352.22923719087544,66.86537411702822,0.9335163323250857,20.80486976249467,-24.04282872708361,4.3388231320060004,9.854132652282717,158.31381278538814,981,182.34580675784525,924.4425048828124,76.23550228310502,491
