,state,county,gisjoin,year range,avg temp,max temp,min temp,hdd,cdd,avg rh,average dp,max dp,min dp,avg wind speed,max wind speed,avg ghr,max ghr,avg dnr,max dnr,avg dhr,max dhr
0,MI,Montcalm County,G2601170,2060-2079,11.552000366146961,35.453834533691406,-17.248517990112305,3254.960506234167,791.9406398773635,68.36688751281669,5.164178875009061,22.93948464227136,-18.17874299042276,4.374824072944519,10.528632164001465,158.31381278538814,981,174.22348950125468,921.8429565429688,76.23550228310502,491
