,state,county,gisjoin,year range,avg temp,max temp,min temp,hdd,cdd,avg rh,average dp,max dp,min dp,avg wind speed,max wind speed,avg ghr,max ghr,avg dnr,max dnr,avg dhr,max dhr
0,MO,Macon County,G2901210,2000-2019,12.448062145469638,36.67250061035156,-25.38833236694336,2960.3655879624116,824.4082710584465,68.32695278250463,6.076190324285678,23.53895700171793,-25.3883341730614,4.6414672430247474,11.40903663635254,161.17808219178082,971,185.24540230761858,912.1943359375,69.05867579908676,559
