,state,county,gisjoin,year range,avg temp,max temp,min temp,hdd,cdd,avg rh,average dp,max dp,min dp,avg wind speed,max wind speed,avg ghr,max ghr,avg dnr,max dnr,avg dhr,max dhr
0,VA,Covington city,G5105800,1980-1999,11.411128135010218,33.326873779296875,-19.986875534057617,3111.6734332885176,597.2352025668112,66.31684031312324,4.42841548508813,20.449085542501567,-19.98687703954588,4.869458962793219,11.314236640930176,162.28082191780823,1021,194.04859229472729,964.6273193359376,69.86358447488584,604
