,state,county,gisjoin,year range,avg temp,max temp,min temp,hdd,cdd,avg rh,average dp,max dp,min dp,avg wind speed,max wind speed,avg ghr,max ghr,avg dnr,max dnr,avg dhr,max dhr
0,MI,Missaukee County,G2601130,2060-2079,9.628821254778373,35.75053405761719,-22.50299453735352,3775.8806878174037,610.9004458109799,68.06010395598739,3.1651947423807276,22.43477030381148,-22.66191292408008,4.814872596715683,10.588088989257812,148.54429223744293,947,170.275883984391,926.15966796875,69.20502283105023,626
