,state,county,gisjoin,year range,avg temp,max temp,min temp,hdd,cdd,avg rh,average dp,max dp,min dp,avg wind speed,max wind speed,avg ghr,max ghr,avg dnr,max dnr,avg dhr,max dhr
0,MI,Missaukee County,G2601130,2080-2099,11.87664866065803,40.32554626464844,-20.34916877746582,3267.7409498321226,923.2177109718813,67.5279371270306,5.176566200303106,24.10845971657344,-20.349169765612142,4.736351434090366,10.73734188079834,148.54429223744293,947,169.28352450636945,921.8925170898438,69.20502283105023,626
