,state,county,gisjoin,year range,avg temp,max temp,min temp,hdd,cdd,avg rh,average dp,max dp,min dp,avg wind speed,max wind speed,avg ghr,max ghr,avg dnr,max dnr,avg dhr,max dhr
0,VA,Prince William County,G5101530,1980-1999,12.402351269618896,34.77375030517578,-15.55625057220459,2841.5078249596586,688.8660383701699,69.27196092518497,6.248665358524741,22.15936854935396,-15.556249977145407,3.88817062933151,9.034416198730469,191.30639269406393,1011,184.37181818111165,915.7686157226562,67.29543378995434,682
