,state,county,gisjoin,year range,avg temp,max temp,min temp,hdd,cdd,avg rh,average dp,max dp,min dp,avg wind speed,max wind speed,avg ghr,max ghr,avg dnr,max dnr,avg dhr,max dhr
0,VA,Prince William County,G5101530,2080-2099,18.054196603567082,37.988224029541016,-8.188875198364258,1740.7471415611283,1651.02890186303,71.3690456584164,12.174090664916951,27.7083461080964,-8.188876376896708,4.042694498414862,9.48439884185791,191.30639269406393,1011,172.10752791183663,910.2652587890624,67.29543378995434,682
