,state,county,gisjoin,year range,avg temp,max temp,min temp,hdd,cdd,avg rh,average dp,max dp,min dp,avg wind speed,max wind speed,avg ghr,max ghr,avg dnr,max dnr,avg dhr,max dhr
0,IA,Winneshiek County,G1901910,2020-2039,8.928680304995916,34.474571228027344,-27.86222267150879,4009.6634893286277,589.1318006515777,68.00756453640385,2.6346999967855624,23.56576495560846,-27.86222457373434,4.74435458379249,12.264188766479492,158.85102739726028,951,178.64818230578166,911.85205078125,69.5579908675799,580
