,state,county,gisjoin,year range,avg temp,max temp,min temp,hdd,cdd,avg rh,average dp,max dp,min dp,avg wind speed,max wind speed,avg ghr,max ghr,avg dnr,max dnr,avg dhr,max dhr
0,MS,Yalobusha County,G2801610,2000-2019,16.81210681777235,37.17285537719727,-14.381428718566896,1832.649159569795,1289.5681480567475,69.95806274152781,10.518743091495047,24.45644110943914,-14.38142957560653,3.7501615393787757,10.039090156555176,190.79714611872146,999,195.2185219619059,964.22607421875,75.42488584474886,626
