,state,county,gisjoin,year range,avg temp,max temp,min temp,hdd,cdd,avg rh,average dp,max dp,min dp,avg wind speed,max wind speed,avg ghr,max ghr,avg dnr,max dnr,avg dhr,max dhr
0,MS,Yalobusha County,G2801610,2060-2079,19.317404570838768,38.65654373168945,-6.344720363616943,1350.353937316599,1721.7066056727408,69.83332630858574,12.921536082670993,27.03458067143227,-6.34472098700039,3.6845706645212215,9.686726570129396,190.79714611872146,999,190.0927891790795,908.6387939453124,75.42488584474886,626
