,state,county,gisjoin,year range,avg temp,max temp,min temp,hdd,cdd,avg rh,average dp,max dp,min dp,avg wind speed,max wind speed,avg ghr,max ghr,avg dnr,max dnr,avg dhr,max dhr
0,MN,Martin County,G2700910,1980-1999,7.012060412372843,35.237693786621094,-30.800769805908203,4580.275749218032,460.17779973349076,65.01871893895816,0.1348063284426648,22.26378174642679,-30.80077242804721,4.73808742777942,10.641743659973145,160.64783105022832,970,178.56866019377256,916.1337890625,65.6648401826484,529
