,state,county,gisjoin,year range,avg temp,max temp,min temp,hdd,cdd,avg rh,average dp,max dp,min dp,avg wind speed,max wind speed,avg ghr,max ghr,avg dnr,max dnr,avg dhr,max dhr
0,KS,Brown County,G2000130,2040-2059,14.501194210230723,41.281524658203125,-20.9217472076416,2610.526633944932,1223.962520678906,66.09970026930718,7.374381269956823,26.04073985953925,-21.29263756485908,4.617603663222431,10.246634483337402,166.44908675799087,977,185.05389207701722,938.0896606445312,67.89223744292238,625
