,state,county,gisjoin,year range,avg temp,max temp,min temp,hdd,cdd,avg rh,average dp,max dp,min dp,avg wind speed,max wind speed,avg ghr,max ghr,avg dnr,max dnr,avg dhr,max dhr
0,KS,Brown County,G2000130,2060-2079,15.348828557119521,39.37936401367188,-16.509536743164062,2458.790178583537,1381.6126019319463,65.92872009538624,8.14715046630333,26.640574153145103,-16.509536843934985,4.378949086960048,10.041379928588867,166.44908675799087,977,184.49090185168288,925.1986694335938,67.89223744292238,625
