,state,county,gisjoin,year range,avg temp,max temp,min temp,hdd,cdd,avg rh,average dp,max dp,min dp,avg wind speed,max wind speed,avg ghr,max ghr,avg dnr,max dnr,avg dhr,max dhr
0,OR,Deschutes County,G4100170,1980-1999,7.482756452599465,34.948570251464844,-19.791465759277344,4232.352707769768,284.05881296793075,50.79887129280665,-3.9641150601243487,5.3555136649543496,-23.843176765059912,3.0163352608680727,6.114758968353272,181.56712328767122,1019,202.902432856753,962.9561767578124,65.17865296803653,512
