,state,county,gisjoin,year range,avg temp,max temp,min temp,hdd,cdd,avg rh,average dp,max dp,min dp,avg wind speed,max wind speed,avg ghr,max ghr,avg dnr,max dnr,avg dhr,max dhr
0,OR,Deschutes County,G4100170,2020-2039,9.119237966111346,36.59697341918945,-15.074216842651367,3775.436895447127,424.45875307719626,49.991192260833635,-2.8985951121063382,6.839369771858296,-16.132314337607877,3.0218516457570743,6.147717475891113,181.56712328767122,1019,204.00402721550478,968.9263916015624,65.17865296803653,512
