,state,county,gisjoin,year range,avg temp,max temp,min temp,hdd,cdd,avg rh,average dp,max dp,min dp,avg wind speed,max wind speed,avg ghr,max ghr,avg dnr,max dnr,avg dhr,max dhr
0,OR,Deschutes County,G4100170,2040-2059,10.231537904753138,37.96377944946289,-21.883920669555664,3474.6360627288327,529.6473979632209,49.254296709957735,-2.0623977248465977,6.9138663416687365,-21.88392225919803,3.0185984747867063,5.345695495605469,181.56712328767122,1019,204.52594313126065,955.547119140625,65.17865296803653,512
