,state,county,gisjoin,year range,avg temp,max temp,min temp,hdd,cdd,avg rh,average dp,max dp,min dp,avg wind speed,max wind speed,avg ghr,max ghr,avg dnr,max dnr,avg dhr,max dhr
0,OR,Deschutes County,G4100170,2060-2079,10.448146904796335,36.62119674682617,-13.359945297241213,3445.3469432251536,579.4205634753101,51.32287928840341,-1.2990503344169126,7.14176285200374,-13.359945702790425,2.9251196302779734,7.173215389251709,181.56712328767122,1019,203.05522937442134,962.1150512695312,65.17865296803653,512
