,state,county,gisjoin,year range,avg temp,max temp,min temp,hdd,cdd,avg rh,average dp,max dp,min dp,avg wind speed,max wind speed,avg ghr,max ghr,avg dnr,max dnr,avg dhr,max dhr
0,MS,Jefferson Davis County,G2800650,2080-2099,22.50470667012455,40.89184188842773,-6.227320194244385,828.8757745554421,2363.5937091506944,69.97163149994802,16.049173273614972,28.951078026855487,-6.227320811110254,3.4588073214847745,8.361915588378906,192.10856164383563,1002,191.2463913632616,933.354736328125,76.74703196347032,623
