,state,county,gisjoin,year range,avg temp,max temp,min temp,hdd,cdd,avg rh,average dp,max dp,min dp,avg wind speed,max wind speed,avg ghr,max ghr,avg dnr,max dnr,avg dhr,max dhr
0,ID,Washington County,G1600870,1980-1999,9.840396655742708,37.54999923706055,-17.930713653564453,3617.087901960691,529.3326813062198,51.44969263392496,-1.6465947268468757,12.806132165287751,-19.444704685713383,2.692510512661716,6.5947442054748535,193.59497716894978,996,199.47347892153653,942.2557983398438,53.73561643835617,433
