,state,county,gisjoin,year range,avg temp,max temp,min temp,hdd,cdd,avg rh,average dp,max dp,min dp,avg wind speed,max wind speed,avg ghr,max ghr,avg dnr,max dnr,avg dhr,max dhr
0,AR,Sharp County,G0501350,2020-2039,15.982303192797936,38.21970748901367,-11.682608604431152,2032.674023247814,1186.7146886190496,68.29001949497554,9.33444301487116,25.197325970187013,-11.682609307047484,3.3769732555297955,7.772530555725098,182.14623287671233,997,194.1506764421122,942.1936645507812,71.50239726027397,699
