,state,county,gisjoin,year range,avg temp,max temp,min temp,hdd,cdd,avg rh,average dp,max dp,min dp,avg wind speed,max wind speed,avg ghr,max ghr,avg dnr,max dnr,avg dhr,max dhr
0,WI,Sawyer County,G5501130,2000-2019,6.004693941134039,33.05500030517578,-32.83250045776367,4840.142246167449,352.3555346806792,65.4860882937636,-0.861510464127858,20.974223636374635,-32.83250090362596,4.638467144312924,9.958751678466797,149.9019406392694,956,177.01995819948533,897.2465209960938,67.59280821917808,542
