,state,county,gisjoin,year range,avg temp,max temp,min temp,hdd,cdd,avg rh,average dp,max dp,min dp,avg wind speed,max wind speed,avg ghr,max ghr,avg dnr,max dnr,avg dhr,max dhr
0,WI,Sawyer County,G5501130,2040-2059,8.07843771379081,35.8001708984375,-27.541149139404297,4284.130472732949,553.2602382660119,66.12064380972353,1.264556063221181,23.23334086230435,-27.541152870884364,4.514679598481687,10.381180763244627,149.9019406392694,956,174.08739923465473,915.28271484375,67.59280821917808,542
