,state,county,gisjoin,year range,avg temp,max temp,min temp,hdd,cdd,avg rh,average dp,max dp,min dp,avg wind speed,max wind speed,avg ghr,max ghr,avg dnr,max dnr,avg dhr,max dhr
0,SD,Oglala Lakota County,G4601020,1980-1999,8.319702091932989,40.34000015258789,-28.59733390808105,4165.6595418230345,522.8508053779758,53.23985117287396,-2.023514336086211,18.400710945425757,-29.27177967131923,4.128893156710281,9.13965892791748,183.4091324200913,997,195.97791927671145,938.2817993164062,61.24006849315069,436
