,state,county,gisjoin,year range,avg temp,max temp,min temp,hdd,cdd,avg rh,average dp,max dp,min dp,avg wind speed,max wind speed,avg ghr,max ghr,avg dnr,max dnr,avg dhr,max dhr
0,SD,Oglala Lakota County,G4601020,2000-2019,9.159951349089019,38.49733352661133,-30.55066680908203,3937.9418902798825,601.8241326968094,55.3943053342436,-0.649820921864504,18.440779292495854,-30.550669453810045,4.223442914687335,10.3607759475708,183.4091324200913,997,196.63710336926408,961.6331176757812,61.24006849315069,436
