,state,county,gisjoin,year range,avg temp,max temp,min temp,hdd,cdd,avg rh,average dp,max dp,min dp,avg wind speed,max wind speed,avg ghr,max ghr,avg dnr,max dnr,avg dhr,max dhr
0,SD,Oglala Lakota County,G4601020,2020-2039,10.326249689184587,40.79331970214844,-31.949146270751957,3684.026543482798,773.6076800346713,52.864888532139936,-0.3297186772073084,19.295730869449777,-31.94914660766689,4.094783154932876,11.91693115234375,183.4091324200913,997,195.62625750857154,950.9868774414062,61.24006849315069,436
