,state,county,gisjoin,year range,avg temp,max temp,min temp,hdd,cdd,avg rh,average dp,max dp,min dp,avg wind speed,max wind speed,avg ghr,max ghr,avg dnr,max dnr,avg dhr,max dhr
0,SD,Oglala Lakota County,G4601020,2040-2059,11.597109917160092,39.82041931152344,-27.743480682373047,3372.964482100247,926.4096018632722,53.956300824200184,1.188476465420829,21.05548174994049,-28.260344876969956,4.107452841177923,9.178579330444336,183.4091324200913,997,192.67287028856632,911.9521484375,61.24006849315069,436
