,state,county,gisjoin,year range,avg temp,max temp,min temp,hdd,cdd,avg rh,average dp,max dp,min dp,avg wind speed,max wind speed,avg ghr,max ghr,avg dnr,max dnr,avg dhr,max dhr
0,SD,Oglala Lakota County,G4601020,2060-2079,11.778711699170048,41.1592025756836,-26.74250030517578,3346.3935005693397,966.1232707659884,53.938994664688636,1.3218284985677582,22.349480214911456,-27.655162657795856,4.039130924444764,8.656208992004395,183.4091324200913,997,192.20192541377693,929.0631713867188,61.24006849315069,436
