,state,county,gisjoin,year range,avg temp,max temp,min temp,hdd,cdd,avg rh,average dp,max dp,min dp,avg wind speed,max wind speed,avg ghr,max ghr,avg dnr,max dnr,avg dhr,max dhr
0,OH,Athens County,G3900090,1980-1999,10.58514728840854,32.23199844360352,-23.37800025939941,3346.5593548036554,530.6381150722707,68.4100626960737,4.201066630397015,20.06042445508924,-23.378002125838247,3.7922079310025256,9.580589294433594,141.1546803652968,1019,185.64578459084382,936.4679565429688,76.87260273972603,551
