,state,county,gisjoin,year range,avg temp,max temp,min temp,hdd,cdd,avg rh,average dp,max dp,min dp,avg wind speed,max wind speed,avg ghr,max ghr,avg dnr,max dnr,avg dhr,max dhr
0,OH,Athens County,G3900090,2000-2019,12.111273937634294,37.108665466308594,-18.070667266845703,2960.9050527832665,702.0200400193909,68.88955117077587,5.765826599866526,23.26733955097233,-18.07066805893984,3.8418400125960783,10.374773979187012,141.1546803652968,1019,182.97795647487504,945.3294677734376,76.87260273972603,551
