,state,county,gisjoin,year range,avg temp,max temp,min temp,hdd,cdd,avg rh,average dp,max dp,min dp,avg wind speed,max wind speed,avg ghr,max ghr,avg dnr,max dnr,avg dhr,max dhr
0,NC,Bertie County,G3700150,2080-2099,20.310160777982574,41.90404891967773,-5.572885036468506,1222.730381190676,1956.4390651542255,70.67762770630998,14.142372837696191,28.460355814143316,-5.572885247281317,3.9364526304480147,9.680164337158203,177.25034246575342,986,179.50799993227395,918.82666015625,70.07488584474886,494
