,state,county,gisjoin,year range,avg temp,max temp,min temp,hdd,cdd,avg rh,average dp,max dp,min dp,avg wind speed,max wind speed,avg ghr,max ghr,avg dnr,max dnr,avg dhr,max dhr
0,SC,Lee County,G4500610,1980-1999,16.473428431353568,36.8125,-13.731874465942385,1787.443648778825,1120.7450262229395,67.20372649806819,9.574407905518521,23.80949948514353,-13.731875598095302,3.693725374300186,8.311415672302246,186.25011415525114,1012,197.8865265877718,947.7877197265624,80.23664383561643,611
