,state,county,gisjoin,year range,avg temp,max temp,min temp,hdd,cdd,avg rh,average dp,max dp,min dp,avg wind speed,max wind speed,avg ghr,max ghr,avg dnr,max dnr,avg dhr,max dhr
0,SC,Lee County,G4500610,2040-2059,19.687218443416675,39.468360900878906,-6.9063825607299805,1234.8914000847758,1741.226131931826,68.03260571989294,12.8549384137459,27.056685279772857,-6.906383286411081,4.029289536606775,9.145346641540527,186.25011415525114,1012,191.58505865498284,937.7058715820312,80.23664383561643,611
