,state,county,gisjoin,year range,avg temp,max temp,min temp,hdd,cdd,avg rh,average dp,max dp,min dp,avg wind speed,max wind speed,avg ghr,max ghr,avg dnr,max dnr,avg dhr,max dhr
0,MI,Menominee County,G2601090,2000-2019,6.946305267861506,32.669166564941406,-27.665834426879883,4487.222361105737,343.1237838745038,67.98814940136862,0.7119057273016022,21.078017627660117,-27.665836608028304,4.579934292882,10.102738380432127,144.5345890410959,954,171.4936896337262,903.9089965820312,66.5689497716895,469
