,state,county,gisjoin,year range,avg temp,max temp,min temp,hdd,cdd,avg rh,average dp,max dp,min dp,avg wind speed,max wind speed,avg ghr,max ghr,avg dnr,max dnr,avg dhr,max dhr
0,MI,Menominee County,G2601090,2060-2079,9.67834339119259,34.473751068115234,-26.067575454711918,3788.6798289016356,641.7751666864033,69.26747396242673,3.671488883786011,24.40309204088224,-26.33718238954508,4.73069939490867,11.235832214355469,144.5345890410959,954,166.63856673992584,873.2174682617188,66.5689497716895,469
