,state,county,gisjoin,year range,avg temp,max temp,min temp,hdd,cdd,avg rh,average dp,max dp,min dp,avg wind speed,max wind speed,avg ghr,max ghr,avg dnr,max dnr,avg dhr,max dhr
0,IN,Washington County,G1801750,2000-2019,13.263666590437865,35.452857971191406,-19.26857185363769,2682.4566718058054,844.1949773153156,70.06878883196339,7.214451685826341,23.76652974751331,-19.26857199358784,3.772692221784156,9.602664947509766,153.51255707762556,995,187.05955913310996,932.8355712890624,75.63093607305936,626
