,state,county,gisjoin,year range,avg temp,max temp,min temp,hdd,cdd,avg rh,average dp,max dp,min dp,avg wind speed,max wind speed,avg ghr,max ghr,avg dnr,max dnr,avg dhr,max dhr
0,ME,Kennebec County,G2300110,2040-2059,9.750875839261303,36.66469955444336,-24.25531578063965,3666.621392040166,546.1910733700016,70.32242460294401,3.929898796695895,22.761201134328957,-24.25531713848244,3.87864702658294,11.37862491607666,136.96746575342465,957,170.2512410089831,897.2723999023438,66.62785388127854,449
