,state,county,gisjoin,year range,avg temp,max temp,min temp,hdd,cdd,avg rh,average dp,max dp,min dp,avg wind speed,max wind speed,avg ghr,max ghr,avg dnr,max dnr,avg dhr,max dhr
0,GA,Echols County,G1301010,2060-2079,22.072693564976486,39.31259536743164,-5.8998799324035645,724.2059949684616,2101.239146184706,69.42127957169868,15.499110786018901,26.29578387560028,-5.899880431538678,3.6232203315109968,8.28613567352295,183.9345890410959,1004,200.0204997427553,923.156494140625,84.0933789954338,634
