,state,county,gisjoin,year range,avg temp,max temp,min temp,hdd,cdd,avg rh,average dp,max dp,min dp,avg wind speed,max wind speed,avg ghr,max ghr,avg dnr,max dnr,avg dhr,max dhr
0,VA,Richmond County,G5101590,2000-2019,14.800426054495912,36.374000549316406,-11.829999923706056,2249.3083073877874,971.9638172786063,70.95915984497768,8.988313295535955,24.37431357982248,-12.610868140154018,4.122282103969626,10.073895454406738,173.77739726027397,973,181.07238870531185,917.5280151367188,72.64577625570776,493
