,state,county,gisjoin,year range,avg temp,max temp,min temp,hdd,cdd,avg rh,average dp,max dp,min dp,avg wind speed,max wind speed,avg ghr,max ghr,avg dnr,max dnr,avg dhr,max dhr
0,IA,Floyd County,G1900670,2020-2039,9.439576101752097,35.338233947753906,-29.79741477966309,3906.845854738945,672.7911318779333,67.42612270263777,3.0124245552918856,24.19429834278732,-29.797415455106595,4.668282194496834,12.32359218597412,152.75433789954337,980,177.49593889315867,899.591796875,69.0195205479452,593
