,state,county,gisjoin,year range,avg temp,max temp,min temp,hdd,cdd,avg rh,average dp,max dp,min dp,avg wind speed,max wind speed,avg ghr,max ghr,avg dnr,max dnr,avg dhr,max dhr
0,IA,Floyd County,G1900670,2040-2059,10.960751689907555,35.60138320922852,-23.211654663085938,3501.2423592965984,822.4167261124107,68.68907513531376,4.785481128489158,25.26606741738686,-23.21165645796072,4.686186077170176,10.920300483703612,152.75433789954337,980,173.8583561909337,891.2626953125,69.0195205479452,593
