,state,county,gisjoin,year range,avg temp,max temp,min temp,hdd,cdd,avg rh,average dp,max dp,min dp,avg wind speed,max wind speed,avg ghr,max ghr,avg dnr,max dnr,avg dhr,max dhr
0,IA,Floyd County,G1900670,2060-2079,11.038948744573299,35.30446243286133,-21.526277542114254,3516.0075775708483,865.7238693396729,71.09414852198945,5.399909257543877,25.03004219327976,-21.6543400215326,4.59993790665718,10.26931095123291,152.75433789954337,980,172.282231887132,908.1712036132812,69.0195205479452,593
