,state,county,gisjoin,year range,avg temp,max temp,min temp,hdd,cdd,avg rh,average dp,max dp,min dp,avg wind speed,max wind speed,avg ghr,max ghr,avg dnr,max dnr,avg dhr,max dhr
0,NY,Herkimer County,G3600430,1980-1999,7.263981723671351,31.56857109069824,-29.71857070922852,4363.861198912628,335.71452805200306,70.26220916351771,1.5338486270426588,19.336061511092822,-29.718570611198125,4.10996699349521,11.13339900970459,140.54052511415526,969,177.65714231182776,935.9237670898438,69.69280821917808,477
