,state,county,gisjoin,year range,avg temp,max temp,min temp,hdd,cdd,avg rh,average dp,max dp,min dp,avg wind speed,max wind speed,avg ghr,max ghr,avg dnr,max dnr,avg dhr,max dhr
0,NY,Herkimer County,G3600430,2040-2059,10.483075902535958,34.905296325683594,-24.11285781860352,3478.1407853139954,624.9634897391328,71.74362313823613,4.966787405602212,23.614214569717912,-24.112858521036987,4.597436423715391,12.302011489868164,140.54052511415526,969,170.80955991206233,901.5020141601562,69.69280821917808,477
