,state,county,gisjoin,year range,avg temp,max temp,min temp,hdd,cdd,avg rh,average dp,max dp,min dp,avg wind speed,max wind speed,avg ghr,max ghr,avg dnr,max dnr,avg dhr,max dhr
0,IN,Putnam County,G1801330,2000-2019,12.076801219579867,34.097999572753906,-22.40466690063477,3014.459323086783,742.9917682330218,69.62933134684279,6.005811043195381,23.96752627351376,-22.40466808106776,4.55321729991534,10.23784065246582,148.1025114155251,978,183.90239005567705,922.7609252929688,74.1925799086758,597
