,state,county,gisjoin,year range,avg temp,max temp,min temp,hdd,cdd,avg rh,average dp,max dp,min dp,avg wind speed,max wind speed,avg ghr,max ghr,avg dnr,max dnr,avg dhr,max dhr
0,KY,Trigg County,G2102210,2020-2039,15.824381085072716,42.6181869506836,-15.713112831115724,2080.5584087932334,1176.9575048447357,70.79744803023665,9.827501271237388,24.512744360348456,-15.713113425690482,3.762444238725318,11.214951515197754,163.6527397260274,1001,187.56924507826946,926.5597534179688,79.0966894977169,628
