,state,county,gisjoin,year range,avg temp,max temp,min temp,hdd,cdd,avg rh,average dp,max dp,min dp,avg wind speed,max wind speed,avg ghr,max ghr,avg dnr,max dnr,avg dhr,max dhr
0,KY,Trigg County,G2102210,2040-2059,16.975573038896247,39.61871337890625,-12.07837200164795,1866.485259837238,1383.0694190343795,70.7937675262695,10.975621090206712,25.9167492808304,-12.078372898381218,3.8718509153144,9.640554428100586,163.6527397260274,1001,184.64379059379044,939.0543823242188,79.0966894977169,628
