,state,county,gisjoin,year range,avg temp,max temp,min temp,hdd,cdd,avg rh,average dp,max dp,min dp,avg wind speed,max wind speed,avg ghr,max ghr,avg dnr,max dnr,avg dhr,max dhr
0,SD,Corson County,G4600310,1980-1999,6.261918875868522,36.302001953125,-29.591333389282227,4786.703616599113,392.80400629043703,55.497507388406696,-3.1993827265883388,19.143040371064863,-30.59990209301544,4.450411292515933,10.261207580566406,152.7953196347032,964,185.5546783077529,925.8612670898438,63.42191780821918,472
