,state,county,gisjoin,year range,avg temp,max temp,min temp,hdd,cdd,avg rh,average dp,max dp,min dp,avg wind speed,max wind speed,avg ghr,max ghr,avg dnr,max dnr,avg dhr,max dhr
0,TX,Crockett County,G4801050,2060-2079,20.595296352098327,41.88128280639648,-9.244937896728516,1170.9077215260218,2008.6908900418202,53.77761998035048,9.608635707862103,23.766127570761142,-12.480108456711417,4.825407858825709,8.230194091796875,214.40616438356165,1045,226.88330093562166,1014.1220703125,69.5439497716895,518
