,state,county,gisjoin,year range,avg temp,max temp,min temp,hdd,cdd,avg rh,average dp,max dp,min dp,avg wind speed,max wind speed,avg ghr,max ghr,avg dnr,max dnr,avg dhr,max dhr
0,AL,Macon County,G0100870,1980-1999,17.207609334515702,35.833126068115234,-9.725625038146973,1579.2060899809412,1180.4834970792956,68.6208152320287,10.595589578203214,24.660310197524947,-10.309637092274103,3.005946099302268,9.2523832321167,197.16769406392694,1004,202.20014207762756,956.0030517578124,74.20502283105023,567
