,state,county,gisjoin,year range,avg temp,max temp,min temp,hdd,cdd,avg rh,average dp,max dp,min dp,avg wind speed,max wind speed,avg ghr,max ghr,avg dnr,max dnr,avg dhr,max dhr
0,AL,Macon County,G0100870,2060-2079,20.411601129493178,37.31440734863281,-6.162041187286377,1094.84424385204,1865.5786561169853,69.04283289974683,13.804781558771651,27.77226702405289,-6.162041791664647,3.129121784845444,7.644917488098144,197.16769406392694,1004,196.37154530234528,928.8930053710938,74.20502283105023,567
