,state,county,gisjoin,year range,avg temp,max temp,min temp,hdd,cdd,avg rh,average dp,max dp,min dp,avg wind speed,max wind speed,avg ghr,max ghr,avg dnr,max dnr,avg dhr,max dhr
0,TN,Sequatchie County,G4701530,1980-1999,14.81485466700655,36.61235427856445,-11.036470413208008,2167.1760158681323,895.0979693254385,68.88486977516244,8.386508185137709,21.31477411826817,-11.036470998276062,3.0715913079372825,9.620316505432127,178.75011415525114,1021,194.54623567946376,940.443359375,76.31415525114156,548
