,state,county,gisjoin,year range,avg temp,max temp,min temp,hdd,cdd,avg rh,average dp,max dp,min dp,avg wind speed,max wind speed,avg ghr,max ghr,avg dnr,max dnr,avg dhr,max dhr
0,TN,Sequatchie County,G4701530,2000-2019,15.884567399547471,36.86823654174805,-14.344118118286133,1960.52121867348,1078.8883195083038,69.88094279472142,9.653021341868058,23.2294080698853,-14.996534606799978,3.1111546905481653,7.403400421142578,178.75011415525114,1021,189.83217753675106,950.9849243164062,76.31415525114156,548
