,state,county,gisjoin,year range,avg temp,max temp,min temp,hdd,cdd,avg rh,average dp,max dp,min dp,avg wind speed,max wind speed,avg ghr,max ghr,avg dnr,max dnr,avg dhr,max dhr
0,TN,Giles County,G4700550,2080-2099,19.396975633475428,40.479637145996094,-10.602816581726074,1441.614584359237,1842.010690577702,70.30853672985617,13.12231866805549,27.827132043261276,-10.602817129559751,3.9220444944895565,10.411250114440918,182.2826484018265,1012,186.002177380678,949.07568359375,75.05662100456621,480
