,state,county,gisjoin,year range,avg temp,max temp,min temp,hdd,cdd,avg rh,average dp,max dp,min dp,avg wind speed,max wind speed,avg ghr,max ghr,avg dnr,max dnr,avg dhr,max dhr
0,IN,Fulton County,G1800490,2000-2019,10.668332880273972,33.95500183105469,-28.58874893188477,3418.3945313613235,632.8360326608341,69.62520513599866,4.68309620787032,23.97051264415339,-28.588751724820312,4.387332013181355,11.070476531982422,156.0728310502283,966,179.69475396225516,930.7692260742188,77.29189497716895,634
