,state,county,gisjoin,year range,avg temp,max temp,min temp,hdd,cdd,avg rh,average dp,max dp,min dp,avg wind speed,max wind speed,avg ghr,max ghr,avg dnr,max dnr,avg dhr,max dhr
0,IN,Fulton County,G1800490,2020-2039,11.09454571395871,36.79438400268555,-23.832294464111328,3312.1156950055374,682.1248806000107,70.6754376816423,5.2987847599294575,23.190641472337575,-23.83229540737211,4.4298006720738865,10.050137519836426,156.0728310502283,966,177.18119488299962,922.3580932617188,77.29189497716895,634
