,state,county,gisjoin,year range,avg temp,max temp,min temp,hdd,cdd,avg rh,average dp,max dp,min dp,avg wind speed,max wind speed,avg ghr,max ghr,avg dnr,max dnr,avg dhr,max dhr
0,AR,Boone County,G0500090,2000-2019,14.59725917311727,35.65437698364258,-13.5287504196167,2290.7013928230654,939.2009910107237,68.32890862177496,8.057472375681073,21.866740679365662,-13.52875049420327,3.280520367295775,7.96376371383667,207.2665525114155,1046,194.61217878542803,935.3814086914062,71.70947488584476,590
