,state,county,gisjoin,year range,avg temp,max temp,min temp,hdd,cdd,avg rh,average dp,max dp,min dp,avg wind speed,max wind speed,avg ghr,max ghr,avg dnr,max dnr,avg dhr,max dhr
0,AR,Boone County,G0500090,2040-2059,16.421818861772202,40.99661636352539,-12.40149211883545,1950.4447174842755,1264.9086020311468,67.97217727861448,9.679418986703913,24.868223526927338,-12.851772526556678,3.299546365215354,8.399158477783203,207.2665525114155,1046,193.30522730444437,938.8699951171876,71.70947488584476,590
