,state,county,gisjoin,year range,avg temp,max temp,min temp,hdd,cdd,avg rh,average dp,max dp,min dp,avg wind speed,max wind speed,avg ghr,max ghr,avg dnr,max dnr,avg dhr,max dhr
0,WV,Calhoun County,G5400130,2080-2099,16.08944780895396,37.58345413208008,-13.205236434936523,2084.307649655377,1277.4560999235298,69.93875075344626,9.801229029279972,24.34513798495612,-13.205237270768722,3.629084636087287,8.521102905273438,144.5626712328767,1001,175.67501762305207,942.247802734375,76.59303652968036,655
