,state,county,gisjoin,year range,avg temp,max temp,min temp,hdd,cdd,avg rh,average dp,max dp,min dp,avg wind speed,max wind speed,avg ghr,max ghr,avg dnr,max dnr,avg dhr,max dhr
0,NE,Pierce County,G3101390,1980-1999,8.523131335755682,36.51375198364258,-26.895000457763672,4118.2224822031585,549.6654197534134,62.92269706595434,0.9725234815052956,23.235992000076926,-26.895003360511847,4.626859967920878,11.37270736694336,179.12123287671233,987,187.4780134964597,923.0906982421876,67.32659817351598,472
