,state,county,gisjoin,year range,avg temp,max temp,min temp,hdd,cdd,avg rh,average dp,max dp,min dp,avg wind speed,max wind speed,avg ghr,max ghr,avg dnr,max dnr,avg dhr,max dhr
0,NE,Pierce County,G3101390,2020-2039,10.69179589104054,41.07156753540039,-25.51708602905273,3524.0611343144406,747.0666345437759,62.290652144989465,2.839108064470056,23.523759180045875,-25.52488241308877,4.496055835988968,9.759411811828612,179.12123287671233,987,185.85474269918504,950.7177124023438,67.32659817351598,472
