,state,county,gisjoin,year range,avg temp,max temp,min temp,hdd,cdd,avg rh,average dp,max dp,min dp,avg wind speed,max wind speed,avg ghr,max ghr,avg dnr,max dnr,avg dhr,max dhr
0,NE,Jefferson County,G3100950,2000-2019,11.978596542903661,39.22153854370117,-22.6299991607666,3231.467357608573,924.1550957680242,63.24544926364672,4.271809950162609,23.55275923732526,-22.630000821311025,4.34699096483727,9.565163612365724,179.72328767123287,994,189.18649470209496,948.4364013671876,64.42385844748858,557
