,state,county,gisjoin,year range,avg temp,max temp,min temp,hdd,cdd,avg rh,average dp,max dp,min dp,avg wind speed,max wind speed,avg ghr,max ghr,avg dnr,max dnr,avg dhr,max dhr
0,NE,Jefferson County,G3100950,2060-2079,14.457448622219761,40.71369552612305,-14.94660472869873,2718.7185548278435,1316.1873019378115,64.93315983754859,7.032577924087871,26.009673762783404,-16.399695858982952,4.428102653320521,9.09989070892334,179.72328767123287,994,181.7226327780778,932.4857788085938,64.42385844748858,557
