,state,county,gisjoin,year range,avg temp,max temp,min temp,hdd,cdd,avg rh,average dp,max dp,min dp,avg wind speed,max wind speed,avg ghr,max ghr,avg dnr,max dnr,avg dhr,max dhr
0,SD,Hutchinson County,G4600670,2000-2019,9.510862557303115,39.35333251953125,-29.246000289916992,3922.8126665149807,714.7774999300982,62.653129107658174,1.78923830624612,23.704137705499964,-29.246003523361573,4.60455704472925,9.928645133972168,155.47716894977168,1000,184.49962454819467,908.111328125,64.06506849315069,526
