,state,county,gisjoin,year range,avg temp,max temp,min temp,hdd,cdd,avg rh,average dp,max dp,min dp,avg wind speed,max wind speed,avg ghr,max ghr,avg dnr,max dnr,avg dhr,max dhr
0,SD,Hutchinson County,G4600670,2040-2059,12.259337469920107,39.421630859375,-22.15683937072754,3236.8051160783393,1031.9632925987787,60.36269141038259,3.783195863348156,26.81207222602216,-25.325261814105573,4.688333701311725,10.126657485961914,155.47716894977168,1000,181.43146250251337,898.921630859375,64.06506849315069,526
