,state,county,gisjoin,year range,avg temp,max temp,min temp,hdd,cdd,avg rh,average dp,max dp,min dp,avg wind speed,max wind speed,avg ghr,max ghr,avg dnr,max dnr,avg dhr,max dhr
0,WI,Oneida County,G5500850,2000-2019,5.2258143297911435,31.48833274841309,-40.86083221435547,5042.1552146571585,270.0774450302051,67.16129842697214,-1.1680061216879964,19.51498799780412,-40.860835317179735,4.81651316271525,10.36812973022461,140.8293378995434,956,174.18271549220367,929.732666015625,65.63493150684931,564
