,state,county,gisjoin,year range,avg temp,max temp,min temp,hdd,cdd,avg rh,average dp,max dp,min dp,avg wind speed,max wind speed,avg ghr,max ghr,avg dnr,max dnr,avg dhr,max dhr
0,CO,Logan County,G0800750,2040-2059,13.006247639605608,41.76183319091797,-17.20523452758789,2961.577963394846,1029.3583518505627,49.29198281999048,0.8884138539585826,18.743589664408248,-21.75152706568423,3.945611772880162,8.458836555480957,187.51415525114155,1015,205.687453640265,945.1185302734376,60.73253424657534,559
