,state,county,gisjoin,year range,avg temp,max temp,min temp,hdd,cdd,avg rh,average dp,max dp,min dp,avg wind speed,max wind speed,avg ghr,max ghr,avg dnr,max dnr,avg dhr,max dhr
0,CO,Logan County,G0800750,2080-2099,15.608549852388373,43.936161041259766,-16.82933235168457,2444.4302665968044,1462.0509627183426,48.144890450723636,2.91275974244861,22.154691368072644,-18.080328950561302,4.023947090645359,10.555099487304688,187.51415525114155,1015,206.63222178315522,948.6753540039062,60.73253424657534,559
