,state,county,gisjoin,year range,avg temp,max temp,min temp,hdd,cdd,avg rh,average dp,max dp,min dp,avg wind speed,max wind speed,avg ghr,max ghr,avg dnr,max dnr,avg dhr,max dhr
0,AL,Mobile County,G0100970,2060-2079,21.99518080861499,36.52188873291016,-6.47784423828125,735.0078893744295,2083.748884518733,72.14591451496838,16.176592446326538,28.490952469646984,-6.477844696746764,4.243366187783681,9.750479698181152,187.186301369863,1027,190.42710694908945,916.2025756835938,77.97762557077625,546
