,state,county,gisjoin,year range,avg temp,max temp,min temp,hdd,cdd,avg rh,average dp,max dp,min dp,avg wind speed,max wind speed,avg ghr,max ghr,avg dnr,max dnr,avg dhr,max dhr
0,NC,Haywood County,G3700870,2060-2079,14.6606992665678,33.670738220214844,-10.40332317352295,2125.0591803920756,796.7144126892617,68.45095709970552,8.074233799745983,21.20069538645415,-10.403324038766634,5.423839837639299,16.46621322631836,180.26986301369863,1022,195.00854041251716,947.991455078125,71.97374429223744,527
