,state,county,gisjoin,year range,avg temp,max temp,min temp,hdd,cdd,avg rh,average dp,max dp,min dp,avg wind speed,max wind speed,avg ghr,max ghr,avg dnr,max dnr,avg dhr,max dhr
0,OH,Jackson County,G3900790,2060-2079,14.995358378918189,37.01707458496094,-11.608283996582031,2283.0704533902945,1076.8762616952913,69.09533205380723,8.616306067856813,25.477715404793912,-11.608284568892444,3.73355451388174,9.58042812347412,165.1150684931507,991,177.0789816020732,938.0346069335938,80.55753424657534,679
