,state,county,gisjoin,year range,avg temp,max temp,min temp,hdd,cdd,avg rh,average dp,max dp,min dp,avg wind speed,max wind speed,avg ghr,max ghr,avg dnr,max dnr,avg dhr,max dhr
0,TN,Robertson County,G4701470,2020-2039,15.332501703633136,36.50797271728516,-18.373065948486328,2173.7657030120504,1090.628824838071,69.45132813148847,9.02617538176163,24.633184434912792,-18.373066996854195,3.1333338525469445,9.191763877868652,179.75730593607307,1031,187.9600887867367,934.8909301757812,80.11929223744292,603
