,state,county,gisjoin,year range,avg temp,max temp,min temp,hdd,cdd,avg rh,average dp,max dp,min dp,avg wind speed,max wind speed,avg ghr,max ghr,avg dnr,max dnr,avg dhr,max dhr
0,ME,Knox County,G2300130,2060-2079,10.681036587257351,30.57817840576172,-14.04819393157959,3233.1180438621072,452.1963982105383,72.53210559827552,5.451749748149208,21.60080109246817,-14.048194220273304,5.228473441241539,12.063835144042969,149.42351598173516,948,166.88683623671068,883.4320068359375,65.1953196347032,565
