,state,county,gisjoin,year range,avg temp,max temp,min temp,hdd,cdd,avg rh,average dp,max dp,min dp,avg wind speed,max wind speed,avg ghr,max ghr,avg dnr,max dnr,avg dhr,max dhr
0,ME,Knox County,G2300130,2080-2099,12.514101808250787,33.791847229003906,-14.735962867736816,2772.2199414992715,660.3671015104022,73.58446578217423,7.462574083044517,22.637728444392103,-14.735963435459,5.313210358303976,15.777722358703612,149.42351598173516,948,162.69889235488813,865.2294921875,65.1953196347032,565
