,state,county,gisjoin,year range,avg temp,max temp,min temp,hdd,cdd,avg rh,average dp,max dp,min dp,avg wind speed,max wind speed,avg ghr,max ghr,avg dnr,max dnr,avg dhr,max dhr
0,AR,Newton County,G0501010,2040-2059,16.738079687496423,40.46132278442383,-12.639105796813965,1855.6581644364103,1285.5572503726457,69.17301163161726,10.339990600954184,25.47051439970792,-12.639106209871992,5.04922974664871,12.42432975769043,207.2665525114155,1046,192.33934994175652,935.2786865234376,71.70947488584476,590
