,state,county,gisjoin,year range,avg temp,max temp,min temp,hdd,cdd,avg rh,average dp,max dp,min dp,avg wind speed,max wind speed,avg ghr,max ghr,avg dnr,max dnr,avg dhr,max dhr
0,KY,Daviess County,G2100590,1980-1999,13.486460741452825,35.37733459472656,-19.79800033569336,2605.050922734125,848.1090933641316,69.59634722269833,7.277857248191802,22.512200477549545,-19.798001683156443,3.7436617041559526,8.724644660949707,175.93367579908676,994,188.89092552254613,939.426025390625,72.70479452054795,623
