,state,county,gisjoin,year range,avg temp,max temp,min temp,hdd,cdd,avg rh,average dp,max dp,min dp,avg wind speed,max wind speed,avg ghr,max ghr,avg dnr,max dnr,avg dhr,max dhr
0,KY,Daviess County,G2100590,2060-2079,17.060202565092563,39.29667663574219,-14.45215892791748,1938.095843518794,1485.569779777529,70.43817342187717,10.950966652155994,25.753957068130685,-14.452159258988774,3.5675608287323013,8.628507614135742,175.93367579908676,994,180.91206035527858,895.2044677734375,72.70479452054795,623
