,state,county,gisjoin,year range,avg temp,max temp,min temp,hdd,cdd,avg rh,average dp,max dp,min dp,avg wind speed,max wind speed,avg ghr,max ghr,avg dnr,max dnr,avg dhr,max dhr
0,IL,Marion County,G1701210,1980-1999,12.199427421295646,36.6966667175293,-24.956111907958984,2969.7033894717256,742.9943982442607,69.97650092225096,6.159692125707357,22.589685531938624,-24.956115188229155,4.378922642910317,10.37705421447754,169.3033105022831,986,186.23051423424596,922.310546875,70.79349315068494,614
