,state,county,gisjoin,year range,avg temp,max temp,min temp,hdd,cdd,avg rh,average dp,max dp,min dp,avg wind speed,max wind speed,avg ghr,max ghr,avg dnr,max dnr,avg dhr,max dhr
0,IL,Marion County,G1701210,2000-2019,13.822894758647072,37.280555725097656,-21.18111038208008,2592.8454874788417,958.7020743847473,68.76420180699597,7.4512575038281375,23.914157992623096,-21.41463414682193,4.220852527172053,10.558895111083984,169.3033105022831,986,184.83583928456505,913.42529296875,70.79349315068494,614
