,state,county,gisjoin,year range,avg temp,max temp,min temp,hdd,cdd,avg rh,average dp,max dp,min dp,avg wind speed,max wind speed,avg ghr,max ghr,avg dnr,max dnr,avg dhr,max dhr
0,IL,Marion County,G1701210,2040-2059,15.365689041370688,40.45135498046875,-15.321829795837402,2309.1857439178507,1238.1622440179906,70.6190949122111,9.394937283596025,26.76077683200521,-15.668744328646657,4.267435072518919,9.195741653442385,169.3033105022831,986,180.32916812321582,901.9528198242188,70.79349315068494,614
