,state,county,gisjoin,year range,avg temp,max temp,min temp,hdd,cdd,avg rh,average dp,max dp,min dp,avg wind speed,max wind speed,avg ghr,max ghr,avg dnr,max dnr,avg dhr,max dhr
0,MS,Sharkey County,G2801250,1980-1999,17.462726595486885,35.826316833496094,-6.348421096801758,1602.592122114398,1296.9873294672223,71.66399070291214,11.6173571315786,24.735191205637214,-6.348421518622966,3.4798975996775168,10.374935150146484,189.82305936073058,984,196.04069719162194,917.5048217773438,74.35810502283105,477
