,state,county,gisjoin,year range,avg temp,max temp,min temp,hdd,cdd,avg rh,average dp,max dp,min dp,avg wind speed,max wind speed,avg ghr,max ghr,avg dnr,max dnr,avg dhr,max dhr
0,MS,Sharkey County,G2801250,2060-2079,20.913596272008753,39.029930114746094,-4.094239711761475,1028.9194205451774,1982.8820598282603,70.84488886197408,14.771387293144535,26.74443393889514,-4.094240253940749,3.563181937883978,7.622519493103027,189.82305936073058,984,191.08737951318471,916.2384033203124,74.35810502283105,477
