,state,county,gisjoin,year range,avg temp,max temp,min temp,hdd,cdd,avg rh,average dp,max dp,min dp,avg wind speed,max wind speed,avg ghr,max ghr,avg dnr,max dnr,avg dhr,max dhr
0,FL,Union County,G1201250,2000-2019,21.02849447411872,36.93111038208008,-5.063889026641846,820.1190364028424,1816.0195194560918,68.70134094381986,14.321538502642394,25.170905335690957,-5.063889620732581,3.3179843954844017,7.610591411590576,188.5162100456621,1043,200.47523952709028,949.3748779296876,82.50091324200913,615
