,state,county,gisjoin,year range,avg temp,max temp,min temp,hdd,cdd,avg rh,average dp,max dp,min dp,avg wind speed,max wind speed,avg ghr,max ghr,avg dnr,max dnr,avg dhr,max dhr
0,KY,Bath County,G2100110,2020-2039,13.903221483209428,36.9575080871582,-11.348057746887209,2484.837044024544,880.0128853957403,69.68847473723703,7.702461884835252,23.575306461853124,-12.409261653303163,3.644924790837449,9.983623504638672,167.09063926940638,986,184.39234770140936,928.9508666992188,74.89349315068493,524
