,state,county,gisjoin,year range,avg temp,max temp,min temp,hdd,cdd,avg rh,average dp,max dp,min dp,avg wind speed,max wind speed,avg ghr,max ghr,avg dnr,max dnr,avg dhr,max dhr
0,MI,Keweenaw County,G2600830,1980-1999,3.4425791546809066,28.832141876220703,-27.16857147216797,5564.914153824567,141.95554528236121,69.59661812978248,-2.1990494051174596,15.951291604386794,-27.168575488281192,5.660938563058365,14.31641674041748,141.97237442922375,943,172.04155999280115,940.8896484375,62.20091324200913,489
