,state,county,gisjoin,year range,avg temp,max temp,min temp,hdd,cdd,avg rh,average dp,max dp,min dp,avg wind speed,max wind speed,avg ghr,max ghr,avg dnr,max dnr,avg dhr,max dhr
0,MI,Keweenaw County,G2600830,2080-2099,9.80805083945663,34.55135726928711,-20.198755264282227,3712.857204707281,613.2957611084277,70.85336711199861,4.139736110677159,22.54507980902544,-20.19875799657537,5.871194096977852,14.429211616516112,141.97237442922375,943,161.2011520643063,888.7030639648438,62.20091324200913,489
