,state,county,gisjoin,year range,avg temp,max temp,min temp,hdd,cdd,avg rh,average dp,max dp,min dp,avg wind speed,max wind speed,avg ghr,max ghr,avg dnr,max dnr,avg dhr,max dhr
0,GA,Dooly County,G1300930,2040-2059,20.69966990331703,38.62749481201172,-7.684460639953613,1017.1054900321587,1892.9850047427874,69.65838910281386,14.2473807084399,25.88934016962453,-7.68446164125148,3.611061331139852,8.551795959472656,185.44771689497716,1055,196.20707550018412,963.2564086914062,80.47374429223744,686
