,state,county,gisjoin,year range,avg temp,max temp,min temp,hdd,cdd,avg rh,average dp,max dp,min dp,avg wind speed,max wind speed,avg ghr,max ghr,avg dnr,max dnr,avg dhr,max dhr
0,GA,Dooly County,G1300930,2060-2079,20.74273929078181,39.79240036010742,-3.9793894290924072,1009.3502372248137,1900.9500783600852,69.594767649533,14.259405935166374,26.664801624896143,-3.97938951740844,3.685798358753936,12.635501861572266,185.44771689497716,1055,196.40378080393398,941.4511108398438,80.47374429223744,686
