,state,county,gisjoin,year range,avg temp,max temp,min temp,hdd,cdd,avg rh,average dp,max dp,min dp,avg wind speed,max wind speed,avg ghr,max ghr,avg dnr,max dnr,avg dhr,max dhr
0,GA,Dooly County,G1300930,2080-2099,22.508943265162824,41.51893997192383,-4.8499860763549805,819.1518585788064,2355.4161503630344,69.00016795053874,15.813027315586334,28.87305143725257,-4.849986462311782,3.62356656637366,8.108796119689941,185.44771689497716,1055,192.49723599674064,929.7462158203124,80.47374429223744,686
