,state,county,gisjoin,year range,avg temp,max temp,min temp,hdd,cdd,avg rh,average dp,max dp,min dp,avg wind speed,max wind speed,avg ghr,max ghr,avg dnr,max dnr,avg dhr,max dhr
0,MI,Arenac County,G2600110,1980-1999,6.7514727401596035,33.11000061035156,-26.503570556640625,4523.873722225166,308.6612723827282,67.53527276984089,0.41307913912046285,22.159345259424462,-26.578828528656675,4.049915063272328,10.320903778076172,153.45947488584474,977,176.65318499903768,916.9722290039062,71.1189497716895,603
