,state,county,gisjoin,year range,avg temp,max temp,min temp,hdd,cdd,avg rh,average dp,max dp,min dp,avg wind speed,max wind speed,avg ghr,max ghr,avg dnr,max dnr,avg dhr,max dhr
0,MI,Arenac County,G2600110,2040-2059,10.505784074080001,37.584571838378906,-23.53842163085937,3543.9298589131636,699.0410459518806,67.21761514149844,3.871503230198061,23.897246997472998,-23.538423504822145,4.176152241978471,10.211559295654297,153.45947488584474,977,172.14175190493592,902.8096923828124,71.1189497716895,603
