,state,county,gisjoin,year range,avg temp,max temp,min temp,hdd,cdd,avg rh,average dp,max dp,min dp,avg wind speed,max wind speed,avg ghr,max ghr,avg dnr,max dnr,avg dhr,max dhr
0,MI,Arenac County,G2600110,2060-2079,11.01433253871022,35.75165939331055,-20.88196182250977,3372.4351451906937,713.166521819469,67.85716122013248,4.549789930410288,23.435654152176863,-20.881963492079507,4.091993786823259,10.064187049865724,153.45947488584474,977,171.17655451960047,914.300048828125,71.1189497716895,603
