,state,county,gisjoin,year range,avg temp,max temp,min temp,hdd,cdd,avg rh,average dp,max dp,min dp,avg wind speed,max wind speed,avg ghr,max ghr,avg dnr,max dnr,avg dhr,max dhr
0,TX,Refugio County,G4803910,2060-2079,24.248604526858966,38.746952056884766,-0.7887763381004333,446.66042253511273,2617.901074838314,66.13101765880846,16.946558969765874,26.69633004171269,-2.266751432824963,4.493861417901026,9.20279026031494,196.78789954337898,1010,196.82070721373745,932.1810913085938,76.55445205479452,569
