,state,county,gisjoin,year range,avg temp,max temp,min temp,hdd,cdd,avg rh,average dp,max dp,min dp,avg wind speed,max wind speed,avg ghr,max ghr,avg dnr,max dnr,avg dhr,max dhr
0,OK,Love County,G4000850,1980-1999,16.494981043232066,38.80500030517578,-11.560625076293944,1865.2243573618262,1206.3924381415811,66.95226010144029,9.53458993610107,23.581160706945905,-11.560625875322945,4.3751719608698805,9.275859832763672,189.24052511415525,1009,201.3632525373626,947.7207641601562,69.70388127853882,679
