,state,county,gisjoin,year range,avg temp,max temp,min temp,hdd,cdd,avg rh,average dp,max dp,min dp,avg wind speed,max wind speed,avg ghr,max ghr,avg dnr,max dnr,avg dhr,max dhr
0,OK,Love County,G4000850,2080-2099,21.696121381466213,43.99900436401367,-7.124234199523926,1073.8180076461472,2313.402311881155,66.29490867553781,14.373294411547022,28.16844502660493,-7.778369335024133,4.461039455296242,10.096883773803713,189.24052511415525,1009,191.0735505664736,927.9967041015624,69.70388127853882,679
