,state,county,gisjoin,year range,avg temp,max temp,min temp,hdd,cdd,avg rh,average dp,max dp,min dp,avg wind speed,max wind speed,avg ghr,max ghr,avg dnr,max dnr,avg dhr,max dhr
0,LA,Rapides Parish,G2200790,2020-2039,20.32901871610809,37.71882247924805,-7.202801704406738,1016.5418919589237,1757.1337233383283,70.46116218697534,14.10201379723747,25.102701484365227,-7.202802558346559,3.9852511160177726,8.759559631347656,196.93835616438355,993,194.92837540899345,926.9256591796876,77.42671232876712,621
