,state,county,gisjoin,year range,avg temp,max temp,min temp,hdd,cdd,avg rh,average dp,max dp,min dp,avg wind speed,max wind speed,avg ghr,max ghr,avg dnr,max dnr,avg dhr,max dhr
0,IL,De Witt County,G1700390,2080-2099,16.19283594370928,41.287139892578125,-17.100536346435547,2241.139780839682,1472.0249002933433,70.47916737952733,10.154526095337284,27.700120360379863,-17.10053732271205,4.100610928067334,9.938005447387695,159.35422374429223,961,175.7900163711,914.44091796875,73.86643835616438,579
