,state,county,gisjoin,year range,avg temp,max temp,min temp,hdd,cdd,avg rh,average dp,max dp,min dp,avg wind speed,max wind speed,avg ghr,max ghr,avg dnr,max dnr,avg dhr,max dhr
0,GA,Irwin County,G1301550,1980-1999,18.136701889551425,36.907222747802734,-5.80388879776001,1334.2552378369287,1274.6514275233858,68.0753683972032,11.417082274248942,22.892573020391502,-5.803889237081784,3.569909167670768,9.729476928710938,185.89029680365297,999,204.1706214606992,930.4830322265624,85.33732876712328,674
