,state,county,gisjoin,year range,avg temp,max temp,min temp,hdd,cdd,avg rh,average dp,max dp,min dp,avg wind speed,max wind speed,avg ghr,max ghr,avg dnr,max dnr,avg dhr,max dhr
0,GA,Irwin County,G1301550,2000-2019,19.344401499938346,36.39555740356445,-7.256666660308838,1139.4177775117414,1520.6243249892948,68.49975801123875,12.65429387091854,25.78143588894892,-7.256666953881825,3.4909422551251983,8.531579971313477,185.89029680365297,999,202.93009134529458,935.84423828125,85.33732876712328,674
