,state,county,gisjoin,year range,avg temp,max temp,min temp,hdd,cdd,avg rh,average dp,max dp,min dp,avg wind speed,max wind speed,avg ghr,max ghr,avg dnr,max dnr,avg dhr,max dhr
0,IL,Henry County,G1700730,2000-2019,10.67817458093616,36.67466735839844,-27.606000900268555,3451.093378569551,669.1271006107672,69.70519585936037,4.716314584566309,24.46793919872424,-27.60600217916053,4.157532643292048,10.523011207580566,168.07956621004567,979,179.71161544917126,904.3992309570312,71.69109589041096,593
