,state,county,gisjoin,year range,avg temp,max temp,min temp,hdd,cdd,avg rh,average dp,max dp,min dp,avg wind speed,max wind speed,avg ghr,max ghr,avg dnr,max dnr,avg dhr,max dhr
0,WV,Hancock County,G5400290,1980-1999,10.17862175228538,33.692501068115234,-19.171875,3432.1128442406666,467.80978382429834,70.0238018140401,4.275554655357875,20.44290066764036,-19.38596379056597,3.3868616927159976,8.758694648742676,152.82054794520548,982,178.99932694424888,929.2344360351562,75.19760273972602,516
