,state,county,gisjoin,year range,avg temp,max temp,min temp,hdd,cdd,avg rh,average dp,max dp,min dp,avg wind speed,max wind speed,avg ghr,max ghr,avg dnr,max dnr,avg dhr,max dhr
0,AL,Lauderdale County,G0100770,2000-2019,16.26679479835574,36.828125,-16.160625457763672,1909.4577660827126,1167.3378674825778,69.44299589117912,9.887932038479448,23.5194080900784,-16.160626997458913,3.9477001894010257,9.696048736572266,159.93972602739726,1004,192.83624917672444,941.016845703125,76.68070776255708,608
