,state,county,gisjoin,year range,avg temp,max temp,min temp,hdd,cdd,avg rh,average dp,max dp,min dp,avg wind speed,max wind speed,avg ghr,max ghr,avg dnr,max dnr,avg dhr,max dhr
0,IL,Washington County,G1701890,2040-2059,15.97868279989864,41.8282356262207,-14.245634078979492,2204.8740937179778,1357.5933156808999,69.42562637503289,9.687514559374803,26.9978505146434,-14.471139455922703,4.132887860533853,9.171046257019045,169.11324200913242,998,180.6072195337802,915.4730834960938,75.14566210045662,569
