,state,county,gisjoin,year range,avg temp,max temp,min temp,hdd,cdd,avg rh,average dp,max dp,min dp,avg wind speed,max wind speed,avg ghr,max ghr,avg dnr,max dnr,avg dhr,max dhr
0,IL,Washington County,G1701890,2080-2099,18.530432399857578,42.06789779663086,-14.971155166625977,1690.8957601217187,1775.0035860696505,70.00646290670247,12.265322173243403,27.825564053594547,-15.334841927351192,4.029987748055698,9.73157787322998,169.11324200913242,998,175.04664317795633,879.24267578125,75.14566210045662,569
