,state,county,gisjoin,year range,avg temp,max temp,min temp,hdd,cdd,avg rh,average dp,max dp,min dp,avg wind speed,max wind speed,avg ghr,max ghr,avg dnr,max dnr,avg dhr,max dhr
0,ND,Burleigh County,G3800150,1980-1999,5.190958953466608,35.51750183105469,-32.26000213623047,5146.400399710658,361.6004177252407,57.39695973483395,-3.6833596809915097,16.885887323353764,-32.99908462817572,4.2129043192896125,9.66386890411377,165.67442922374428,961,179.56440046096208,902.8135375976562,62.670890410958904,529
