,state,county,gisjoin,year range,avg temp,max temp,min temp,hdd,cdd,avg rh,average dp,max dp,min dp,avg wind speed,max wind speed,avg ghr,max ghr,avg dnr,max dnr,avg dhr,max dhr
0,ND,Burleigh County,G3800150,2000-2019,6.138935203103324,35.70083236694336,-33.62333297729492,4872.541439967969,433.7527891000188,58.77541687521216,-2.413080003354584,17.535610454561233,-33.623336675892645,4.202689717607956,9.89247226715088,165.67442922374428,961,179.85252977764014,926.056640625,62.670890410958904,529
