,state,county,gisjoin,year range,avg temp,max temp,min temp,hdd,cdd,avg rh,average dp,max dp,min dp,avg wind speed,max wind speed,avg ghr,max ghr,avg dnr,max dnr,avg dhr,max dhr
0,ND,Burleigh County,G3800150,2080-2099,11.666797179198285,42.4515495300293,-25.76354217529297,3554.143867881734,1133.0248382886805,57.5451976068488,2.427280204352812,23.22609722145737,-26.233145885854697,4.072401191682031,9.539794921875,165.67442922374428,961,174.99032072779085,880.5398559570312,62.670890410958904,529
