,state,county,gisjoin,year range,avg temp,max temp,min temp,hdd,cdd,avg rh,average dp,max dp,min dp,avg wind speed,max wind speed,avg ghr,max ghr,avg dnr,max dnr,avg dhr,max dhr
0,GA,DeKalb County,G1300890,2000-2019,16.84944182037026,35.76000213623047,-11.4243745803833,1706.5505270388767,1177.0967914741027,69.33643378122757,10.48877319486507,23.783855300590652,-11.424374964387464,3.5491552695019606,8.87162971496582,164.0777397260274,1027,195.20759642396774,947.1021728515624,78.95456621004566,661
