,state,county,gisjoin,year range,avg temp,max temp,min temp,hdd,cdd,avg rh,average dp,max dp,min dp,avg wind speed,max wind speed,avg ghr,max ghr,avg dnr,max dnr,avg dhr,max dhr
0,MN,Douglas County,G2700410,2060-2079,9.29251927808005,35.954864501953125,-26.834667205810547,4029.5454780384866,741.8150145372123,67.0985536007032,2.828092586904785,24.08730357561758,-26.834669668905168,4.2357109474809205,8.941217422485352,158.38755707762556,958,167.590052771233,877.3968505859375,65.43173515981735,599
