,state,county,gisjoin,year range,avg temp,max temp,min temp,hdd,cdd,avg rh,average dp,max dp,min dp,avg wind speed,max wind speed,avg ghr,max ghr,avg dnr,max dnr,avg dhr,max dhr
0,CO,Washington County,G0801210,2000-2019,10.219730185323273,37.02999877929688,-22.129165649414062,3623.839827715426,674.541345357924,49.252950324097725,-1.6188329456594206,17.37454812616184,-26.20689891777093,3.303681620411133,6.747774600982666,156.36929223744292,983,212.05263047264927,984.937255859375,77.12317351598173,445
