,state,county,gisjoin,year range,avg temp,max temp,min temp,hdd,cdd,avg rh,average dp,max dp,min dp,avg wind speed,max wind speed,avg ghr,max ghr,avg dnr,max dnr,avg dhr,max dhr
0,CA,Calaveras County,G0600090,2040-2059,17.957617473719456,43.66793441772461,-2.482856273651123,1481.7383366951162,1356.7687146028627,53.09984933426391,5.885364011848478,19.081941369012963,-5.215717657261624,3.903353612390283,12.445234298706056,210.05616438356165,994,212.61697465104282,924.9654541015624,67.23732876712329,474
