,state,county,gisjoin,year range,avg temp,max temp,min temp,hdd,cdd,avg rh,average dp,max dp,min dp,avg wind speed,max wind speed,avg ghr,max ghr,avg dnr,max dnr,avg dhr,max dhr
0,AR,Desha County,G0500410,1980-1999,16.85116688577767,36.77117538452149,-7.17058801651001,1781.6720508031278,1252.847964112046,70.3303727493983,10.74682971167753,24.43707546651748,-7.85317643650343,3.6027617637425253,10.537813186645508,189.82305936073058,984,197.614286747935,926.681396484375,74.35810502283105,477
