,state,county,gisjoin,year range,avg temp,max temp,min temp,hdd,cdd,avg rh,average dp,max dp,min dp,avg wind speed,max wind speed,avg ghr,max ghr,avg dnr,max dnr,avg dhr,max dhr
0,NY,Kings County,G3600470,2060-2079,15.389093044179537,37.33349609375,-10.446643829345703,2144.2518925053923,1081.7708536307696,74.58915768540614,10.495836958930454,26.076705083534065,-10.497005384255177,5.533627887403584,12.522242546081545,163.97134703196346,968,164.07379548204463,860.24267578125,72.87203196347032,631
