,state,county,gisjoin,year range,avg temp,max temp,min temp,hdd,cdd,avg rh,average dp,max dp,min dp,avg wind speed,max wind speed,avg ghr,max ghr,avg dnr,max dnr,avg dhr,max dhr
0,NY,Kings County,G3600470,2080-2099,17.502263266240462,40.06761932373047,-8.350890159606934,1783.004345434787,1491.830437612514,74.95788519066762,12.604038012297256,29.741869965213525,-8.35089019479437,5.527616639047453,14.892656326293944,163.97134703196346,968,160.24355546252613,870.5009155273438,72.87203196347032,631
