,state,county,gisjoin,year range,avg temp,max temp,min temp,hdd,cdd,avg rh,average dp,max dp,min dp,avg wind speed,max wind speed,avg ghr,max ghr,avg dnr,max dnr,avg dhr,max dhr
0,GA,Bartow County,G1300150,2060-2079,18.300571913566422,37.78457260131836,-6.012148857116699,1451.1670191288529,1451.375767580683,70.39551456987041,12.124490810877738,25.70827354059839,-6.012149233588141,3.336448706883818,9.399734497070312,176.0974885844749,1000,191.69423465323206,928.1675415039062,75.3829908675799,586
