,state,county,gisjoin,year range,avg temp,max temp,min temp,hdd,cdd,avg rh,average dp,max dp,min dp,avg wind speed,max wind speed,avg ghr,max ghr,avg dnr,max dnr,avg dhr,max dhr
0,WA,Garfield County,G5300230,2060-2079,12.223464056591984,39.93429565429688,-11.83104133605957,2861.7484329601502,643.8128136158251,61.44030740631226,3.7818141374522316,15.29523125011976,-11.831042019251,3.311193533547937,8.023530960083008,165.54577625570775,963,178.07533082641643,893.5244750976562,60.68687214611872,462
