,state,county,gisjoin,year range,avg temp,max temp,min temp,hdd,cdd,avg rh,average dp,max dp,min dp,avg wind speed,max wind speed,avg ghr,max ghr,avg dnr,max dnr,avg dhr,max dhr
0,VA,Louisa County,G5101090,2060-2079,16.193018323309364,38.17951965332031,-8.963839530944824,2015.7905491309164,1246.7422371388277,69.46284216266788,9.886525381062773,24.32930128011913,-9.477529605087952,3.6821871951834795,8.386399269104004,161.94954337899543,981,182.87744923534254,951.4105834960938,75.43436073059361,644
