,state,county,gisjoin,year range,avg temp,max temp,min temp,hdd,cdd,avg rh,average dp,max dp,min dp,avg wind speed,max wind speed,avg ghr,max ghr,avg dnr,max dnr,avg dhr,max dhr
0,OK,Woodward County,G4001530,2060-2079,17.93824977747773,43.58327865600586,-12.305248260498049,1941.2517836755596,1809.212952454776,59.17904747087662,8.660372755846325,25.11237551312607,-14.499944508609898,4.7380409368913465,10.64317512512207,200.7283105022831,1017,203.01161446303365,942.661865234375,65.18778538812785,457
