,state,county,gisjoin,year range,avg temp,max temp,min temp,hdd,cdd,avg rh,average dp,max dp,min dp,avg wind speed,max wind speed,avg ghr,max ghr,avg dnr,max dnr,avg dhr,max dhr
0,GA,Pike County,G1302310,2020-2039,17.9098719700987,37.0743522644043,-8.336949348449707,1432.0116396091287,1289.6149086953085,68.78564173532948,11.312025300691491,23.801304595209672,-8.336949532257165,3.6614736804815187,9.190500259399414,192.45045662100458,1018,199.29058708194097,942.9674072265624,82.34703196347031,551
