,state,county,gisjoin,year range,avg temp,max temp,min temp,hdd,cdd,avg rh,average dp,max dp,min dp,avg wind speed,max wind speed,avg ghr,max ghr,avg dnr,max dnr,avg dhr,max dhr
0,MI,Clare County,G2600350,2040-2059,9.527582494135798,37.72107696533203,-24.73700523376465,3803.5185989063925,601.5862092654173,68.9227675616469,3.285501719104876,23.181387545341053,-24.73700588629566,4.593157836971762,11.422407150268556,146.93812785388127,936,175.90681082519538,932.5252685546876,69.97454337899543,489
