,state,county,gisjoin,year range,avg temp,max temp,min temp,hdd,cdd,avg rh,average dp,max dp,min dp,avg wind speed,max wind speed,avg ghr,max ghr,avg dnr,max dnr,avg dhr,max dhr
0,MI,Clare County,G2600350,2060-2079,10.21333781184277,34.56984329223633,-21.67462730407715,3582.320964278766,630.6892656008694,68.85752229559911,3.9980891873247053,23.60004814454653,-21.674628208325768,4.46330243917905,9.907469749450684,146.93812785388127,936,173.6705284642444,903.5737915039062,69.97454337899543,489
