,state,county,gisjoin,year range,avg temp,max temp,min temp,hdd,cdd,avg rh,average dp,max dp,min dp,avg wind speed,max wind speed,avg ghr,max ghr,avg dnr,max dnr,avg dhr,max dhr
0,GA,Putnam County,G1302370,2060-2079,19.724846739435865,39.37321090698242,-5.446967601776123,1206.6401120844637,1726.7091719785324,68.58395623638205,13.023911617538973,25.5589442753695,-5.446967513264787,3.4304572056009346,8.306215286254883,188.32614155251142,1016,196.8157690489942,948.8449096679688,77.4134703196347,525
