,state,county,gisjoin,year range,avg temp,max temp,min temp,hdd,cdd,avg rh,average dp,max dp,min dp,avg wind speed,max wind speed,avg ghr,max ghr,avg dnr,max dnr,avg dhr,max dhr
0,GA,Baldwin County,G1300090,2020-2039,18.808521870957563,39.9708366394043,-7.818050861358643,1302.7634107587196,1488.3738936583095,66.83570661435932,11.637540994696412,24.96588724124445,-7.818051094562772,3.4904044276775292,8.07643985748291,191.99166666666667,1021,199.03308141249966,958.85107421875,78.0667808219178,512
