,state,county,gisjoin,year range,avg temp,max temp,min temp,hdd,cdd,avg rh,average dp,max dp,min dp,avg wind speed,max wind speed,avg ghr,max ghr,avg dnr,max dnr,avg dhr,max dhr
0,GA,Baldwin County,G1300090,2060-2079,20.088149139370312,39.85361862182617,-5.621146202087402,1135.61798513692,1788.2924210070403,68.75546777629417,13.390195543144372,25.1447505013505,-5.621146506481084,3.450383677058024,8.572150230407715,191.99166666666667,1021,196.93150040324335,949.7096557617188,78.0667808219178,512
