,state,county,gisjoin,year range,avg temp,max temp,min temp,hdd,cdd,avg rh,average dp,max dp,min dp,avg wind speed,max wind speed,avg ghr,max ghr,avg dnr,max dnr,avg dhr,max dhr
0,VA,Portsmouth city,G5107400,2040-2059,17.91282737368737,37.71923828125,-7.496660232543945,1579.9389162127447,1438.6209076086852,71.88033986897229,12.229904668208665,27.0290097551871,-7.496660406659012,4.164727663667235,9.081388473510742,176.3876712328767,987,176.0880986449227,911.048095703125,74.79098173515982,510
