,state,county,gisjoin,year range,avg temp,max temp,min temp,hdd,cdd,avg rh,average dp,max dp,min dp,avg wind speed,max wind speed,avg ghr,max ghr,avg dnr,max dnr,avg dhr,max dhr
0,MN,Norman County,G2701070,1980-1999,4.588747052624758,32.813331604003906,-35.65416717529297,5333.83163439469,329.22430860200683,60.98828202545915,-3.167444550169733,18.71057434489772,-35.65417076775965,4.193052955196328,9.439692497253418,160.44897260273973,935,173.28769149129042,883.8458251953125,67.16324200913242,433
