,state,county,gisjoin,year range,avg temp,max temp,min temp,hdd,cdd,avg rh,average dp,max dp,min dp,avg wind speed,max wind speed,avg ghr,max ghr,avg dnr,max dnr,avg dhr,max dhr
0,MN,Norman County,G2701070,2040-2059,8.138588634660417,37.17842102050781,-33.59490966796875,4361.745157825883,652.8300094763723,63.21063490545369,0.672273599649872,21.51584366284339,-33.59491216283052,4.155757928547794,9.290212631225586,160.44897260273973,935,170.65892062124692,870.5844116210938,67.16324200913242,433
