,state,county,gisjoin,year range,avg temp,max temp,min temp,hdd,cdd,avg rh,average dp,max dp,min dp,avg wind speed,max wind speed,avg ghr,max ghr,avg dnr,max dnr,avg dhr,max dhr
0,CO,Broomfield County,G0800140,2040-2059,12.551409470879278,39.823333740234375,-15.2499418258667,2967.632788282262,869.3972451528367,50.85223535696665,1.273989965953649,16.366026817198453,-19.62185185220349,3.849335344196999,9.026774406433104,184.9255707762557,1032,210.94551768980978,961.8511962890624,65.97465753424657,549
