,state,county,gisjoin,year range,avg temp,max temp,min temp,hdd,cdd,avg rh,average dp,max dp,min dp,avg wind speed,max wind speed,avg ghr,max ghr,avg dnr,max dnr,avg dhr,max dhr
0,TN,Overton County,G4701330,2060-2079,16.872107390486995,37.81626129150391,-10.607426643371582,1790.0521159647262,1268.8713134925363,70.3806362263144,10.715523584313882,24.722185596523797,-10.607426841257624,4.361339021749693,10.987247467041016,161.43550228310502,982,186.79072949892645,924.7044677734376,76.6203196347032,593
