,state,county,gisjoin,year range,avg temp,max temp,min temp,hdd,cdd,avg rh,average dp,max dp,min dp,avg wind speed,max wind speed,avg ghr,max ghr,avg dnr,max dnr,avg dhr,max dhr
0,VT,Lamoille County,G5000150,2040-2059,8.39245127519369,32.87428665161133,-27.278472900390625,4053.8946010342734,437.6393164793756,71.60069546307604,2.883372351587784,21.75812422002789,-27.27847646057747,4.017108286066687,12.329156875610352,137.9804794520548,958,169.69783701900718,912.18603515625,65.9486301369863,595
