,state,county,gisjoin,year range,avg temp,max temp,min temp,hdd,cdd,avg rh,average dp,max dp,min dp,avg wind speed,max wind speed,avg ghr,max ghr,avg dnr,max dnr,avg dhr,max dhr
0,GA,Harris County,G1301450,1980-1999,16.875765647121266,35.352352142333984,-9.34000015258789,1616.9670735138343,1097.1215347131858,67.92529162750941,10.132301636564927,22.68446844216677,-9.340001179107876,3.4636893759715504,11.112345695495604,191.31278538812785,1025,203.64132390028703,956.0321044921876,83.5351598173516,516
