,state,county,gisjoin,year range,avg temp,max temp,min temp,hdd,cdd,avg rh,average dp,max dp,min dp,avg wind speed,max wind speed,avg ghr,max ghr,avg dnr,max dnr,avg dhr,max dhr
0,GA,Harris County,G1301450,2060-2079,19.65145624808257,37.78643798828125,-6.7382493019104,1203.360594865588,1696.6421254157096,69.38237600195897,13.152406990169522,25.939018161534307,-6.738249991345122,3.6727347482557167,8.257163047790527,191.31278538812785,1025,197.67504150390408,936.2110595703124,83.5351598173516,516
