,state,county,gisjoin,year range,avg temp,max temp,min temp,hdd,cdd,avg rh,average dp,max dp,min dp,avg wind speed,max wind speed,avg ghr,max ghr,avg dnr,max dnr,avg dhr,max dhr
0,NE,Saline County,G3101510,2000-2019,11.778390916835567,37.587501525878906,-22.542499542236328,3264.4213437743165,884.0340284189083,61.82300463278,3.7253381286836182,22.73204540902444,-23.06895750884813,4.465696163863352,9.416961669921877,167.31952054794522,988,188.91542937359262,943.8091430664062,68.237899543379,581
