,state,county,gisjoin,year range,avg temp,max temp,min temp,hdd,cdd,avg rh,average dp,max dp,min dp,avg wind speed,max wind speed,avg ghr,max ghr,avg dnr,max dnr,avg dhr,max dhr
0,NE,Saline County,G3101510,2080-2099,16.369881294519463,42.16967391967773,-16.49175262451172,2304.8009902101526,1600.3076627095004,62.35123050811628,8.203160463987514,26.223092274814565,-16.52330553394519,4.485594694908351,8.860052108764648,167.31952054794522,988,182.338486277518,905.4967041015624,68.237899543379,581
