,state,county,gisjoin,year range,avg temp,max temp,min temp,hdd,cdd,avg rh,average dp,max dp,min dp,avg wind speed,max wind speed,avg ghr,max ghr,avg dnr,max dnr,avg dhr,max dhr
0,WA,Asotin County,G5300030,2020-2039,12.843396892471516,40.320274353027344,-13.906167030334473,2764.665631179367,773.0054969311108,55.28074770430996,2.5552854490183603,13.731372357199636,-13.906168597745436,4.169898461261297,10.61468505859375,162.72933789954337,960,178.11337863917467,896.3262939453125,62.702397260273976,463
