,state,county,gisjoin,year range,avg temp,max temp,min temp,hdd,cdd,avg rh,average dp,max dp,min dp,avg wind speed,max wind speed,avg ghr,max ghr,avg dnr,max dnr,avg dhr,max dhr
0,TX,Gray County,G4801790,2020-2039,15.42044582909828,40.21300506591797,-20.521488189697266,2227.678583992973,1176.6413116137894,54.631367909418394,5.0404676362082474,20.305605551357697,-20.521489933266725,4.37886391861798,8.952091217041016,210.44908675799087,1029,216.91624251562746,999.56689453125,64.29166666666667,496
