,state,county,gisjoin,year range,avg temp,max temp,min temp,hdd,cdd,avg rh,average dp,max dp,min dp,avg wind speed,max wind speed,avg ghr,max ghr,avg dnr,max dnr,avg dhr,max dhr
0,TX,Gray County,G4801790,2040-2059,16.583435998368504,41.23749923706055,-9.835886001586914,2032.7227190366175,1406.1768584410756,56.11271373637735,6.5074936282531874,23.12163272136907,-13.32578006580142,4.405843443059486,8.750771522521973,210.44908675799087,1029,214.70944991475727,991.3580932617188,64.29166666666667,496
