,state,county,gisjoin,year range,avg temp,max temp,min temp,hdd,cdd,avg rh,average dp,max dp,min dp,avg wind speed,max wind speed,avg ghr,max ghr,avg dnr,max dnr,avg dhr,max dhr
0,TX,Gray County,G4801790,2060-2079,16.803335328414956,42.60637283325195,-15.874091148376465,2054.763117016482,1508.4805118878724,56.650844070029585,6.8612487002646025,22.809516328562843,-17.358061786259306,4.366294091477242,9.406283378601074,210.44908675799087,1029,214.08036362702882,993.6229248046876,64.29166666666667,496
