,state,county,gisjoin,year range,avg temp,max temp,min temp,hdd,cdd,avg rh,average dp,max dp,min dp,avg wind speed,max wind speed,avg ghr,max ghr,avg dnr,max dnr,avg dhr,max dhr
0,ND,Golden Valley County,G3800330,1980-1999,5.696590123882114,37.6591682434082,-32.28666687011719,4947.440346214653,347.19574143091285,54.038833989073694,-4.223409370236663,13.929042987088325,-33.06370428110903,4.243576814023327,10.319042205810549,147.98584474885845,966,186.2220584107753,911.878662109375,60.77203196347032,547
