,state,county,gisjoin,year range,avg temp,max temp,min temp,hdd,cdd,avg rh,average dp,max dp,min dp,avg wind speed,max wind speed,avg ghr,max ghr,avg dnr,max dnr,avg dhr,max dhr
0,ND,Golden Valley County,G3800330,2020-2039,7.279751480584467,37.89108276367188,-35.173370361328125,4562.763162180171,540.3724525928673,55.69738505017268,-2.2267716907182966,19.008847098106944,-35.270937903300265,4.099644469044525,13.021700859069824,147.98584474885845,966,185.07016243557416,902.4093627929688,60.77203196347032,547
