,state,county,gisjoin,year range,avg temp,max temp,min temp,hdd,cdd,avg rh,average dp,max dp,min dp,avg wind speed,max wind speed,avg ghr,max ghr,avg dnr,max dnr,avg dhr,max dhr
0,WA,Skagit County,G5300570,2020-2039,11.19697657215064,30.681570053100582,-7.987263202667236,2789.222109063699,196.61855789819901,71.67921820296544,5.655886419568684,11.94152573366538,-7.987263297272574,3.1583300149604066,10.002668380737305,108.51552511415525,816,150.3682730151854,845.8989868164062,52.65,509
