,state,county,gisjoin,year range,avg temp,max temp,min temp,hdd,cdd,avg rh,average dp,max dp,min dp,avg wind speed,max wind speed,avg ghr,max ghr,avg dnr,max dnr,avg dhr,max dhr
0,NC,Caswell County,G3700330,2080-2099,18.99600878848703,40.97633361816406,-6.502652168273926,1492.3725649422302,1746.4157727399381,69.95402648198551,12.672679820341976,26.53783827384016,-6.502652741930371,3.5894017582070337,9.045496940612791,163.42043378995433,991,182.63429734136204,939.7225341796876,76.73196347031964,633
