,state,county,gisjoin,year range,avg temp,max temp,min temp,hdd,cdd,avg rh,average dp,max dp,min dp,avg wind speed,max wind speed,avg ghr,max ghr,avg dnr,max dnr,avg dhr,max dhr
0,MO,Dallas County,G2900590,1980-1999,12.572864530019205,35.71706008911133,-20.38941192626953,2830.1316299966306,739.727183453283,67.84340084284952,6.080578749857495,22.12781996044342,-21.28760000592005,4.141705527697524,9.232553482055664,181.0912100456621,995,191.03629149253868,934.8967895507812,72.9181506849315,668
