,state,county,gisjoin,year range,avg temp,max temp,min temp,hdd,cdd,avg rh,average dp,max dp,min dp,avg wind speed,max wind speed,avg ghr,max ghr,avg dnr,max dnr,avg dhr,max dhr
0,MO,Dallas County,G2900590,2060-2079,16.577602379339414,39.00769805908203,-12.08408546447754,2056.4828583853564,1427.8077268441784,69.13537776132696,10.139468619999844,26.03480171277211,-12.084086618641416,4.075215982737607,10.131669998168944,181.0912100456621,995,183.8459673269927,936.480712890625,72.9181506849315,668
