,state,county,gisjoin,year range,avg temp,max temp,min temp,hdd,cdd,avg rh,average dp,max dp,min dp,avg wind speed,max wind speed,avg ghr,max ghr,avg dnr,max dnr,avg dhr,max dhr
0,MO,Dallas County,G2900590,2080-2099,18.299059855290217,41.22931289672852,-14.189078330993652,1800.149459054085,1799.8063062348956,68.47790054883042,11.59300145532522,26.757929435682023,-14.189078455995816,3.9602537269461644,9.63350772857666,181.0912100456621,995,182.95952601801673,912.768310546875,72.9181506849315,668
