,state,county,gisjoin,year range,avg temp,max temp,min temp,hdd,cdd,avg rh,average dp,max dp,min dp,avg wind speed,max wind speed,avg ghr,max ghr,avg dnr,max dnr,avg dhr,max dhr
0,TN,Polk County,G4701390,2020-2039,16.123958347270374,36.37360382080078,-13.289694786071776,1922.9486212882332,1128.6934180419375,68.93543879648321,9.628648779480297,22.403302053244055,-13.28969547554791,4.027404893737406,10.502314567565918,178.75011415525114,1021,194.47973456255747,935.5430297851562,76.31164383561644,548
