,state,county,gisjoin,year range,avg temp,max temp,min temp,hdd,cdd,avg rh,average dp,max dp,min dp,avg wind speed,max wind speed,avg ghr,max ghr,avg dnr,max dnr,avg dhr,max dhr
0,MS,Rankin County,G2801210,2080-2099,22.186067168025478,41.28738021850586,-6.2899346351623535,931.9833244407323,2350.3978407698387,70.21547756064427,15.78340369705065,29.03273963699179,-6.289935065050549,3.6655207006082144,9.148253440856934,191.8788812785388,1032,189.76088104672732,947.4352416992188,79.78767123287672,569
