,state,county,gisjoin,year range,avg temp,max temp,min temp,hdd,cdd,avg rh,average dp,max dp,min dp,avg wind speed,max wind speed,avg ghr,max ghr,avg dnr,max dnr,avg dhr,max dhr
0,AR,Stone County,G0501370,1980-1999,13.969174675907238,36.26437377929688,-14.957500457763672,2465.303961504347,884.5527182102738,69.16173924321998,7.625261480860122,23.643508952505776,-14.957501650354196,4.370951214228591,9.796416282653809,182.14623287671233,997,198.6414433219295,963.736572265625,71.50239726027397,699
