,state,county,gisjoin,year range,avg temp,max temp,min temp,hdd,cdd,avg rh,average dp,max dp,min dp,avg wind speed,max wind speed,avg ghr,max ghr,avg dnr,max dnr,avg dhr,max dhr
0,SD,Stanley County,G4601170,2080-2099,14.296318394350298,46.88688278198242,-21.88740539550781,2926.4754314082006,1465.1316453456964,56.88496051095937,4.6269448768831865,26.299900107100505,-21.88740634715138,3.866233314063451,9.557284355163574,171.72705479452054,1001,182.07920679293161,922.7485961914062,66.63584474885845,632
