,state,county,gisjoin,year range,avg temp,max temp,min temp,hdd,cdd,avg rh,average dp,max dp,min dp,avg wind speed,max wind speed,avg ghr,max ghr,avg dnr,max dnr,avg dhr,max dhr
0,OR,Polk County,G4100530,2040-2059,13.422149864543808,38.20235443115234,-4.015307426452637,2308.3913213832734,527.9760219415209,64.63729283014933,5.5301737252962155,12.85661867612209,-4.192262186642584,4.821698903710875,15.478394508361816,154.22351598173515,957,171.33619778614198,890.8068237304688,68.8453196347032,492
