,state,county,gisjoin,year range,avg temp,max temp,min temp,hdd,cdd,avg rh,average dp,max dp,min dp,avg wind speed,max wind speed,avg ghr,max ghr,avg dnr,max dnr,avg dhr,max dhr
0,MO,Cedar County,G2900390,2000-2019,14.402319796792217,41.0484619140625,-24.51153945922852,2470.270476961687,1047.6172027906384,69.08266801006718,8.085277610018778,23.93176988172327,-24.511540810247183,3.963890063109463,9.094892501831056,181.0912100456621,995,187.0018350427556,939.6951904296876,72.9148401826484,668
