,state,county,gisjoin,year range,avg temp,max temp,min temp,hdd,cdd,avg rh,average dp,max dp,min dp,avg wind speed,max wind speed,avg ghr,max ghr,avg dnr,max dnr,avg dhr,max dhr
0,VA,Russell County,G5101670,2000-2019,12.581774660724653,32.65812683105469,-17.400625228881836,2693.12743640772,605.9751875718741,68.29208734307659,6.116832865344358,19.768382812782093,-17.400626096999396,4.396300098014205,9.57225227355957,168.6343607305936,1013,191.41270715691815,965.9489135742188,76.72979452054794,668
