,state,county,gisjoin,year range,avg temp,max temp,min temp,hdd,cdd,avg rh,average dp,max dp,min dp,avg wind speed,max wind speed,avg ghr,max ghr,avg dnr,max dnr,avg dhr,max dhr
0,AL,Washington County,G0101290,2060-2079,21.22292718848673,38.09157943725586,-4.154712677001953,925.3280283113072,1992.1964521088466,70.27198872000115,14.857499374691132,27.1472058732801,-4.154712732501868,3.546943640627273,8.663839340209961,187.186301369863,1027,198.11117757902568,925.9502563476562,77.98892694063927,546
