,state,county,gisjoin,year range,avg temp,max temp,min temp,hdd,cdd,avg rh,average dp,max dp,min dp,avg wind speed,max wind speed,avg ghr,max ghr,avg dnr,max dnr,avg dhr,max dhr
0,MN,St. Louis County,G2701370,2060-2079,7.182025984116882,34.920074462890625,-38.87754821777344,4565.108615109165,507.04809931120855,65.38313325365928,0.23867860156921195,21.180592739627915,-38.87755214847686,4.755831232462844,10.962201118469238,143.36986301369862,951,169.77764881141925,914.6309814453124,64.91883561643836,604
