,state,county,gisjoin,year range,avg temp,max temp,min temp,hdd,cdd,avg rh,average dp,max dp,min dp,avg wind speed,max wind speed,avg ghr,max ghr,avg dnr,max dnr,avg dhr,max dhr
0,MO,Jefferson County,G2900990,2080-2099,18.2529833389505,41.79249572753906,-12.191194534301758,1770.8007070231433,1753.6396257399635,70.34730062876662,12.01197949037989,27.83052878421497,-12.191194953830989,3.663020267878493,9.75256061553955,170.02728310502283,982,177.09574426837506,905.9966430664062,71.99440639269406,645
