,state,county,gisjoin,year range,avg temp,max temp,min temp,hdd,cdd,avg rh,average dp,max dp,min dp,avg wind speed,max wind speed,avg ghr,max ghr,avg dnr,max dnr,avg dhr,max dhr
0,MO,Scotland County,G2901990,2060-2079,14.284348101805195,40.14115905761719,-17.082956314086914,2679.1172721890493,1213.40432934768,69.36323954460283,8.065641266755465,27.10623887938991,-17.08295796178694,3.99443389030352,10.44832992553711,161.17808219178082,971,176.356243630581,896.1870727539062,69.05844748858448,559
