Measure,Output Type,Training RMSE,Testing RMSE,Training R2,Testing R2
2024_1_2_02,electricity,1.1439573971249144,1.416767766259774,0.9818450526002069,0.9480987233973662
