,state,county,gisjoin,year range,avg temp,max temp,min temp,hdd,cdd,avg rh,average dp,max dp,min dp,avg wind speed,max wind speed,avg ghr,max ghr,avg dnr,max dnr,avg dhr,max dhr
0,MD,Garrett County,G2400230,2000-2019,9.49312543283096,30.487499237060547,-19.77750015258789,3586.676557391254,372.1673403739905,70.2879600542321,3.6307115567808435,20.214696685481048,-19.777502456718707,4.780753713111355,10.81582260131836,141.4453196347032,972,185.3988854803367,996.3309326171876,76.05707762557077,570
