,state,county,gisjoin,year range,avg temp,max temp,min temp,hdd,cdd,avg rh,average dp,max dp,min dp,avg wind speed,max wind speed,avg ghr,max ghr,avg dnr,max dnr,avg dhr,max dhr
0,MD,Garrett County,G2400230,2020-2039,9.751293933543689,31.869224548339844,-20.1464786529541,3494.643601501661,374.36588724453924,70.45536150104924,3.909018370140741,19.73137201619213,-20.1464795585656,5.092610041409323,12.243412017822266,141.4453196347032,972,182.5871979235184,949.6643676757812,76.05707762557077,570
