,state,county,gisjoin,year range,avg temp,max temp,min temp,hdd,cdd,avg rh,average dp,max dp,min dp,avg wind speed,max wind speed,avg ghr,max ghr,avg dnr,max dnr,avg dhr,max dhr
0,TN,Bledsoe County,G4700070,2080-2099,19.091428619430275,39.59861373901367,-8.420293807983398,1420.4939311432936,1709.3653772353198,70.99786045736374,13.009841788104614,27.036574027942404,-8.42029429682154,2.9067690761938487,8.555541038513184,161.43550228310502,982,182.09736396457092,954.6121826171876,76.62134703196347,593
