,state,county,gisjoin,year range,avg temp,max temp,min temp,hdd,cdd,avg rh,average dp,max dp,min dp,avg wind speed,max wind speed,avg ghr,max ghr,avg dnr,max dnr,avg dhr,max dhr
0,TX,Delta County,G4801190,2040-2059,20.064880825168682,42.73325347900391,-9.102445602416992,1300.0687392664292,1944.250240452936,68.15973693823706,13.252869338253664,26.627046445704487,-9.102446218053448,4.439294581543909,10.084726333618164,193.21518264840182,1005,195.41974694953672,922.59521484375,70.93413242009133,605
