,state,county,gisjoin,year range,avg temp,max temp,min temp,hdd,cdd,avg rh,average dp,max dp,min dp,avg wind speed,max wind speed,avg ghr,max ghr,avg dnr,max dnr,avg dhr,max dhr
0,TX,Delta County,G4801190,2060-2079,20.787434606495562,43.833251953125,-6.155577182769775,1201.1464424815817,2109.0600738523567,67.71732543853864,13.815764384395521,27.38082641220463,-6.155577462314845,4.3429757072500985,10.043108940124512,193.21518264840182,1005,195.62759063281442,912.87255859375,70.93413242009133,605
