,state,county,gisjoin,year range,avg temp,max temp,min temp,hdd,cdd,avg rh,average dp,max dp,min dp,avg wind speed,max wind speed,avg ghr,max ghr,avg dnr,max dnr,avg dhr,max dhr
0,ID,Jefferson County,G1600510,2020-2039,8.282631276910816,37.01388549804688,-26.35003089904785,4197.432434263618,541.0928503354567,48.41501065454526,-3.7398181773110553,10.363685292454688,-28.42447884868389,2.573090248810102,7.790868759155273,184.7304794520548,1024,208.14631652089327,961.08349609375,59.16849315068493,517
