,state,county,gisjoin,year range,avg temp,max temp,min temp,hdd,cdd,avg rh,average dp,max dp,min dp,avg wind speed,max wind speed,avg ghr,max ghr,avg dnr,max dnr,avg dhr,max dhr
0,FL,Glades County,G1200430,2000-2019,23.558652049485065,35.484737396240234,-4.617368698120117,347.1875113558124,2266.595509417578,68.53171863359948,16.797703585671936,25.18249657618277,-5.375816244168924,3.114378396942191,7.019869804382324,193.82180365296804,1007,201.80040254228032,927.1952514648438,86.70342465753424,628
