,state,county,gisjoin,year range,avg temp,max temp,min temp,hdd,cdd,avg rh,average dp,max dp,min dp,avg wind speed,max wind speed,avg ghr,max ghr,avg dnr,max dnr,avg dhr,max dhr
0,AR,Independence County,G0500630,2020-2039,16.5547653628983,38.65120697021485,-12.283476829528809,1901.7760729767144,1264.765430434619,69.44700585848665,10.207200936812093,25.706475680097736,-12.28347819714069,3.9289905211696885,9.45789623260498,182.14623287671233,997,191.39815735861382,933.4534912109376,71.50239726027397,699
