,state,county,gisjoin,year range,avg temp,max temp,min temp,hdd,cdd,avg rh,average dp,max dp,min dp,avg wind speed,max wind speed,avg ghr,max ghr,avg dnr,max dnr,avg dhr,max dhr
0,AR,Independence County,G0500630,2060-2079,18.451435360992402,41.95378112792969,-8.362518310546875,1604.9415622166264,1660.2154689788115,70.01703476448581,12.117141813263576,26.921907408728423,-8.362518801517764,3.951687313922464,10.720499038696287,182.14623287671233,997,187.7177571264649,923.12255859375,71.50239726027397,699
