,state,county,gisjoin,year range,avg temp,max temp,min temp,hdd,cdd,avg rh,average dp,max dp,min dp,avg wind speed,max wind speed,avg ghr,max ghr,avg dnr,max dnr,avg dhr,max dhr
0,ID,Owyhee County,G1600730,2020-2039,12.82642899869585,40.09492874145508,-17.949399948120117,2871.03870388975,873.185288413407,43.615309716087495,-1.296184856021027,13.638274923292164,-19.52149420090244,3.531214555934684,8.437605857849121,193.59497716894978,996,203.7972373698198,949.0966796875,53.73573059360731,433
