,state,county,gisjoin,year range,avg temp,max temp,min temp,hdd,cdd,avg rh,average dp,max dp,min dp,avg wind speed,max wind speed,avg ghr,max ghr,avg dnr,max dnr,avg dhr,max dhr
0,FL,Walton County,G1201310,2040-2059,21.839172675462066,38.792388916015625,-6.040262699127197,781.7344750743682,2073.5325016178645,72.21833783807276,16.039707579201586,27.153275031105206,-6.040263472401925,4.410732151438657,10.193428993225098,206.75924657534247,1031,189.291263595397,913.5796508789062,78.11735159817351,638
