,state,county,gisjoin,year range,avg temp,max temp,min temp,hdd,cdd,avg rh,average dp,max dp,min dp,avg wind speed,max wind speed,avg ghr,max ghr,avg dnr,max dnr,avg dhr,max dhr
0,CA,San Benito County,G0600690,2040-2059,16.88043555659391,37.70309448242188,-4.401766300201416,1331.097082697692,812.9560608546435,45.44622943031189,2.725636081120964,13.63548432286199,-7.44189334652799,3.812121713324769,8.69791030883789,201.87180365296803,1011,216.54346126769053,974.4223022460938,67.68436073059361,527
