,state,county,gisjoin,year range,avg temp,max temp,min temp,hdd,cdd,avg rh,average dp,max dp,min dp,avg wind speed,max wind speed,avg ghr,max ghr,avg dnr,max dnr,avg dhr,max dhr
0,CA,San Benito County,G0600690,2080-2099,18.578706514518114,40.81916427612305,-1.300327181816101,1093.2841586991765,1195.0120364984616,45.67583898387543,4.230831147364976,12.310581409442651,-5.862460563244547,3.7986098923095284,7.555320262908935,201.87180365296803,1011,217.74933159885015,965.129150390625,67.68436073059361,527
