,state,county,gisjoin,year range,avg temp,max temp,min temp,hdd,cdd,avg rh,average dp,max dp,min dp,avg wind speed,max wind speed,avg ghr,max ghr,avg dnr,max dnr,avg dhr,max dhr
0,SD,Faulk County,G4600490,2000-2019,7.644781565326814,41.00166702270508,-28.27083396911621,4453.325761116849,564.1710324605508,58.82348425464543,-0.9249582891396945,21.03328318559064,-28.553766318774308,3.789207944913542,12.41639804840088,161.81141552511414,962,185.03754635568126,896.9545288085938,62.15547945205479,532
