,state,county,gisjoin,year range,avg temp,max temp,min temp,hdd,cdd,avg rh,average dp,max dp,min dp,avg wind speed,max wind speed,avg ghr,max ghr,avg dnr,max dnr,avg dhr,max dhr
0,SD,Faulk County,G4600490,2040-2059,10.099548604091753,40.1007080078125,-25.49687385559082,3815.9743545991823,822.8095950921778,59.72117123810668,1.5292731497990317,23.69050927941064,-26.21733033536668,3.862200619083017,8.996400833129883,161.81141552511414,962,182.08080700271339,934.070068359375,62.15547945205479,532
