,state,county,gisjoin,year range,avg temp,max temp,min temp,hdd,cdd,avg rh,average dp,max dp,min dp,avg wind speed,max wind speed,avg ghr,max ghr,avg dnr,max dnr,avg dhr,max dhr
0,TX,Harris County,G4802010,2000-2019,21.36806162137668,37.96749877929688,-2.126999855041504,815.6104279349557,1935.4529197373304,71.88164546914297,15.544751928908841,27.84499962106278,-2.8175471956322204,3.932347507672767,7.756349086761475,185.77876712328768,1020,194.66739000864493,944.87158203125,83.63139269406393,608
