,state,county,gisjoin,year range,avg temp,max temp,min temp,hdd,cdd,avg rh,average dp,max dp,min dp,avg wind speed,max wind speed,avg ghr,max ghr,avg dnr,max dnr,avg dhr,max dhr
0,TX,Harris County,G4802010,2080-2099,24.76275310909299,42.32373428344727,-1.0556704998016355,457.3403317096265,2816.2452165282443,71.2435428325444,18.698269175957783,31.23818363026482,-1.0556705578901688,3.9807520167468344,9.233765602111816,185.77876712328768,1020,186.9797144600268,893.8848876953125,83.63139269406393,608
