,state,county,gisjoin,year range,avg temp,max temp,min temp,hdd,cdd,avg rh,average dp,max dp,min dp,avg wind speed,max wind speed,avg ghr,max ghr,avg dnr,max dnr,avg dhr,max dhr
0,GA,Camden County,G1300390,1980-1999,19.757870014432655,37.01222229003906,-4.885555744171143,973.0386683501956,1505.1612236181682,68.73225887747115,13.28227570501839,24.199657985049715,-4.885555950953892,3.820385808487461,8.124748229980469,189.33447488584474,1027,195.5481694891641,944.4879760742188,80.17579908675799,573
