,state,county,gisjoin,year range,avg temp,max temp,min temp,hdd,cdd,avg rh,average dp,max dp,min dp,avg wind speed,max wind speed,avg ghr,max ghr,avg dnr,max dnr,avg dhr,max dhr
0,MS,Grenada County,G2800430,2000-2019,17.363691958782233,37.79750061035156,-10.692500114440918,1711.6755204955955,1369.923085451207,70.81689094756837,11.291338854127373,25.0629096457488,-10.69250066678896,3.822303010584557,9.071824073791504,190.79714611872146,999,195.50365210731673,957.8782348632812,75.43287671232876,626
