,state,county,gisjoin,year range,avg temp,max temp,min temp,hdd,cdd,avg rh,average dp,max dp,min dp,avg wind speed,max wind speed,avg ghr,max ghr,avg dnr,max dnr,avg dhr,max dhr
0,SC,Georgetown County,G4500430,2040-2059,20.037527428294272,37.86989974975586,-6.286044120788574,1064.1697933155133,1698.367304642893,71.56691072999615,14.148761884382099,27.187387143957555,-6.286044228056343,4.981595259823211,10.56714916229248,191.02237442922373,983,187.57038649440193,924.9315795898438,76.81232876712329,603
