,state,county,gisjoin,year range,avg temp,max temp,min temp,hdd,cdd,avg rh,average dp,max dp,min dp,avg wind speed,max wind speed,avg ghr,max ghr,avg dnr,max dnr,avg dhr,max dhr
0,KY,Russell County,G2102070,2000-2019,14.25913289520317,35.46706008911133,-16.467058181762695,2365.609063317548,890.6925700665084,69.65439417090046,8.045807435560947,21.91871475830673,-16.467057907661125,3.382326073325388,8.754375457763672,164.45856164383562,1000,190.68656002370417,948.5985107421876,77.09246575342466,660
