,state,county,gisjoin,year range,avg temp,max temp,min temp,hdd,cdd,avg rh,average dp,max dp,min dp,avg wind speed,max wind speed,avg ghr,max ghr,avg dnr,max dnr,avg dhr,max dhr
0,KY,Russell County,G2102070,2040-2059,15.916042661657574,36.39398956298828,-10.457514762878418,2026.7376016651624,1156.5931731701621,69.5727624407642,9.654138494881497,23.301459750737,-10.457515332000398,3.236908513362005,7.998610973358154,164.45856164383562,1000,186.29252962229083,936.8001098632812,77.09246575342466,660
