,state,county,gisjoin,year range,avg temp,max temp,min temp,hdd,cdd,avg rh,average dp,max dp,min dp,avg wind speed,max wind speed,avg ghr,max ghr,avg dnr,max dnr,avg dhr,max dhr
0,KY,Russell County,G2102070,2060-2079,16.235400211337538,37.2144775390625,-11.662327766418455,2002.2247474372869,1248.645824575501,70.1323841489069,10.042757483484273,24.9278439381232,-11.66232766465989,3.315653692900318,7.85344123840332,164.45856164383562,1000,185.65691359507704,941.96533203125,77.09246575342466,660
