,state,county,gisjoin,year range,avg temp,max temp,min temp,hdd,cdd,avg rh,average dp,max dp,min dp,avg wind speed,max wind speed,avg ghr,max ghr,avg dnr,max dnr,avg dhr,max dhr
0,MD,Carroll County,G2400130,2040-2059,14.434061011376198,38.16167449951172,-15.233933448791504,2419.2840498367864,1008.2163189888628,71.78561962097203,8.813768214024781,24.447067229510697,-15.233933474792968,4.252958652744555,13.812957763671877,169.90319634703195,987,178.26200800520382,899.501953125,72.49486301369863,480
