,state,county,gisjoin,year range,avg temp,max temp,min temp,hdd,cdd,avg rh,average dp,max dp,min dp,avg wind speed,max wind speed,avg ghr,max ghr,avg dnr,max dnr,avg dhr,max dhr
0,CO,Boulder County,G0800130,2040-2059,13.135832026783673,38.805206298828125,-27.62738609313965,2787.979411639975,903.0581014156818,51.471339916965185,1.984301244067938,18.308650387345548,-27.62738595539528,4.5031002642357185,10.774542808532717,157.74988584474886,1002,209.1307241760528,955.6792602539062,73.9884703196347,672
