,state,county,gisjoin,year range,avg temp,max temp,min temp,hdd,cdd,avg rh,average dp,max dp,min dp,avg wind speed,max wind speed,avg ghr,max ghr,avg dnr,max dnr,avg dhr,max dhr
0,NC,Ashe County,G3700090,2020-2039,12.316217943905473,34.84964370727539,-16.605506896972656,2690.369694204824,506.2892437299304,68.025084039392,5.797114023165005,19.42925644896163,-16.605507451960396,4.159307538973142,9.743647575378418,166.46929223744291,1008,197.2868648828069,974.1531982421876,73.93961187214612,558
