,state,county,gisjoin,year range,avg temp,max temp,min temp,hdd,cdd,avg rh,average dp,max dp,min dp,avg wind speed,max wind speed,avg ghr,max ghr,avg dnr,max dnr,avg dhr,max dhr
0,NC,Ashe County,G3700090,2060-2079,13.176236782814366,33.34874725341797,-13.739465713500977,2519.2938887599216,649.1203144868575,69.69228888733747,7.005711979687916,21.5478357718165,-13.73946766026892,4.360083529393967,12.86720848083496,166.46929223744291,1008,195.12562789560994,968.753173828125,73.93961187214612,558
