,state,county,gisjoin,year range,avg temp,max temp,min temp,hdd,cdd,avg rh,average dp,max dp,min dp,avg wind speed,max wind speed,avg ghr,max ghr,avg dnr,max dnr,avg dhr,max dhr
0,VA,Buena Vista city,G5105300,1980-1999,12.08161877974433,36.380001068115234,-17.421875,2888.343846900034,618.6347015063274,66.92340817124877,5.29795223666193,20.692808588498323,-17.421875804418743,4.232221826461896,11.616426467895508,182.35730593607306,1009,194.87920579251144,952.4915161132812,73.56541095890411,577
