,state,county,gisjoin,year range,avg temp,max temp,min temp,hdd,cdd,avg rh,average dp,max dp,min dp,avg wind speed,max wind speed,avg ghr,max ghr,avg dnr,max dnr,avg dhr,max dhr
0,VA,Buena Vista city,G5105300,2020-2039,13.705097700214065,36.00858688354492,-14.196124076843262,2491.6407895157486,814.5014500936387,67.61625952851283,6.991697824214105,21.82683020458431,-14.196124025329205,4.134815770959201,10.868026733398438,182.35730593607306,1009,192.78142828490581,956.1434326171876,73.56541095890411,577
