,state,county,gisjoin,year range,avg temp,max temp,min temp,hdd,cdd,avg rh,average dp,max dp,min dp,avg wind speed,max wind speed,avg ghr,max ghr,avg dnr,max dnr,avg dhr,max dhr
0,GA,Jefferson County,G1301630,2020-2039,18.877614284509082,40.823856353759766,-7.077248573303223,1281.7960754829885,1492.6252893288818,66.71139452686049,11.737891053821926,23.77346713382676,-7.077249095489222,3.670693576009306,8.752029418945312,193.16130136986303,1021,201.7712864220764,945.60400390625,78.90353881278538,537
