,state,county,gisjoin,year range,avg temp,max temp,min temp,hdd,cdd,avg rh,average dp,max dp,min dp,avg wind speed,max wind speed,avg ghr,max ghr,avg dnr,max dnr,avg dhr,max dhr
0,GA,Jefferson County,G1301630,2040-2059,20.1410887446803,39.32501983642578,-5.618446826934815,1113.4043485677728,1785.4017403760245,68.33432099263962,13.338540509244703,26.21503263964716,-5.6184474395195725,3.618730847149679,9.314316749572754,193.16130136986303,1021,197.1773779531343,970.3707275390624,78.90353881278538,537
