,state,county,gisjoin,year range,avg temp,max temp,min temp,hdd,cdd,avg rh,average dp,max dp,min dp,avg wind speed,max wind speed,avg ghr,max ghr,avg dnr,max dnr,avg dhr,max dhr
0,FL,Pinellas County,G1201030,2000-2019,23.60266822687431,34.7599983215332,-3.176110982894897,323.9325930322312,2259.4064958410795,72.49885407212662,17.955897529947006,28.6812361610066,-3.1761112857984477,3.8580553434210825,9.049580574035645,203.76130136986302,1016,190.11381372128665,918.7335205078124,80.87214611872146,637
