,state,county,gisjoin,year range,avg temp,max temp,min temp,hdd,cdd,avg rh,average dp,max dp,min dp,avg wind speed,max wind speed,avg ghr,max ghr,avg dnr,max dnr,avg dhr,max dhr
0,FL,Pinellas County,G1201030,2020-2039,23.65744590574884,35.12689971923828,0.7351903915405273,306.7111876701406,2262.1789432681903,71.3856550558517,17.777663693649288,27.008262874374832,-0.6907209650679591,3.8508819626890904,8.492959976196289,203.76130136986302,1016,190.10577252801457,915.485595703125,80.87214611872146,637
