,state,county,gisjoin,year range,avg temp,max temp,min temp,hdd,cdd,avg rh,average dp,max dp,min dp,avg wind speed,max wind speed,avg ghr,max ghr,avg dnr,max dnr,avg dhr,max dhr
0,FL,Pinellas County,G1201030,2040-2059,24.74963017159129,37.96895980834961,0.841855525970459,248.9608820269575,2603.075894657432,71.94955241821673,18.96416623297868,28.98342451563093,0.7329261428091874,3.673630758480394,9.29377555847168,203.76130136986302,1016,184.9030536925233,903.94921875,80.87214611872146,637
