,state,county,gisjoin,year range,avg temp,max temp,min temp,hdd,cdd,avg rh,average dp,max dp,min dp,avg wind speed,max wind speed,avg ghr,max ghr,avg dnr,max dnr,avg dhr,max dhr
0,IA,Webster County,G1901870,1980-1999,7.58494300261463,33.27466583251953,-32.27333450317383,4382.452864065458,471.4570600191876,66.52089652438141,0.9823319530214952,22.38004616042587,-32.2733356399748,4.654597997338804,10.522425651550291,161.12568493150684,964,180.071850298909,927.7369995117188,67.82694063926941,572
