,state,county,gisjoin,year range,avg temp,max temp,min temp,hdd,cdd,avg rh,average dp,max dp,min dp,avg wind speed,max wind speed,avg ghr,max ghr,avg dnr,max dnr,avg dhr,max dhr
0,NY,Schoharie County,G3600950,2040-2059,9.826123429413588,35.79805374145508,-24.925403594970703,3649.6493146338366,556.6843663692715,69.9156416067794,3.878081924309971,22.244908653899333,-24.92540385108214,5.354319978821768,14.07327365875244,160.9197488584475,1036,177.49815841326324,914.2446899414062,78.21472602739726,514
