,state,county,gisjoin,year range,avg temp,max temp,min temp,hdd,cdd,avg rh,average dp,max dp,min dp,avg wind speed,max wind speed,avg ghr,max ghr,avg dnr,max dnr,avg dhr,max dhr
0,NE,Wayne County,G3101790,2080-2099,14.541058818194095,41.29207992553711,-19.985219955444336,2743.7537679915126,1371.7402366320987,62.877287938932305,6.560102266399067,27.68107505288093,-19.985219949909563,4.5411663313434545,10.97781467437744,179.12123287671233,987,178.6692654972319,909.8007202148438,67.32694063926941,472
