,state,county,gisjoin,year range,avg temp,max temp,min temp,hdd,cdd,avg rh,average dp,max dp,min dp,avg wind speed,max wind speed,avg ghr,max ghr,avg dnr,max dnr,avg dhr,max dhr
0,AL,St. Clair County,G0101150,2060-2079,19.023198599432018,38.98680877685547,-4.511498928070068,1373.705464208886,1637.6729530015834,70.93439490479422,12.889524372532694,26.32958526219374,-4.511499484075952,3.818202531637122,9.011492729187012,238.67431506849314,1072,193.31633403129487,945.2523193359376,58.77328767123288,466
