,state,county,gisjoin,year range,avg temp,max temp,min temp,hdd,cdd,avg rh,average dp,max dp,min dp,avg wind speed,max wind speed,avg ghr,max ghr,avg dnr,max dnr,avg dhr,max dhr
0,AL,St. Clair County,G0101150,2080-2099,20.912193928659853,41.30974197387695,-6.527296543121338,1105.9852424215276,2059.43602638226,71.52327598088408,14.881740261903104,28.67043933429256,-6.527297089489131,3.7695918354677826,9.901408195495604,238.67431506849314,1072,188.21544035881215,954.3231201171876,58.77328767123288,466
