,state,county,gisjoin,year range,avg temp,max temp,min temp,hdd,cdd,avg rh,average dp,max dp,min dp,avg wind speed,max wind speed,avg ghr,max ghr,avg dnr,max dnr,avg dhr,max dhr
0,LA,Iberia Parish,G2200450,1980-1999,19.84165324924671,34.53388977050781,-2.959444522857666,979.8316579045867,1542.53509387967,73.09739978019505,14.378267195674729,25.57297768251418,-2.9594448617221727,3.4261733829158625,7.471927642822266,183.19634703196348,1011,194.06388681963327,922.2562255859376,82.5642694063927,692
