,state,county,gisjoin,year range,avg temp,max temp,min temp,hdd,cdd,avg rh,average dp,max dp,min dp,avg wind speed,max wind speed,avg ghr,max ghr,avg dnr,max dnr,avg dhr,max dhr
0,LA,Iberia Parish,G2200450,2080-2099,23.917654057369315,39.30539321899414,-0.6598233580589294,521.7248796171087,2572.1686105566246,75.16032829589496,18.809284879438845,30.54804570964045,-0.6598233941031822,3.3731781249176964,7.2992939949035645,183.19634703196348,1011,179.9119537816969,899.8259887695312,82.5642694063927,692
