,state,county,gisjoin,year range,avg temp,max temp,min temp,hdd,cdd,avg rh,average dp,max dp,min dp,avg wind speed,max wind speed,avg ghr,max ghr,avg dnr,max dnr,avg dhr,max dhr
0,GA,Elbert County,G1301050,2040-2059,19.00812354232562,38.683895111083984,-5.996425151824951,1343.5512692730933,1602.0163622219752,67.70748935246577,12.151682753274311,25.4804149920077,-5.996425363965577,3.4307670977561986,7.712458610534668,181.01187214611872,997,192.94347132841852,920.142333984375,75.9068493150685,629
