,state,county,gisjoin,year range,avg temp,max temp,min temp,hdd,cdd,avg rh,average dp,max dp,min dp,avg wind speed,max wind speed,avg ghr,max ghr,avg dnr,max dnr,avg dhr,max dhr
0,MS,Montgomery County,G2800970,2080-2099,20.783871044108118,40.28471755981445,-6.690987586975098,1173.7480897674945,2080.361020866837,70.24852617276858,14.42976062366323,27.894748046909758,-6.690988493433771,3.9227159852034426,9.446891784667969,190.79714611872146,999,189.23467368412526,944.2097778320312,75.4398401826484,626
