,state,county,gisjoin,year range,avg temp,max temp,min temp,hdd,cdd,avg rh,average dp,max dp,min dp,avg wind speed,max wind speed,avg ghr,max ghr,avg dnr,max dnr,avg dhr,max dhr
0,NE,Madison County,G3101190,2020-2039,11.027405619389981,36.96504211425781,-26.26751136779785,3417.1912773266104,762.694328403515,61.280100044812244,2.853157629422814,23.169541866636383,-26.508461768583214,4.888486194855546,10.255749702453612,179.12123287671233,987,186.3403113816947,924.5160522460938,67.32739726027397,472
