,state,county,gisjoin,year range,avg temp,max temp,min temp,hdd,cdd,avg rh,average dp,max dp,min dp,avg wind speed,max wind speed,avg ghr,max ghr,avg dnr,max dnr,avg dhr,max dhr
0,OK,Dewey County,G4000430,1980-1999,14.322344516845567,38.95500183105469,-18.506874084472656,2531.7561471512904,1079.9118957996993,60.881921647563914,5.79231128152673,22.89631530586788,-19.484680194401257,5.154977890617771,11.686665534973145,196.1054794520548,1051,208.03645990917494,971.934326171875,61.95627853881278,602
