,state,county,gisjoin,year range,avg temp,max temp,min temp,hdd,cdd,avg rh,average dp,max dp,min dp,avg wind speed,max wind speed,avg ghr,max ghr,avg dnr,max dnr,avg dhr,max dhr
0,OK,Dewey County,G4000430,2000-2019,15.459292203398128,42.28562545776367,-15.3774995803833,2307.746024748684,1270.887678988848,59.60761613083757,6.59389784152554,24.047183774414712,-16.61335435962256,5.23957070248312,11.534530639648438,196.1054794520548,1051,206.29135653783513,968.5060424804688,61.95627853881278,602
