,state,county,gisjoin,year range,avg temp,max temp,min temp,hdd,cdd,avg rh,average dp,max dp,min dp,avg wind speed,max wind speed,avg ghr,max ghr,avg dnr,max dnr,avg dhr,max dhr
0,OK,Dewey County,G4000430,2040-2059,17.631558045212714,42.550174713134766,-9.527488708496094,1894.6747215097769,1650.69340801233,59.400664737017735,8.515609157905514,25.44406389552142,-12.515655942405772,5.194728754780608,11.045028686523438,196.1054794520548,1051,202.06640353896267,938.0714111328124,61.95627853881278,602
