,state,county,gisjoin,year range,avg temp,max temp,min temp,hdd,cdd,avg rh,average dp,max dp,min dp,avg wind speed,max wind speed,avg ghr,max ghr,avg dnr,max dnr,avg dhr,max dhr
0,OK,Dewey County,G4000430,2080-2099,19.747416787471018,46.75966644287109,-12.41576862335205,1590.7064445188637,2119.013571945648,59.52393949042717,10.545142614795738,27.732055153537612,-12.830145851152633,5.2708360307020685,13.173948287963867,196.1054794520548,1051,199.00570314837523,960.2885131835938,61.95627853881278,602
