,state,county,gisjoin,year range,avg temp,max temp,min temp,hdd,cdd,avg rh,average dp,max dp,min dp,avg wind speed,max wind speed,avg ghr,max ghr,avg dnr,max dnr,avg dhr,max dhr
0,WA,Grays Harbor County,G5300270,2020-2039,10.656147524262696,32.542762756347656,-7.724142074584961,2905.5613671755004,115.55521353085697,73.42886674719858,5.54629680821009,12.91927250424569,-8.147734962968357,4.59682556276452,11.660688400268556,138.9730593607306,942,150.93114106646837,877.8096313476562,69.24691780821918,432
