,state,county,gisjoin,year range,avg temp,max temp,min temp,hdd,cdd,avg rh,average dp,max dp,min dp,avg wind speed,max wind speed,avg ghr,max ghr,avg dnr,max dnr,avg dhr,max dhr
0,OH,Jefferson County,G3900810,2000-2019,11.37074980632318,32.54499816894531,-22.47624969482422,3119.915779317049,590.739458624549,69.75664428227569,5.3356497647872985,21.757897559034653,-22.671603576572856,3.3635126342512156,8.884955406188965,152.82054794520548,982,177.67242070381954,943.3103637695312,75.19760273972602,516
