,state,county,gisjoin,year range,avg temp,max temp,min temp,hdd,cdd,avg rh,average dp,max dp,min dp,avg wind speed,max wind speed,avg ghr,max ghr,avg dnr,max dnr,avg dhr,max dhr
0,OH,Jefferson County,G3900810,2020-2039,11.693639143378277,34.76445388793945,-17.261505126953125,3091.6347088323396,680.3129961649937,70.2589612102944,5.775825545866307,22.93231991892091,-19.08924761835131,3.3717216354526887,9.740400314331056,152.82054794520548,982,177.83313215294345,930.6084594726562,75.19760273972602,516
