,state,county,gisjoin,year range,avg temp,max temp,min temp,hdd,cdd,avg rh,average dp,max dp,min dp,avg wind speed,max wind speed,avg ghr,max ghr,avg dnr,max dnr,avg dhr,max dhr
0,OH,Jefferson County,G3900810,2040-2059,13.344837805319127,37.31270217895508,-11.573745727539062,2649.2630232742736,840.6288222154508,70.78887029565088,7.481023108307094,23.961340176707488,-11.940212629961064,3.3669482647556146,8.750804901123047,152.82054794520548,982,173.39708572126932,916.8075561523438,75.19760273972602,516
