,state,county,gisjoin,year range,avg temp,max temp,min temp,hdd,cdd,avg rh,average dp,max dp,min dp,avg wind speed,max wind speed,avg ghr,max ghr,avg dnr,max dnr,avg dhr,max dhr
0,KY,Caldwell County,G2100330,2080-2099,19.216456371124305,41.95846176147461,-13.448461532592772,1498.960798165008,1833.4673736253214,71.95754736961295,13.398768992219718,30.08362313722183,-13.448462164674991,3.9620952550951203,9.94992733001709,163.6527397260274,1001,177.89436634571166,930.22021484375,79.09452054794521,628
