,state,county,gisjoin,year range,avg temp,max temp,min temp,hdd,cdd,avg rh,average dp,max dp,min dp,avg wind speed,max wind speed,avg ghr,max ghr,avg dnr,max dnr,avg dhr,max dhr
0,SD,Beadle County,G4600050,2000-2019,8.654530946153322,38.01117706298828,-26.602941513061523,4160.217871101942,639.6216664473524,61.41703499092903,0.722495173779082,20.979959598336706,-27.843602908503115,3.5936631026605492,9.31975269317627,170.18299086757992,958,182.238066444182,907.6060180664062,69.37009132420091,567
