,state,county,gisjoin,year range,avg temp,max temp,min temp,hdd,cdd,avg rh,average dp,max dp,min dp,avg wind speed,max wind speed,avg ghr,max ghr,avg dnr,max dnr,avg dhr,max dhr
0,NC,Buncombe County,G3700210,2080-2099,17.28866998903545,37.06100845336914,-7.753885746002197,1662.5288767646055,1293.393422762637,68.4825823966771,10.701023618749163,25.261148162973665,-7.753886435460083,4.687092913775683,11.172697067260742,180.26986301369863,1022,188.13945212838308,949.586669921875,71.97568493150685,527
