,state,county,gisjoin,year range,avg temp,max temp,min temp,hdd,cdd,avg rh,average dp,max dp,min dp,avg wind speed,max wind speed,avg ghr,max ghr,avg dnr,max dnr,avg dhr,max dhr
0,WV,Monroe County,G5400630,2020-2039,12.586503920286546,32.62934494018555,-15.152872085571287,2717.1244503449093,631.6983812491438,67.70611369402985,5.959211447028572,20.758172980167704,-15.537363486006956,4.456567029757043,11.376069068908691,165.1747716894977,1001,190.2572367904626,958.7835083007812,76.48915525114155,650
