,state,county,gisjoin,year range,avg temp,max temp,min temp,hdd,cdd,avg rh,average dp,max dp,min dp,avg wind speed,max wind speed,avg ghr,max ghr,avg dnr,max dnr,avg dhr,max dhr
0,IL,Macoupin County,G1701170,1980-1999,11.536281928119903,34.98428726196289,-21.295713424682617,3169.1895593263184,700.4324630896641,68.48290732788713,5.258243704845251,22.949205806582427,-21.29571486495089,4.361121388562194,9.74691390991211,169.11324200913242,998,184.77511525224745,912.97265625,75.10890410958905,569
