,state,county,gisjoin,year range,avg temp,max temp,min temp,hdd,cdd,avg rh,average dp,max dp,min dp,avg wind speed,max wind speed,avg ghr,max ghr,avg dnr,max dnr,avg dhr,max dhr
0,NY,Orleans County,G3600730,1980-1999,8.966612127882728,33.943572998046875,-19.180713653564453,3807.241003077026,400.5544297536256,69.09899530280126,2.9953085612643386,21.09233146762905,-19.65748209801502,4.42480716166431,12.3337984085083,154.09634703196346,981,172.13702211538234,899.357177734375,74.5953196347032,486
