,state,county,gisjoin,year range,avg temp,max temp,min temp,hdd,cdd,avg rh,average dp,max dp,min dp,avg wind speed,max wind speed,avg ghr,max ghr,avg dnr,max dnr,avg dhr,max dhr
0,NY,Orleans County,G3600730,2080-2099,14.836859093755633,38.10587692260742,-11.307944297790527,2449.028961945585,1184.9825311661448,71.32646034819895,9.112638250032976,26.85068520405043,-11.307944546875492,4.638824140862242,12.712603569030762,154.09634703196346,981,160.7765306766113,877.953125,74.5953196347032,486
