,state,county,gisjoin,year range,avg temp,max temp,min temp,hdd,cdd,avg rh,average dp,max dp,min dp,avg wind speed,max wind speed,avg ghr,max ghr,avg dnr,max dnr,avg dhr,max dhr
0,NM,Torrance County,G3500570,2040-2059,13.43932280070058,37.12791061401367,-21.166757583618164,2611.4718641924005,837.3246864478257,42.727674813902,-1.0245301317237319,13.495609612967517,-21.16675914135664,4.405470376635251,10.051369667053224,226.07305936073058,1088,242.43393601113084,1045.7166748046875,60.843949771689495,564
