,state,county,gisjoin,year range,avg temp,max temp,min temp,hdd,cdd,avg rh,average dp,max dp,min dp,avg wind speed,max wind speed,avg ghr,max ghr,avg dnr,max dnr,avg dhr,max dhr
0,NM,Torrance County,G3500570,2080-2099,15.58893048601899,39.10559844970703,-16.35759162902832,2186.828451658331,1197.2880790552174,42.34224119513002,0.7130531945160096,15.099167338151748,-20.657667060782163,4.439477709221514,10.795920372009276,226.07305936073058,1088,242.36916792580888,1017.480224609375,60.843949771689495,564
