,state,county,gisjoin,year range,avg temp,max temp,min temp,hdd,cdd,avg rh,average dp,max dp,min dp,avg wind speed,max wind speed,avg ghr,max ghr,avg dnr,max dnr,avg dhr,max dhr
0,VA,Williamsburg city,G5108300,2000-2019,15.881106011130743,36.0433349609375,-10.113333702087402,1999.9007603752734,1117.0044544379627,70.90687415567163,9.958444299774834,26.24316494090548,-10.11333403431902,4.699565792736942,11.642426490783691,176.3689497716895,979,181.91428257782175,930.2291870117188,75.70262557077625,623
