,state,county,gisjoin,year range,avg temp,max temp,min temp,hdd,cdd,avg rh,average dp,max dp,min dp,avg wind speed,max wind speed,avg ghr,max ghr,avg dnr,max dnr,avg dhr,max dhr
0,GA,Wilkes County,G1303170,2020-2039,17.958226567438576,38.57651519775391,-8.156208038330078,1462.58318631153,1337.835883426756,67.76234084482063,11.108370907372894,24.203246121952144,-8.39449003779433,3.492518599555917,9.92994213104248,188.32614155251142,1016,197.92376982671612,930.2924194335938,77.41392694063927,525
