,state,county,gisjoin,year range,avg temp,max temp,min temp,hdd,cdd,avg rh,average dp,max dp,min dp,avg wind speed,max wind speed,avg ghr,max ghr,avg dnr,max dnr,avg dhr,max dhr
0,MO,Dent County,G2900650,2060-2079,16.290044390045576,38.58229446411133,-10.870591163635254,2082.163534136422,1348.5297365030444,69.41666426419123,9.91535807413519,25.465001792208543,-11.379079765560272,4.0539878580668205,8.91114616394043,157.5497716894977,989,186.05932257201115,937.759765625,70.44554794520548,657
