,state,county,gisjoin,year range,avg temp,max temp,min temp,hdd,cdd,avg rh,average dp,max dp,min dp,avg wind speed,max wind speed,avg ghr,max ghr,avg dnr,max dnr,avg dhr,max dhr
0,IL,Grundy County,G1700630,2080-2099,15.454383701938282,40.97481918334961,-16.887460708618164,2424.844886737227,1386.1949379444648,71.0943100110581,9.61295974045516,28.41925016655934,-16.887461661418154,4.033138476659174,9.972145080566406,158.52865296803654,956,166.93759238470642,878.3809204101562,72.59726027397261,555
