,state,county,gisjoin,year range,avg temp,max temp,min temp,hdd,cdd,avg rh,average dp,max dp,min dp,avg wind speed,max wind speed,avg ghr,max ghr,avg dnr,max dnr,avg dhr,max dhr
0,WV,Roane County,G5400870,1980-1999,11.285901036361972,36.80866622924805,-24.031333923339844,3183.6215430775815,623.4754213492358,67.84169584409287,4.627318820220984,20.68439716305564,-24.03133633552924,3.310053513637961,9.28966999053955,168.07157534246576,1012,186.21668530627167,953.0284423828124,79.01244292237443,481
