,state,county,gisjoin,year range,avg temp,max temp,min temp,hdd,cdd,avg rh,average dp,max dp,min dp,avg wind speed,max wind speed,avg ghr,max ghr,avg dnr,max dnr,avg dhr,max dhr
0,TX,Tom Green County,G4804510,2000-2019,18.865367163596787,39.571998596191406,-8.012999534606934,1485.368273278953,1691.727287991762,55.714334812556224,8.651322272716932,22.667148193251855,-10.570798948449438,4.503051364081635,9.18718147277832,214.40616438356165,1045,219.9298179026798,987.5261840820312,69.54360730593608,518
