,state,county,gisjoin,year range,avg temp,max temp,min temp,hdd,cdd,avg rh,average dp,max dp,min dp,avg wind speed,max wind speed,avg ghr,max ghr,avg dnr,max dnr,avg dhr,max dhr
0,TX,Tom Green County,G4804510,2080-2099,22.80023191243731,44.870582580566406,-6.454465866088867,930.0525192869355,2572.637167326335,55.43714884688321,12.265756488492535,27.784073686454644,-8.441714202755369,4.665806923010578,8.476311683654785,214.40616438356165,1045,214.8243700684384,967.709228515625,69.54360730593608,518
