,state,county,gisjoin,year range,avg temp,max temp,min temp,hdd,cdd,avg rh,average dp,max dp,min dp,avg wind speed,max wind speed,avg ghr,max ghr,avg dnr,max dnr,avg dhr,max dhr
0,PA,Franklin County,G4200550,2020-2039,12.836859094152919,35.33942031860352,-17.018798828125,2752.5742445937067,758.5278139591677,70.11362158609852,6.8237049006919746,23.859826343568617,-17.189934495295905,3.773635277029586,9.438284873962402,169.90319634703195,987,180.7437194767052,933.999755859375,72.49166666666666,480
