,state,county,gisjoin,year range,avg temp,max temp,min temp,hdd,cdd,avg rh,average dp,max dp,min dp,avg wind speed,max wind speed,avg ghr,max ghr,avg dnr,max dnr,avg dhr,max dhr
0,PA,Franklin County,G4200550,2080-2099,16.436141592371396,40.20793533325195,-9.359169006347656,2070.760437419758,1390.4521186352285,70.2918765819236,10.344054829234597,27.79570291309156,-10.080889889065809,4.03273239462343,12.473987579345703,169.90319634703195,987,173.7511299505659,904.9356689453124,72.49166666666666,480
