,state,county,gisjoin,year range,avg temp,max temp,min temp,hdd,cdd,avg rh,average dp,max dp,min dp,avg wind speed,max wind speed,avg ghr,max ghr,avg dnr,max dnr,avg dhr,max dhr
0,TN,Shelby County,G4701570,2000-2019,17.31427953301475,37.48533248901367,-11.0339994430542,1716.536355418051,1356.748384968526,70.42700586602024,11.206452473606324,24.721839226918537,-11.657078152550405,3.873928777390419,9.192874908447266,187.20479452054795,1007,188.51358895463275,928.2461547851562,76.2675799086758,575
