,state,county,gisjoin,year range,avg temp,max temp,min temp,hdd,cdd,avg rh,average dp,max dp,min dp,avg wind speed,max wind speed,avg ghr,max ghr,avg dnr,max dnr,avg dhr,max dhr
0,TN,Shelby County,G4701570,2040-2059,18.588417876536678,39.56826019287109,-6.989290714263916,1493.6800132841452,1598.9525382200372,71.91992176068972,12.81560811969875,26.75038321250648,-6.989291204687361,3.8944867956992155,10.217390060424805,187.20479452054795,1007,184.703116210803,908.1118774414062,76.2675799086758,575
