,state,county,gisjoin,year range,avg temp,max temp,min temp,hdd,cdd,avg rh,average dp,max dp,min dp,avg wind speed,max wind speed,avg ghr,max ghr,avg dnr,max dnr,avg dhr,max dhr
0,AR,Lawrence County,G0500750,2000-2019,16.338156340116743,41.32769393920898,-9.4515380859375,1992.0433555663587,1275.9704197089654,68.36227376624329,9.704028084333087,23.988740815684952,-9.761683406796324,3.754533575658929,8.387994766235352,178.83219178082192,984,193.8799078739463,953.5396728515624,73.89292237442922,529
