,state,county,gisjoin,year range,avg temp,max temp,min temp,hdd,cdd,avg rh,average dp,max dp,min dp,avg wind speed,max wind speed,avg ghr,max ghr,avg dnr,max dnr,avg dhr,max dhr
0,AR,Lawrence County,G0500750,2020-2039,16.287644196084923,38.30010223388672,-13.962380409240724,1974.0433089395165,1239.5334405105086,69.37276917070014,9.942663351598293,25.65945399973705,-13.96238124421418,3.7020867034180522,8.079737663269043,178.83219178082192,984,193.126075021237,934.3296508789062,73.89292237442922,529
