,state,county,gisjoin,year range,avg temp,max temp,min temp,hdd,cdd,avg rh,average dp,max dp,min dp,avg wind speed,max wind speed,avg ghr,max ghr,avg dnr,max dnr,avg dhr,max dhr
0,AR,Lawrence County,G0500750,2040-2059,18.14079745308827,40.06999969482422,-7.984284400939941,1627.652102792851,1569.5431731700494,69.57149367376006,11.773053447798821,24.93339134385993,-7.984285409121751,3.75467021253011,10.192255020141602,178.83219178082192,984,189.15897010052208,927.4436645507812,73.89292237442922,529
