,state,county,gisjoin,year range,avg temp,max temp,min temp,hdd,cdd,avg rh,average dp,max dp,min dp,avg wind speed,max wind speed,avg ghr,max ghr,avg dnr,max dnr,avg dhr,max dhr
0,AR,Lawrence County,G0500750,2060-2079,18.189425887833732,40.33713912963867,-8.197978973388672,1670.724176728414,1630.3646257876755,69.45982932543646,11.774675334217507,25.81835869090328,-8.197979338678524,3.6894815294709926,7.898955821990967,178.83219178082192,984,186.59897299739313,922.1075439453124,73.89292237442922,529
