,state,county,gisjoin,year range,avg temp,max temp,min temp,hdd,cdd,avg rh,average dp,max dp,min dp,avg wind speed,max wind speed,avg ghr,max ghr,avg dnr,max dnr,avg dhr,max dhr
0,KS,Coffey County,G2000310,1980-1999,12.673509405058974,37.31916809082031,-19.13999938964844,2872.932799587192,819.263732433365,65.41225023694234,5.571804193392838,22.126102405930464,-20.29083544628131,5.115321045705717,10.624034881591797,169.18561643835616,983,190.49212419390724,943.0053100585938,64.45296803652968,662
