,state,county,gisjoin,year range,avg temp,max temp,min temp,hdd,cdd,avg rh,average dp,max dp,min dp,avg wind speed,max wind speed,avg ghr,max ghr,avg dnr,max dnr,avg dhr,max dhr
0,PA,Cumberland County,G4200410,2000-2019,12.323568284208434,36.34857177734375,-12.300714492797852,2905.866685147901,724.4691088835806,68.76568781839659,6.03220424802464,23.39864306480028,-12.75100344165828,3.4656283350840007,9.376760482788086,162.18550228310502,986,178.5486925296311,913.1437377929688,78.03333333333333,529
