,state,county,gisjoin,year range,avg temp,max temp,min temp,hdd,cdd,avg rh,average dp,max dp,min dp,avg wind speed,max wind speed,avg ghr,max ghr,avg dnr,max dnr,avg dhr,max dhr
0,PA,Cumberland County,G4200410,2060-2079,14.545944923645,37.18558120727539,-9.990386962890623,2382.039829807449,1011.8097269376748,70.63324860220087,8.631451246374807,25.556519748674283,-10.55745949456171,3.738653556778006,9.837029457092283,162.18550228310502,986,174.8043140248185,923.95068359375,78.03333333333333,529
