,state,county,gisjoin,year range,avg temp,max temp,min temp,hdd,cdd,avg rh,average dp,max dp,min dp,avg wind speed,max wind speed,avg ghr,max ghr,avg dnr,max dnr,avg dhr,max dhr
0,WV,Webster County,G5401010,1980-1999,9.24199658947461,31.553333282470703,-23.45199966430664,3640.7247117822794,334.5534669399163,70.23798964361077,3.3346597785449164,18.306495084437845,-23.45200019337731,4.531976967968353,11.038190841674805,147.69292237442923,1016,188.62457907215816,985.7361450195312,81.22477168949771,648
