,state,county,gisjoin,year range,avg temp,max temp,min temp,hdd,cdd,avg rh,average dp,max dp,min dp,avg wind speed,max wind speed,avg ghr,max ghr,avg dnr,max dnr,avg dhr,max dhr
0,WV,Webster County,G5401010,2060-2079,12.767050155153452,33.08060836791992,-16.033641815185547,2674.5805111819595,655.0538178126415,71.46814440439825,7.051160155451052,21.660942315938325,-16.0336434439542,5.148955636155115,14.076026916503906,147.69292237442923,1016,178.3914686624669,946.0823974609376,81.22477168949771,648
