,state,county,gisjoin,year range,avg temp,max temp,min temp,hdd,cdd,avg rh,average dp,max dp,min dp,avg wind speed,max wind speed,avg ghr,max ghr,avg dnr,max dnr,avg dhr,max dhr
0,CO,Baca County,G0800090,1980-1999,11.290033511323408,37.73999786376953,-20.33833312988281,3265.608346672369,706.9705783049607,49.109932894902684,-0.6336522086973985,15.902194875179376,-23.29689690439637,4.356627031031264,13.202886581420898,204.29748858447488,1027,222.22966215976203,993.3361206054688,61.78949771689498,456
