,state,county,gisjoin,year range,avg temp,max temp,min temp,hdd,cdd,avg rh,average dp,max dp,min dp,avg wind speed,max wind speed,avg ghr,max ghr,avg dnr,max dnr,avg dhr,max dhr
0,CO,Baca County,G0800090,2020-2039,13.493496409114307,38.31004333496094,-24.35838508605957,2748.9059399454577,994.5321292718817,46.89257768022415,0.6206666643215691,18.494005185513554,-24.71979669169131,4.297253716944559,13.547159194946287,204.29748858447488,1027,222.15304966110585,991.8073120117188,61.78949771689498,456
