,state,county,gisjoin,year range,avg temp,max temp,min temp,hdd,cdd,avg rh,average dp,max dp,min dp,avg wind speed,max wind speed,avg ghr,max ghr,avg dnr,max dnr,avg dhr,max dhr
0,NE,Banner County,G3100070,2020-2039,9.949711839505499,39.48798751831055,-30.353708267211918,3692.221145234868,644.3659666538507,52.23471277402416,-0.871295930362464,16.443864876276024,-30.353708981382287,4.171087408718997,10.904874801635742,185.03070776255709,1008,206.35491640884763,956.3702392578124,64.13835616438357,518
