,state,county,gisjoin,year range,avg temp,max temp,min temp,hdd,cdd,avg rh,average dp,max dp,min dp,avg wind speed,max wind speed,avg ghr,max ghr,avg dnr,max dnr,avg dhr,max dhr
0,NE,Banner County,G3100070,2080-2099,13.88385670266027,41.37897872924805,-16.468210220336914,2754.111399617754,1142.2190960884684,52.29541277428196,2.6976275390101794,20.193280146503945,-18.344697620958165,4.069999212979182,10.703654289245604,185.03070776255709,1008,204.62808553045053,943.7211303710938,64.13835616438357,518
