,state,county,gisjoin,year range,avg temp,max temp,min temp,hdd,cdd,avg rh,average dp,max dp,min dp,avg wind speed,max wind speed,avg ghr,max ghr,avg dnr,max dnr,avg dhr,max dhr
0,CO,Pueblo County,G0801010,2060-2079,15.18729771956845,41.74901580810547,-18.436147689819336,2428.2083290148153,1292.0719966571255,42.48075003253815,0.8762193744440153,19.093700213949,-21.644469614048315,2.874325280306546,6.429616928100586,210.85,1041,219.98917001079965,973.5972290039062,58.945205479452056,484
