,state,county,gisjoin,year range,avg temp,max temp,min temp,hdd,cdd,avg rh,average dp,max dp,min dp,avg wind speed,max wind speed,avg ghr,max ghr,avg dnr,max dnr,avg dhr,max dhr
0,CO,Grand County,G0800490,1980-1999,2.446788655980926,28.203332901000977,-30.754165649414062,5873.899665769987,87.47752520243394,53.710893144672866,-7.374028462519256,8.228148959812033,-30.75416847433307,3.7817702221543823,8.236739158630371,157.74988584474886,1002,235.2519414059923,1081.580322265625,73.99383561643836,672
