,state,county,gisjoin,year range,avg temp,max temp,min temp,hdd,cdd,avg rh,average dp,max dp,min dp,avg wind speed,max wind speed,avg ghr,max ghr,avg dnr,max dnr,avg dhr,max dhr
0,CO,Grand County,G0800490,2000-2019,3.3262490985386943,27.601667404174805,-26.92250061035156,5599.304790084112,133.88571105003155,54.3247040821537,-6.445808575836504,8.331502464969732,-27.67427931137404,3.6836708578344894,8.495625495910645,157.74988584474886,1002,234.9178854734109,1094.4365234375,73.99383561643836,672
