,state,county,gisjoin,year range,avg temp,max temp,min temp,hdd,cdd,avg rh,average dp,max dp,min dp,avg wind speed,max wind speed,avg ghr,max ghr,avg dnr,max dnr,avg dhr,max dhr
0,CO,Grand County,G0800490,2040-2059,5.158406967913427,30.873783111572266,-24.56434440612793,5027.5504501853675,230.8689934730476,55.030523858005054,-4.62694132918178,8.718308399142868,-24.564346171685543,3.6373321376434746,8.26891803741455,157.74988584474886,1002,232.56963668430652,1059.1934814453125,73.99383561643836,672
