,state,county,gisjoin,year range,avg temp,max temp,min temp,hdd,cdd,avg rh,average dp,max dp,min dp,avg wind speed,max wind speed,avg ghr,max ghr,avg dnr,max dnr,avg dhr,max dhr
0,GA,Upson County,G1302930,2060-2079,19.497515547365644,38.055301666259766,-5.079455375671387,1229.63926655731,1666.7324413457688,69.01292715921794,12.91492178630692,25.419933723556262,-5.079455545559287,3.7131135872237757,9.126255989074709,191.99166666666667,1021,197.64021970313124,952.181396484375,78.06267123287671,512
