,state,county,gisjoin,year range,avg temp,max temp,min temp,hdd,cdd,avg rh,average dp,max dp,min dp,avg wind speed,max wind speed,avg ghr,max ghr,avg dnr,max dnr,avg dhr,max dhr
0,NE,Harlan County,G3100830,2080-2099,16.3594964365704,43.81549453735352,-17.522720336914062,2298.4712128503584,1590.1874121983474,57.7067102027266,6.696888765770625,25.822072235823157,-17.627844891127335,3.9834900854385062,9.589296340942385,167.76495433789955,1001,192.06882735370763,930.0330810546876,60.294292237442924,592
