,state,county,gisjoin,year range,avg temp,max temp,min temp,hdd,cdd,avg rh,average dp,max dp,min dp,avg wind speed,max wind speed,avg ghr,max ghr,avg dnr,max dnr,avg dhr,max dhr
0,CO,Prowers County,G0800990,2060-2079,15.036784721046988,42.43258666992188,-14.994290351867676,2563.424365824652,1372.3507890066146,46.117124891553296,1.6491144294530493,20.29918528527832,-19.151953182383615,3.5320880775446217,9.168498039245604,204.29748858447488,1027,215.26171325974738,971.482421875,61.78356164383562,456
