,state,county,gisjoin,year range,avg temp,max temp,min temp,hdd,cdd,avg rh,average dp,max dp,min dp,avg wind speed,max wind speed,avg ghr,max ghr,avg dnr,max dnr,avg dhr,max dhr
0,TX,Montague County,G4803370,2060-2079,20.347211063236795,42.54081344604492,-6.689884662628174,1301.6826591364318,2048.9146972177728,64.26013975753088,12.49666619368145,27.12304839537309,-6.6898848228468895,4.367930515471114,9.136262893676758,189.24052511415525,1009,200.31007888299044,910.590576171875,69.70319634703196,679
