,state,county,gisjoin,year range,avg temp,max temp,min temp,hdd,cdd,avg rh,average dp,max dp,min dp,avg wind speed,max wind speed,avg ghr,max ghr,avg dnr,max dnr,avg dhr,max dhr
0,IA,Humboldt County,G1900910,2060-2079,11.744423382462813,37.3439826965332,-23.25800323486328,3386.7278424601895,993.9423770587199,68.87013866955832,5.579807680542352,26.650087735096136,-23.2580040085554,4.529715009258218,10.286272048950195,161.12568493150684,964,171.66792573753503,888.3097534179688,67.82694063926941,572
