,state,county,gisjoin,year range,avg temp,max temp,min temp,hdd,cdd,avg rh,average dp,max dp,min dp,avg wind speed,max wind speed,avg ghr,max ghr,avg dnr,max dnr,avg dhr,max dhr
0,NC,Madison County,G3701150,2000-2019,13.520031793936571,33.457332611083984,-15.51533317565918,2430.875799607595,686.187404394191,66.53323113733231,6.556631538484729,19.489595865376604,-15.515334535037317,4.018204396976728,10.022802352905272,180.26986301369863,1022,194.3354809494172,961.7517700195312,71.97568493150685,527
