,state,county,gisjoin,year range,avg temp,max temp,min temp,hdd,cdd,avg rh,average dp,max dp,min dp,avg wind speed,max wind speed,avg ghr,max ghr,avg dnr,max dnr,avg dhr,max dhr
0,UT,Iron County,G4900210,2060-2079,12.582591788077684,38.18169021606445,-11.716713905334473,2933.8936412913918,847.0396439393794,50.03814455537491,0.6751286040579798,14.404517462105575,-12.12416013276331,3.2280722594968805,7.307075977325439,215.79360730593606,1070,227.75442583903848,996.9672241210938,59.573287671232876,553
