,state,county,gisjoin,year range,avg temp,max temp,min temp,hdd,cdd,avg rh,average dp,max dp,min dp,avg wind speed,max wind speed,avg ghr,max ghr,avg dnr,max dnr,avg dhr,max dhr
0,NV,Esmeralda County,G3200090,2000-2019,11.183399159118432,36.48882293701172,-17.377647399902344,3250.6261440899866,653.0668371677694,33.16129721593639,-6.275453972588974,8.475460229945805,-21.599549591957377,3.7728785614716953,10.489981651306152,218.32671232876712,1065,239.0086205870346,1031.5408935546875,54.66267123287671,497
