,state,county,gisjoin,year range,avg temp,max temp,min temp,hdd,cdd,avg rh,average dp,max dp,min dp,avg wind speed,max wind speed,avg ghr,max ghr,avg dnr,max dnr,avg dhr,max dhr
0,NV,Esmeralda County,G3200090,2060-2079,13.389138693975017,38.0399055480957,-12.803030014038086,2680.632450576175,888.1680738767456,35.14019856452942,-3.465834294222308,8.93078539033288,-18.054872152931097,3.6811829917098833,9.234904289245604,218.32671232876712,1065,237.29617969181035,1034.5380859375,54.66267123287671,497
