,state,county,gisjoin,year range,avg temp,max temp,min temp,hdd,cdd,avg rh,average dp,max dp,min dp,avg wind speed,max wind speed,avg ghr,max ghr,avg dnr,max dnr,avg dhr,max dhr
0,MT,Ravalli County,G3000810,2020-2039,8.829917381391912,36.039310455322266,-18.53002166748047,3965.860275005011,509.2801192124832,54.38749910054142,-1.4528298295934163,12.855908815306917,-19.13519446955459,4.328563260106735,10.010334968566896,157.51278538812787,969,189.15251804380816,940.75341796875,64.33698630136986,470
