,state,county,gisjoin,year range,avg temp,max temp,min temp,hdd,cdd,avg rh,average dp,max dp,min dp,avg wind speed,max wind speed,avg ghr,max ghr,avg dnr,max dnr,avg dhr,max dhr
0,MT,Madison County,G3000570,2040-2059,9.123491249435697,36.53042221069336,-24.182655334472656,3857.2618794595746,507.8361855030207,57.103770308407476,-0.13871874749373977,14.523739140187391,-24.238746201466498,4.622062336908628,12.155674934387209,212.55011415525115,1048,193.54428353237958,930.6309814453124,59.429680365296804,482
