,state,county,gisjoin,year range,avg temp,max temp,min temp,hdd,cdd,avg rh,average dp,max dp,min dp,avg wind speed,max wind speed,avg ghr,max ghr,avg dnr,max dnr,avg dhr,max dhr
0,MT,Madison County,G3000570,2060-2079,9.997251533757105,38.42695999145508,-21.011306762695312,3632.858342945118,602.3551527659324,55.96265287987173,0.3714111610983502,15.215294677223175,-21.37699981929962,4.4828547409136,12.68214988708496,212.55011415525115,1048,191.81141271171958,950.8722534179688,59.429680365296804,482
