,state,county,gisjoin,year range,avg temp,max temp,min temp,hdd,cdd,avg rh,average dp,max dp,min dp,avg wind speed,max wind speed,avg ghr,max ghr,avg dnr,max dnr,avg dhr,max dhr
0,OH,Vinton County,G3901630,2000-2019,11.981079721326045,37.2164306640625,-22.427143096923828,3000.3034515363674,693.8975498199829,68.56763496551339,5.566906153508112,23.27891015969587,-22.427145228501423,3.393415165927312,8.977006912231445,165.1150684931507,991,182.4911706482142,941.2764282226562,80.5582191780822,679
