,state,county,gisjoin,year range,avg temp,max temp,min temp,hdd,cdd,avg rh,average dp,max dp,min dp,avg wind speed,max wind speed,avg ghr,max ghr,avg dnr,max dnr,avg dhr,max dhr
0,OH,Vinton County,G3901630,2040-2059,14.176135660271047,35.90802383422852,-17.037031173706055,2493.4292682700516,988.2187842687586,69.26704693254271,7.802237701601465,24.18527935305065,-17.037032576364822,3.2912095594079527,7.323289394378662,165.1150684931507,991,180.50508388674024,949.031494140625,80.5582191780822,679
