,state,county,gisjoin,year range,avg temp,max temp,min temp,hdd,cdd,avg rh,average dp,max dp,min dp,avg wind speed,max wind speed,avg ghr,max ghr,avg dnr,max dnr,avg dhr,max dhr
0,OH,Vinton County,G3901630,2080-2099,16.15252079769082,39.51966857910156,-8.868514060974121,2140.537493049262,1356.707584206343,69.7510652283011,9.856432613166696,26.52837402238639,-9.2261938069541,3.3388194556105626,8.48285961151123,165.1150684931507,991,175.186566543837,943.0147705078124,80.5582191780822,679
