,state,county,gisjoin,year range,avg temp,max temp,min temp,hdd,cdd,avg rh,average dp,max dp,min dp,avg wind speed,max wind speed,avg ghr,max ghr,avg dnr,max dnr,avg dhr,max dhr
0,OH,Allen County,G3900030,1980-1999,9.660614295082786,32.416873931884766,-28.859375,3644.5302476686993,491.1544653733726,70.20522620971889,3.8730514352673873,22.478094352429668,-28.859375790771978,4.384262531859689,9.461342811584473,149.3900684931507,968,179.86592348366352,929.7982177734376,72.97260273972603,565
