,state,county,gisjoin,year range,avg temp,max temp,min temp,hdd,cdd,avg rh,average dp,max dp,min dp,avg wind speed,max wind speed,avg ghr,max ghr,avg dnr,max dnr,avg dhr,max dhr
0,PA,Montgomery County,G4200910,2020-2039,13.478360342998315,35.235260009765625,-15.79824447631836,2599.624788444658,839.7263136387384,69.73396111079002,7.3841952162886475,24.46500234068673,-16.16902400153869,4.361757959731638,9.54014015197754,165.2640410958904,969,177.80936273351895,910.9699096679688,75.69954337899543,546
