,state,county,gisjoin,year range,avg temp,max temp,min temp,hdd,cdd,avg rh,average dp,max dp,min dp,avg wind speed,max wind speed,avg ghr,max ghr,avg dnr,max dnr,avg dhr,max dhr
0,IL,Knox County,G1700950,2000-2019,10.899120265503226,35.869998931884766,-24.45833396911621,3407.3493053712464,706.0282022794457,68.56676149150552,4.62513888315374,22.64349555325789,-24.458334713579827,4.3269735754352725,10.106996536254885,168.07956621004567,979,181.91019396673838,910.217041015625,71.69212328767124,593
