,state,county,gisjoin,year range,avg temp,max temp,min temp,hdd,cdd,avg rh,average dp,max dp,min dp,avg wind speed,max wind speed,avg ghr,max ghr,avg dnr,max dnr,avg dhr,max dhr
0,NY,Madison County,G3600530,2000-2019,7.860503602674344,31.0771427154541,-28.09214210510254,4172.1184908659425,361.7023058414416,70.91413067845994,2.2711901023133634,20.56109321929049,-28.09214638002971,3.8952295027367057,8.847404479980469,140.54052511415526,969,174.7923417452835,928.361083984375,69.86792237442923,477
