,state,county,gisjoin,year range,avg temp,max temp,min temp,hdd,cdd,avg rh,average dp,max dp,min dp,avg wind speed,max wind speed,avg ghr,max ghr,avg dnr,max dnr,avg dhr,max dhr
0,NY,Madison County,G3600530,2080-2099,12.227877774814273,35.07340621948242,-15.823912620544434,3024.720850027524,808.3962378343407,72.08497341125523,6.7193677126344005,24.081859643988437,-15.823913225965738,4.139727057169561,12.120723724365234,140.54052511415526,969,166.89321602619913,892.6045532226562,69.86792237442923,477
