,state,county,gisjoin,year range,avg temp,max temp,min temp,hdd,cdd,avg rh,average dp,max dp,min dp,avg wind speed,max wind speed,avg ghr,max ghr,avg dnr,max dnr,avg dhr,max dhr
0,MI,Berrien County,G2600210,2040-2059,12.457739029336999,35.02169418334961,-18.9681339263916,2978.7914211860734,846.3661668936903,71.38530330113625,6.823675213004125,23.70465750769774,-18.968135056806545,4.964919183515523,12.19701099395752,149.7763698630137,971,169.99043327008712,914.2978515625,69.96678082191781,572
