,state,county,gisjoin,year range,avg temp,max temp,min temp,hdd,cdd,avg rh,average dp,max dp,min dp,avg wind speed,max wind speed,avg ghr,max ghr,avg dnr,max dnr,avg dhr,max dhr
0,MI,Berrien County,G2600210,2060-2079,13.176567077592013,37.16260528564453,-13.52273941040039,2826.372901996799,956.3198853175419,71.11856349200418,7.447945492246163,27.173436461326165,-13.582518423683087,4.8154309766477645,10.018206596374512,149.7763698630137,971,168.76506132736694,901.0673217773438,69.96678082191781,572
