,state,county,gisjoin,year range,avg temp,max temp,min temp,hdd,cdd,avg rh,average dp,max dp,min dp,avg wind speed,max wind speed,avg ghr,max ghr,avg dnr,max dnr,avg dhr,max dhr
0,TX,Hartley County,G4802050,2060-2079,16.454188279727564,41.6600227355957,-12.928141593933104,2077.6313092817772,1403.9100313822967,47.83873143054579,3.766856875576953,20.61700993324556,-17.72309250010173,4.792716346157196,10.64771842956543,203.4989726027397,1028,223.04320478274025,978.4838256835938,62.54771689497717,487
