,state,county,gisjoin,year range,avg temp,max temp,min temp,hdd,cdd,avg rh,average dp,max dp,min dp,avg wind speed,max wind speed,avg ghr,max ghr,avg dnr,max dnr,avg dhr,max dhr
0,IL,Sangamon County,G1701670,2080-2099,16.75490096206293,39.39113998413086,-15.61746883392334,2110.271083955975,1546.3099351087894,70.24197827996728,10.629866291999642,27.32032917769528,-15.617469538762023,4.05626961485436,9.26845645904541,173.42808219178082,992,175.51554727524828,896.2297973632812,72.9337899543379,493
