,state,county,gisjoin,year range,avg temp,max temp,min temp,hdd,cdd,avg rh,average dp,max dp,min dp,avg wind speed,max wind speed,avg ghr,max ghr,avg dnr,max dnr,avg dhr,max dhr
0,MO,Sullivan County,G2902110,2040-2059,13.736595168029542,38.808555603027344,-23.35357093811035,2726.9362920833337,1061.2935284138346,67.2288185336274,7.029127843450014,25.070324494814685,-23.35357187553513,4.198338052344649,9.441981315612791,161.17808219178082,971,182.44542732770077,906.6051025390624,69.05867579908676,559
