,state,county,gisjoin,year range,avg temp,max temp,min temp,hdd,cdd,avg rh,average dp,max dp,min dp,avg wind speed,max wind speed,avg ghr,max ghr,avg dnr,max dnr,avg dhr,max dhr
0,MO,Sullivan County,G2902110,2060-2079,14.354547435583344,37.64286422729492,-24.061376571655277,2635.3931995437274,1195.303013531435,69.57259397855088,8.129435268248386,25.69971881280909,-24.370351326189997,4.122513984980649,10.269028663635254,161.17808219178082,971,178.4930119456446,907.5850219726562,69.05867579908676,559
