,state,county,gisjoin,year range,avg temp,max temp,min temp,hdd,cdd,avg rh,average dp,max dp,min dp,avg wind speed,max wind speed,avg ghr,max ghr,avg dnr,max dnr,avg dhr,max dhr
0,NY,Yates County,G3601230,2000-2019,9.61395393758575,36.290000915527344,-23.2053337097168,3667.119761437855,496.71294865609775,68.41344250674662,3.400220977309298,21.860262619620297,-23.205335251624746,4.377621775130703,11.125374794006348,137.06963470319636,968,172.26270708200767,924.5486450195312,71.33173515981736,542
