,state,county,gisjoin,year range,avg temp,max temp,min temp,hdd,cdd,avg rh,average dp,max dp,min dp,avg wind speed,max wind speed,avg ghr,max ghr,avg dnr,max dnr,avg dhr,max dhr
0,KY,McCracken County,G2101450,2080-2099,19.28582359183161,40.27824401855469,-8.266901016235352,1541.1869235998004,1901.0125346182488,71.6348733222648,13.39767179084991,28.2194997377502,-8.761813696508579,3.5977339808663276,8.265639305114746,173.54075342465754,1012,178.83381286789566,902.7801513671876,72.44737442922374,631
