,state,county,gisjoin,year range,avg temp,max temp,min temp,hdd,cdd,avg rh,average dp,max dp,min dp,avg wind speed,max wind speed,avg ghr,max ghr,avg dnr,max dnr,avg dhr,max dhr
0,VA,Fluvanna County,G5100650,1980-1999,13.00729101157264,35.341331481933594,-21.357999801635746,2680.8085926609106,748.9698118846064,66.99250313789332,6.1815760914651365,21.4035387651269,-21.35800096279782,3.589843521542745,10.779834747314451,161.94954337899543,981,191.853198531396,938.3471069335938,75.43447488584475,644
