,state,county,gisjoin,year range,avg temp,max temp,min temp,hdd,cdd,avg rh,average dp,max dp,min dp,avg wind speed,max wind speed,avg ghr,max ghr,avg dnr,max dnr,avg dhr,max dhr
0,VA,Fluvanna County,G5100650,2080-2099,18.37898490224039,40.5037727355957,-8.31721019744873,1642.1419890332052,1670.971478350886,69.24846789956638,11.890105576255813,26.7495426728878,-8.317211042300418,3.6574338664747263,9.649473190307615,161.94954337899543,981,181.07551382191647,922.8885498046876,75.43447488584475,644
