,state,county,gisjoin,year range,avg temp,max temp,min temp,hdd,cdd,avg rh,average dp,max dp,min dp,avg wind speed,max wind speed,avg ghr,max ghr,avg dnr,max dnr,avg dhr,max dhr
0,IL,Woodford County,G1702030,2000-2019,10.932350921969906,36.69643020629883,-23.551427841186523,3406.897912506193,717.7059990247476,68.92776899838556,4.719539536779873,23.57746150702571,-23.55142842816625,4.322852295256096,10.843231201171877,170.1675799086758,984,183.79854184623034,924.2398071289062,73.05022831050228,514
