,state,county,gisjoin,year range,avg temp,max temp,min temp,hdd,cdd,avg rh,average dp,max dp,min dp,avg wind speed,max wind speed,avg ghr,max ghr,avg dnr,max dnr,avg dhr,max dhr
0,AR,Prairie County,G0501170,1980-1999,15.826283168441778,34.95100021362305,-16.042499542236328,2018.9022958129888,1115.995652294227,70.37767838081812,9.808492359366264,23.32531214018435,-16.042500197752265,3.536106325828866,9.06285572052002,189.9804794520548,971,194.6094857907205,920.9935913085938,73.95593607305936,613
