,state,county,gisjoin,year range,avg temp,max temp,min temp,hdd,cdd,avg rh,average dp,max dp,min dp,avg wind speed,max wind speed,avg ghr,max ghr,avg dnr,max dnr,avg dhr,max dhr
0,AR,Prairie County,G0501170,2020-2039,17.28904942126597,37.90419006347656,-10.731130599975586,1736.221920547825,1367.2249593099734,71.45660825951458,11.450230397524,24.17551776035528,-10.73113095187931,3.541315997871634,7.730583667755127,189.9804794520548,971,189.90659429386224,918.8709106445312,73.95593607305936,613
