,state,county,gisjoin,year range,avg temp,max temp,min temp,hdd,cdd,avg rh,average dp,max dp,min dp,avg wind speed,max wind speed,avg ghr,max ghr,avg dnr,max dnr,avg dhr,max dhr
0,TX,Terry County,G4804450,2000-2019,16.430085219430566,40.961875915527344,-14.26187515258789,1980.0468024542654,1297.5279075464439,49.29204301485732,4.413052806147425,20.24382326011052,-16.143647631298478,4.188143020160666,8.57186508178711,210.74920091324202,1043,226.20899354649893,998.555908203125,65.40570776255707,643
