,state,county,gisjoin,year range,avg temp,max temp,min temp,hdd,cdd,avg rh,average dp,max dp,min dp,avg wind speed,max wind speed,avg ghr,max ghr,avg dnr,max dnr,avg dhr,max dhr
0,VA,Richmond city,G5107600,2060-2079,17.597369922812895,38.96412658691406,-8.675274848937988,1689.1872536878975,1432.7272755146248,68.66341556131023,11.022076354645547,26.25707266536091,-8.675275482677199,3.8588403388245465,10.44277572631836,177.37933789954337,997,183.01104035644804,940.7694091796876,76.71689497716895,520
