,state,county,gisjoin,year range,avg temp,max temp,min temp,hdd,cdd,avg rh,average dp,max dp,min dp,avg wind speed,max wind speed,avg ghr,max ghr,avg dnr,max dnr,avg dhr,max dhr
0,TX,Swisher County,G4804370,2000-2019,14.833345048953369,38.86687469482422,-15.370624542236328,2360.3360437344013,1095.0069866022143,50.64110634392255,3.3073150442588073,18.859310674430308,-17.670290842056943,4.530530401043696,8.784303665161133,210.44908675799087,1029,221.95638534252555,981.7611694335938,64.29463470319635,496
