,state,county,gisjoin,year range,avg temp,max temp,min temp,hdd,cdd,avg rh,average dp,max dp,min dp,avg wind speed,max wind speed,avg ghr,max ghr,avg dnr,max dnr,avg dhr,max dhr
0,TX,Swisher County,G4804370,2080-2099,19.20498954427017,43.2840576171875,-8.781194686889648,1564.5523889769963,1894.873572635521,50.94846559899038,7.286138463570713,22.68554854834628,-19.269134517924645,4.479108356898778,10.16716480255127,210.44908675799087,1029,217.53371639119663,978.8717651367188,64.29463470319635,496
