,state,county,gisjoin,year range,avg temp,max temp,min temp,hdd,cdd,avg rh,average dp,max dp,min dp,avg wind speed,max wind speed,avg ghr,max ghr,avg dnr,max dnr,avg dhr,max dhr
0,TX,Williamson County,G4804910,2020-2039,20.597259335017647,39.37449264526367,-3.380554676055908,993.6762683706758,1832.1759256520481,64.95116906862825,13.025396618346983,25.181613369338454,-3.576711386271524,4.178650019756735,8.88929271697998,203.1511415525114,1036,206.0408079204513,947.3390502929688,72.00993150684931,585
