,state,county,gisjoin,year range,avg temp,max temp,min temp,hdd,cdd,avg rh,average dp,max dp,min dp,avg wind speed,max wind speed,avg ghr,max ghr,avg dnr,max dnr,avg dhr,max dhr
0,TX,Williamson County,G4804910,2060-2079,22.364937221589308,40.75593948364258,-5.372992992401123,828.5356385035255,2312.237724383438,64.71382128702452,14.604373025003861,25.932319180278828,-6.1452956202927895,4.248724790808817,7.556612014770508,203.1511415525114,1036,203.44925563607916,922.1998901367188,72.00993150684931,585
