,state,county,gisjoin,year range,avg temp,max temp,min temp,hdd,cdd,avg rh,average dp,max dp,min dp,avg wind speed,max wind speed,avg ghr,max ghr,avg dnr,max dnr,avg dhr,max dhr
0,TN,Marion County,G4701150,2020-2039,15.096556297141515,34.9118766784668,-14.79010772705078,2069.153968577321,899.8970170339554,71.917025587439,9.469179638406018,22.69011209616385,-14.79010870896499,4.24331038426863,9.925996780395508,178.75011415525114,1021,191.40787309642363,935.1889038085938,76.31552511415525,548
