,state,county,gisjoin,year range,avg temp,max temp,min temp,hdd,cdd,avg rh,average dp,max dp,min dp,avg wind speed,max wind speed,avg ghr,max ghr,avg dnr,max dnr,avg dhr,max dhr
0,IA,Carroll County,G1900270,1980-1999,7.710152990547791,33.15187454223633,-31.60375022888184,4339.026672545977,473.7325140953187,65.965485185793,0.960011928472251,21.366357602496493,-31.60374964614505,4.783288040879655,10.427897453308104,158.7288812785388,969,183.05966874216318,923.965576171875,65.17910958904109,514
