,state,county,gisjoin,year range,avg temp,max temp,min temp,hdd,cdd,avg rh,average dp,max dp,min dp,avg wind speed,max wind speed,avg ghr,max ghr,avg dnr,max dnr,avg dhr,max dhr
0,IA,Carroll County,G1900270,2000-2019,9.65281318483585,35.18937683105469,-22.292499542236328,3822.0430076692955,665.8198201338776,65.38397045897567,2.6511054252757007,22.59966914573384,-22.89510441214748,4.6645356919667496,9.399577140808104,158.7288812785388,969,180.3948778658644,925.9203491210938,65.17910958904109,514
