,state,county,gisjoin,year range,avg temp,max temp,min temp,hdd,cdd,avg rh,average dp,max dp,min dp,avg wind speed,max wind speed,avg ghr,max ghr,avg dnr,max dnr,avg dhr,max dhr
0,IA,Carroll County,G1900270,2040-2059,12.132542728656663,36.62767028808594,-22.433460235595703,3183.5018421822647,932.3799381415555,66.74708398749294,5.334480723910445,25.595423061174543,-23.696318679527067,4.618993201484419,9.340818405151367,158.7288812785388,969,177.93927273805383,910.9994506835938,65.17910958904109,514
