,state,county,gisjoin,year range,avg temp,max temp,min temp,hdd,cdd,avg rh,average dp,max dp,min dp,avg wind speed,max wind speed,avg ghr,max ghr,avg dnr,max dnr,avg dhr,max dhr
0,IA,Carroll County,G1900270,2060-2079,12.568280403666908,36.732521057128906,-22.90106964111328,3115.4296919991525,1023.3520393372164,67.88877267924617,6.051039988501603,26.07023169563701,-22.90107103199972,4.715600341640107,11.175432205200195,158.7288812785388,969,176.12908965491988,916.86474609375,65.17910958904109,514
