,state,county,gisjoin,year range,avg temp,max temp,min temp,hdd,cdd,avg rh,average dp,max dp,min dp,avg wind speed,max wind speed,avg ghr,max ghr,avg dnr,max dnr,avg dhr,max dhr
0,IA,Carroll County,G1900270,2080-2099,14.206096988182928,40.78545379638672,-18.81241226196289,2788.844543123081,1294.569943809577,66.04968893277591,7.161793819534294,27.641850282897074,-18.812413267949257,4.500097354144266,9.90621852874756,158.7288812785388,969,172.34981757210397,905.0424194335938,65.17910958904109,514
