,state,county,gisjoin,year range,avg temp,max temp,min temp,hdd,cdd,avg rh,average dp,max dp,min dp,avg wind speed,max wind speed,avg ghr,max ghr,avg dnr,max dnr,avg dhr,max dhr
0,GA,Calhoun County,G1300370,2000-2019,19.54722585486645,37.50470733642578,-6.245294094085693,1170.5850720876165,1625.8225091138786,68.12878001139045,12.722020042329694,26.155664462510533,-6.245294556779024,3.420327724781755,8.391724586486816,195.40970319634704,997,202.6589304710359,940.9291381835938,80.53070776255707,631
