,state,county,gisjoin,year range,avg temp,max temp,min temp,hdd,cdd,avg rh,average dp,max dp,min dp,avg wind speed,max wind speed,avg ghr,max ghr,avg dnr,max dnr,avg dhr,max dhr
0,GA,Calhoun County,G1300370,2060-2079,21.14196146783168,40.46804428100586,-5.001502990722656,921.2756098549876,1958.5915456134362,69.33318209082024,14.55212254546035,25.664494943533185,-5.001503391691346,3.758888811893659,7.794114589691162,195.40970319634704,997,198.5299325237932,927.3695068359376,80.53070776255707,631
