,state,county,gisjoin,year range,avg temp,max temp,min temp,hdd,cdd,avg rh,average dp,max dp,min dp,avg wind speed,max wind speed,avg ghr,max ghr,avg dnr,max dnr,avg dhr,max dhr
0,KY,Perry County,G2101930,2040-2059,15.125056961972264,35.28123474121094,-12.939143180847168,2192.812624770066,1033.9584158898072,69.54766410975695,8.820011013328342,23.242257642302267,-13.071504157890052,3.7702113279741103,9.123943328857422,167.09063926940638,986,185.44252235059676,944.6161499023438,74.89394977168949,524
