,state,county,gisjoin,year range,avg temp,max temp,min temp,hdd,cdd,avg rh,average dp,max dp,min dp,avg wind speed,max wind speed,avg ghr,max ghr,avg dnr,max dnr,avg dhr,max dhr
0,NC,Martin County,G3701170,2080-2099,20.513692625370577,39.35907745361328,-6.570499897003174,1172.3556255711978,1980.3534338313575,70.9928796565696,14.43356294958719,28.72548955261995,-6.570500423102476,3.7876890659332276,10.077775955200195,184.1552511415525,994,178.2130662184541,908.4017333984376,74.81232876712329,547
