,state,county,gisjoin,year range,avg temp,max temp,min temp,hdd,cdd,avg rh,average dp,max dp,min dp,avg wind speed,max wind speed,avg ghr,max ghr,avg dnr,max dnr,avg dhr,max dhr
0,VA,Mathews County,G5101150,1980-1999,14.513882915407866,35.493125915527344,-15.366250038146973,2208.0000902852444,826.0673544089537,70.14251291327281,8.550094011294343,24.71097438978556,-15.366250107727144,4.707751225771969,11.08481788635254,176.3689497716895,979,183.01771962477565,916.5354614257812,75.7033105022831,623
