,state,county,gisjoin,year range,avg temp,max temp,min temp,hdd,cdd,avg rh,average dp,max dp,min dp,avg wind speed,max wind speed,avg ghr,max ghr,avg dnr,max dnr,avg dhr,max dhr
0,VA,Mathews County,G5101150,2000-2019,15.602119786831732,35.171875,-11.08625030517578,2021.3317980708416,1036.6055202643754,71.10231429822913,9.816826684286255,25.28941743814364,-11.086250720230383,4.774414039637945,12.55689811706543,176.3689497716895,979,179.52997247611165,907.5887451171876,75.7033105022831,623
