,state,county,gisjoin,year range,avg temp,max temp,min temp,hdd,cdd,avg rh,average dp,max dp,min dp,avg wind speed,max wind speed,avg ghr,max ghr,avg dnr,max dnr,avg dhr,max dhr
0,VA,Mathews County,G5101150,2060-2079,17.57047650881014,37.691856384277344,-7.343884468078613,1647.551871810316,1381.2757975261009,71.38722391041446,11.820022364743712,27.813883183887768,-7.465443932729952,4.816937015807792,12.886550903320312,176.3689497716895,979,175.73988287756114,918.5155029296876,75.7033105022831,623
