,state,county,gisjoin,year range,avg temp,max temp,min temp,hdd,cdd,avg rh,average dp,max dp,min dp,avg wind speed,max wind speed,avg ghr,max ghr,avg dnr,max dnr,avg dhr,max dhr
0,IN,Jasper County,G1800730,2000-2019,10.992089663557515,37.28071212768555,-19.90785789489746,3315.067125255882,647.6798524539005,68.90186906492329,4.810789045566634,24.330399255856904,-19.907858018687683,3.9928810066556277,10.059375762939451,148.77728310502283,955,178.87951359571346,923.2224731445312,72.89657534246575,606
