,state,county,gisjoin,year range,avg temp,max temp,min temp,hdd,cdd,avg rh,average dp,max dp,min dp,avg wind speed,max wind speed,avg ghr,max ghr,avg dnr,max dnr,avg dhr,max dhr
0,NE,Sioux County,G3101650,1980-1999,7.982200843499466,38.90789413452149,-25.34894752502441,4194.734812011622,428.73811988831244,49.16882721202014,-3.5954440714195157,15.711720243683624,-31.042958193272813,3.6987530189289894,9.662999153137209,185.03070776255709,1008,210.20330054882635,968.3143310546876,64.10981735159817,518
