,state,county,gisjoin,year range,avg temp,max temp,min temp,hdd,cdd,avg rh,average dp,max dp,min dp,avg wind speed,max wind speed,avg ghr,max ghr,avg dnr,max dnr,avg dhr,max dhr
0,WV,Ritchie County,G5400850,2080-2099,16.518213669992623,39.44475936889648,-9.214086532592772,2007.4825707237223,1357.130560271026,69.36042460502554,10.041981211985062,26.14565175421387,-9.214087236948355,3.505958855478731,7.873387336730957,144.5626712328767,1001,176.66661667677158,941.5170288085938,76.59303652968036,655
