,state,county,gisjoin,year range,avg temp,max temp,min temp,hdd,cdd,avg rh,average dp,max dp,min dp,avg wind speed,max wind speed,avg ghr,max ghr,avg dnr,max dnr,avg dhr,max dhr
0,ID,Fremont County,G1600430,2060-2079,8.455890922899068,35.17558288574219,-28.165401458740234,4118.819609180143,525.7197960376907,55.924412886954876,-1.3999192929612674,12.788731334920426,-28.16540339121564,3.422245192527771,7.625182151794434,184.7304794520548,1024,205.40907637920347,951.48876953125,59.16860730593607,517
