,state,county,gisjoin,year range,avg temp,max temp,min temp,hdd,cdd,avg rh,average dp,max dp,min dp,avg wind speed,max wind speed,avg ghr,max ghr,avg dnr,max dnr,avg dhr,max dhr
0,ID,Fremont County,G1600430,2080-2099,10.361158478928537,38.219669342041016,-23.247438430786133,3624.6985399871387,727.0213847955357,56.730985604138134,0.47359595071042104,14.07755236149721,-24.498613126546964,3.456632413929456,8.451833724975586,184.7304794520548,1024,202.58289242573795,961.3092651367188,59.16860730593607,517
