,state,county,gisjoin,year range,avg temp,max temp,min temp,hdd,cdd,avg rh,average dp,max dp,min dp,avg wind speed,max wind speed,avg ghr,max ghr,avg dnr,max dnr,avg dhr,max dhr
0,TX,Kimble County,G4802670,2020-2039,19.734330071930742,39.06740951538086,-10.889870643615724,1216.94820742351,1740.478683678206,56.096313041639114,9.574445671557566,22.84806604849469,-12.282666171725827,4.8533005758643695,9.411511421203612,214.40616438356165,1045,221.74796048227495,987.1771850585938,69.54474885844749,518
