,state,county,gisjoin,year range,avg temp,max temp,min temp,hdd,cdd,avg rh,average dp,max dp,min dp,avg wind speed,max wind speed,avg ghr,max ghr,avg dnr,max dnr,avg dhr,max dhr
0,TX,Kimble County,G4802670,2080-2099,22.621451710244017,43.17232131958008,-7.13035774230957,916.0726941806557,2493.402568419512,56.161482127289794,12.329061843399192,27.91041978144329,-9.315982833890947,4.933203208147119,8.820191383361816,214.40616438356165,1045,217.5313988287741,989.79248046875,69.54474885844749,518
