,state,county,gisjoin,year range,avg temp,max temp,min temp,hdd,cdd,avg rh,average dp,max dp,min dp,avg wind speed,max wind speed,avg ghr,max ghr,avg dnr,max dnr,avg dhr,max dhr
0,TX,Dallas County,G4801130,1980-1999,18.26143338180087,39.56449890136719,-6.60099983215332,1476.2507771071798,1462.1739614645655,67.98546848188252,11.54707568973901,24.03918370162348,-6.601000467333039,3.9516713673121306,8.327546119689941,197.44109589041096,1003,198.94955545951223,935.477294921875,69.8148401826484,560
