,state,county,gisjoin,year range,avg temp,max temp,min temp,hdd,cdd,avg rh,average dp,max dp,min dp,avg wind speed,max wind speed,avg ghr,max ghr,avg dnr,max dnr,avg dhr,max dhr
0,TX,Dallas County,G4801130,2000-2019,19.225861407115023,39.67850112915039,-11.831500053405762,1394.9890697142691,1732.9284833112313,66.82027513382097,12.151645531895472,25.84600201248788,-11.831500523287264,4.076028769310207,8.317533493041992,197.44109589041096,1003,197.27179656731113,947.1160888671876,69.8148401826484,560
