,state,county,gisjoin,year range,avg temp,max temp,min temp,hdd,cdd,avg rh,average dp,max dp,min dp,avg wind speed,max wind speed,avg ghr,max ghr,avg dnr,max dnr,avg dhr,max dhr
0,TX,Dallas County,G4801130,2020-2039,19.935360090803783,40.109031677246094,-11.473761558532717,1222.0404413479098,1818.9468744912363,67.71685563374872,13.120521951634625,25.913073246506585,-11.781158685404316,4.051307862262203,8.26668643951416,197.44109589041096,1003,196.66544379648246,933.010498046875,69.8148401826484,560
