,state,county,gisjoin,year range,avg temp,max temp,min temp,hdd,cdd,avg rh,average dp,max dp,min dp,avg wind speed,max wind speed,avg ghr,max ghr,avg dnr,max dnr,avg dhr,max dhr
0,OH,Brown County,G3900150,1980-1999,11.295998087800513,35.580623626708984,-22.30437469482422,3189.3973684791617,632.9366705258994,69.22862558364868,5.106369781304258,20.337141729801083,-22.760807974436755,4.251653363239275,9.790496826171877,154.52865296803654,985,183.85687943978078,928.20751953125,75.48173515981735,596
