,state,county,gisjoin,year range,avg temp,max temp,min temp,hdd,cdd,avg rh,average dp,max dp,min dp,avg wind speed,max wind speed,avg ghr,max ghr,avg dnr,max dnr,avg dhr,max dhr
0,OH,Shelby County,G3901490,2040-2059,13.39172620769985,38.37508773803711,-13.881429672241213,2759.1768273002076,967.6568931103316,69.88508750358129,7.348814780191814,24.87707319584232,-14.38246541770888,3.746425259820947,8.471426963806152,162.5189497716895,990,175.84129659854628,927.1343383789062,77.84440639269407,498
