,state,county,gisjoin,year range,avg temp,max temp,min temp,hdd,cdd,avg rh,average dp,max dp,min dp,avg wind speed,max wind speed,avg ghr,max ghr,avg dnr,max dnr,avg dhr,max dhr
0,VA,Pittsylvania County,G5101430,2020-2039,15.04761171884162,35.82658386230469,-11.931702613830566,2131.589582924269,944.467860301396,67.27034844829612,8.153351061491318,22.009249135214883,-11.931703293707738,3.336525124229797,7.158470153808594,163.42043378995433,991,192.1469891477557,953.7598266601562,76.73184931506849,633
