,state,county,gisjoin,year range,avg temp,max temp,min temp,hdd,cdd,avg rh,average dp,max dp,min dp,avg wind speed,max wind speed,avg ghr,max ghr,avg dnr,max dnr,avg dhr,max dhr
0,OH,Belmont County,G3900130,1980-1999,10.119658992898579,34.20333480834961,-22.62733268737793,3499.312969793005,513.4885022004636,69.83429775891238,4.1125331671309615,20.92417399080033,-22.62733560307576,4.223232431281103,9.936663627624512,152.82054794520548,982,182.6695164520008,946.8287963867188,75.19760273972602,516
