,state,county,gisjoin,year range,avg temp,max temp,min temp,hdd,cdd,avg rh,average dp,max dp,min dp,avg wind speed,max wind speed,avg ghr,max ghr,avg dnr,max dnr,avg dhr,max dhr
0,OH,Belmont County,G3900130,2000-2019,11.377448124443521,33.58266830444336,-16.512666702270508,3139.9210131912496,613.189578612675,70.3134112253581,5.494447758696891,21.89011891981741,-16.666812143855065,4.209515344280086,10.881299018859863,152.82054794520548,982,178.66889851944595,941.6079711914062,75.19760273972602,516
