,state,county,gisjoin,year range,avg temp,max temp,min temp,hdd,cdd,avg rh,average dp,max dp,min dp,avg wind speed,max wind speed,avg ghr,max ghr,avg dnr,max dnr,avg dhr,max dhr
0,OH,Belmont County,G3900130,2060-2079,13.783911523468472,34.21394729614258,-11.11888599395752,2569.7492297978183,921.3769358635517,71.33266697670227,8.02240558776029,23.819924937378843,-11.256552307526752,4.345459308036387,11.501644134521484,152.82054794520548,982,175.01436462700863,932.8952026367188,75.19760273972602,516
