,state,county,gisjoin,year range,avg temp,max temp,min temp,hdd,cdd,avg rh,average dp,max dp,min dp,avg wind speed,max wind speed,avg ghr,max ghr,avg dnr,max dnr,avg dhr,max dhr
0,TX,Erath County,G4801430,2020-2039,18.920803287212436,39.72651290893555,-7.975274562835693,1414.745875081041,1641.3390749135917,64.22887488913862,11.112681851675383,24.200056225744294,-8.281932931814934,4.405222848996724,9.508492469787598,195.66723744292239,1025,209.7119034481217,949.1722412109376,70.31438356164384,612
