,state,county,gisjoin,year range,avg temp,max temp,min temp,hdd,cdd,avg rh,average dp,max dp,min dp,avg wind speed,max wind speed,avg ghr,max ghr,avg dnr,max dnr,avg dhr,max dhr
0,TX,Erath County,G4801430,2060-2079,20.82352985905661,41.48072814941406,-6.464149475097656,1149.1548295777873,2070.2432281333404,61.59802935482705,12.239315192486771,25.24901087835927,-6.8595759073879305,4.502952554617843,9.303160667419434,195.66723744292239,1025,206.72008969770454,954.2078857421876,70.31438356164384,612
