,state,county,gisjoin,year range,avg temp,max temp,min temp,hdd,cdd,avg rh,average dp,max dp,min dp,avg wind speed,max wind speed,avg ghr,max ghr,avg dnr,max dnr,avg dhr,max dhr
0,LA,Cameron Parish,G2200230,1980-1999,20.257951820298995,34.900001525878906,-5.368124961853027,910.6286271176012,1625.2810415267297,73.10869256851336,14.802161115205013,25.986652546912303,-5.368124925686048,3.0660781239810055,7.325667381286621,189.24406392694064,1023,191.49618808550963,943.83447265625,85.51198630136986,581
