,state,county,gisjoin,year range,avg temp,max temp,min temp,hdd,cdd,avg rh,average dp,max dp,min dp,avg wind speed,max wind speed,avg ghr,max ghr,avg dnr,max dnr,avg dhr,max dhr
0,ND,Slope County,G3800870,2020-2039,7.4710366840401745,38.71490478515625,-34.08342361450195,4500.322985190555,547.7513748645963,53.65385111140334,-2.546184176122186,17.407208131467304,-34.28245513143196,4.439743077333115,9.516125679016112,165.67442922374428,961,185.10481124687254,917.888671875,62.54109589041096,529
