,state,county,gisjoin,year range,avg temp,max temp,min temp,hdd,cdd,avg rh,average dp,max dp,min dp,avg wind speed,max wind speed,avg ghr,max ghr,avg dnr,max dnr,avg dhr,max dhr
0,OH,Stark County,G3901510,2040-2059,12.807092149758194,38.4227180480957,-15.461114883422852,2806.987553744028,802.0761884053982,70.4946704337586,6.910631431311388,23.922301730553738,-15.46111733147806,4.59491750279518,10.104866027832031,153.82751141552512,1000,173.61549150006803,920.9078369140624,81.43219178082192,531
