,state,county,gisjoin,year range,avg temp,max temp,min temp,hdd,cdd,avg rh,average dp,max dp,min dp,avg wind speed,max wind speed,avg ghr,max ghr,avg dnr,max dnr,avg dhr,max dhr
0,PA,Bradford County,G4200150,2040-2059,11.44256544402826,37.51271438598633,-21.097564697265625,3192.503322371023,689.5397094409053,68.79533913342375,5.135899625269473,22.26700000514485,-21.09756596236384,5.162351851593958,12.648253440856934,137.06963470319636,968,176.2055081842042,905.0527954101562,71.33173515981736,542
