,state,county,gisjoin,year range,avg temp,max temp,min temp,hdd,cdd,avg rh,average dp,max dp,min dp,avg wind speed,max wind speed,avg ghr,max ghr,avg dnr,max dnr,avg dhr,max dhr
0,IN,Clark County,G1800190,2060-2079,16.75111637777164,37.95652770996094,-12.07303237915039,1958.683624045954,1393.341101932577,71.5389884206258,10.883826541754448,27.07323147810076,-12.073032509162813,3.636543883648637,9.742488861083984,153.51255707762556,995,176.3318498604964,909.8577270507812,75.63127853881278,626
