,state,county,gisjoin,year range,avg temp,max temp,min temp,hdd,cdd,avg rh,average dp,max dp,min dp,avg wind speed,max wind speed,avg ghr,max ghr,avg dnr,max dnr,avg dhr,max dhr
0,FL,Wakulla County,G1201290,2000-2019,20.671233928181042,36.99117660522461,-7.574706077575684,915.4989174884745,1780.999301274489,70.08196240668971,14.340245756684304,25.265134943378207,-7.574706528646577,3.1883748750572334,10.000797271728516,190.99440639269406,1046,199.1270013690382,943.6558837890624,78.32100456621005,514
