,state,county,gisjoin,year range,avg temp,max temp,min temp,hdd,cdd,avg rh,average dp,max dp,min dp,avg wind speed,max wind speed,avg ghr,max ghr,avg dnr,max dnr,avg dhr,max dhr
0,FL,Wakulla County,G1201290,2060-2079,22.248736988920633,37.56105422973633,-6.387308597564697,679.2754369101445,2120.564437865993,70.85397791514113,16.05219059573996,27.39367711398781,-6.387309107028239,3.416727892829947,7.755006313323975,190.99440639269406,1046,195.61322275617303,920.83349609375,78.32100456621005,514
