,state,county,gisjoin,year range,avg temp,max temp,min temp,hdd,cdd,avg rh,average dp,max dp,min dp,avg wind speed,max wind speed,avg ghr,max ghr,avg dnr,max dnr,avg dhr,max dhr
0,NY,Tioga County,G3601070,2020-2039,9.878788190439383,34.53472137451172,-21.08959007263184,3596.1057068804653,522.3633963902981,68.3243138169589,3.5246496482321383,20.788580088120984,-21.08959165174056,4.2530044100055955,10.477028846740724,152.91495433789953,982,177.17033010020637,932.166015625,76.60776255707762,593
