,state,county,gisjoin,year range,avg temp,max temp,min temp,hdd,cdd,avg rh,average dp,max dp,min dp,avg wind speed,max wind speed,avg ghr,max ghr,avg dnr,max dnr,avg dhr,max dhr
0,NY,Tioga County,G3601070,2040-2059,11.105066389119436,38.55184173583984,-23.929956436157227,3308.2537009018847,682.1029329300294,69.4468319113396,4.9200894684566086,23.62970465701201,-23.92995855078245,4.4852124047605955,10.936643600463867,152.91495433789953,982,173.48528918211426,926.2257080078124,76.60776255707762,593
