,state,county,gisjoin,year range,avg temp,max temp,min temp,hdd,cdd,avg rh,average dp,max dp,min dp,avg wind speed,max wind speed,avg ghr,max ghr,avg dnr,max dnr,avg dhr,max dhr
0,KY,Mercer County,G2101670,2040-2059,15.710474664270777,37.13345336914063,-12.442340850830078,2083.4223284688055,1138.2455809276014,70.27722823064622,9.668344215261419,24.459590924989698,-12.44234120645542,3.647765780066791,8.935203552246094,169.9851598173516,987,183.55412482470535,913.6100463867188,73.20102739726028,653
