,state,county,gisjoin,year range,avg temp,max temp,min temp,hdd,cdd,avg rh,average dp,max dp,min dp,avg wind speed,max wind speed,avg ghr,max ghr,avg dnr,max dnr,avg dhr,max dhr
0,OK,Lincoln County,G4000810,2020-2039,17.283555276904664,41.87709045410156,-11.04581356048584,1841.224737072357,1470.222413142523,64.31994517491833,9.633213861767175,24.932371815105224,-12.06388522801074,4.4713143580580414,8.902900695800781,186.93230593607305,1011,198.80530515265946,955.3685913085938,65.85068493150685,633
