,state,county,gisjoin,year range,avg temp,max temp,min temp,hdd,cdd,avg rh,average dp,max dp,min dp,avg wind speed,max wind speed,avg ghr,max ghr,avg dnr,max dnr,avg dhr,max dhr
0,TX,Wilson County,G4804930,2020-2039,21.852310405926435,39.15544509887695,-1.553275227546692,791.2682444431595,2087.8615426061556,60.82410043570549,13.110549181497088,27.444632696367563,-4.3475445707477975,3.9596694234027168,8.850417137145996,202.06700913242008,1041,212.34515471713348,974.1805419921876,76.99657534246575,512
