,state,county,gisjoin,year range,avg temp,max temp,min temp,hdd,cdd,avg rh,average dp,max dp,min dp,avg wind speed,max wind speed,avg ghr,max ghr,avg dnr,max dnr,avg dhr,max dhr
0,ND,Burke County,G3800130,2000-2019,4.762494990877891,33.0816650390625,-35.05833435058594,5266.352519315018,325.1631909847185,57.471579475925395,-4.137316359927543,16.17546466244531,-35.05833737416967,4.491391481084911,8.82213020324707,157.27191780821917,938,176.18731916321082,878.2806396484375,56.65296803652968,571
