,state,county,gisjoin,year range,avg temp,max temp,min temp,hdd,cdd,avg rh,average dp,max dp,min dp,avg wind speed,max wind speed,avg ghr,max ghr,avg dnr,max dnr,avg dhr,max dhr
0,MO,New Madrid County,G2901430,1980-1999,14.196605836744272,35.538822174072266,-13.628823280334473,2429.6651548554814,931.9262852669335,70.22454891487888,8.164445154008186,22.857446627386043,-13.628824253223142,3.6551044244472295,8.14195442199707,169.3714611872146,996,189.3809924749165,928.1439208984376,69.99714611872146,612
