,state,county,gisjoin,year range,avg temp,max temp,min temp,hdd,cdd,avg rh,average dp,max dp,min dp,avg wind speed,max wind speed,avg ghr,max ghr,avg dnr,max dnr,avg dhr,max dhr
0,MO,New Madrid County,G2901430,2060-2079,18.03192957024539,38.532508850097656,-8.295443534851074,1683.8094711146698,1585.9637642542027,71.25202171552127,12.12317576615019,26.88980724745685,-8.659214575095966,3.546749608960326,8.55494213104248,169.3714611872146,996,181.71849934979278,908.7029418945312,69.99714611872146,612
