,state,county,gisjoin,year range,avg temp,max temp,min temp,hdd,cdd,avg rh,average dp,max dp,min dp,avg wind speed,max wind speed,avg ghr,max ghr,avg dnr,max dnr,avg dhr,max dhr
0,MA,Hampden County,G2500130,2040-2059,12.317095112944124,37.5316047668457,-20.23823356628418,3019.713173536169,835.952889760386,70.74063983355482,6.440588478290876,25.14388840525536,-20.23823516872824,4.488376355769971,12.999045372009276,145.7826484018265,960,174.4075895368868,918.0374755859376,73.4472602739726,581
