,state,county,gisjoin,year range,avg temp,max temp,min temp,hdd,cdd,avg rh,average dp,max dp,min dp,avg wind speed,max wind speed,avg ghr,max ghr,avg dnr,max dnr,avg dhr,max dhr
0,MA,Hampden County,G2500130,2080-2099,14.92235366801086,38.94973373413086,-13.419425964355469,2435.5409274841536,1202.7000163079024,70.1627018974252,8.803608635912362,28.442810296291103,-13.419427743152315,4.628346655793386,10.761820793151855,145.7826484018265,960,170.0500740065876,902.2846069335938,73.4472602739726,581
