,state,county,gisjoin,year range,avg temp,max temp,min temp,hdd,cdd,avg rh,average dp,max dp,min dp,avg wind speed,max wind speed,avg ghr,max ghr,avg dnr,max dnr,avg dhr,max dhr
0,ND,Sargent County,G3800810,2020-2039,7.702899271562432,36.1365852355957,-32.23377227783203,4420.256079101312,552.3143132209983,58.586295373254714,-0.9498456387563403,21.23050100250852,-32.233774548845325,3.6761915687964932,8.326412200927734,161.81141552511414,962,177.49437785774805,906.6688842773438,62.15525114155251,532
