,state,county,gisjoin,year range,avg temp,max temp,min temp,hdd,cdd,avg rh,average dp,max dp,min dp,avg wind speed,max wind speed,avg ghr,max ghr,avg dnr,max dnr,avg dhr,max dhr
0,MS,Choctaw County,G2800190,2080-2099,20.8097359619817,40.64159393310547,-7.717964649200439,1171.3068795210895,2087.360505644286,70.21572361863367,14.457511051513688,27.57678072025681,-7.717964783641902,3.549221614425041,8.495709419250488,189.47420091324202,1002,189.77090689140928,948.7816772460938,73.92990867579908,623
