,state,county,gisjoin,year range,avg temp,max temp,min temp,hdd,cdd,avg rh,average dp,max dp,min dp,avg wind speed,max wind speed,avg ghr,max ghr,avg dnr,max dnr,avg dhr,max dhr
0,SD,Todd County,G4601210,1980-1999,7.593520154770555,37.50083160400391,-26.54166603088379,4367.175618922388,459.310475413014,58.32407260812037,-1.2427025269202292,20.064205080363458,-27.570175701572825,4.523391353267513,10.141777992248535,173.03824200913243,988,191.8039140574185,929.0737915039062,61.17728310502283,566
