,state,county,gisjoin,year range,avg temp,max temp,min temp,hdd,cdd,avg rh,average dp,max dp,min dp,avg wind speed,max wind speed,avg ghr,max ghr,avg dnr,max dnr,avg dhr,max dhr
0,SD,Todd County,G4601210,2080-2099,13.769948559194154,42.44366455078125,-19.77562713623047,2912.11578607783,1258.6470101833995,58.365660656097276,4.550894279079054,24.989864512982425,-20.94252712246406,4.495397340815906,13.406930923461914,173.03824200913243,988,184.04352203199818,924.7259521484376,61.17728310502283,566
