,state,county,gisjoin,year range,avg temp,max temp,min temp,hdd,cdd,avg rh,average dp,max dp,min dp,avg wind speed,max wind speed,avg ghr,max ghr,avg dnr,max dnr,avg dhr,max dhr
0,LA,Ouachita Parish,G2200730,2000-2019,18.868102341848978,38.75066757202149,-7.019333362579346,1376.866614398464,1584.2239691733857,69.24388768139495,12.371914741992617,25.01499803270893,-7.594050659533976,3.5341678124584566,9.529112815856934,184.10011415525113,996,196.37924040899316,932.4495239257812,77.17762557077626,631
