,state,county,gisjoin,year range,avg temp,max temp,min temp,hdd,cdd,avg rh,average dp,max dp,min dp,avg wind speed,max wind speed,avg ghr,max ghr,avg dnr,max dnr,avg dhr,max dhr
0,RI,Newport County,G4400050,2000-2019,10.920359123687103,34.1879997253418,-17.986665725708008,3171.53378932214,477.96486946743454,72.40199082104583,5.620098843997054,23.82328954822389,-17.986667985410836,5.747356508447699,15.113722801208496,158.67397260273972,963,172.01005157511676,901.5543212890624,75.1654109589041,478
