,state,county,gisjoin,year range,avg temp,max temp,min temp,hdd,cdd,avg rh,average dp,max dp,min dp,avg wind speed,max wind speed,avg ghr,max ghr,avg dnr,max dnr,avg dhr,max dhr
0,RI,Newport County,G4400050,2020-2039,11.326529806013035,31.86823272705078,-13.129502296447754,3004.7791851310662,459.462564325345,73.45328924514388,6.2677229297731545,22.96389171040652,-16.248272427533326,5.543511719681901,12.56383991241455,158.67397260273972,963,170.51834836948964,920.8047485351562,75.1654109589041,478
