,state,county,gisjoin,year range,avg temp,max temp,min temp,hdd,cdd,avg rh,average dp,max dp,min dp,avg wind speed,max wind speed,avg ghr,max ghr,avg dnr,max dnr,avg dhr,max dhr
0,WI,Trempealeau County,G5501210,2020-2039,8.490515466810594,33.0954475402832,-35.024017333984375,4116.171764482971,535.709909868262,69.12327223128923,2.460405905431931,23.597520902053898,-35.02402034015477,3.8407100187589043,10.238330841064451,157.95262557077626,971,174.79099665596615,904.6484985351562,65.47237442922375,619
