,state,county,gisjoin,year range,avg temp,max temp,min temp,hdd,cdd,avg rh,average dp,max dp,min dp,avg wind speed,max wind speed,avg ghr,max ghr,avg dnr,max dnr,avg dhr,max dhr
0,WI,Trempealeau County,G5501210,2080-2099,12.711701472324679,38.69169998168945,-22.83928680419922,3147.9222634372095,1108.19330083535,70.43516050974527,6.840424114233849,27.89260501848409,-22.83928965563913,3.9224493539496645,9.40797519683838,157.95262557077626,971,167.85169512081117,906.2708740234376,65.47237442922375,619
