,state,county,gisjoin,year range,avg temp,max temp,min temp,hdd,cdd,avg rh,average dp,max dp,min dp,avg wind speed,max wind speed,avg ghr,max ghr,avg dnr,max dnr,avg dhr,max dhr
0,LA,La Salle Parish,G2200590,2080-2099,22.582678899542454,42.067867279052734,-5.964995861053467,843.4449892061181,2406.62278753891,71.33903578710338,16.47341390172461,29.428279863849784,-5.9649964094438745,3.3241336406093756,7.487306594848633,177.62431506849316,1015,188.77166813130668,915.8841552734376,77.92808219178082,590
