,state,county,gisjoin,year range,avg temp,max temp,min temp,hdd,cdd,avg rh,average dp,max dp,min dp,avg wind speed,max wind speed,avg ghr,max ghr,avg dnr,max dnr,avg dhr,max dhr
0,TN,Humphreys County,G4700850,1980-1999,13.943370956164998,34.106666564941406,-14.188666343688965,2417.420767741088,827.251166741104,68.59897397163252,7.454979698916214,21.904118301268525,-14.188667171526614,3.2662068388097363,8.486157417297363,163.6527397260274,1001,195.0265150913125,950.566650390625,79.14634703196347,628
