,state,county,gisjoin,year range,avg temp,max temp,min temp,hdd,cdd,avg rh,average dp,max dp,min dp,avg wind speed,max wind speed,avg ghr,max ghr,avg dnr,max dnr,avg dhr,max dhr
0,TN,Humphreys County,G4700850,2040-2059,16.926699467893883,40.0503158569336,-13.030196189880373,1862.7221230937564,1361.467428875053,69.7349115487103,10.615627874558012,26.37996008195852,-13.03019743474451,3.195998835386751,8.340678215026855,163.6527397260274,1001,186.36733408643602,944.4205322265624,79.14634703196347,628
