,state,county,gisjoin,year range,avg temp,max temp,min temp,hdd,cdd,avg rh,average dp,max dp,min dp,avg wind speed,max wind speed,avg ghr,max ghr,avg dnr,max dnr,avg dhr,max dhr
0,IN,Floyd County,G1800430,2000-2019,13.39529544509131,37.64705657958984,-20.092941284179688,2670.4953325395622,880.2781699975858,68.95918319584572,7.080609401936474,23.46512917473217,-20.09294189569345,3.5735828098096802,9.028684616088867,153.51255707762556,995,188.1758709473153,938.4443359375,75.63127853881278,626
