,state,county,gisjoin,year range,avg temp,max temp,min temp,hdd,cdd,avg rh,average dp,max dp,min dp,avg wind speed,max wind speed,avg ghr,max ghr,avg dnr,max dnr,avg dhr,max dhr
0,TN,Marshall County,G4701170,2000-2019,15.822321378822155,37.435001373291016,-13.487500190734863,2029.3095451606393,1124.9568484307079,67.90946009801404,9.076717435389083,23.437331661688454,-13.487501792985038,3.8959156599082903,8.546056747436523,179.75730593607307,1031,192.18650578243995,942.9605712890624,80.19794520547946,603
