,state,county,gisjoin,year range,avg temp,max temp,min temp,hdd,cdd,avg rh,average dp,max dp,min dp,avg wind speed,max wind speed,avg ghr,max ghr,avg dnr,max dnr,avg dhr,max dhr
0,TN,Marshall County,G4701170,2080-2099,19.359211894889153,40.359405517578125,-10.545559883117676,1450.8153740007017,1837.4277156351748,69.72291203133048,12.895020430524088,28.52537342534209,-10.5455603825956,3.8361710142599392,10.583176612854004,179.75730593607307,1031,184.94079325392653,954.2794189453124,80.19794520547946,603
