,state,county,gisjoin,year range,avg temp,max temp,min temp,hdd,cdd,avg rh,average dp,max dp,min dp,avg wind speed,max wind speed,avg ghr,max ghr,avg dnr,max dnr,avg dhr,max dhr
0,OK,Canadian County,G4000170,1980-1999,14.881900584383933,39.04066848754883,-12.80799961090088,2324.304729572453,1076.6984428724295,64.7304284988473,7.479628994240153,23.90204591391909,-13.928176001092536,5.007319924983804,10.401103019714355,184.8329908675799,1021,200.511513315945,971.5901489257812,67.58892694063927,611
