,state,county,gisjoin,year range,avg temp,max temp,min temp,hdd,cdd,avg rh,average dp,max dp,min dp,avg wind speed,max wind speed,avg ghr,max ghr,avg dnr,max dnr,avg dhr,max dhr
0,OK,Canadian County,G4000170,2060-2079,19.18141424155213,43.33790588378906,-9.09926986694336,1581.9783913688343,1903.6945895352576,65.20919228797634,11.663028442181707,27.13993797749023,-9.942386817013864,5.135881274856933,13.946252822875977,184.8329908675799,1021,196.05681856706673,929.3593139648438,67.58892694063927,611
