,state,county,gisjoin,year range,avg temp,max temp,min temp,hdd,cdd,avg rh,average dp,max dp,min dp,avg wind speed,max wind speed,avg ghr,max ghr,avg dnr,max dnr,avg dhr,max dhr
0,OK,Canadian County,G4000170,2080-2099,20.632035300897336,47.62874984741211,-8.526137351989746,1414.4687608391594,2265.661645666553,64.64133764793884,12.90626485758161,31.16683010935202,-8.934404433653366,5.052937420399766,10.253993034362791,184.8329908675799,1021,191.16261564274652,926.5365600585938,67.58892694063927,611
