,state,county,gisjoin,year range,avg temp,max temp,min temp,hdd,cdd,avg rh,average dp,max dp,min dp,avg wind speed,max wind speed,avg ghr,max ghr,avg dnr,max dnr,avg dhr,max dhr
0,TX,Sherman County,G4804210,2060-2079,16.173121645434573,41.434532165527344,-14.693056106567385,2193.9825163464147,1417.6719169299206,48.3302479804923,3.818436778867106,20.60434002868187,-17.803121987882076,4.734440177393286,10.429712295532228,203.4989726027397,1028,220.19288558409025,973.0593872070312,62.54691780821918,487
