,state,county,gisjoin,year range,avg temp,max temp,min temp,hdd,cdd,avg rh,average dp,max dp,min dp,avg wind speed,max wind speed,avg ghr,max ghr,avg dnr,max dnr,avg dhr,max dhr
0,TX,Sherman County,G4804210,2080-2099,18.656878485022215,42.57345962524414,-11.314447402954102,1762.6781247869749,1892.9387718199484,47.76058277953161,5.674571694005904,23.48202334293308,-17.01037122639532,4.736739355026315,9.743745803833008,203.4989726027397,1028,220.91009095804233,979.054443359375,62.54691780821918,487
