,state,county,gisjoin,year range,avg temp,max temp,min temp,hdd,cdd,avg rh,average dp,max dp,min dp,avg wind speed,max wind speed,avg ghr,max ghr,avg dnr,max dnr,avg dhr,max dhr
0,GA,Miller County,G1302010,2020-2039,20.169829787595354,37.47973251342773,-5.901093006134033,1019.6713795195366,1702.1592519918158,68.16138244742127,13.360097041573164,25.141272480070665,-5.901093277792673,3.1920013579059408,7.937327861785889,195.40970319634704,997,202.24965444053564,930.3587036132812,80.53070776255707,631
