,state,county,gisjoin,year range,avg temp,max temp,min temp,hdd,cdd,avg rh,average dp,max dp,min dp,avg wind speed,max wind speed,avg ghr,max ghr,avg dnr,max dnr,avg dhr,max dhr
0,KS,Haskell County,G2000810,2020-2039,14.251103767103007,41.17354583740234,-23.65301513671875,2602.1330253144015,1124.2859003067654,51.90099466042976,2.9950468726569115,20.204934151529315,-23.65301584477138,4.4039724342490985,12.629786491394045,196.9972602739726,1014,212.6469649105999,957.3982543945312,61.29543378995434,519
