,state,county,gisjoin,year range,avg temp,max temp,min temp,hdd,cdd,avg rh,average dp,max dp,min dp,avg wind speed,max wind speed,avg ghr,max ghr,avg dnr,max dnr,avg dhr,max dhr
0,CA,Solano County,G0600950,1980-1999,15.68754469785312,37.0256233215332,-3.8293750286102295,1710.0058613744714,756.4596760909161,50.19473586855414,2.967838844436929,11.779624241991332,-5.858399117197893,3.8852721635609457,7.49086332321167,203.24349315068494,995,212.50107785290268,957.3359375,70.12431506849315,606
