,state,county,gisjoin,year range,avg temp,max temp,min temp,hdd,cdd,avg rh,average dp,max dp,min dp,avg wind speed,max wind speed,avg ghr,max ghr,avg dnr,max dnr,avg dhr,max dhr
0,CA,Solano County,G0600950,2020-2039,17.029781809470883,38.811336517333984,-5.570197582244873,1437.0825576115867,973.4529180686233,49.46692293310819,3.8146570651697114,13.643305969882851,-5.5701980385480585,3.9094658900613655,6.862112522125244,203.24349315068494,995,213.40492076145657,957.1781005859376,70.12431506849315,606
