,state,county,gisjoin,year range,avg temp,max temp,min temp,hdd,cdd,avg rh,average dp,max dp,min dp,avg wind speed,max wind speed,avg ghr,max ghr,avg dnr,max dnr,avg dhr,max dhr
0,TX,Smith County,G4804230,2000-2019,19.068989028029502,38.60933303833008,-12.234000205993652,1356.2437521408165,1636.924747371603,68.51228107622225,12.384811893239636,25.413283026049275,-12.234000991796377,4.051021040302434,9.500638008117676,189.98219178082192,1007,200.02357725278347,955.9644165039062,71.50616438356164,573
