,state,county,gisjoin,year range,avg temp,max temp,min temp,hdd,cdd,avg rh,average dp,max dp,min dp,avg wind speed,max wind speed,avg ghr,max ghr,avg dnr,max dnr,avg dhr,max dhr
0,MS,Chickasaw County,G2800170,2020-2039,17.590160384176077,37.14820861816406,-13.057890892028809,1664.356456145392,1405.2649963697306,69.4904163323581,11.17712019266749,24.09840541262061,-13.057891315977756,3.5700314172462786,8.449678421020508,181.76803652968036,1007,196.1621312717561,922.2301635742188,74.23173515981735,558
