,state,county,gisjoin,year range,avg temp,max temp,min temp,hdd,cdd,avg rh,average dp,max dp,min dp,avg wind speed,max wind speed,avg ghr,max ghr,avg dnr,max dnr,avg dhr,max dhr
0,MS,Chickasaw County,G2800170,2040-2059,18.959417153178762,39.69771194458008,-9.909226417541504,1399.1508535261453,1639.8381144364082,70.20702445234882,12.694076254748374,25.342700918139144,-9.909226692926325,3.5495592809295,9.540839195251465,181.76803652968036,1007,191.62086174079283,923.8665161132812,74.23173515981735,558
