,state,county,gisjoin,year range,avg temp,max temp,min temp,hdd,cdd,avg rh,average dp,max dp,min dp,avg wind speed,max wind speed,avg ghr,max ghr,avg dnr,max dnr,avg dhr,max dhr
0,MS,Chickasaw County,G2800170,2060-2079,19.68106759278708,38.42068099975586,-8.140373229980469,1252.6467297614017,1756.7364011286581,69.06831881553614,13.114436303327315,26.90392426841544,-8.140373975146248,3.5638018467791004,9.013596534729004,181.76803652968036,1007,190.83735086638984,909.3438720703124,74.23173515981735,558
