,state,county,gisjoin,year range,avg temp,max temp,min temp,hdd,cdd,avg rh,average dp,max dp,min dp,avg wind speed,max wind speed,avg ghr,max ghr,avg dnr,max dnr,avg dhr,max dhr
0,OK,Le Flore County,G4000790,2080-2099,20.43174012359104,47.20634841918945,-8.475908279418945,1287.4697927922778,2065.5549379028985,68.7906547901293,13.73831919891635,29.06820068451377,-8.47590862057158,3.40294834179421,8.456686973571777,191.69554794520548,1007,189.02080437826567,930.846923828125,74.12317351598173,633
