,state,county,gisjoin,year range,avg temp,max temp,min temp,hdd,cdd,avg rh,average dp,max dp,min dp,avg wind speed,max wind speed,avg ghr,max ghr,avg dnr,max dnr,avg dhr,max dhr
0,GA,Oglethorpe County,G1302210,2020-2039,17.598881424884375,37.996036529541016,-8.348673820495605,1536.5752166326083,1280.6669367155278,69.09881387431872,11.10657018435981,24.15338582000175,-8.61629525099985,3.3882170084404617,9.969959259033203,188.32614155251142,1016,197.80288825854146,953.8389282226562,77.41301369863014,525
