,state,county,gisjoin,year range,avg temp,max temp,min temp,hdd,cdd,avg rh,average dp,max dp,min dp,avg wind speed,max wind speed,avg ghr,max ghr,avg dnr,max dnr,avg dhr,max dhr
0,PA,Northampton County,G4200950,2000-2019,11.479329624482897,34.389373779296875,-17.14812469482422,3125.2161919273335,635.671504863134,69.61826315209201,5.378537216027078,23.864541372097747,-17.148126488933965,3.8265271199892643,10.37109375,161.13835616438357,975,180.9091046212919,922.0616455078124,77.62100456621005,483
