,state,county,gisjoin,year range,avg temp,max temp,min temp,hdd,cdd,avg rh,average dp,max dp,min dp,avg wind speed,max wind speed,avg ghr,max ghr,avg dnr,max dnr,avg dhr,max dhr
0,PA,Northampton County,G4200950,2080-2099,15.86769720378476,39.5677375793457,-9.242138862609863,2178.5239677413315,1290.7334471226493,69.98731760477911,9.674011131484253,25.213197748473647,-9.41632457639908,4.286384126258223,11.867842674255373,161.13835616438357,975,172.64749458437365,897.2888793945312,77.62100456621005,483
