,state,county,gisjoin,year range,avg temp,max temp,min temp,hdd,cdd,avg rh,average dp,max dp,min dp,avg wind speed,max wind speed,avg ghr,max ghr,avg dnr,max dnr,avg dhr,max dhr
0,CA,Orange County,G0600590,2000-2019,19.191104431185003,39.42166519165039,4.426111221313477,679.8093472837755,1005.0624646664397,43.80745176136766,4.861839723063377,14.022309849304042,-4.394959377680437,2.7392858688145467,9.822894096374512,208.498401826484,1017,214.8923068730885,1000.5302734375,78.78698630136986,520
