,state,county,gisjoin,year range,avg temp,max temp,min temp,hdd,cdd,avg rh,average dp,max dp,min dp,avg wind speed,max wind speed,avg ghr,max ghr,avg dnr,max dnr,avg dhr,max dhr
0,KY,Bourbon County,G2100170,1980-1999,12.509220278919749,34.994998931884766,-24.06624984741211,2830.667741603795,717.0331434091308,68.75776447683708,6.145188398920351,21.75201637240949,-24.06625113305922,4.100862366015508,9.574935913085938,168.25559360730594,996,187.07178930980027,930.2958984375,78.7595890410959,642
