,state,county,gisjoin,year range,avg temp,max temp,min temp,hdd,cdd,avg rh,average dp,max dp,min dp,avg wind speed,max wind speed,avg ghr,max ghr,avg dnr,max dnr,avg dhr,max dhr
0,KY,Bourbon County,G2100170,2000-2019,13.710727071020429,39.32749938964844,-17.091249465942383,2575.044667816986,899.9600487391695,68.06365181931622,7.158175330289787,23.95958223290165,-17.091249675964736,4.064524411325041,8.82940673828125,168.25559360730594,996,187.02982371206704,933.5116577148438,78.7595890410959,642
