,state,county,gisjoin,year range,avg temp,max temp,min temp,hdd,cdd,avg rh,average dp,max dp,min dp,avg wind speed,max wind speed,avg ghr,max ghr,avg dnr,max dnr,avg dhr,max dhr
0,MO,Jackson County,G2900950,2080-2099,18.06534459041679,44.1612434387207,-16.562097549438477,1904.7510942241033,1819.1018697260688,69.12288704854713,11.612181133093443,30.014871588557085,-16.756384849903945,4.314372634234494,10.19720458984375,165.15068493150685,982,176.88052082017487,895.4649658203125,69.16689497716895,594
