,state,county,gisjoin,year range,avg temp,max temp,min temp,hdd,cdd,avg rh,average dp,max dp,min dp,avg wind speed,max wind speed,avg ghr,max ghr,avg dnr,max dnr,avg dhr,max dhr
0,AR,Clark County,G0500190,2020-2039,17.802192076824163,39.88592147827149,-11.063033103942873,1613.8908021554514,1432.190910196325,67.74566824947863,10.97511773590897,25.30293990565505,-11.063033680590031,3.63295888966077,8.109164237976074,169.04406392694065,993,196.86301889046777,935.533203125,73.38070776255708,538
