,state,county,gisjoin,year range,avg temp,max temp,min temp,hdd,cdd,avg rh,average dp,max dp,min dp,avg wind speed,max wind speed,avg ghr,max ghr,avg dnr,max dnr,avg dhr,max dhr
0,MS,Jefferson County,G2800630,2000-2019,18.897073650436603,37.9863166809082,-7.551052570343018,1321.656569214471,1539.5884516238884,70.6802914845889,12.764069513579868,26.08191075478039,-7.551052430347364,3.9111646345216933,8.939427375793457,193.32271689497716,1024,198.34654768754768,929.0296630859376,77.7404109589041,669
