,state,county,gisjoin,year range,avg temp,max temp,min temp,hdd,cdd,avg rh,average dp,max dp,min dp,avg wind speed,max wind speed,avg ghr,max ghr,avg dnr,max dnr,avg dhr,max dhr
0,VA,Lunenburg County,G5101110,1980-1999,13.233303787271943,34.44937515258789,-19.9268741607666,2589.129283528184,739.7851658821537,67.77833934940703,6.5908300664641475,21.57538765632602,-19.92687637292832,3.8755255493399217,10.117195129394531,169.7662100456621,981,196.2570289996606,941.4943237304688,71.44874429223745,585
