,state,county,gisjoin,year range,avg temp,max temp,min temp,hdd,cdd,avg rh,average dp,max dp,min dp,avg wind speed,max wind speed,avg ghr,max ghr,avg dnr,max dnr,avg dhr,max dhr
0,OH,Warren County,G3901650,2040-2059,14.53020181575116,37.77800750732422,-12.865682601928713,2433.464820600591,1057.4884833495464,70.53736650911097,8.575607783392295,24.56635030999077,-13.394902072102164,3.896333225459269,10.116477012634276,154.52865296803654,985,177.11422412903798,924.587646484375,75.48196347031964,596
