,state,county,gisjoin,year range,avg temp,max temp,min temp,hdd,cdd,avg rh,average dp,max dp,min dp,avg wind speed,max wind speed,avg ghr,max ghr,avg dnr,max dnr,avg dhr,max dhr
0,IL,Union County,G1701810,2020-2039,15.135575890765242,35.56865692138672,-18.811079025268555,2257.947309976652,1102.932510105835,69.89477044305845,8.987227423860409,23.944723560573976,-18.81108032683587,3.6107765017851303,8.079047203063965,158.39372146118723,1003,187.10571353969215,928.17919921875,76.1115296803653,632
