,state,county,gisjoin,year range,avg temp,max temp,min temp,hdd,cdd,avg rh,average dp,max dp,min dp,avg wind speed,max wind speed,avg ghr,max ghr,avg dnr,max dnr,avg dhr,max dhr
0,CO,Cheyenne County,G0800170,1980-1999,9.971893252216539,37.02066802978516,-22.96933364868164,3650.5675969047766,610.8086339632921,48.36448027554168,-2.1314496169336934,15.184980493355283,-23.472138249059277,4.519958488636365,10.218544006347656,204.29748858447488,1027,218.3529395846091,974.433837890625,61.776940639269405,456
