,state,county,gisjoin,year range,avg temp,max temp,min temp,hdd,cdd,avg rh,average dp,max dp,min dp,avg wind speed,max wind speed,avg ghr,max ghr,avg dnr,max dnr,avg dhr,max dhr
0,CO,Cheyenne County,G0800170,2000-2019,11.53233656139803,38.49933242797852,-21.7053337097168,3260.9095720569444,790.7124169667936,44.72572609246049,-2.0236241550357996,16.96686775351486,-27.59700699666788,4.534700393009948,9.29000473022461,204.29748858447488,1027,220.64019074041659,981.4550170898438,61.776940639269405,456
