,state,county,gisjoin,year range,avg temp,max temp,min temp,hdd,cdd,avg rh,average dp,max dp,min dp,avg wind speed,max wind speed,avg ghr,max ghr,avg dnr,max dnr,avg dhr,max dhr
0,OH,Sandusky County,G3901430,2020-2039,11.641566562823456,35.319557189941406,-19.944738388061523,3113.3506734546886,683.022468884822,70.84478385241609,5.916583163056571,23.256785731187865,-19.944738307678318,4.100045788900493,12.138761520385742,149.3900684931507,968,173.06981650940745,907.413330078125,72.97214611872145,565
