,state,county,gisjoin,year range,avg temp,max temp,min temp,hdd,cdd,avg rh,average dp,max dp,min dp,avg wind speed,max wind speed,avg ghr,max ghr,avg dnr,max dnr,avg dhr,max dhr
0,AZ,La Paz County,G0400120,1980-1999,22.217531539547387,46.56941223144531,-0.2794117033481598,936.2520203699008,2366.1510323045477,34.59709363528038,4.088172917062622,14.688819188361292,-7.07701308260536,2.918147148375642,7.35700798034668,237.15091324200912,1037,234.01338841898152,974.8768920898438,57.282534246575345,480
