,state,county,gisjoin,year range,avg temp,max temp,min temp,hdd,cdd,avg rh,average dp,max dp,min dp,avg wind speed,max wind speed,avg ghr,max ghr,avg dnr,max dnr,avg dhr,max dhr
0,AZ,La Paz County,G0400120,2020-2039,24.128230200279248,47.24411392211914,1.0231027603149414,701.8772390414848,2829.1812621431595,35.122850727599506,6.1528088350759775,19.135756461304933,-8.16469867828636,2.865819986198591,6.394697189331055,237.15091324200912,1037,231.00867451061313,978.6104736328124,57.282534246575345,480
