,state,county,gisjoin,year range,avg temp,max temp,min temp,hdd,cdd,avg rh,average dp,max dp,min dp,avg wind speed,max wind speed,avg ghr,max ghr,avg dnr,max dnr,avg dhr,max dhr
0,WY,Crook County,G5600110,2020-2039,8.202928368406283,36.60400772094727,-34.162113189697266,4176.525429224376,491.0942836920555,58.7770052350275,-0.5006918505580819,17.771025819271404,-34.16211583756114,5.06275733162279,15.482417106628418,163.99988584474886,991,193.99622028414404,931.58837890625,64.21780821917808,568
