,state,county,gisjoin,year range,avg temp,max temp,min temp,hdd,cdd,avg rh,average dp,max dp,min dp,avg wind speed,max wind speed,avg ghr,max ghr,avg dnr,max dnr,avg dhr,max dhr
0,PA,Cambria County,G4200210,2040-2059,11.220990172222567,35.8536491394043,-19.36359596252441,3157.9079184196357,574.0693312804177,70.43610303347513,5.385887705178543,21.753128830196925,-19.36359833167719,4.847285604803529,11.482295036315918,143.3818493150685,958,178.7055368111663,960.4548950195312,74.57990867579909,605
