,state,county,gisjoin,year range,avg temp,max temp,min temp,hdd,cdd,avg rh,average dp,max dp,min dp,avg wind speed,max wind speed,avg ghr,max ghr,avg dnr,max dnr,avg dhr,max dhr
0,WI,Marathon County,G5500730,1980-1999,5.222625265999469,31.869230270385746,-31.91538429260254,5062.0242673537305,288.7824894428176,66.81107848866345,-1.248620122045708,19.623751324934048,-31.91538759115796,4.310154414911793,10.491555213928224,149.16415525114155,943,176.48792237828806,912.4127807617188,66.21974885844749,435
