,state,county,gisjoin,year range,avg temp,max temp,min temp,hdd,cdd,avg rh,average dp,max dp,min dp,avg wind speed,max wind speed,avg ghr,max ghr,avg dnr,max dnr,avg dhr,max dhr
0,WI,Marathon County,G5500730,2020-2039,7.39849660124592,34.328887939453125,-33.19697952270508,4433.609769280721,454.56102873485423,66.9095904280606,0.8781510048199613,21.31024630267973,-33.19697918178991,4.168444528263998,9.860424041748049,149.16415525114155,943,172.975667390473,901.6514282226562,66.21974885844749,435
