,state,county,gisjoin,year range,avg temp,max temp,min temp,hdd,cdd,avg rh,average dp,max dp,min dp,avg wind speed,max wind speed,avg ghr,max ghr,avg dnr,max dnr,avg dhr,max dhr
0,WI,Marathon County,G5500730,2040-2059,8.802601961422674,35.57655334472656,-26.88250541687012,4083.2185864265666,616.6683023453044,67.19823944296466,2.338274127480857,23.1848929256046,-26.882507316216945,4.154842608092038,9.32051944732666,149.16415525114155,943,169.64158752674257,892.2758178710938,66.21974885844749,435
