,state,county,gisjoin,year range,avg temp,max temp,min temp,hdd,cdd,avg rh,average dp,max dp,min dp,avg wind speed,max wind speed,avg ghr,max ghr,avg dnr,max dnr,avg dhr,max dhr
0,WI,Marathon County,G5500730,2060-2079,9.603583933310981,38.15065383911133,-29.957935333251957,3839.505313152615,665.3134488106087,68.7315891914716,3.4659005470443947,24.72885699674136,-29.95793487565273,4.17521080588369,9.888689994812012,149.16415525114155,943,168.49246667867726,899.4037475585938,66.21974885844749,435
