,state,county,gisjoin,year range,avg temp,max temp,min temp,hdd,cdd,avg rh,average dp,max dp,min dp,avg wind speed,max wind speed,avg ghr,max ghr,avg dnr,max dnr,avg dhr,max dhr
0,MO,Lewis County,G2901110,2080-2099,16.729944741415494,41.18149185180664,-15.818535804748535,2184.0222140930423,1610.9520447094699,70.8063495479218,10.724080848236452,27.29867452891417,-15.81853754900968,3.90705486944277,9.159391403198242,174.77899543378996,972,173.18947624937684,901.6777954101562,67.20513698630137,509
