,state,county,gisjoin,year range,avg temp,max temp,min temp,hdd,cdd,avg rh,average dp,max dp,min dp,avg wind speed,max wind speed,avg ghr,max ghr,avg dnr,max dnr,avg dhr,max dhr
0,NY,Franklin County,G3600330,2060-2079,8.34374022014135,31.904747009277344,-21.554481506347656,4041.8065095885127,407.77168993950426,71.26673780031945,2.811933999640737,21.73669633004404,-21.554481940439533,5.325853739291022,13.475831031799316,145.22157534246574,965,171.721717414728,908.5775146484376,65.40159817351598,574
