,state,county,gisjoin,year range,avg temp,max temp,min temp,hdd,cdd,avg rh,average dp,max dp,min dp,avg wind speed,max wind speed,avg ghr,max ghr,avg dnr,max dnr,avg dhr,max dhr
0,CA,El Dorado County,G0600170,2040-2059,15.97180758677274,38.893367767333984,-3.835484981536865,1883.0392411524847,1033.2490103245352,57.97249164091398,5.668985130147203,19.939468789747327,-5.4766294194335545,3.1841868269933413,9.860184669494627,207.6810502283105,1019,210.8308872315544,921.1898803710938,55.014954337899546,524
