,state,county,gisjoin,year range,avg temp,max temp,min temp,hdd,cdd,avg rh,average dp,max dp,min dp,avg wind speed,max wind speed,avg ghr,max ghr,avg dnr,max dnr,avg dhr,max dhr
0,CA,El Dorado County,G0600170,2080-2099,17.80936436676447,43.235496520996094,-4.092255592346191,1546.7933878365122,1367.7113817056716,57.131698340694655,7.220542021231192,21.294162508843108,-5.225713723303157,3.0304565805278414,9.582992553710938,207.6810502283105,1019,209.19822864976368,928.7251586914062,55.014954337899546,524
