,state,county,gisjoin,year range,avg temp,max temp,min temp,hdd,cdd,avg rh,average dp,max dp,min dp,avg wind speed,max wind speed,avg ghr,max ghr,avg dnr,max dnr,avg dhr,max dhr
0,GA,Fannin County,G1301110,2060-2079,16.6511002367335,36.74210739135742,-8.79374885559082,1756.5072500523995,1154.658836460188,70.64385153975117,10.55441291422106,24.9274019521902,-8.79374903269983,4.982732083291223,13.19683837890625,178.75011415525114,1021,191.4691107244439,946.7193603515624,76.31061643835616,548
