,state,county,gisjoin,year range,avg temp,max temp,min temp,hdd,cdd,avg rh,average dp,max dp,min dp,avg wind speed,max wind speed,avg ghr,max ghr,avg dnr,max dnr,avg dhr,max dhr
0,NE,Boone County,G3100110,1980-1999,8.676541578401427,37.41999816894531,-23.50812530517578,4055.7920231460425,543.2296992620032,61.1353800094291,0.6726761587353166,22.163809199498477,-24.553270586900087,4.463175699101191,10.46011734008789,179.12123287671233,987,189.52061591761935,932.4073486328124,67.3263698630137,472
