,state,county,gisjoin,year range,avg temp,max temp,min temp,hdd,cdd,avg rh,average dp,max dp,min dp,avg wind speed,max wind speed,avg ghr,max ghr,avg dnr,max dnr,avg dhr,max dhr
0,NE,Boone County,G3100110,2000-2019,10.039774810552828,36.31187438964844,-23.41812515258789,3696.966581737221,681.9843875885343,60.0611238898752,1.588702666391101,22.454748336668302,-25.329415019851098,4.517142824604087,10.080368041992188,179.12123287671233,987,189.43290240192562,925.5423583984376,67.3263698630137,472
