,state,county,gisjoin,year range,avg temp,max temp,min temp,hdd,cdd,avg rh,average dp,max dp,min dp,avg wind speed,max wind speed,avg ghr,max ghr,avg dnr,max dnr,avg dhr,max dhr
0,NE,Boone County,G3100110,2040-2059,12.61932694113414,37.77172470092773,-25.47064018249512,3101.7565238301236,1028.310857343731,61.72242106618402,4.465844735378234,23.54387908437076,-25.470642639430864,4.485714426895255,10.640893936157228,179.12123287671233,987,184.60988315083702,926.8241577148438,67.3263698630137,472
