,state,county,gisjoin,year range,avg temp,max temp,min temp,hdd,cdd,avg rh,average dp,max dp,min dp,avg wind speed,max wind speed,avg ghr,max ghr,avg dnr,max dnr,avg dhr,max dhr
0,IL,Morgan County,G1701370,1980-1999,10.908231803020154,35.36249923706055,-27.519166946411133,3326.9213680315,628.925976133378,67.07616786826146,4.2818040110978615,22.06441413092581,-27.51916987873821,4.392645877681367,9.883338928222656,173.42808219178082,992,183.77844781496972,922.8740234375,73.27773972602739,493
