,state,county,gisjoin,year range,avg temp,max temp,min temp,hdd,cdd,avg rh,average dp,max dp,min dp,avg wind speed,max wind speed,avg ghr,max ghr,avg dnr,max dnr,avg dhr,max dhr
0,IL,Morgan County,G1701370,2040-2059,14.29276320959113,39.66670227050781,-14.627117156982422,2585.7064955682895,1123.0650670688017,68.27381028780654,7.800046569741419,25.06106595905402,-16.2204112557522,4.27446801205204,9.285743713378906,173.42808219178082,992,178.9675744161114,903.9258422851562,73.27773972602739,493
