,state,county,gisjoin,year range,avg temp,max temp,min temp,hdd,cdd,avg rh,average dp,max dp,min dp,avg wind speed,max wind speed,avg ghr,max ghr,avg dnr,max dnr,avg dhr,max dhr
0,LA,St. James Parish,G2200930,2040-2059,22.401443602429108,38.02340316772461,-2.674303770065308,656.8716119726246,2153.8985268590636,73.1930422397509,16.88490473297965,28.603781167203653,-2.674303948135776,2.8281283094458383,7.389112949371338,186.75091324200912,1009,188.35008454978563,913.9383544921876,80.98972602739725,663
