,state,county,gisjoin,year range,avg temp,max temp,min temp,hdd,cdd,avg rh,average dp,max dp,min dp,avg wind speed,max wind speed,avg ghr,max ghr,avg dnr,max dnr,avg dhr,max dhr
0,LA,St. James Parish,G2200930,2060-2079,22.665890664153107,37.67349243164063,-1.128201603889465,599.8297162007283,2193.3798086164093,73.21175402375661,17.131743753286045,28.47645365607785,-1.128201771293289,2.8543375470866894,7.35189962387085,186.75091324200912,1009,186.5843646248258,894.7739868164062,80.98972602739725,663
