,state,county,gisjoin,year range,avg temp,max temp,min temp,hdd,cdd,avg rh,average dp,max dp,min dp,avg wind speed,max wind speed,avg ghr,max ghr,avg dnr,max dnr,avg dhr,max dhr
0,NY,Hamilton County,G3600410,1980-1999,4.358779996288005,27.661333084106445,-34.44200134277344,5224.165871522551,135.62057016690375,69.66855357150509,-1.4070392719937446,17.655322728643124,-34.44200345520627,5.324762451893663,11.368200302124023,135.50091324200912,961,181.41212778243164,994.6442260742188,70.33938356164384,627
