,state,county,gisjoin,year range,avg temp,max temp,min temp,hdd,cdd,avg rh,average dp,max dp,min dp,avg wind speed,max wind speed,avg ghr,max ghr,avg dnr,max dnr,avg dhr,max dhr
0,GA,Brooks County,G1300270,2000-2019,20.204263707671895,37.399410247802734,-6.4629411697387695,998.6912497260182,1693.747503026233,69.4222652565943,13.70045215131148,24.47927546657665,-6.462941553187001,3.2999772338290194,8.668386459350586,183.9345890410959,1004,203.4066953786029,937.1460571289062,84.0933789954338,634
