,state,county,gisjoin,year range,avg temp,max temp,min temp,hdd,cdd,avg rh,average dp,max dp,min dp,avg wind speed,max wind speed,avg ghr,max ghr,avg dnr,max dnr,avg dhr,max dhr
0,KS,Crawford County,G2000370,2020-2039,15.6091034244334,39.84743881225586,-15.429536819458008,2221.77476722267,1239.597517140775,67.7236025683956,8.8788001266791,24.61802482602851,-15.429536887877532,4.206237409539419,8.936716079711914,179.15787671232877,994,188.24883797980948,933.8229370117188,66.51815068493151,456
