,state,county,gisjoin,year range,avg temp,max temp,min temp,hdd,cdd,avg rh,average dp,max dp,min dp,avg wind speed,max wind speed,avg ghr,max ghr,avg dnr,max dnr,avg dhr,max dhr
0,NE,Nance County,G3101250,2060-2079,13.782327915916323,38.66160202026367,-18.681434631347656,2820.59579003621,1171.645479345387,61.1373794552398,5.427222348381688,25.717000635582597,-19.738756217516865,4.140528893361897,9.439040184020996,183.1425799086758,1016,184.01249320943234,920.4087524414062,66.37728310502283,526
