,state,county,gisjoin,year range,avg temp,max temp,min temp,hdd,cdd,avg rh,average dp,max dp,min dp,avg wind speed,max wind speed,avg ghr,max ghr,avg dnr,max dnr,avg dhr,max dhr
0,NE,Nance County,G3101250,2080-2099,15.40979975169671,41.01262664794922,-18.27724838256836,2503.390859808711,1448.4677691777722,60.81864590574073,6.9126064270224665,27.14449593006075,-20.9440107870831,4.111578853571252,9.529304504394531,183.1425799086758,1016,182.09092785046025,917.771484375,66.37728310502283,526
