,state,county,gisjoin,year range,avg temp,max temp,min temp,hdd,cdd,avg rh,average dp,max dp,min dp,avg wind speed,max wind speed,avg ghr,max ghr,avg dnr,max dnr,avg dhr,max dhr
0,GA,Wheeler County,G1303090,1980-1999,18.03676271153445,37.53499984741211,-7.675624847412109,1403.8768463369472,1307.7952360472002,66.81356927096571,10.965724520535657,23.331100549618604,-7.675625821361944,3.334282974334068,8.121662139892578,195.40970319634704,997,206.67087985744155,948.1008911132812,80.53070776255707,631
