,state,county,gisjoin,year range,avg temp,max temp,min temp,hdd,cdd,avg rh,average dp,max dp,min dp,avg wind speed,max wind speed,avg ghr,max ghr,avg dnr,max dnr,avg dhr,max dhr
0,IN,Hendricks County,G1800630,2020-2039,12.516178575141481,34.7620964050293,-18.945053100585938,2906.7098760798867,795.6150560061589,70.56731643763851,6.65919369486984,24.092900960058635,-19.85546761875717,4.371277525980179,10.061271667480469,171.28881278538813,998,179.95307760030371,926.0330200195312,80.70867579908676,619
