,state,county,gisjoin,year range,avg temp,max temp,min temp,hdd,cdd,avg rh,average dp,max dp,min dp,avg wind speed,max wind speed,avg ghr,max ghr,avg dnr,max dnr,avg dhr,max dhr
0,IN,Hendricks County,G1800630,2040-2059,14.268703312069931,37.74769592285156,-12.560994148254396,2566.649195400559,1095.2259043058418,69.67270895988429,8.125232505567677,26.093628250359327,-13.949740987979384,4.4766884675853325,9.806946754455566,171.28881278538813,998,176.621138407739,921.4036865234376,80.70867579908676,619
