,state,county,gisjoin,year range,avg temp,max temp,min temp,hdd,cdd,avg rh,average dp,max dp,min dp,avg wind speed,max wind speed,avg ghr,max ghr,avg dnr,max dnr,avg dhr,max dhr
0,CA,Kings County,G0600310,2040-2059,19.83114229975753,43.736419677734375,-4.557631492614746,1184.7902546624073,1743.6571940739068,39.68631142742558,3.3965560084589894,12.713285648289665,-7.005567197920409,2.520488285038569,5.413654804229736,218.0994292237443,1008,224.4836182842946,948.2632446289062,67.78573059360731,452
