,state,county,gisjoin,year range,avg temp,max temp,min temp,hdd,cdd,avg rh,average dp,max dp,min dp,avg wind speed,max wind speed,avg ghr,max ghr,avg dnr,max dnr,avg dhr,max dhr
0,SC,Williamsburg County,G4500890,2020-2039,18.426462114424357,40.158294677734375,-6.952307224273682,1360.0458879267644,1406.2045596917944,69.23003888304375,11.961940245599335,23.98689375158289,-6.952307718760486,3.883258213082405,8.677103042602539,182.85308219178083,994,196.22857772606312,943.1015625,76.68561643835616,591
