,state,county,gisjoin,year range,avg temp,max temp,min temp,hdd,cdd,avg rh,average dp,max dp,min dp,avg wind speed,max wind speed,avg ghr,max ghr,avg dnr,max dnr,avg dhr,max dhr
0,SC,Williamsburg County,G4500890,2060-2079,20.27724441372009,38.372257232666016,-5.458114147186279,1084.7478125077937,1806.44202351557,69.55688745833967,13.82865064479373,26.72672622108647,-5.458114591811339,4.077665561519257,11.605113983154297,182.85308219178083,994,190.6741690265472,922.6893310546876,76.68561643835616,591
