,state,county,gisjoin,year range,avg temp,max temp,min temp,hdd,cdd,avg rh,average dp,max dp,min dp,avg wind speed,max wind speed,avg ghr,max ghr,avg dnr,max dnr,avg dhr,max dhr
0,SC,Williamsburg County,G4500890,2080-2099,21.9477585011294,41.21329116821289,-4.71512508392334,920.0564203109524,2251.4882732230103,70.2540306807653,15.589092128177883,29.490193430449573,-4.715125249379013,3.9309560818214937,9.102947235107422,182.85308219178083,994,184.70027227970465,928.9144897460938,76.68561643835616,591
