,state,county,gisjoin,year range,avg temp,max temp,min temp,hdd,cdd,avg rh,average dp,max dp,min dp,avg wind speed,max wind speed,avg ghr,max ghr,avg dnr,max dnr,avg dhr,max dhr
0,KY,Martin County,G2101590,1980-1999,12.320666687398246,34.547332763671875,-19.98600006103516,2841.7669481491994,659.3102890491854,67.97284552626414,5.714766943269891,21.985069097728537,-19.98600138989498,3.9002728494062815,10.198379516601562,165.1150684931507,991,190.24612119516877,949.9608154296876,80.56038812785388,679
