,state,county,gisjoin,year range,avg temp,max temp,min temp,hdd,cdd,avg rh,average dp,max dp,min dp,avg wind speed,max wind speed,avg ghr,max ghr,avg dnr,max dnr,avg dhr,max dhr
0,KY,Martin County,G2101590,2020-2039,13.959774351353252,34.94668960571289,-13.696884155273438,2468.0816965844033,883.8993348281124,68.51197392080472,7.475950044851307,23.05800978700833,-13.69688558411102,3.9117898357105036,10.213964462280272,165.1150684931507,991,187.09688500546122,959.6424560546876,80.56038812785388,679
