,state,county,gisjoin,year range,avg temp,max temp,min temp,hdd,cdd,avg rh,average dp,max dp,min dp,avg wind speed,max wind speed,avg ghr,max ghr,avg dnr,max dnr,avg dhr,max dhr
0,KY,Martin County,G2101590,2060-2079,15.76402913251219,35.96930694580078,-8.888468742370605,2088.9647045104143,1163.335337877348,69.5344534691066,9.42375492978344,24.214481070056603,-8.888469330708578,4.151212999170229,14.434688568115234,165.1150684931507,991,182.04454852195497,938.0045166015624,80.56038812785388,679
