,state,county,gisjoin,year range,avg temp,max temp,min temp,hdd,cdd,avg rh,average dp,max dp,min dp,avg wind speed,max wind speed,avg ghr,max ghr,avg dnr,max dnr,avg dhr,max dhr
0,WI,Columbia County,G5500210,2000-2019,8.174485160591885,33.984615325927734,-26.44230842590332,4196.720543998909,500.9076276143565,68.14012953113748,1.9165771014515245,21.734036646944848,-26.44230821296077,4.183787038854268,9.034939765930176,162.9494292237443,1004,178.89520254679041,918.3643798828124,78.29897260273972,657
