,state,county,gisjoin,year range,avg temp,max temp,min temp,hdd,cdd,avg rh,average dp,max dp,min dp,avg wind speed,max wind speed,avg ghr,max ghr,avg dnr,max dnr,avg dhr,max dhr
0,WI,Columbia County,G5500210,2040-2059,10.90726081414551,38.55863571166992,-24.96646881103516,3496.285017913193,797.9352150758551,69.52698959215591,4.854186821200967,26.032778712311604,-24.96646957250772,4.173383986337544,9.340424537658691,162.9494292237443,1004,173.10720190956587,892.400146484375,78.29897260273972,657
