,state,county,gisjoin,year range,avg temp,max temp,min temp,hdd,cdd,avg rh,average dp,max dp,min dp,avg wind speed,max wind speed,avg ghr,max ghr,avg dnr,max dnr,avg dhr,max dhr
0,VT,Orleans County,G5000190,1980-1999,5.180872076913315,32.24357223510742,-29.586429595947266,5054.4068676736415,265.92517574627476,68.6793310459346,-0.8867978079982942,18.782271625050683,-29.58643150016771,4.917463358066398,11.611272811889648,137.9804794520548,958,171.79643932309023,951.3557739257812,65.97226027397261,595
