,state,county,gisjoin,year range,avg temp,max temp,min temp,hdd,cdd,avg rh,average dp,max dp,min dp,avg wind speed,max wind speed,avg ghr,max ghr,avg dnr,max dnr,avg dhr,max dhr
0,VT,Orleans County,G5000190,2040-2059,8.4700507074213,32.27952194213867,-28.989891052246094,4050.6057601964744,462.6742684046551,70.45637144519858,2.6448245549746985,21.24306974722486,-28.989894710093942,5.165145818991204,13.15148639678955,137.9804794520548,958,166.32636082865164,947.7349853515624,65.97226027397261,595
