,state,county,gisjoin,year range,avg temp,max temp,min temp,hdd,cdd,avg rh,average dp,max dp,min dp,avg wind speed,max wind speed,avg ghr,max ghr,avg dnr,max dnr,avg dhr,max dhr
0,OR,Jackson County,G4100290,2060-2079,14.982263930638233,42.74330139160156,-6.381603717803955,2174.713135989792,963.7394706726524,53.29324413363792,3.3099496194257,12.0291868202647,-6.5902154419892645,3.794693686210946,8.175323486328125,181.9892694063927,1007,196.62399740283277,939.3601684570312,64.57694063926941,632
