,state,county,gisjoin,year range,avg temp,max temp,min temp,hdd,cdd,avg rh,average dp,max dp,min dp,avg wind speed,max wind speed,avg ghr,max ghr,avg dnr,max dnr,avg dhr,max dhr
0,PA,Washington County,G4201250,1980-1999,10.318417229266469,34.24533462524414,-17.189332962036133,3386.811451361916,473.5337400436527,68.90674401440033,4.133378228991248,20.75298504727966,-18.05985168078304,4.078445146835014,8.91036605834961,156.36929223744292,983,180.00893828897281,929.2733154296876,77.15114155251142,445
