,state,county,gisjoin,year range,avg temp,max temp,min temp,hdd,cdd,avg rh,average dp,max dp,min dp,avg wind speed,max wind speed,avg ghr,max ghr,avg dnr,max dnr,avg dhr,max dhr
0,NC,Rowan County,G3701590,1980-1999,14.783843264483568,36.776248931884766,-10.124375343322754,2211.016470554982,927.6192620913804,66.97666015929828,7.87699784625239,21.98444975701038,-10.124375529083997,3.2856465628702347,7.535181522369385,186.27317351598174,1013,197.48448765564606,940.9818725585938,75.83287671232877,576
