,state,county,gisjoin,year range,avg temp,max temp,min temp,hdd,cdd,avg rh,average dp,max dp,min dp,avg wind speed,max wind speed,avg ghr,max ghr,avg dnr,max dnr,avg dhr,max dhr
0,NC,Rowan County,G3701590,2020-2039,16.33261026040144,36.41608810424805,-10.341045379638672,1852.3587890880565,1134.2615341346213,67.88620357905349,9.5735199406061,23.218113834503377,-10.3410465710284,3.4636600602163026,7.176599025726318,186.27317351598174,1013,193.29288492710845,947.1458129882812,75.83287671232877,576
