,state,county,gisjoin,year range,avg temp,max temp,min temp,hdd,cdd,avg rh,average dp,max dp,min dp,avg wind speed,max wind speed,avg ghr,max ghr,avg dnr,max dnr,avg dhr,max dhr
0,AR,Fulton County,G0500490,1980-1999,13.671649409460978,37.96875,-21.856874465942383,2544.0844581172933,854.7364925702929,67.11256690787398,6.773308988598801,21.263432494821103,-21.856875303382655,3.562929678126557,9.28604507446289,182.14623287671233,997,198.06289022959072,948.4895629882812,71.50239726027397,699
