,state,county,gisjoin,year range,avg temp,max temp,min temp,hdd,cdd,avg rh,average dp,max dp,min dp,avg wind speed,max wind speed,avg ghr,max ghr,avg dnr,max dnr,avg dhr,max dhr
0,AR,Fulton County,G0500490,2020-2039,15.475769778927239,38.53146743774414,-20.092212677001957,2152.0786329363823,1121.2346022447632,68.17481834529197,8.781919847137273,24.68157837246516,-20.09221380449345,3.40666564000796,8.252604484558105,182.14623287671233,997,196.34243580270638,934.769287109375,71.50239726027397,699
