,state,county,gisjoin,year range,avg temp,max temp,min temp,hdd,cdd,avg rh,average dp,max dp,min dp,avg wind speed,max wind speed,avg ghr,max ghr,avg dnr,max dnr,avg dhr,max dhr
0,AR,Fulton County,G0500490,2080-2099,18.646310914146376,44.04165649414063,-11.49839973449707,1613.2852058068456,1739.6886894701968,68.86245340059881,12.010866651090529,26.584371176251476,-11.49839979374076,3.4240468373037363,8.144038200378418,182.14623287671233,997,188.42182344400996,922.4758911132812,71.50239726027397,699
