,state,county,gisjoin,year range,avg temp,max temp,min temp,hdd,cdd,avg rh,average dp,max dp,min dp,avg wind speed,max wind speed,avg ghr,max ghr,avg dnr,max dnr,avg dhr,max dhr
0,GA,Dade County,G1300830,2000-2019,15.813197248787768,35.88642883300781,-14.171428680419922,2010.7419482430132,1103.0589440505412,69.01404532515295,9.368904532919794,23.039455103617524,-14.228720871796432,3.9038420506263978,9.56718635559082,178.75011415525114,1021,195.7911317655451,948.182861328125,76.31541095890411,548
