,state,county,gisjoin,year range,avg temp,max temp,min temp,hdd,cdd,avg rh,average dp,max dp,min dp,avg wind speed,max wind speed,avg ghr,max ghr,avg dnr,max dnr,avg dhr,max dhr
0,GA,Dade County,G1300830,2020-2039,16.69253938820917,36.77638626098633,-11.54713535308838,1740.1243753190922,1153.4012520155072,68.27733067921852,10.02807024728531,22.754044544286685,-12.270360792558858,3.8742031563634742,9.191207885742188,178.75011415525114,1021,195.38509990885163,976.4359130859376,76.31541095890411,548
