,state,county,gisjoin,year range,avg temp,max temp,min temp,hdd,cdd,avg rh,average dp,max dp,min dp,avg wind speed,max wind speed,avg ghr,max ghr,avg dnr,max dnr,avg dhr,max dhr
0,GA,Dade County,G1300830,2040-2059,17.81492400385464,38.87324905395508,-7.845428466796875,1608.5819483657754,1431.5292097727768,70.01282579822627,11.515780623263353,25.332721371338764,-7.845428727120827,3.8918615388135387,11.1357421875,178.75011415525114,1021,190.81663237677506,927.9246215820312,76.31541095890411,548
