,state,county,gisjoin,year range,avg temp,max temp,min temp,hdd,cdd,avg rh,average dp,max dp,min dp,avg wind speed,max wind speed,avg ghr,max ghr,avg dnr,max dnr,avg dhr,max dhr
0,ID,Minidoka County,G1600670,2000-2019,9.776444886068804,35.57400131225586,-22.121999740600582,3666.9257435246013,555.8281269391556,46.66412653139193,-3.1000455575686803,9.795858178082964,-22.121999947288007,3.295005814683492,7.790216445922852,192.90319634703195,1026,208.34333131533057,962.704833984375,58.68036529680365,449
