,state,county,gisjoin,year range,avg temp,max temp,min temp,hdd,cdd,avg rh,average dp,max dp,min dp,avg wind speed,max wind speed,avg ghr,max ghr,avg dnr,max dnr,avg dhr,max dhr
0,MN,Olmsted County,G2701090,2020-2039,8.748009977275837,35.02506256103516,-25.9146671295166,4091.4876992945096,605.01134099963,67.09098899026984,2.255523561058622,22.8107833536588,-25.98515435955423,4.400569582312074,9.353021621704102,156.6470319634703,955,173.68433143979095,905.0825805664062,70.36529680365297,461
