,state,county,gisjoin,year range,avg temp,max temp,min temp,hdd,cdd,avg rh,average dp,max dp,min dp,avg wind speed,max wind speed,avg ghr,max ghr,avg dnr,max dnr,avg dhr,max dhr
0,KY,Harlan County,G2100950,2020-2039,13.043260765769231,32.21439743041992,-20.874460220336918,2594.393371408719,675.683550914168,69.79352739129436,6.930844792970922,21.47760294422671,-20.87446301475887,3.926699944963194,9.94447422027588,172.46563926940638,997,190.81832946759948,971.1699829101562,76.91826484018264,631
