,state,county,gisjoin,year range,avg temp,max temp,min temp,hdd,cdd,avg rh,average dp,max dp,min dp,avg wind speed,max wind speed,avg ghr,max ghr,avg dnr,max dnr,avg dhr,max dhr
0,KY,Harlan County,G2100950,2040-2059,14.762584112961054,35.80495834350586,-12.3855562210083,2220.20930942829,929.0525106589615,70.08023457853761,8.605046186665616,21.98664134832926,-12.385556559979728,3.9808194728610724,8.356938362121582,172.46563926940638,997,188.33982559092232,961.8622436523438,76.91826484018264,631
