,state,county,gisjoin,year range,avg temp,max temp,min temp,hdd,cdd,avg rh,average dp,max dp,min dp,avg wind speed,max wind speed,avg ghr,max ghr,avg dnr,max dnr,avg dhr,max dhr
0,KY,Harlan County,G2100950,2060-2079,14.612979455233779,36.286170959472656,-12.050334930419922,2287.1501264414924,941.3876276016871,70.68452961325102,8.611006448315502,22.474260891123947,-12.050335700665103,4.182358444254148,10.486093521118164,172.46563926940638,997,185.5456859188206,940.455810546875,76.91826484018264,631
