,state,county,gisjoin,year range,avg temp,max temp,min temp,hdd,cdd,avg rh,average dp,max dp,min dp,avg wind speed,max wind speed,avg ghr,max ghr,avg dnr,max dnr,avg dhr,max dhr
0,MS,Scott County,G2801230,1980-1999,17.304951830673126,35.5716667175293,-6.987222194671631,1585.2354530092941,1222.0428712050964,68.70020462737236,10.690710223019895,23.603675811665106,-6.987222862436352,3.576669361724701,8.38466739654541,191.8788812785388,1032,202.32881598039074,950.73046875,79.87111872146119,569
