,state,county,gisjoin,year range,avg temp,max temp,min temp,hdd,cdd,avg rh,average dp,max dp,min dp,avg wind speed,max wind speed,avg ghr,max ghr,avg dnr,max dnr,avg dhr,max dhr
0,MS,Scott County,G2801230,2040-2059,19.86690865764118,39.49015426635742,-8.729473114013672,1170.490008102576,1742.4116681415835,69.64593127220189,13.401457297139276,27.930243920997647,-8.729474120896072,3.6484910185886843,8.940513610839844,191.8788812785388,1032,195.9919525586809,934.4660034179688,79.87111872146119,569
