,state,county,gisjoin,year range,avg temp,max temp,min temp,hdd,cdd,avg rh,average dp,max dp,min dp,avg wind speed,max wind speed,avg ghr,max ghr,avg dnr,max dnr,avg dhr,max dhr
0,NC,Wake County,G3701830,2040-2059,17.97800152986733,37.67713928222656,-6.708653450012207,1554.583905541229,1437.0544639428742,69.4126102493234,11.622030248633903,25.107281408013897,-6.708653598190751,3.7414713872622136,8.509992599487305,181.42796803652968,1003,186.01786334596213,919.91796875,80.32168949771689,635
