,state,county,gisjoin,year range,avg temp,max temp,min temp,hdd,cdd,avg rh,average dp,max dp,min dp,avg wind speed,max wind speed,avg ghr,max ghr,avg dnr,max dnr,avg dhr,max dhr
0,NE,Lincoln County,G3101110,2040-2059,12.409925974427923,40.030670166015625,-24.379047393798828,3070.074049989745,920.1970306555922,54.88098520906004,2.2233112297385667,21.32691007432206,-25.55086500588846,4.075624602733682,9.79200553894043,184.49680365296803,997,196.21941279792588,939.8099365234376,65.82146118721461,642
