,state,county,gisjoin,year range,avg temp,max temp,min temp,hdd,cdd,avg rh,average dp,max dp,min dp,avg wind speed,max wind speed,avg ghr,max ghr,avg dnr,max dnr,avg dhr,max dhr
0,TX,Nueces County,G4803550,2080-2099,26.230797758086087,41.56455993652344,2.715153455734253,257.3958755076,3152.1370572086166,66.1617370002346,18.893371846839077,30.83797184697237,2.715153713050168,5.416746331241033,9.129273414611816,189.18447488584474,1012,190.44216666323462,925.1161499023438,81.89098173515981,524
