,state,county,gisjoin,year range,avg temp,max temp,min temp,hdd,cdd,avg rh,average dp,max dp,min dp,avg wind speed,max wind speed,avg ghr,max ghr,avg dnr,max dnr,avg dhr,max dhr
0,SD,Marshall County,G4600910,2040-2059,8.658194946224024,36.82332611083984,-26.2951774597168,4193.237268955362,673.9784243266084,62.89870236605814,1.141059278341927,22.58240394662822,-27.32299000553648,5.110398679726744,11.63645839691162,161.81141552511414,962,175.4580270365858,897.89208984375,62.15536529680365,532
