,state,county,gisjoin,year range,avg temp,max temp,min temp,hdd,cdd,avg rh,average dp,max dp,min dp,avg wind speed,max wind speed,avg ghr,max ghr,avg dnr,max dnr,avg dhr,max dhr
0,SD,Marshall County,G4600910,2060-2079,9.314078948858842,40.49302673339844,-31.546491622924805,4114.558383997165,834.6972003301383,64.22626862036039,2.094040986044501,23.624122128301376,-31.702430347676465,4.828054029892569,10.45302391052246,161.81141552511414,962,174.84955334673793,908.7366943359376,62.15536529680365,532
