,state,county,gisjoin,year range,avg temp,max temp,min temp,hdd,cdd,avg rh,average dp,max dp,min dp,avg wind speed,max wind speed,avg ghr,max ghr,avg dnr,max dnr,avg dhr,max dhr
0,GA,Cobb County,G1300670,1980-1999,15.223413159038348,33.77000045776367,-10.29599952697754,1999.0171887450215,876.0629917940082,69.4625350736592,8.964220385009902,21.82673638865645,-10.296000819494976,3.5111574366212435,8.888835906982422,173.2590182648402,1029,197.42643981850495,952.5097045898438,80.0404109589041,654
