,state,county,gisjoin,year range,avg temp,max temp,min temp,hdd,cdd,avg rh,average dp,max dp,min dp,avg wind speed,max wind speed,avg ghr,max ghr,avg dnr,max dnr,avg dhr,max dhr
0,GA,Cobb County,G1300670,2020-2039,16.891985747915044,36.75834655761719,-11.684593200683594,1645.800576359957,1131.8753743490354,69.54531515461125,10.55392746289958,22.93566093280373,-11.684593975670303,3.4804716561210753,9.422940254211426,173.2590182648402,1029,194.73701541973395,957.6563110351562,80.0404109589041,654
