,state,county,gisjoin,year range,avg temp,max temp,min temp,hdd,cdd,avg rh,average dp,max dp,min dp,avg wind speed,max wind speed,avg ghr,max ghr,avg dnr,max dnr,avg dhr,max dhr
0,IN,Miami County,G1801030,2000-2019,10.939143133187214,36.08230972290039,-26.28230857849121,3362.7723127601316,676.0595563729956,69.69258539883513,4.9424109609128895,23.70768136135497,-26.28231021856683,4.223692683719064,10.71392822265625,156.0728310502283,966,178.3839587466105,932.6145629882812,77.29178082191781,634
