,state,county,gisjoin,year range,avg temp,max temp,min temp,hdd,cdd,avg rh,average dp,max dp,min dp,avg wind speed,max wind speed,avg ghr,max ghr,avg dnr,max dnr,avg dhr,max dhr
0,AR,Franklin County,G0500470,2000-2019,16.720132382678838,38.18999862670898,-9.058666229248049,1877.8545237975875,1301.2028434754204,67.26303268284558,9.828899462758715,23.793781196636463,-9.442512798522277,3.1292272597143094,7.176146507263184,191.69554794520548,1007,195.2526170539169,930.7928466796876,74.12054794520547,633
