,state,county,gisjoin,year range,avg temp,max temp,min temp,hdd,cdd,avg rh,average dp,max dp,min dp,avg wind speed,max wind speed,avg ghr,max ghr,avg dnr,max dnr,avg dhr,max dhr
0,AR,Franklin County,G0500470,2020-2039,17.179124092514687,40.93798065185547,-12.44416332244873,1813.0782904613209,1403.9585842291942,69.55479858999382,10.829090628123781,25.01775223814835,-12.444164789566983,3.102453437896624,6.549051761627197,191.69554794520548,1007,192.10691384022917,934.6404418945312,74.12054794520547,633
