,state,county,gisjoin,year range,avg temp,max temp,min temp,hdd,cdd,avg rh,average dp,max dp,min dp,avg wind speed,max wind speed,avg ghr,max ghr,avg dnr,max dnr,avg dhr,max dhr
0,AR,Franklin County,G0500470,2060-2079,18.840104228710214,41.50172805786133,-7.933060169219971,1525.2196415144608,1722.3576849936433,69.0988466066857,12.303184125620522,28.40331363311556,-7.933061004898072,3.096671144276449,7.33624792098999,191.69554794520548,1007,188.9053313601367,923.103515625,74.12054794520547,633
