,state,county,gisjoin,year range,avg temp,max temp,min temp,hdd,cdd,avg rh,average dp,max dp,min dp,avg wind speed,max wind speed,avg ghr,max ghr,avg dnr,max dnr,avg dhr,max dhr
0,AR,Franklin County,G0500470,2080-2099,20.692385397496547,44.29951095581055,-7.360806941986084,1263.7293425816576,2136.9500126677667,68.95483936501421,13.996481882138536,28.38320379589185,-7.632345979900065,3.1167243555800557,7.811612129211426,191.69554794520548,1007,187.18984834172429,912.66162109375,74.12054794520547,633
