,state,county,gisjoin,year range,avg temp,max temp,min temp,hdd,cdd,avg rh,average dp,max dp,min dp,avg wind speed,max wind speed,avg ghr,max ghr,avg dnr,max dnr,avg dhr,max dhr
0,SD,Mellette County,G4600950,2040-2059,12.262915345949338,43.9578742980957,-20.05608940124512,3229.826512523245,1026.2906137943785,56.51240262168727,2.6587705294008166,26.20689646754365,-21.81012991976071,4.401595957393516,10.240927696228027,173.03824200913243,988,187.13687653613582,942.4024658203124,61.17728310502283,566
