,state,county,gisjoin,year range,avg temp,max temp,min temp,hdd,cdd,avg rh,average dp,max dp,min dp,avg wind speed,max wind speed,avg ghr,max ghr,avg dnr,max dnr,avg dhr,max dhr
0,ME,Hancock County,G2300090,2000-2019,8.435885183673594,32.36199951171875,-26.040000915527344,3924.994192464357,324.5922845045638,70.6992700311147,2.8049092539944325,20.102037237221573,-26.04000232673166,4.812678430164786,12.97092056274414,142.87739726027397,961,173.54733064744397,896.957763671875,62.768264840182646,537
