,state,county,gisjoin,year range,avg temp,max temp,min temp,hdd,cdd,avg rh,average dp,max dp,min dp,avg wind speed,max wind speed,avg ghr,max ghr,avg dnr,max dnr,avg dhr,max dhr
0,ME,Hancock County,G2300090,2020-2039,8.575039536075447,32.21689224243164,-23.853683471679688,3851.6524951607594,302.0419258276536,71.43829705399466,3.104516002835801,19.75208914802947,-23.853684006980707,4.756036360378134,13.14979648590088,142.87739726027397,961,172.65419809970788,898.1194458007812,62.768264840182646,537
