,state,county,gisjoin,year range,avg temp,max temp,min temp,hdd,cdd,avg rh,average dp,max dp,min dp,avg wind speed,max wind speed,avg ghr,max ghr,avg dnr,max dnr,avg dhr,max dhr
0,ME,Hancock County,G2300090,2040-2059,10.028844870854122,34.31522750854492,-22.64837074279785,3509.956593058097,490.98497091930994,71.94309430557843,4.61372197749239,22.74442323680393,-22.64837148659753,4.854499434227268,11.310742378234863,142.87739726027397,961,169.49742143752243,899.029296875,62.768264840182646,537
