,state,county,gisjoin,year range,avg temp,max temp,min temp,hdd,cdd,avg rh,average dp,max dp,min dp,avg wind speed,max wind speed,avg ghr,max ghr,avg dnr,max dnr,avg dhr,max dhr
0,TX,Menard County,G4803270,1980-1999,17.758617730021474,37.915626525878906,-7.981874942779541,1607.604181198054,1409.9996526559619,56.02311064619996,7.791468324372499,19.684939783659647,-8.401155259127338,4.733206903662311,9.460251808166504,214.40616438356165,1045,222.64259215784062,1006.7105712890624,69.54337899543378,518
