,state,county,gisjoin,year range,avg temp,max temp,min temp,hdd,cdd,avg rh,average dp,max dp,min dp,avg wind speed,max wind speed,avg ghr,max ghr,avg dnr,max dnr,avg dhr,max dhr
0,TX,Menard County,G4803270,2020-2039,19.156988269734683,39.51799392700195,-7.934412002563477,1311.6894818437913,1624.4902002969775,56.57866460188339,9.208583596503285,23.637464266722155,-9.521160215128104,4.830029714107513,9.41689682006836,214.40616438356165,1045,221.05387829330593,1004.9949340820312,69.54337899543378,518
