,state,county,gisjoin,year range,avg temp,max temp,min temp,hdd,cdd,avg rh,average dp,max dp,min dp,avg wind speed,max wind speed,avg ghr,max ghr,avg dnr,max dnr,avg dhr,max dhr
0,KS,Sumner County,G2001910,2000-2019,14.889558982138867,40.10749816894531,-17.07062530517578,2440.148324908028,1195.3373533885344,63.427321644787376,7.075490502052194,24.63811416599533,-17.839974611278535,4.2457147696246835,11.188714027404783,178.28470319634704,997,194.92851231853902,942.5645751953124,70.8716894977169,618
