,state,county,gisjoin,year range,avg temp,max temp,min temp,hdd,cdd,avg rh,average dp,max dp,min dp,avg wind speed,max wind speed,avg ghr,max ghr,avg dnr,max dnr,avg dhr,max dhr
0,KS,Sumner County,G2001910,2060-2079,17.626665924600278,42.09439086914063,-15.249871253967283,1933.5118298956197,1687.7448923745958,66.15025830987382,10.341321323057578,26.751390806649265,-15.435829252825652,4.404232966736571,13.791138648986816,178.28470319634704,997,189.97159903078793,913.8712768554688,70.8716894977169,618
