,state,county,gisjoin,year range,avg temp,max temp,min temp,hdd,cdd,avg rh,average dp,max dp,min dp,avg wind speed,max wind speed,avg ghr,max ghr,avg dnr,max dnr,avg dhr,max dhr
0,KY,Jackson County,G2101090,2060-2079,15.81564233881213,36.41806411743164,-9.93041706085205,2030.9949628311922,1124.2044164976173,70.3431417336747,9.722041197732876,24.076268262324096,-10.04643531036146,3.882271405768721,8.942190170288086,164.45856164383562,1000,183.25731415737604,944.366943359375,77.09246575342466,660
