,state,county,gisjoin,year range,avg temp,max temp,min temp,hdd,cdd,avg rh,average dp,max dp,min dp,avg wind speed,max wind speed,avg ghr,max ghr,avg dnr,max dnr,avg dhr,max dhr
0,LA,East Carroll Parish,G2200350,2020-2039,19.154613928334335,38.86670303344727,-7.651486396789551,1337.1472994815501,1649.081383323588,70.26425648693625,12.902662154166915,24.717062869542968,-7.651487448441879,3.553071193989009,8.041611671447754,189.82305936073058,984,194.17233325230964,920.842041015625,74.35810502283105,477
