,state,county,gisjoin,year range,avg temp,max temp,min temp,hdd,cdd,avg rh,average dp,max dp,min dp,avg wind speed,max wind speed,avg ghr,max ghr,avg dnr,max dnr,avg dhr,max dhr
0,LA,East Carroll Parish,G2200350,2080-2099,22.498209232748508,42.52336120605469,-3.868885517120361,840.8189904815973,2373.1653604346034,70.78081789691699,16.28219877777898,29.83777360603915,-3.868885802941724,3.543544196102717,8.127751350402832,189.82305936073058,984,185.82518361657975,896.2610473632812,74.35810502283105,477
