,state,county,gisjoin,year range,avg temp,max temp,min temp,hdd,cdd,avg rh,average dp,max dp,min dp,avg wind speed,max wind speed,avg ghr,max ghr,avg dnr,max dnr,avg dhr,max dhr
0,PA,Sullivan County,G4201130,2000-2019,8.20629634768455,32.25785827636719,-21.19357109069824,4045.013623752793,360.81179065703844,69.62709864307212,2.2914684724460006,20.342309593241847,-21.19357349137285,4.9997399460779475,11.97865104675293,155.9428082191781,984,180.3371684815584,956.1995849609376,79.51415525114155,518
