,state,county,gisjoin,year range,avg temp,max temp,min temp,hdd,cdd,avg rh,average dp,max dp,min dp,avg wind speed,max wind speed,avg ghr,max ghr,avg dnr,max dnr,avg dhr,max dhr
0,PA,Sullivan County,G4201130,2020-2039,8.86019581792017,31.92567443847656,-22.843242645263672,3823.9875558322765,378.4590293725326,70.50164687143614,3.1341828595811663,20.158372080848302,-22.843244669585484,5.485378586102838,12.607486724853516,155.9428082191781,984,178.18468846240236,937.3673706054688,79.51415525114155,518
