,state,county,gisjoin,year range,avg temp,max temp,min temp,hdd,cdd,avg rh,average dp,max dp,min dp,avg wind speed,max wind speed,avg ghr,max ghr,avg dnr,max dnr,avg dhr,max dhr
0,IA,Cass County,G1900290,2020-2039,11.136531961720868,35.63990783691406,-24.54558563232422,3419.2078627650535,804.5420287927462,65.78242789011567,4.182143563851617,25.43794940277257,-24.54558747479468,4.480361442696558,9.771446228027344,153.77796803652967,977,182.526695200837,935.3132934570312,68.72534246575343,510
