,state,county,gisjoin,year range,avg temp,max temp,min temp,hdd,cdd,avg rh,average dp,max dp,min dp,avg wind speed,max wind speed,avg ghr,max ghr,avg dnr,max dnr,avg dhr,max dhr
0,OK,Washington County,G4001470,2080-2099,20.178177016151803,47.07575607299805,-11.064324378967283,1452.489939701398,2138.0245505966873,66.47296099989381,12.875761915769589,30.01103371686412,-11.881244461591224,4.455332104473898,10.540600776672363,175.05388127853882,1002,186.553821422661,918.6793212890624,72.03424657534246,616
