,state,county,gisjoin,year range,avg temp,max temp,min temp,hdd,cdd,avg rh,average dp,max dp,min dp,avg wind speed,max wind speed,avg ghr,max ghr,avg dnr,max dnr,avg dhr,max dhr
0,GA,Taylor County,G1302690,2000-2019,18.415962962179655,38.02470779418945,-9.06999969482422,1365.226404797657,1407.552885993364,67.06276777715988,11.369091878104207,23.957011056036237,-9.070000674945073,3.3765431605245424,8.132146835327148,191.99166666666667,1021,202.35563502754061,951.27001953125,78.06392694063926,512
