,state,county,gisjoin,year range,avg temp,max temp,min temp,hdd,cdd,avg rh,average dp,max dp,min dp,avg wind speed,max wind speed,avg ghr,max ghr,avg dnr,max dnr,avg dhr,max dhr
0,CO,Kit Carson County,G0800630,2000-2019,10.740158064240381,39.13714218139648,-19.32285690307617,3512.1957222327055,752.8534156799674,51.266704528299094,-0.529221011767794,17.025933292683195,-22.792335651088507,4.089685605078527,10.79689884185791,199.1041095890411,1020,217.40697494752212,963.2848510742188,59.19280821917808,477
