,state,county,gisjoin,year range,avg temp,max temp,min temp,hdd,cdd,avg rh,average dp,max dp,min dp,avg wind speed,max wind speed,avg ghr,max ghr,avg dnr,max dnr,avg dhr,max dhr
0,MI,Ingham County,G2600650,2020-2039,10.179104157113409,35.86945724487305,-25.92816162109375,3528.4417345971146,564.3147519429758,68.96741497440425,4.101828475563346,21.460818045687123,-25.928161479254047,4.456028181273643,9.408371925354004,156.12328767123287,982,177.3771390069625,929.77490234375,75.499200913242,625
