,state,county,gisjoin,year range,avg temp,max temp,min temp,hdd,cdd,avg rh,average dp,max dp,min dp,avg wind speed,max wind speed,avg ghr,max ghr,avg dnr,max dnr,avg dhr,max dhr
0,MI,Ingham County,G2600650,2060-2079,11.923015976423498,35.48872756958008,-15.96775722503662,3152.793216327116,825.1940477212735,69.30812013987537,5.8314989056045095,24.38872975007991,-16.804621588649475,4.445557469510597,10.344660758972168,156.12328767123287,982,171.64704247191372,913.9585571289062,75.499200913242,625
