,state,county,gisjoin,year range,avg temp,max temp,min temp,hdd,cdd,avg rh,average dp,max dp,min dp,avg wind speed,max wind speed,avg ghr,max ghr,avg dnr,max dnr,avg dhr,max dhr
0,MI,Ingham County,G2600650,2080-2099,14.182160917789405,38.76850891113281,-17.906129837036133,2638.526820071099,1135.5155550639472,68.51619430938268,7.761891974195344,27.23446496557759,-17.90612969509574,4.356832776235663,10.585888862609863,156.12328767123287,982,168.56766977579227,931.6893310546876,75.499200913242,625
