,state,county,gisjoin,year range,avg temp,max temp,min temp,hdd,cdd,avg rh,average dp,max dp,min dp,avg wind speed,max wind speed,avg ghr,max ghr,avg dnr,max dnr,avg dhr,max dhr
0,IN,Knox County,G1800830,2000-2019,13.554107553046038,36.421875,-20.91437530517578,2631.690698865804,899.4399557273119,69.6015317028516,7.41344960734834,25.06036415124159,-20.91437589589932,4.057340371853685,9.606778144836426,176.53789954337898,1021,183.03071778056824,917.5355224609376,72.31552511415525,605
