,state,county,gisjoin,year range,avg temp,max temp,min temp,hdd,cdd,avg rh,average dp,max dp,min dp,avg wind speed,max wind speed,avg ghr,max ghr,avg dnr,max dnr,avg dhr,max dhr
0,KY,Bell County,G2100130,2060-2079,15.55976638236183,36.34650039672852,-12.450291633605955,2109.474448348519,1109.2891779105585,70.77366285193456,9.533616644198593,23.773742436110982,-12.705870768052362,3.8751576448684415,12.096331596374512,164.45856164383562,1000,184.77422955184505,953.4964599609376,77.09246575342466,660
