,state,county,gisjoin,year range,avg temp,max temp,min temp,hdd,cdd,avg rh,average dp,max dp,min dp,avg wind speed,max wind speed,avg ghr,max ghr,avg dnr,max dnr,avg dhr,max dhr
0,MO,Mississippi County,G2901330,2040-2059,17.102626704708985,41.105018615722656,-8.804403305053711,1871.2733996642773,1434.2321468830353,71.05520197594002,11.188620318483348,25.8502666372306,-9.318754681950873,4.000621104226809,9.044641494750977,169.3714611872146,996,182.99669716545912,926.523681640625,70.01084474885845,612
