,state,county,gisjoin,year range,avg temp,max temp,min temp,hdd,cdd,avg rh,average dp,max dp,min dp,avg wind speed,max wind speed,avg ghr,max ghr,avg dnr,max dnr,avg dhr,max dhr
0,MO,Mississippi County,G2901330,2080-2099,19.50515476501888,41.24375534057617,-13.393719673156738,1512.4611748509062,1952.3426640827047,71.29539024971392,13.520327605362917,28.70731650646435,-13.39371976051244,3.809085047285851,9.511420249938965,169.3714611872146,996,179.6438445098847,882.6846313476562,70.01084474885845,612
