,state,county,gisjoin,year range,avg temp,max temp,min temp,hdd,cdd,avg rh,average dp,max dp,min dp,avg wind speed,max wind speed,avg ghr,max ghr,avg dnr,max dnr,avg dhr,max dhr
0,WV,Hardy County,G5400310,2040-2059,13.14852758162505,35.77687454223633,-16.051937103271484,2688.0211534866394,807.7337207794685,67.1271379353249,6.287902466828021,23.38881312373545,-16.051938796707674,4.712293796669947,11.202126502990724,172.51221461187214,1037,186.87748579282655,953.25439453125,71.65251141552511,619
