,state,county,gisjoin,year range,avg temp,max temp,min temp,hdd,cdd,avg rh,average dp,max dp,min dp,avg wind speed,max wind speed,avg ghr,max ghr,avg dnr,max dnr,avg dhr,max dhr
0,OH,Montgomery County,G3901130,2020-2039,13.004523005136424,35.66398239135742,-17.791044235229492,2820.0808711773752,887.2317680518368,69.06141107768228,6.744467207348151,23.542515816823396,-19.24989088208433,3.6625193706114,9.083965301513672,162.5189497716895,990,178.2146600814258,933.766845703125,77.84452054794521,498
