,state,county,gisjoin,year range,avg temp,max temp,min temp,hdd,cdd,avg rh,average dp,max dp,min dp,avg wind speed,max wind speed,avg ghr,max ghr,avg dnr,max dnr,avg dhr,max dhr
0,SC,Abbeville County,G4500010,2020-2039,17.51931132765225,38.04913711547852,-7.133452892303467,1581.6593238190662,1296.7079584122562,67.78857587679336,10.741510406224995,24.183767865125606,-7.133453616888708,3.562360383386481,7.9573445320129395,181.01187214611872,997,196.99649205779815,927.924072265625,75.90650684931506,629
