,state,county,gisjoin,year range,avg temp,max temp,min temp,hdd,cdd,avg rh,average dp,max dp,min dp,avg wind speed,max wind speed,avg ghr,max ghr,avg dnr,max dnr,avg dhr,max dhr
0,SC,Abbeville County,G4500010,2040-2059,18.93881067457528,38.81803894042969,-7.607741832733154,1387.860520796922,1621.0264170169103,67.20791362279083,11.934221137630976,25.385998014427045,-7.60774235909007,3.541338070777998,9.01403522491455,181.01187214611872,997,194.58583298919936,944.0535888671876,75.90650684931506,629
