,state,county,gisjoin,year range,avg temp,max temp,min temp,hdd,cdd,avg rh,average dp,max dp,min dp,avg wind speed,max wind speed,avg ghr,max ghr,avg dnr,max dnr,avg dhr,max dhr
0,TX,Motley County,G4803450,1980-1999,15.662512929024654,39.04133224487305,-13.789999961853027,2133.7319413707132,1171.049160464676,54.99170311019845,5.411651853988395,21.061884234066014,-16.08503384579763,4.50479346023847,9.631778717041016,202.55091324200913,1023,219.02380497984905,978.1298217773438,63.59006849315068,598
