,state,county,gisjoin,year range,avg temp,max temp,min temp,hdd,cdd,avg rh,average dp,max dp,min dp,avg wind speed,max wind speed,avg ghr,max ghr,avg dnr,max dnr,avg dhr,max dhr
0,TX,Motley County,G4803450,2000-2019,16.91275049264513,40.06466674804688,-17.62266731262207,1905.9854917747296,1399.639421590229,53.13510504400349,5.952442098660458,20.92530493693965,-17.622667799907976,4.596233919385361,9.82812213897705,202.55091324200913,1023,219.0101820644966,990.1596069335938,63.59006849315068,598
