,state,county,gisjoin,year range,avg temp,max temp,min temp,hdd,cdd,avg rh,average dp,max dp,min dp,avg wind speed,max wind speed,avg ghr,max ghr,avg dnr,max dnr,avg dhr,max dhr
0,NC,Guilford County,G3700810,2060-2079,17.570534163133505,38.55262756347656,-5.911336898803711,1666.805860852278,1400.5508303960617,69.70050127408275,11.280431156660303,25.63233092601925,-5.91133698831889,4.065352651844286,9.002243995666504,178.79029680365298,1013,187.34002882375108,941.6256713867188,77.87408675799087,511
