,state,county,gisjoin,year range,avg temp,max temp,min temp,hdd,cdd,avg rh,average dp,max dp,min dp,avg wind speed,max wind speed,avg ghr,max ghr,avg dnr,max dnr,avg dhr,max dhr
0,TX,Red River County,G4803870,2000-2019,18.043440374483545,39.00249862670898,-7.696666717529297,1590.0778556329558,1496.433592319484,68.37590614388523,11.373974305581006,24.217530403329462,-7.696667648879755,3.808674125312126,8.31177806854248,193.21518264840182,1005,197.02517908870928,941.4752807617188,70.93367579908676,605
