,state,county,gisjoin,year range,avg temp,max temp,min temp,hdd,cdd,avg rh,average dp,max dp,min dp,avg wind speed,max wind speed,avg ghr,max ghr,avg dnr,max dnr,avg dhr,max dhr
0,TX,Red River County,G4803870,2060-2079,20.194302968679317,41.86363983154297,-6.66503381729126,1266.0695095678018,1957.4900931356779,68.09937955625526,13.335247188783347,26.47138333458513,-6.665034729216395,3.8471192813899417,8.76522445678711,193.21518264840182,1005,194.84663328460678,929.1078491210938,70.93367579908676,605
