,state,county,gisjoin,year range,avg temp,max temp,min temp,hdd,cdd,avg rh,average dp,max dp,min dp,avg wind speed,max wind speed,avg ghr,max ghr,avg dnr,max dnr,avg dhr,max dhr
0,KY,Jessamine County,G2101130,2080-2099,17.604673230877204,37.79681015014648,-11.888104438781738,1753.6380193470116,1499.84374861716,71.5104981420247,11.749560806316664,26.933973995517626,-11.88810584800258,3.8377387251483794,11.824701309204102,169.9851598173516,987,178.84909157092633,936.1107788085938,73.20102739726028,653
