,state,county,gisjoin,year range,avg temp,max temp,min temp,hdd,cdd,avg rh,average dp,max dp,min dp,avg wind speed,max wind speed,avg ghr,max ghr,avg dnr,max dnr,avg dhr,max dhr
0,MS,DeSoto County,G2800330,2060-2079,18.91190697481254,39.6966438293457,-4.137325763702393,1463.5984978411252,1686.9445436476872,72.43992893880905,13.200847506746838,27.105678649018877,-4.357424036627369,4.040100214660984,9.120489120483398,187.20479452054795,1007,184.80685921218333,918.2348022460938,76.26015981735159,575
