,state,county,gisjoin,year range,avg temp,max temp,min temp,hdd,cdd,avg rh,average dp,max dp,min dp,avg wind speed,max wind speed,avg ghr,max ghr,avg dnr,max dnr,avg dhr,max dhr
0,FL,Hernando County,G1200530,1980-1999,21.585065794384743,35.01222229003906,-2.795555591583252,570.388288004531,1769.4373029548713,68.40047086210555,14.860444251562118,24.521334023168222,-3.153464888489618,3.487415980639523,9.242753982543944,206.75924657534247,1031,203.70070076501204,943.5516357421876,78.14703196347033,638
