,state,county,gisjoin,year range,avg temp,max temp,min temp,hdd,cdd,avg rh,average dp,max dp,min dp,avg wind speed,max wind speed,avg ghr,max ghr,avg dnr,max dnr,avg dhr,max dhr
0,TN,Maury County,G4701190,2000-2019,15.36329434723014,36.70571517944336,-25.503570556640625,2136.7528957787617,1064.85533251769,68.09025035601228,8.673101331800613,24.49340971426403,-25.50357285280032,3.961623787117875,9.825812339782717,179.75730593607307,1031,193.7405339685267,939.8731079101562,80.14509132420092,603
