,state,county,gisjoin,year range,avg temp,max temp,min temp,hdd,cdd,avg rh,average dp,max dp,min dp,avg wind speed,max wind speed,avg ghr,max ghr,avg dnr,max dnr,avg dhr,max dhr
0,IA,Guthrie County,G1900770,1980-1999,8.568959218786837,33.73500061035156,-32.40916442871094,4075.9039081517435,524.0740230083638,65.66060807911772,1.7090225736711484,22.860461204879083,-32.409167116033025,4.23640232641403,10.015536308288574,158.7288812785388,969,183.555913877303,930.0789184570312,65.17910958904109,514
