,state,county,gisjoin,year range,avg temp,max temp,min temp,hdd,cdd,avg rh,average dp,max dp,min dp,avg wind speed,max wind speed,avg ghr,max ghr,avg dnr,max dnr,avg dhr,max dhr
0,OK,Alfalfa County,G4000030,2000-2019,15.953130362359964,41.10538482666016,-19.684616088867188,2207.799603331387,1351.1921855927264,60.82086361249288,7.3111333753102725,24.13035497557649,-21.15697858911192,4.028310315739619,9.105612754821776,193.17796803652968,992,200.75052723310736,948.3412475585938,68.78002283105023,648
