,state,county,gisjoin,year range,avg temp,max temp,min temp,hdd,cdd,avg rh,average dp,max dp,min dp,avg wind speed,max wind speed,avg ghr,max ghr,avg dnr,max dnr,avg dhr,max dhr
0,OK,Alfalfa County,G4000030,2020-2039,16.408353634127927,41.67852783203125,-13.162272453308104,2147.1253679327706,1456.6744443893547,61.762496036372774,8.066152798591908,25.54693510773075,-14.801214915570943,3.9059869813048134,8.551444053649902,193.17796803652968,992,199.99151489372798,944.0070190429688,68.78002283105023,648
