,state,county,gisjoin,year range,avg temp,max temp,min temp,hdd,cdd,avg rh,average dp,max dp,min dp,avg wind speed,max wind speed,avg ghr,max ghr,avg dnr,max dnr,avg dhr,max dhr
0,OK,Alfalfa County,G4000030,2080-2099,20.66061285647907,47.14628601074219,-9.908918380737305,1499.736154962493,2361.3598475771864,61.2695560222347,11.93602582910264,29.416812754111387,-10.945740395160277,4.047013133954784,8.90301513671875,193.17796803652968,992,193.0012428827469,929.5014038085938,68.78002283105023,648
