,state,county,gisjoin,year range,avg temp,max temp,min temp,hdd,cdd,avg rh,average dp,max dp,min dp,avg wind speed,max wind speed,avg ghr,max ghr,avg dnr,max dnr,avg dhr,max dhr
0,ND,Sheridan County,G3800830,1980-1999,4.402209383192059,36.667999267578125,-33.904666900634766,5385.53458858309,312.8410134474371,55.7573830773297,-4.8322195867145314,18.112242911606444,-33.90466851290264,4.489745030650809,10.030452728271484,165.67442922374428,961,179.61611043846875,909.34619140625,62.678082191780824,529
