,state,county,gisjoin,year range,avg temp,max temp,min temp,hdd,cdd,avg rh,average dp,max dp,min dp,avg wind speed,max wind speed,avg ghr,max ghr,avg dnr,max dnr,avg dhr,max dhr
0,ND,Sheridan County,G3800830,2060-2079,8.253671747234213,38.83708572387695,-26.92815589904785,4364.81911088667,697.9092986266122,59.718582609363885,-0.19838165655924495,21.156760040612788,-27.411087736695567,4.25520444339541,10.712965965270996,165.67442922374428,961,176.92963793476594,889.0347290039062,62.678082191780824,529
