,state,county,gisjoin,year range,avg temp,max temp,min temp,hdd,cdd,avg rh,average dp,max dp,min dp,avg wind speed,max wind speed,avg ghr,max ghr,avg dnr,max dnr,avg dhr,max dhr
0,WY,Converse County,G5600090,1980-1999,7.782671511917911,33.799373626708984,-28.98374938964844,4247.594106438789,408.7692082881961,48.36294304486279,-3.8301525775379885,12.116043422079224,-28.983752035435565,4.0501368388737715,8.683719635009766,184.46666666666667,1003,208.08855676634258,963.0614013671876,62.225913242009135,518
