,state,county,gisjoin,year range,avg temp,max temp,min temp,hdd,cdd,avg rh,average dp,max dp,min dp,avg wind speed,max wind speed,avg ghr,max ghr,avg dnr,max dnr,avg dhr,max dhr
0,WY,Converse County,G5600090,2040-2059,10.584905998186569,39.24592971801758,-24.464990615844727,3575.03243206707,759.023121404683,50.56696150760128,-0.61167873509711,17.271094589459967,-25.779409693531083,4.015600661055682,7.450632572174072,184.46666666666667,1003,206.09426212955722,952.4306640625,62.225913242009135,518
