,state,county,gisjoin,year range,avg temp,max temp,min temp,hdd,cdd,avg rh,average dp,max dp,min dp,avg wind speed,max wind speed,avg ghr,max ghr,avg dnr,max dnr,avg dhr,max dhr
0,IL,Ogle County,G1701410,1980-1999,8.32908624208731,32.44642639160156,-31.28642845153809,4098.588752431107,459.2052307923755,67.37734380704627,1.934492196290598,21.89413397729672,-31.28643058076028,4.67084608735287,9.981975555419922,162.4343607305936,975,181.72090417129033,928.7238159179688,74.20776255707763,520
