,state,county,gisjoin,year range,avg temp,max temp,min temp,hdd,cdd,avg rh,average dp,max dp,min dp,avg wind speed,max wind speed,avg ghr,max ghr,avg dnr,max dnr,avg dhr,max dhr
0,IL,Ogle County,G1701410,2040-2059,11.651246929985124,38.31393432617188,-21.80880355834961,3304.2317064806903,877.4368359248316,68.3542289683808,5.319107030074154,26.47326792655764,-22.25630357305167,4.479753085304068,11.387028694152832,162.4343607305936,975,176.0476477782573,902.8916015625,74.20776255707763,520
