,state,county,gisjoin,year range,avg temp,max temp,min temp,hdd,cdd,avg rh,average dp,max dp,min dp,avg wind speed,max wind speed,avg ghr,max ghr,avg dnr,max dnr,avg dhr,max dhr
0,IL,Ogle County,G1701410,2080-2099,14.38923317244841,38.50592803955078,-28.129484176635746,2663.1012536143135,1235.6713615577116,68.8949070133575,8.041461682439198,27.405872236859576,-28.129487274320635,4.486831255018983,10.949873924255373,162.4343607305936,975,172.30850888781814,877.861328125,74.20776255707763,520
