,state,county,gisjoin,year range,avg temp,max temp,min temp,hdd,cdd,avg rh,average dp,max dp,min dp,avg wind speed,max wind speed,avg ghr,max ghr,avg dnr,max dnr,avg dhr,max dhr
0,NC,Craven County,G3700490,1980-1999,16.395949197173188,35.39533233642578,-8.352666854858398,1766.4696007774137,1071.4910577456887,71.24967630051043,10.572315378660226,24.42527706649313,-8.57131653456068,3.435802039381576,7.001184940338135,165.0945205479452,985,188.42509711834964,924.4141845703124,77.75627853881278,610
