,state,county,gisjoin,year range,avg temp,max temp,min temp,hdd,cdd,avg rh,average dp,max dp,min dp,avg wind speed,max wind speed,avg ghr,max ghr,avg dnr,max dnr,avg dhr,max dhr
0,VA,Highland County,G5100910,2060-2079,11.538210413965423,32.75384521484375,-13.217476844787598,2987.7972225917165,519.744023688655,69.73450987720054,5.492032070100001,20.08140663016339,-13.671513578838304,5.29568904066739,13.80540370941162,162.28082191780823,1021,191.35142505460743,963.3150024414062,69.86358447488584,604
