,state,county,gisjoin,year range,avg temp,max temp,min temp,hdd,cdd,avg rh,average dp,max dp,min dp,avg wind speed,max wind speed,avg ghr,max ghr,avg dnr,max dnr,avg dhr,max dhr
0,VA,Highland County,G5100910,2080-2099,13.042120920325317,34.326141357421875,-13.588007926940918,2606.1860140691665,687.0601499875797,70.85644088335778,7.219789600472707,20.55975206404333,-13.58800882580178,5.296140692005419,11.71280288696289,162.28082191780823,1021,187.11413614481052,959.4900512695312,69.86358447488584,604
