,state,county,gisjoin,year range,avg temp,max temp,min temp,hdd,cdd,avg rh,average dp,max dp,min dp,avg wind speed,max wind speed,avg ghr,max ghr,avg dnr,max dnr,avg dhr,max dhr
0,LA,Morehouse Parish,G2200670,1980-1999,17.123434825891472,36.78411865234375,-7.532941341400146,1707.468855933055,1278.0225673835296,70.0563552867332,10.866951091902145,24.66150453569949,-7.532942307914833,3.571475683499689,10.53994846343994,184.10011415525113,996,199.87839332842395,933.1722412109376,77.17762557077626,631
