,state,county,gisjoin,year range,avg temp,max temp,min temp,hdd,cdd,avg rh,average dp,max dp,min dp,avg wind speed,max wind speed,avg ghr,max ghr,avg dnr,max dnr,avg dhr,max dhr
0,AL,Clay County,G0100270,2040-2059,18.314735384992236,37.20123291015625,-6.968058109283447,1434.1794000772124,1439.5578155994656,69.2068722187112,11.788010522212515,25.519313185013,-6.968059104468527,2.740738969633024,7.337651252746582,166.86575342465753,991,195.53149191648714,937.0908813476562,82.28641552511415,594
