,state,county,gisjoin,year range,avg temp,max temp,min temp,hdd,cdd,avg rh,average dp,max dp,min dp,avg wind speed,max wind speed,avg ghr,max ghr,avg dnr,max dnr,avg dhr,max dhr
0,AL,Clay County,G0100270,2080-2099,20.364906935423367,41.123870849609375,-5.872162342071533,1159.7872461582872,1913.4782775877386,69.67424877201586,13.903630354442065,27.23270128104367,-5.872162849164351,2.819458904052706,8.609426498413086,166.86575342465753,991,191.00203667702718,963.5116577148438,82.28641552511415,594
