,state,county,gisjoin,year range,avg temp,max temp,min temp,hdd,cdd,avg rh,average dp,max dp,min dp,avg wind speed,max wind speed,avg ghr,max ghr,avg dnr,max dnr,avg dhr,max dhr
0,TX,Camp County,G4800630,2000-2019,18.739280192407055,38.56874847412109,-7.788750171661377,1413.5399891847526,1573.8772594133623,67.44564718438066,11.789097054574002,26.6321187283331,-7.788750694983296,4.582693511165985,10.200568199157717,194.5595890410959,1019,200.88167735403016,936.5211181640624,57.294292237442924,446
