,state,county,gisjoin,year range,avg temp,max temp,min temp,hdd,cdd,avg rh,average dp,max dp,min dp,avg wind speed,max wind speed,avg ghr,max ghr,avg dnr,max dnr,avg dhr,max dhr
0,TX,Taylor County,G4804410,2000-2019,18.29906497104849,40.231876373291016,-6.516250133514404,1580.6688435919962,1580.3275580246782,60.21238570104451,9.484004700195994,24.0287653370777,-9.085391640635237,4.3564973066930905,8.606522560119629,223.54954337899542,1017,216.0018756274137,966.4310302734376,63.56187214611872,551
