,state,county,gisjoin,year range,avg temp,max temp,min temp,hdd,cdd,avg rh,average dp,max dp,min dp,avg wind speed,max wind speed,avg ghr,max ghr,avg dnr,max dnr,avg dhr,max dhr
0,TX,Taylor County,G4804410,2040-2059,20.553647571114652,45.04154968261719,-6.1187896728515625,1202.1828234657826,2024.7641869225356,57.267577388841815,10.750234027337196,24.3743457084217,-7.59959320608237,4.375024094646924,9.22348976135254,223.54954337899542,1017,214.3567377187521,970.4994506835938,63.56187214611872,551
