,state,county,gisjoin,year range,avg temp,max temp,min temp,hdd,cdd,avg rh,average dp,max dp,min dp,avg wind speed,max wind speed,avg ghr,max ghr,avg dnr,max dnr,avg dhr,max dhr
0,TX,Taylor County,G4804410,2060-2079,20.845939290542187,42.578590393066406,-5.331379890441895,1180.3754974097715,2109.6433384575575,58.14484415489789,11.261194488469513,25.08493220175144,-8.881502512970911,4.272275884946187,8.99595832824707,223.54954337899542,1017,212.25986604216953,982.404541015625,63.56187214611872,551
