,state,county,gisjoin,year range,avg temp,max temp,min temp,hdd,cdd,avg rh,average dp,max dp,min dp,avg wind speed,max wind speed,avg ghr,max ghr,avg dnr,max dnr,avg dhr,max dhr
0,TX,Taylor County,G4804410,2080-2099,22.060071105287513,45.26814270019531,-8.445879936218262,1046.0136017063555,2418.439555136117,57.67983770620877,12.28890686733206,28.364973146574695,-8.623169956372909,4.320809996781284,8.779618263244629,223.54954337899542,1017,210.64999123824757,948.3854370117188,63.56187214611872,551
