,state,county,gisjoin,year range,avg temp,max temp,min temp,hdd,cdd,avg rh,average dp,max dp,min dp,avg wind speed,max wind speed,avg ghr,max ghr,avg dnr,max dnr,avg dhr,max dhr
0,LA,St. Helena Parish,G2200910,2020-2039,20.184322100911615,36.93975067138672,-5.552626132965088,1021.0663770332875,1708.843943865994,71.51536650200413,14.2305284173716,25.93450817874582,-5.55262663117822,3.677475091202618,8.836997032165527,182.13036529680366,1009,196.5453540536468,927.493896484375,80.48150684931507,618
