,state,county,gisjoin,year range,avg temp,max temp,min temp,hdd,cdd,avg rh,average dp,max dp,min dp,avg wind speed,max wind speed,avg ghr,max ghr,avg dnr,max dnr,avg dhr,max dhr
0,LA,St. Helena Parish,G2200910,2040-2059,21.248047175087017,37.86646270751953,-4.860741138458252,901.4962465580919,1977.5334654647395,71.2238583351379,15.171789988990861,27.56527931245196,-4.860741754926332,3.7032228084459695,9.973944664001465,182.13036529680366,1009,193.6805733213135,931.980712890625,80.48150684931507,618
