,state,county,gisjoin,year range,avg temp,max temp,min temp,hdd,cdd,avg rh,average dp,max dp,min dp,avg wind speed,max wind speed,avg ghr,max ghr,avg dnr,max dnr,avg dhr,max dhr
0,LA,St. Helena Parish,G2200910,2060-2079,21.51911795251199,38.618751525878906,-4.946377277374268,837.7955218760712,2012.7735745428135,71.2694521642711,15.465543394411837,27.203082750797986,-4.946377789612955,3.7124614516349688,8.600452423095703,182.13036529680366,1009,194.1577367331533,912.2909545898438,80.48150684931507,618
