,state,county,gisjoin,year range,avg temp,max temp,min temp,hdd,cdd,avg rh,average dp,max dp,min dp,avg wind speed,max wind speed,avg ghr,max ghr,avg dnr,max dnr,avg dhr,max dhr
0,ID,Adams County,G1600030,2000-2019,7.972720595967244,35.310001373291016,-22.684999465942383,4216.657130117271,447.200147644686,59.37225125510943,-1.0906915851831092,13.423538681563649,-22.685000867096125,4.301607771306277,11.37790584564209,184.55308219178082,1003,200.1107409811112,942.911376953125,60.39063926940639,515
