,state,county,gisjoin,year range,avg temp,max temp,min temp,hdd,cdd,avg rh,average dp,max dp,min dp,avg wind speed,max wind speed,avg ghr,max ghr,avg dnr,max dnr,avg dhr,max dhr
0,ID,Adams County,G1600030,2040-2059,9.805923944490043,39.50322341918945,-24.89618492126465,3722.901196181772,622.5634359201018,60.56860921502658,0.9741613216732191,14.073273350265266,-24.89618667529828,4.101865416248095,10.856340408325195,184.55308219178082,1003,196.50416798823625,933.2615356445312,60.39063926940639,515
