,state,county,gisjoin,year range,avg temp,max temp,min temp,hdd,cdd,avg rh,average dp,max dp,min dp,avg wind speed,max wind speed,avg ghr,max ghr,avg dnr,max dnr,avg dhr,max dhr
0,ID,Adams County,G1600030,2060-2079,10.46917952610107,39.64431381225586,-20.61255645751953,3526.289919731926,668.0404467582963,60.374902538948405,1.5898211729947438,16.530296393864127,-20.61255696572291,4.138600677415116,9.954503059387209,184.55308219178082,1003,195.99435161151848,929.9431762695312,60.39063926940639,515
