,state,county,gisjoin,year range,avg temp,max temp,min temp,hdd,cdd,avg rh,average dp,max dp,min dp,avg wind speed,max wind speed,avg ghr,max ghr,avg dnr,max dnr,avg dhr,max dhr
0,IN,Madison County,G1800950,2060-2079,14.176646693181763,36.5983772277832,-14.83561897277832,2561.714880202939,1056.6909232140213,70.98386712183147,8.378194958003608,26.344652483639702,-15.383509165634017,4.347561379232907,10.16472625732422,150.63915525114155,973,175.5357450151351,900.6705932617188,75.52648401826484,650
