,state,county,gisjoin,year range,avg temp,max temp,min temp,hdd,cdd,avg rh,average dp,max dp,min dp,avg wind speed,max wind speed,avg ghr,max ghr,avg dnr,max dnr,avg dhr,max dhr
0,IL,Peoria County,G1701430,1980-1999,10.086264875963282,36.020713806152344,-29.213571548461918,3621.315979785508,623.3026595115941,67.62581867757997,3.6448874852352056,22.379488620468447,-29.21357491072407,4.357739447812511,9.990060806274414,170.1675799086758,984,183.23007632356394,914.1566162109376,73.01780821917808,514
