,state,county,gisjoin,year range,avg temp,max temp,min temp,hdd,cdd,avg rh,average dp,max dp,min dp,avg wind speed,max wind speed,avg ghr,max ghr,avg dnr,max dnr,avg dhr,max dhr
0,CA,Trinity County,G0601050,2040-2059,12.848315532337374,42.94329833984375,-11.347658157348633,2798.113289845651,808.2484591484441,56.528792886048144,2.355897125220741,15.289759470850075,-11.34765838920564,3.5009641640806852,8.150065422058105,196.9574200913242,1002,207.79556345286187,993.4882202148438,57.88196347031963,520
