,state,county,gisjoin,year range,avg temp,max temp,min temp,hdd,cdd,avg rh,average dp,max dp,min dp,avg wind speed,max wind speed,avg ghr,max ghr,avg dnr,max dnr,avg dhr,max dhr
0,MN,Chippewa County,G2700230,1980-1999,5.957315230345395,32.825626373291016,-35.63312530517578,4905.812892963048,400.73295203844856,64.06095622990229,-1.072381685463558,22.931970152414355,-35.63312605341485,4.545728441787093,11.316827774047852,142.87876712328767,963,179.65948143549977,902.8308715820312,65.77728310502283,613
