,state,county,gisjoin,year range,avg temp,max temp,min temp,hdd,cdd,avg rh,average dp,max dp,min dp,avg wind speed,max wind speed,avg ghr,max ghr,avg dnr,max dnr,avg dhr,max dhr
0,MN,Chippewa County,G2700230,2060-2079,10.644630203768239,36.306583404541016,-25.687501907348636,3700.901445358013,906.6914697329713,66.32050349374884,3.8836719538543165,25.57095628072514,-25.724545632645512,4.380067113980855,9.942471504211426,142.87876712328767,963,172.60012853947052,889.2034912109375,65.77728310502283,613
