,state,county,gisjoin,year range,avg temp,max temp,min temp,hdd,cdd,avg rh,average dp,max dp,min dp,avg wind speed,max wind speed,avg ghr,max ghr,avg dnr,max dnr,avg dhr,max dhr
0,KY,Marshall County,G2101570,2000-2019,15.300717315646425,36.33937454223633,-15.573749542236328,2178.0626686197716,1083.3244888306333,69.64283467558421,9.084892932298269,25.432091724936505,-15.581670475692938,3.505007172324886,8.531332015991211,173.54075342465754,1012,187.98898224184524,916.3924560546876,72.4791095890411,631
