,state,county,gisjoin,year range,avg temp,max temp,min temp,hdd,cdd,avg rh,average dp,max dp,min dp,avg wind speed,max wind speed,avg ghr,max ghr,avg dnr,max dnr,avg dhr,max dhr
0,KY,Marshall County,G2101570,2080-2099,19.403629598518197,41.67559051513672,-13.280597686767578,1512.420972892105,1915.2457763511663,71.78097782505158,13.538989123892597,30.15613285009308,-13.280597688493334,3.499276557251743,9.121601104736328,173.54075342465754,1012,178.75902828513375,931.6602783203124,72.4791095890411,631
