,state,county,gisjoin,year range,avg temp,max temp,min temp,hdd,cdd,avg rh,average dp,max dp,min dp,avg wind speed,max wind speed,avg ghr,max ghr,avg dnr,max dnr,avg dhr,max dhr
0,WV,Jackson County,G5400350,1980-1999,11.266466441019688,35.20000076293945,-23.63999938964844,3191.849523745001,624.6097747167265,68.34723322380623,4.765783542686378,20.59210751627781,-23.64000016408731,3.2301189608769874,9.386502265930176,168.07157534246576,1012,185.98125973870881,944.681640625,79.01381278538813,481
