,state,county,gisjoin,year range,avg temp,max temp,min temp,hdd,cdd,avg rh,average dp,max dp,min dp,avg wind speed,max wind speed,avg ghr,max ghr,avg dnr,max dnr,avg dhr,max dhr
0,NE,Butler County,G3100230,1980-1999,9.365235611704616,35.86333465576172,-24.125,3859.3374977045037,598.1484959761576,63.65152556493402,1.960277173700819,22.428725809728817,-24.12500140694073,4.528097309478341,10.250688552856444,168.5865296803653,973,189.01474983474995,945.5089721679688,64.99440639269406,569
