,state,county,gisjoin,year range,avg temp,max temp,min temp,hdd,cdd,avg rh,average dp,max dp,min dp,avg wind speed,max wind speed,avg ghr,max ghr,avg dnr,max dnr,avg dhr,max dhr
0,NE,Butler County,G3100230,2080-2099,15.227903173011796,40.5848388671875,-18.78987693786621,2483.6713187504324,1362.3559768995415,63.85714126939643,7.575129841996707,28.315006989404484,-18.88390572574067,4.341598871962665,9.127837181091309,168.5865296803653,973,180.63717688077304,906.1848754882812,64.99440639269406,569
