,state,county,gisjoin,year range,avg temp,max temp,min temp,hdd,cdd,avg rh,average dp,max dp,min dp,avg wind speed,max wind speed,avg ghr,max ghr,avg dnr,max dnr,avg dhr,max dhr
0,MO,Moniteau County,G2901350,1980-1999,12.263132498929831,34.703330993652344,-21.36000061035156,2921.427291170634,717.9706532796604,67.68140369768012,5.770355769689508,22.255441705145277,-22.71633876086958,3.9701823482774707,9.599979400634766,180.13698630136986,1025,188.77905878887267,941.2074584960938,76.11130136986301,664
