,state,county,gisjoin,year range,avg temp,max temp,min temp,hdd,cdd,avg rh,average dp,max dp,min dp,avg wind speed,max wind speed,avg ghr,max ghr,avg dnr,max dnr,avg dhr,max dhr
0,MO,Moniteau County,G2901350,2000-2019,13.342261334930011,37.22666549682617,-24.23200035095215,2731.427052980945,921.8524402301059,69.18343844130703,7.1362286771581624,24.27780893581172,-24.310381580858145,3.8136532208690905,9.442490577697754,180.13698630136986,1025,186.01428774899276,938.79248046875,76.11130136986301,664
