,state,county,gisjoin,year range,avg temp,max temp,min temp,hdd,cdd,avg rh,average dp,max dp,min dp,avg wind speed,max wind speed,avg ghr,max ghr,avg dnr,max dnr,avg dhr,max dhr
0,KY,Knox County,G2101210,2060-2079,15.832008381483739,36.77950286865234,-10.673026084899902,2084.243139399988,1183.4261986415336,69.33035718926556,9.418724835012382,23.875630406967677,-10.673026965036064,3.5874057887623843,12.150259971618652,164.45856164383562,1000,184.45182117376496,947.4044799804688,77.09246575342466,660
