,state,county,gisjoin,year range,avg temp,max temp,min temp,hdd,cdd,avg rh,average dp,max dp,min dp,avg wind speed,max wind speed,avg ghr,max ghr,avg dnr,max dnr,avg dhr,max dhr
0,KY,Knox County,G2101210,2080-2099,17.69712800621584,38.03333282470703,-6.916183471679688,1697.3834950163748,1477.335217285153,70.45768534277127,11.474325886210861,25.26776286274694,-6.916183653387985,3.6128389788136634,9.012052536010742,164.45856164383562,1000,178.9221605849893,950.389892578125,77.09246575342466,660
