,state,county,gisjoin,year range,avg temp,max temp,min temp,hdd,cdd,avg rh,average dp,max dp,min dp,avg wind speed,max wind speed,avg ghr,max ghr,avg dnr,max dnr,avg dhr,max dhr
0,WI,Ashland County,G5500030,1980-1999,4.4147437973631565,31.858333587646484,-31.981666564941406,5310.032069553512,241.9135555903056,67.23881826335436,-1.883651121826365,18.98865592862034,-31.98166668678621,4.424885726628238,10.75835132598877,142.29212328767125,937,171.3993390556005,920.1591186523438,65.73504566210046,592
