,state,county,gisjoin,year range,avg temp,max temp,min temp,hdd,cdd,avg rh,average dp,max dp,min dp,avg wind speed,max wind speed,avg ghr,max ghr,avg dnr,max dnr,avg dhr,max dhr
0,WI,Ashland County,G5500030,2080-2099,11.200926391789041,38.152435302734375,-22.907012939453125,3449.799837015878,858.6379700184331,67.97744835696808,4.729298416289617,24.438562202952223,-22.907014342091625,4.558763035682783,10.551934242248535,142.29212328767125,937,164.84089311884395,873.1143188476562,65.73504566210046,592
