,state,county,gisjoin,year range,avg temp,max temp,min temp,hdd,cdd,avg rh,average dp,max dp,min dp,avg wind speed,max wind speed,avg ghr,max ghr,avg dnr,max dnr,avg dhr,max dhr
0,NE,Custer County,G3100410,2020-2039,10.48626488889905,37.13102340698242,-27.610340118408203,3567.3058733163957,715.292557764089,56.74932145190566,1.062843978797883,19.648026610004504,-28.28347766416189,4.567039537919711,9.83862590789795,166.03013698630136,987,196.81538488123496,942.9592895507812,65.65125570776256,484
