,state,county,gisjoin,year range,avg temp,max temp,min temp,hdd,cdd,avg rh,average dp,max dp,min dp,avg wind speed,max wind speed,avg ghr,max ghr,avg dnr,max dnr,avg dhr,max dhr
0,NE,Custer County,G3100410,2040-2059,12.027446734720733,38.30926132202149,-25.596418380737305,3191.800685437756,902.3187436104312,58.51604612798996,2.9392119499811162,21.420505263200187,-25.59642074897461,4.708221361163544,9.825065612792969,166.03013698630136,987,196.75356199612492,951.2771606445312,65.65125570776256,484
