,state,county,gisjoin,year range,avg temp,max temp,min temp,hdd,cdd,avg rh,average dp,max dp,min dp,avg wind speed,max wind speed,avg ghr,max ghr,avg dnr,max dnr,avg dhr,max dhr
0,NE,Custer County,G3100410,2080-2099,14.988201976429124,42.63011932373047,-19.513351440429688,2507.8139799846645,1299.0077013811187,56.06790198583037,4.910548257008764,23.088119334112267,-19.88184925569584,4.6432041350837165,11.022490501403809,166.03013698630136,987,189.39700355031178,935.3597412109376,65.65125570776256,484
