,state,county,gisjoin,year range,avg temp,max temp,min temp,hdd,cdd,avg rh,average dp,max dp,min dp,avg wind speed,max wind speed,avg ghr,max ghr,avg dnr,max dnr,avg dhr,max dhr
0,GA,Jackson County,G1301570,2080-2099,20.52265174133112,41.80634689331055,-6.979553699493408,1111.9907810565717,1923.258666642354,69.12220573076918,13.96026119793327,26.5740908759545,-6.979554318625538,3.509112689266466,9.33327293395996,188.32614155251142,1016,187.68565466114796,938.0443115234376,77.41152968036529,525
