,state,county,gisjoin,year range,avg temp,max temp,min temp,hdd,cdd,avg rh,average dp,max dp,min dp,avg wind speed,max wind speed,avg ghr,max ghr,avg dnr,max dnr,avg dhr,max dhr
0,KS,Ellsworth County,G2000530,1980-1999,12.287153712970888,38.80833435058594,-19.77666664123535,3057.2207619681685,862.5318672021698,61.26487414161909,3.9434786315247305,24.984081536879,-19.803610509032907,4.873338875079264,11.503246307373049,181.8288812785388,1014,199.3437822642894,970.3983154296876,66.56575342465753,637
