,state,county,gisjoin,year range,avg temp,max temp,min temp,hdd,cdd,avg rh,average dp,max dp,min dp,avg wind speed,max wind speed,avg ghr,max ghr,avg dnr,max dnr,avg dhr,max dhr
0,KS,Ellsworth County,G2000530,2020-2039,14.299122460581636,42.29320526123047,-16.02060890197754,2634.1331456717144,1173.812843783763,60.40343003664931,5.673081121039051,24.7117257933527,-16.020609615011406,4.743335901901602,12.131802558898926,181.8288812785388,1014,197.13212061535896,968.2588500976562,66.56575342465753,637
