,state,county,gisjoin,year range,avg temp,max temp,min temp,hdd,cdd,avg rh,average dp,max dp,min dp,avg wind speed,max wind speed,avg ghr,max ghr,avg dnr,max dnr,avg dhr,max dhr
0,MN,Murray County,G2701010,2040-2059,10.053027633435548,37.56395721435547,-30.441726684570312,3820.263935673201,810.1190218766948,64.63857342728741,2.9161802512581674,26.277234723833537,-30.44172753039284,4.84705300853677,10.009955406188965,157.95262557077626,971,174.997508398926,894.7245483398438,65.47625570776256,619
