,state,county,gisjoin,year range,avg temp,max temp,min temp,hdd,cdd,avg rh,average dp,max dp,min dp,avg wind speed,max wind speed,avg ghr,max ghr,avg dnr,max dnr,avg dhr,max dhr
0,SD,Lincoln County,G4600830,1980-1999,7.411082515143257,36.3224983215332,-32.569374084472656,4463.433126436929,488.97824446361784,62.874369772384156,-0.1287412071605922,23.29431438044143,-32.56937398531232,4.212371217224696,9.532814979553224,168.3720319634703,983,183.20317524969752,920.854248046875,66.7384703196347,589
