,state,county,gisjoin,year range,avg temp,max temp,min temp,hdd,cdd,avg rh,average dp,max dp,min dp,avg wind speed,max wind speed,avg ghr,max ghr,avg dnr,max dnr,avg dhr,max dhr
0,PA,Elk County,G4200470,1980-1999,7.019845732963287,31.130714416503903,-29.492143630981445,4387.56567809806,270.30937062898533,69.11087196341389,0.9392386996995885,19.762450455804743,-29.492146119818443,4.940966359556538,11.370355606079102,150.09018264840182,975,182.3670622837277,964.6245727539062,75.35650684931507,570
