,state,county,gisjoin,year range,avg temp,max temp,min temp,hdd,cdd,avg rh,average dp,max dp,min dp,avg wind speed,max wind speed,avg ghr,max ghr,avg dnr,max dnr,avg dhr,max dhr
0,PA,Elk County,G4200470,2000-2019,8.333220304700108,34.05142974853516,-26.84071350097656,4000.318146333613,362.4435575485195,68.61125342911237,2.0801271412848217,19.75813971156049,-26.840714966835623,4.9954374855511805,11.018096923828123,150.09018264840182,975,181.29078404814058,947.0823974609376,75.35650684931507,570
