,state,county,gisjoin,year range,avg temp,max temp,min temp,hdd,cdd,avg rh,average dp,max dp,min dp,avg wind speed,max wind speed,avg ghr,max ghr,avg dnr,max dnr,avg dhr,max dhr
0,PA,Elk County,G4200470,2040-2059,10.348143865492144,39.07501602172852,-22.36293029785156,3429.1065122663654,526.6790231704928,70.45515774417686,4.447729354221195,21.570365978537552,-22.36293183795746,5.3556581964231516,12.199451446533203,150.09018264840182,975,176.31475373353123,943.6060180664062,75.35650684931507,570
