,state,county,gisjoin,year range,avg temp,max temp,min temp,hdd,cdd,avg rh,average dp,max dp,min dp,avg wind speed,max wind speed,avg ghr,max ghr,avg dnr,max dnr,avg dhr,max dhr
0,WA,Klickitat County,G5300390,2080-2099,13.524286800729309,38.31788635253906,-11.205747604370115,2541.3447855743375,798.2094678402314,56.54987414024736,3.048202722028472,13.49597322330524,-12.031705588309242,3.019666183484744,6.876644134521484,152.9307077625571,971,185.28001900544305,892.6700439453125,65.60901826484019,543
