,state,county,gisjoin,year range,avg temp,max temp,min temp,hdd,cdd,avg rh,average dp,max dp,min dp,avg wind speed,max wind speed,avg ghr,max ghr,avg dnr,max dnr,avg dhr,max dhr
0,TX,Sterling County,G4804310,1980-1999,17.29284132876695,38.95399856567383,-10.333000183105469,1751.4399902112746,1383.8270752112746,52.652769672054134,6.200929108931849,20.471438197824227,-13.954769759366805,4.65692960290604,8.428152084350586,214.40616438356165,1045,227.55082250411047,1005.7299194335938,69.54212328767123,518
