,state,county,gisjoin,year range,avg temp,max temp,min temp,hdd,cdd,avg rh,average dp,max dp,min dp,avg wind speed,max wind speed,avg ghr,max ghr,avg dnr,max dnr,avg dhr,max dhr
0,TX,Sterling County,G4804310,2040-2059,20.286224464198614,46.55652618408203,-6.316137313842773,1263.025513448693,1987.9974428811029,51.02002585075762,8.547693496619077,23.99978131616195,-11.198395269195508,4.702416310598861,9.049798965454102,214.40616438356165,1045,224.94993894097814,986.2860717773438,69.54212328767123,518
