,state,county,gisjoin,year range,avg temp,max temp,min temp,hdd,cdd,avg rh,average dp,max dp,min dp,avg wind speed,max wind speed,avg ghr,max ghr,avg dnr,max dnr,avg dhr,max dhr
0,TX,Sterling County,G4804310,2060-2079,20.37677881997791,41.14470291137695,-11.317880630493164,1286.1896429089159,2044.2139122007486,53.47539505555749,9.298605170258856,25.48995912066103,-12.041067258106128,4.6413945893718775,9.722970962524414,214.40616438356165,1045,221.45431655834,975.999755859375,69.54212328767123,518
