,state,county,gisjoin,year range,avg temp,max temp,min temp,hdd,cdd,avg rh,average dp,max dp,min dp,avg wind speed,max wind speed,avg ghr,max ghr,avg dnr,max dnr,avg dhr,max dhr
0,TX,Sterling County,G4804310,2080-2099,21.904428905863252,44.41815948486328,-10.560629844665527,1104.3492968361734,2419.9658474760695,52.41538269400052,10.476198833311136,26.19928556047325,-15.563071914999098,4.773497090873109,10.305743217468262,214.40616438356165,1045,219.46048687436274,976.5806274414062,69.54212328767123,518
