,state,county,gisjoin,year range,avg temp,max temp,min temp,hdd,cdd,avg rh,average dp,max dp,min dp,avg wind speed,max wind speed,avg ghr,max ghr,avg dnr,max dnr,avg dhr,max dhr
0,TX,Val Verde County,G4804650,2020-2039,21.933111499659038,40.38256072998047,-3.079533100128174,843.221193875008,2169.3068912503995,53.29095003779076,11.018426782900383,23.8965552499117,-8.137275779928089,4.53301924540572,8.857696533203125,192.29897260273972,1032,220.4981976672114,980.4036254882812,73.15719178082192,564
