,state,county,gisjoin,year range,avg temp,max temp,min temp,hdd,cdd,avg rh,average dp,max dp,min dp,avg wind speed,max wind speed,avg ghr,max ghr,avg dnr,max dnr,avg dhr,max dhr
0,TX,Val Verde County,G4804650,2040-2059,23.426303884811002,41.99980926513672,-3.1529197692871094,726.677075929627,2597.7779938853905,51.180738789850174,11.582363308509684,25.254788483702107,-13.504583311476605,4.747515028347708,9.1190767288208,192.29897260273972,1032,219.0565055359578,982.2764892578124,73.15719178082192,564
