,state,county,gisjoin,year range,avg temp,max temp,min temp,hdd,cdd,avg rh,average dp,max dp,min dp,avg wind speed,max wind speed,avg ghr,max ghr,avg dnr,max dnr,avg dhr,max dhr
0,GA,Gwinnett County,G1301350,1980-1999,15.887257365594602,35.97785568237305,-9.77642822265625,1873.7207639448645,993.069702386921,68.42973287922062,9.3584439252112,21.8030548201098,-9.776428279491974,3.8688258614306035,9.761703491210938,164.0777397260274,1027,198.77338232539822,948.4720458984376,78.95433789954338,661
