,state,county,gisjoin,year range,avg temp,max temp,min temp,hdd,cdd,avg rh,average dp,max dp,min dp,avg wind speed,max wind speed,avg ghr,max ghr,avg dnr,max dnr,avg dhr,max dhr
0,GA,Gwinnett County,G1301350,2080-2099,20.486100338572918,40.65432357788086,-4.854386806488037,1128.5100183205523,1926.4366418995808,71.14912234876797,14.443923470182426,29.283109436809276,-4.854387118394888,3.898221163989202,9.267192840576172,164.0777397260274,1027,186.0453225159711,936.9987182617188,78.95433789954338,661
