,state,county,gisjoin,year range,avg temp,max temp,min temp,hdd,cdd,avg rh,average dp,max dp,min dp,avg wind speed,max wind speed,avg ghr,max ghr,avg dnr,max dnr,avg dhr,max dhr
0,VA,Orange County,G5101370,2020-2039,14.455248697852145,36.4341049194336,-12.82732391357422,2324.825077767337,921.4908524831695,68.8187684174542,8.083207474364198,23.830382606911883,-12.827325195669944,4.853759910635752,11.571683883666992,161.94954337899543,981,187.7590683555955,936.5257568359376,75.43436073059361,644
