,state,county,gisjoin,year range,avg temp,max temp,min temp,hdd,cdd,avg rh,average dp,max dp,min dp,avg wind speed,max wind speed,avg ghr,max ghr,avg dnr,max dnr,avg dhr,max dhr
0,WA,King County,G5300330,2080-2099,14.493071037146942,37.6636848449707,-6.414336204528809,1942.8814993213784,553.3524278799912,70.89429678612103,8.601942237572278,18.178810261600173,-6.414336573477515,4.20826356313,11.026630401611328,143.38470319634703,939,150.5586003081365,837.48974609375,66.52762557077625,457
