,state,county,gisjoin,year range,avg temp,max temp,min temp,hdd,cdd,avg rh,average dp,max dp,min dp,avg wind speed,max wind speed,avg ghr,max ghr,avg dnr,max dnr,avg dhr,max dhr
0,PA,Lawrence County,G4200730,2020-2039,11.463171820266194,34.65739440917969,-18.19740867614746,3147.550060941808,652.1077753385251,68.63915221549604,5.101496459753765,21.453832062582112,-18.76215784935645,4.394537141878311,9.456345558166504,151.76769406392694,994,179.2640726896944,940.5316772460938,81.35079908675799,494
