,state,county,gisjoin,year range,avg temp,max temp,min temp,hdd,cdd,avg rh,average dp,max dp,min dp,avg wind speed,max wind speed,avg ghr,max ghr,avg dnr,max dnr,avg dhr,max dhr
0,PA,Lawrence County,G4200730,2080-2099,14.995068379807696,37.957611083984375,-11.61103057861328,2353.1190472253843,1146.8190058549942,69.37246243463804,8.673602972409167,25.445661673610843,-11.611030427004703,4.405133312042445,10.116400718688965,151.76769406392694,994,170.97405609847218,929.2515258789062,81.35079908675799,494
