,state,county,gisjoin,year range,avg temp,max temp,min temp,hdd,cdd,avg rh,average dp,max dp,min dp,avg wind speed,max wind speed,avg ghr,max ghr,avg dnr,max dnr,avg dhr,max dhr
0,OH,Crawford County,G3900330,2020-2039,11.299801952625863,34.68586730957031,-22.666257858276367,3220.1746567117657,665.1023694197688,70.35121569960084,5.41572370329391,23.17239587470267,-22.66626032773709,4.4095276507612775,12.145883560180664,157.24417808219178,998,177.1277769334365,935.8234252929688,81.60079908675799,542
