,state,county,gisjoin,year range,avg temp,max temp,min temp,hdd,cdd,avg rh,average dp,max dp,min dp,avg wind speed,max wind speed,avg ghr,max ghr,avg dnr,max dnr,avg dhr,max dhr
0,OH,Crawford County,G3900330,2040-2059,12.669586364107948,39.605751037597656,-16.03670310974121,2908.6452487767656,853.5442716757967,70.15173100380048,6.695454169188375,24.79925365634967,-16.036702919192276,4.227053455212345,10.019643783569336,157.24417808219178,998,173.96876804873818,917.2382202148438,81.60079908675799,542
