,state,county,gisjoin,year range,avg temp,max temp,min temp,hdd,cdd,avg rh,average dp,max dp,min dp,avg wind speed,max wind speed,avg ghr,max ghr,avg dnr,max dnr,avg dhr,max dhr
0,SD,Harding County,G4600630,2040-2059,9.258966676331896,40.50123977661133,-30.936939239501957,4054.0520544682317,754.0748913288436,53.3205673189468,-1.121362670630679,19.60738206673212,-30.93694114491236,4.505097646119932,9.69728946685791,163.99988584474886,991,188.3794750845405,901.1065063476562,64.24349315068493,568
