,state,county,gisjoin,year range,avg temp,max temp,min temp,hdd,cdd,avg rh,average dp,max dp,min dp,avg wind speed,max wind speed,avg ghr,max ghr,avg dnr,max dnr,avg dhr,max dhr
0,NC,Dare County,G3700550,1980-1999,16.215218510334573,32.93333435058594,-10.16333293914795,1700.0268445369784,939.0816008091623,74.62003891936176,11.338730016193848,24.69239628651468,-10.560544710595565,5.832363590475631,14.60234260559082,179.52842465753426,1006,176.14391274767854,899.63525390625,72.6804794520548,614
