,state,county,gisjoin,year range,avg temp,max temp,min temp,hdd,cdd,avg rh,average dp,max dp,min dp,avg wind speed,max wind speed,avg ghr,max ghr,avg dnr,max dnr,avg dhr,max dhr
0,NC,Dare County,G3700550,2020-2039,17.746499094536546,35.640869140625,-8.015254974365234,1427.957637632523,1225.9298071385274,75.15138876274841,12.936455606677155,25.96773230085069,-8.35017996015689,5.789546404472769,13.990424156188965,179.52842465753426,1006,173.53699787246626,897.5407104492188,72.6804794520548,614
