,state,county,gisjoin,year range,avg temp,max temp,min temp,hdd,cdd,avg rh,average dp,max dp,min dp,avg wind speed,max wind speed,avg ghr,max ghr,avg dnr,max dnr,avg dhr,max dhr
0,TX,Rockwall County,G4803970,2080-2099,22.696258383852825,42.905418395996094,-5.195351600646973,911.0441990177833,2515.6785091238653,68.05417980037323,15.719877883101223,30.072518272891138,-5.195352207696106,3.7932620071385004,8.540407180786133,188.05479452054794,1012,192.31963455862294,890.8831176757812,74.51461187214612,621
