,state,county,gisjoin,year range,avg temp,max temp,min temp,hdd,cdd,avg rh,average dp,max dp,min dp,avg wind speed,max wind speed,avg ghr,max ghr,avg dnr,max dnr,avg dhr,max dhr
0,AR,Marion County,G0500890,1980-1999,13.666900743814036,35.4379997253418,-14.1986665725708,2509.190814603983,818.1095860958577,67.78995253506316,6.999430970283722,21.879145127243905,-14.198667382449534,3.8249404430389404,8.98273754119873,177.43550228310502,986,197.01745186412646,959.9404907226562,71.16004566210046,483
