,state,county,gisjoin,year range,avg temp,max temp,min temp,hdd,cdd,avg rh,average dp,max dp,min dp,avg wind speed,max wind speed,avg ghr,max ghr,avg dnr,max dnr,avg dhr,max dhr
0,AR,Marion County,G0500890,2000-2019,15.30786707548747,38.69133377075195,-15.699333190917969,2146.323905176202,1054.1953877290746,66.86275245457479,8.32520928860107,22.063486263455765,-15.83040872795825,3.7372692395562996,10.468378067016602,177.43550228310502,986,195.69686800342976,936.1444091796876,71.16004566210046,483
