,state,county,gisjoin,year range,avg temp,max temp,min temp,hdd,cdd,avg rh,average dp,max dp,min dp,avg wind speed,max wind speed,avg ghr,max ghr,avg dnr,max dnr,avg dhr,max dhr
0,TN,Fayette County,G4700470,1980-1999,15.178733959015418,35.85333251953125,-19.51000022888184,2132.767300386443,993.5051954270039,69.94251966106293,9.028196453893827,23.09843232068213,-19.510001748502305,3.985233142509308,11.873198509216309,187.20479452054795,1007,192.74733420202156,934.4775390625,76.30319634703196,575
