,state,county,gisjoin,year range,avg temp,max temp,min temp,hdd,cdd,avg rh,average dp,max dp,min dp,avg wind speed,max wind speed,avg ghr,max ghr,avg dnr,max dnr,avg dhr,max dhr
0,MO,Pettis County,G2901590,2000-2019,13.372368827634533,38.51533126831055,-26.65799903869629,2747.84700102611,949.2616231124147,68.37211433219039,6.923594242994798,24.30237450897232,-26.658001490319805,4.409940022638399,9.62665557861328,176.2837899543379,995,185.98625931344992,934.701416015625,71.51198630136986,651
