,state,county,gisjoin,year range,avg temp,max temp,min temp,hdd,cdd,avg rh,average dp,max dp,min dp,avg wind speed,max wind speed,avg ghr,max ghr,avg dnr,max dnr,avg dhr,max dhr
0,TX,Brazoria County,G4800390,2020-2039,22.187385235393428,37.52741622924805,2.310165882110596,602.9890541573133,2021.8846650757403,72.25549945961939,16.501170175312595,26.35163512328836,1.1879865658054674,4.973670335011939,11.621980667114258,178.50079908675798,1002,191.88109008649224,930.8341064453124,83.79132420091324,640
