,state,county,gisjoin,year range,avg temp,max temp,min temp,hdd,cdd,avg rh,average dp,max dp,min dp,avg wind speed,max wind speed,avg ghr,max ghr,avg dnr,max dnr,avg dhr,max dhr
0,TX,Brazoria County,G4800390,2080-2099,25.026090950971323,39.7718620300293,2.6974165439605717,380.0358343342989,2835.0590314384845,72.17733504216964,19.208628791404355,29.78537185650894,2.6974165347543684,5.001387989357726,10.735760688781738,178.50079908675798,1002,181.6942446332917,902.5150146484376,83.79132420091324,640
