,state,county,gisjoin,year range,avg temp,max temp,min temp,hdd,cdd,avg rh,average dp,max dp,min dp,avg wind speed,max wind speed,avg ghr,max ghr,avg dnr,max dnr,avg dhr,max dhr
0,MO,Caldwell County,G2900250,1980-1999,10.996484219882438,35.9042854309082,-23.467857360839844,3303.209946602537,637.4266868591617,65.66640319791559,3.9892731797983996,22.561418903189438,-24.029792872669717,4.335943838994797,8.731438636779785,181.18801369863013,983,186.53116634547214,951.8382568359376,68.712899543379,500
