,state,county,gisjoin,year range,avg temp,max temp,min temp,hdd,cdd,avg rh,average dp,max dp,min dp,avg wind speed,max wind speed,avg ghr,max ghr,avg dnr,max dnr,avg dhr,max dhr
0,AR,Hempstead County,G0500570,2040-2059,19.405095332338302,41.3159065246582,-7.171725749969482,1315.8770062744031,1719.2368025778785,69.42709153362605,12.919905848509526,26.177011102477355,-7.171725912396838,3.7854470249724717,9.004938125610352,181.84657534246574,1007,192.7620522015224,935.9365844726562,72.51495433789954,584
