,state,county,gisjoin,year range,avg temp,max temp,min temp,hdd,cdd,avg rh,average dp,max dp,min dp,avg wind speed,max wind speed,avg ghr,max ghr,avg dnr,max dnr,avg dhr,max dhr
0,GA,Effingham County,G1301030,2020-2039,20.0101421728087,40.37424087524414,-7.186562061309815,988.2357116699833,1612.4376047451535,69.52364054967279,13.626120977034553,24.998138845177813,-8.085122500915348,4.133153503561673,9.429903984069824,191.17888127853882,1048,196.31149816571067,903.9236450195312,80.55582191780822,578
