,state,county,gisjoin,year range,avg temp,max temp,min temp,hdd,cdd,avg rh,average dp,max dp,min dp,avg wind speed,max wind speed,avg ghr,max ghr,avg dnr,max dnr,avg dhr,max dhr
0,GA,Effingham County,G1301030,2080-2099,23.095491499962396,41.21918487548828,-5.322511196136475,695.4140779508517,2445.7684754368843,70.17997850391963,16.754218650455684,29.01178972268295,-5.322511478071671,4.241039115108856,10.17076301574707,191.17888127853882,1048,185.8609749404975,905.236328125,80.55582191780822,578
