,state,county,gisjoin,year range,avg temp,max temp,min temp,hdd,cdd,avg rh,average dp,max dp,min dp,avg wind speed,max wind speed,avg ghr,max ghr,avg dnr,max dnr,avg dhr,max dhr
0,SD,Clay County,G4600270,1980-1999,8.462827253925546,37.131874084472656,-32.17937469482422,4157.667453235459,567.0994009177124,62.01340808574467,0.6798547490045564,24.484363557046308,-32.17937794772651,4.277260641202535,12.401151657104492,163.025,979,184.33325578424672,918.3629150390624,64.725,618
