,state,county,gisjoin,year range,avg temp,max temp,min temp,hdd,cdd,avg rh,average dp,max dp,min dp,avg wind speed,max wind speed,avg ghr,max ghr,avg dnr,max dnr,avg dhr,max dhr
0,SD,Clay County,G4600270,2020-2039,10.646934735817796,36.37926864624024,-23.230207443237305,3613.3106395371665,819.9418181101887,62.57650876622222,2.8636322555820164,25.035850627720556,-23.751405448598025,4.152963469779655,9.717199325561523,163.025,979,181.41830445575312,909.83056640625,64.725,618
