,state,county,gisjoin,year range,avg temp,max temp,min temp,hdd,cdd,avg rh,average dp,max dp,min dp,avg wind speed,max wind speed,avg ghr,max ghr,avg dnr,max dnr,avg dhr,max dhr
0,SD,Clay County,G4600270,2080-2099,14.717384496615217,42.86523818969727,-20.544109344482425,2736.2241583078953,1428.5694995721406,63.08346191541245,6.885033400154921,29.236762819243225,-20.54411099872613,4.039100751158309,9.664170265197754,163.025,979,175.31164624593518,892.8587646484375,64.725,618
