,state,county,gisjoin,year range,avg temp,max temp,min temp,hdd,cdd,avg rh,average dp,max dp,min dp,avg wind speed,max wind speed,avg ghr,max ghr,avg dnr,max dnr,avg dhr,max dhr
0,WV,Mineral County,G5400570,2020-2039,12.345206831544893,36.33977890014648,-16.67176055908203,2932.769196269009,759.269689782504,66.30425771861316,5.323773545860874,23.532675078762068,-16.787667462556666,4.473355928349168,12.136141777038574,172.51221461187214,1037,184.87043758742337,961.8680419921876,71.65228310502283,619
