,state,county,gisjoin,year range,avg temp,max temp,min temp,hdd,cdd,avg rh,average dp,max dp,min dp,avg wind speed,max wind speed,avg ghr,max ghr,avg dnr,max dnr,avg dhr,max dhr
0,WV,Mineral County,G5400570,2040-2059,13.264354513615084,35.920345306396484,-14.8551025390625,2686.300928283754,848.2903257529446,68.59440815568514,6.78472015290912,23.702811650874875,-14.855103676999365,4.31529743573437,10.20059585571289,172.51221461187214,1037,181.8046363375824,957.506591796875,71.65228310502283,619
