,state,county,gisjoin,year range,avg temp,max temp,min temp,hdd,cdd,avg rh,average dp,max dp,min dp,avg wind speed,max wind speed,avg ghr,max ghr,avg dnr,max dnr,avg dhr,max dhr
0,MO,Clinton County,G2900490,2080-2099,16.920787452279693,42.41854476928711,-18.004201889038086,2126.8164983432885,1623.4039184251806,68.66094392401988,10.370341994768598,28.646259547972903,-18.004201552667098,4.155986172532382,9.37998104095459,181.18801369863013,983,177.57804326902968,895.0660400390625,68.71552511415526,500
