,state,county,gisjoin,year range,avg temp,max temp,min temp,hdd,cdd,avg rh,average dp,max dp,min dp,avg wind speed,max wind speed,avg ghr,max ghr,avg dnr,max dnr,avg dhr,max dhr
0,AL,Monroe County,G0100990,1980-1999,17.825189211429947,36.30058670043945,-7.782941341400146,1444.1972550683884,1270.8913172404862,69.68863728122624,11.449872912304553,24.40625045581832,-7.782941986701994,3.468771819504973,8.380698204040527,182.32180365296804,1013,202.54375102684867,940.9307861328124,81.04212328767123,612
