,state,county,gisjoin,year range,avg temp,max temp,min temp,hdd,cdd,avg rh,average dp,max dp,min dp,avg wind speed,max wind speed,avg ghr,max ghr,avg dnr,max dnr,avg dhr,max dhr
0,AL,Monroe County,G0100990,2000-2019,19.00262205068173,37.757057189941406,-10.849411964416504,1267.120566301221,1523.5776148001084,70.04681191117797,12.66550547378181,24.257428537237203,-10.849412237752786,3.5832413703747537,8.340925216674805,182.32180365296804,1013,199.76697335126826,939.8887939453124,81.04212328767123,612
