,state,county,gisjoin,year range,avg temp,max temp,min temp,hdd,cdd,avg rh,average dp,max dp,min dp,avg wind speed,max wind speed,avg ghr,max ghr,avg dnr,max dnr,avg dhr,max dhr
0,SC,Darlington County,G4500310,2020-2039,18.17289866463209,41.05472183227539,-7.702189445495605,1476.9099955141758,1430.5180081049866,67.61657887354289,11.288030260124797,24.44748194070131,-7.702189898129575,3.635232495608395,8.750232696533203,182.85308219178083,994,194.09072861150005,947.4630737304688,76.68481735159817,591
