,state,county,gisjoin,year range,avg temp,max temp,min temp,hdd,cdd,avg rh,average dp,max dp,min dp,avg wind speed,max wind speed,avg ghr,max ghr,avg dnr,max dnr,avg dhr,max dhr
0,SC,Darlington County,G4500310,2080-2099,21.453008099127516,41.72538757324219,-6.00205659866333,1066.571988676944,2217.4199448583317,69.24504816259967,14.843910385989751,29.35835320290672,-6.002057001230747,3.9823022659510783,8.933870315551758,182.85308219178083,994,185.49380995057552,930.7246704101562,76.68481735159817,591
