,state,county,gisjoin,year range,avg temp,max temp,min temp,hdd,cdd,avg rh,average dp,max dp,min dp,avg wind speed,max wind speed,avg ghr,max ghr,avg dnr,max dnr,avg dhr,max dhr
0,TX,Bowie County,G4800370,1980-1999,16.922671292431108,36.53785705566406,-9.441429138183594,1730.9424095535921,1228.217431291023,69.19904055312344,10.521516964570017,23.352958990840936,-9.44143026920004,3.3778129531912606,8.276285171508789,181.84657534246574,1007,200.1654957410605,923.1113891601562,72.51495433789954,584
