,state,county,gisjoin,year range,avg temp,max temp,min temp,hdd,cdd,avg rh,average dp,max dp,min dp,avg wind speed,max wind speed,avg ghr,max ghr,avg dnr,max dnr,avg dhr,max dhr
0,TX,Bowie County,G4800370,2040-2059,19.915341835924036,40.44709777832031,-6.316689491271973,1271.329734377539,1860.9295044897738,68.77931562210327,13.256536078610146,26.717168465683333,-6.484338035384139,3.5133141965082246,8.369765281677246,181.84657534246574,1007,194.68428195717283,931.2902221679688,72.51495433789954,584
