,state,county,gisjoin,year range,avg temp,max temp,min temp,hdd,cdd,avg rh,average dp,max dp,min dp,avg wind speed,max wind speed,avg ghr,max ghr,avg dnr,max dnr,avg dhr,max dhr
0,IL,Wayne County,G1701910,1980-1999,11.912981907639958,34.759334564208984,-21.26066780090332,3031.848495061017,700.5868913491948,69.97318647658989,5.892892249924943,23.331182427607025,-21.260668693218364,4.384862059327565,10.286255836486816,169.3033105022831,986,186.3897365242594,927.150634765625,70.84931506849315,614
