,state,county,gisjoin,year range,avg temp,max temp,min temp,hdd,cdd,avg rh,average dp,max dp,min dp,avg wind speed,max wind speed,avg ghr,max ghr,avg dnr,max dnr,avg dhr,max dhr
0,IL,Wayne County,G1701910,2060-2079,16.335667900154824,39.194313049316406,-15.116497993469238,2094.859422521804,1377.8782060782758,70.43959182626037,10.28040698700093,27.646054036184186,-15.1165005880435,4.242185735335089,10.405290603637695,169.3033105022831,986,179.68460693251905,908.8236083984376,70.84931506849315,614
