,state,county,gisjoin,year range,avg temp,max temp,min temp,hdd,cdd,avg rh,average dp,max dp,min dp,avg wind speed,max wind speed,avg ghr,max ghr,avg dnr,max dnr,avg dhr,max dhr
0,GA,Rabun County,G1302410,2000-2019,14.49577522865211,33.0368766784668,-14.667500495910645,2140.018212320398,751.4761707783223,70.1658464279349,8.404114423242962,21.58072528233201,-14.667502113225886,4.700242400877007,12.527071952819824,181.01187214611872,997,196.19091391621788,964.1292114257812,75.90707762557078,629
