,state,county,gisjoin,year range,avg temp,max temp,min temp,hdd,cdd,avg rh,average dp,max dp,min dp,avg wind speed,max wind speed,avg ghr,max ghr,avg dnr,max dnr,avg dhr,max dhr
0,NE,Pawnee County,G3101330,2080-2099,16.61306096639319,42.80490493774414,-15.082972526550291,2275.175360757111,1659.4426134903524,65.25553114011407,9.156438774271601,27.611581801195435,-15.140132799651118,4.330709561909715,9.36253261566162,179.72328767123287,994,181.47201023315756,900.5455932617188,64.42385844748858,557
