,state,county,gisjoin,year range,avg temp,max temp,min temp,hdd,cdd,avg rh,average dp,max dp,min dp,avg wind speed,max wind speed,avg ghr,max ghr,avg dnr,max dnr,avg dhr,max dhr
0,ND,Logan County,G3800470,2000-2019,6.316256060792914,41.350833892822266,-30.545833587646484,4813.6797911344875,439.61325332324645,57.97694889617293,-2.5077038764028106,19.44454554040516,-30.99387717263533,4.481216008532537,10.264211654663086,142.9428082191781,950,182.3799915927096,912.0443115234376,62.025228310502285,503
