,state,county,gisjoin,year range,avg temp,max temp,min temp,hdd,cdd,avg rh,average dp,max dp,min dp,avg wind speed,max wind speed,avg ghr,max ghr,avg dnr,max dnr,avg dhr,max dhr
0,ND,Logan County,G3800470,2020-2039,6.454174382773602,36.96990966796875,-35.95394515991211,4796.271985146111,472.5456348578275,59.95909833799214,-1.776871612909504,19.80852171720735,-35.95394828316857,4.543027169274413,11.622459411621094,142.9428082191781,950,178.90992437361385,898.0944213867188,62.025228310502285,503
