,state,county,gisjoin,year range,avg temp,max temp,min temp,hdd,cdd,avg rh,average dp,max dp,min dp,avg wind speed,max wind speed,avg ghr,max ghr,avg dnr,max dnr,avg dhr,max dhr
0,ND,Logan County,G3800470,2080-2099,10.86735129379607,41.56608963012695,-25.653696060180664,3695.517628855688,982.6008510907997,59.99641479977734,2.3563086932852424,23.218312652651004,-27.220771246091985,4.538398911337874,10.851858139038086,142.9428082191781,950,175.86008404706195,887.1648559570312,62.025228310502285,503
