,state,county,gisjoin,year range,avg temp,max temp,min temp,hdd,cdd,avg rh,average dp,max dp,min dp,avg wind speed,max wind speed,avg ghr,max ghr,avg dnr,max dnr,avg dhr,max dhr
0,VA,Fauquier County,G5100610,2000-2019,13.699518471170157,34.78066635131836,-17.187999725341797,2503.6126374832343,824.4368794600654,67.88668859516649,7.132684298534908,22.400525696908247,-17.18800107250253,4.148500990541014,9.819387435913086,191.30639269406393,1011,183.69439272428016,948.9481201171876,67.29554794520548,682
