,state,county,gisjoin,year range,avg temp,max temp,min temp,hdd,cdd,avg rh,average dp,max dp,min dp,avg wind speed,max wind speed,avg ghr,max ghr,avg dnr,max dnr,avg dhr,max dhr
0,VA,Fauquier County,G5100610,2060-2079,15.816659715652658,37.06199645996094,-9.23123550415039,2088.098029642153,1181.678825855327,69.85622863856625,9.61100763402821,25.15090020765752,-9.24194130913029,4.3118439070165975,10.450146675109863,191.30639269406393,1011,179.77157115434613,917.3253784179688,67.29554794520548,682
