,state,county,gisjoin,year range,avg temp,max temp,min temp,hdd,cdd,avg rh,average dp,max dp,min dp,avg wind speed,max wind speed,avg ghr,max ghr,avg dnr,max dnr,avg dhr,max dhr
0,ND,Mercer County,G3800570,1980-1999,5.014111193444274,36.10833358764648,-33.19333267211914,5176.0338864617215,326.68447206814386,56.1751734761887,-4.248722483376998,16.772516958207866,-33.5148064875419,4.767179575331135,11.33769416809082,161.0972602739726,953,180.9810083303991,908.0989379882812,64.14326484018265,443
