,state,county,gisjoin,year range,avg temp,max temp,min temp,hdd,cdd,avg rh,average dp,max dp,min dp,avg wind speed,max wind speed,avg ghr,max ghr,avg dnr,max dnr,avg dhr,max dhr
0,NJ,Somerset County,G3400350,2020-2039,12.937525590072061,35.93204879760742,-17.061220169067383,2743.311333185195,786.0081735611417,68.91783169480763,6.644526828043424,22.70873449276239,-17.06122060329206,4.45430118547727,10.393986701965332,163.72180365296805,968,177.8451605444832,929.5931396484376,75.18550228310502,491
