,state,county,gisjoin,year range,avg temp,max temp,min temp,hdd,cdd,avg rh,average dp,max dp,min dp,avg wind speed,max wind speed,avg ghr,max ghr,avg dnr,max dnr,avg dhr,max dhr
0,NJ,Somerset County,G3400350,2080-2099,16.62239269313985,40.97416687011719,-8.43046760559082,2062.465172939745,1450.1385059356796,71.37313449393669,10.738773504855729,27.75266564849091,-8.430468357090323,4.465771139729513,11.75119972229004,163.72180365296805,968,169.63099938341355,889.048828125,75.18550228310502,491
