,state,county,gisjoin,year range,avg temp,max temp,min temp,hdd,cdd,avg rh,average dp,max dp,min dp,avg wind speed,max wind speed,avg ghr,max ghr,avg dnr,max dnr,avg dhr,max dhr
0,VA,Suffolk city,G5108000,2000-2019,16.08739967341447,37.63249969482422,-8.735625267028809,1885.0145959233112,1077.415476719607,70.82458928622067,10.144728630824808,25.11399781447776,-8.735626033946522,3.9081307489578037,9.012657165527344,177.25034246575342,986,183.36720136028845,919.460205078125,70.07488584474886,494
