,state,county,gisjoin,year range,avg temp,max temp,min temp,hdd,cdd,avg rh,average dp,max dp,min dp,avg wind speed,max wind speed,avg ghr,max ghr,avg dnr,max dnr,avg dhr,max dhr
0,VA,Mecklenburg County,G5101170,2000-2019,15.420502753644866,39.01625061035156,-13.4868745803833,2085.3877190052367,1034.371224085556,67.30795298689577,8.575112112470157,23.270512981937223,-13.48687667644353,3.6313583050688654,9.053571701049805,169.7662100456621,981,192.07774763607046,945.3938598632812,71.44874429223745,585
