,state,county,gisjoin,year range,avg temp,max temp,min temp,hdd,cdd,avg rh,average dp,max dp,min dp,avg wind speed,max wind speed,avg ghr,max ghr,avg dnr,max dnr,avg dhr,max dhr
0,VA,Mecklenburg County,G5101170,2060-2079,17.387986320149544,38.48290252685547,-9.224802017211914,1741.0888750290505,1408.2038818836634,68.67211560070787,10.793706759999537,25.00708149122827,-9.224802313455152,3.7779250611997632,9.08981704711914,169.7662100456621,981,188.83547414840777,926.5638427734376,71.44874429223745,585
