,state,county,gisjoin,year range,avg temp,max temp,min temp,hdd,cdd,avg rh,average dp,max dp,min dp,avg wind speed,max wind speed,avg ghr,max ghr,avg dnr,max dnr,avg dhr,max dhr
0,MO,Ste. Genevieve County,G2901860,1980-1999,12.377406239198637,36.402000427246094,-19.48666763305664,2983.332357067538,821.5856343746658,67.79453084588596,5.795477442272011,23.473252932268338,-19.65725949844855,4.187753377548636,9.458884239196776,186.26997716894977,981,191.14766643297966,953.8026123046876,70.59737442922375,630
