,state,county,gisjoin,year range,avg temp,max temp,min temp,hdd,cdd,avg rh,average dp,max dp,min dp,avg wind speed,max wind speed,avg ghr,max ghr,avg dnr,max dnr,avg dhr,max dhr
0,MO,Ste. Genevieve County,G2901860,2020-2039,14.616432836495491,39.85893249511719,-21.77345085144043,2428.004667006646,1083.5026523272827,68.24842508002503,8.02523159061268,24.672556378553622,-21.77345194240992,4.064902800076628,10.68110179901123,186.26997716894977,981,188.51260827490938,931.3463134765624,70.59737442922375,630
