,state,county,gisjoin,year range,avg temp,max temp,min temp,hdd,cdd,avg rh,average dp,max dp,min dp,avg wind speed,max wind speed,avg ghr,max ghr,avg dnr,max dnr,avg dhr,max dhr
0,MO,Ste. Genevieve County,G2901860,2060-2079,16.26941467574585,40.6138801574707,-11.94865894317627,2154.724977978756,1413.5613346259104,69.07400261278022,9.806085068657634,25.972151500760056,-12.561032122441398,4.0856188290739714,10.306192398071287,186.26997716894977,981,183.2640954551582,912.1536254882812,70.59737442922375,630
