,state,county,gisjoin,year range,avg temp,max temp,min temp,hdd,cdd,avg rh,average dp,max dp,min dp,avg wind speed,max wind speed,avg ghr,max ghr,avg dnr,max dnr,avg dhr,max dhr
0,VA,Manassas city,G5106830,1980-1999,12.515746020532829,34.83133316040039,-11.748666763305664,2798.6822636440843,687.4295611381908,68.79387111598498,6.216301587501321,22.11419405428198,-11.7486678833602,4.0121975451299585,9.678247451782228,191.30639269406393,1011,184.43632305956584,949.6210327148438,67.29543378995434,682
