,state,county,gisjoin,year range,avg temp,max temp,min temp,hdd,cdd,avg rh,average dp,max dp,min dp,avg wind speed,max wind speed,avg ghr,max ghr,avg dnr,max dnr,avg dhr,max dhr
0,VA,Manassas city,G5106830,2020-2039,14.375366876930931,36.466270446777344,-13.919095039367676,2374.8720474921656,942.3809575717247,69.63492041788145,8.233268445559665,24.17609498098068,-13.919096863734708,3.9262776247442583,10.20931625366211,191.30639269406393,1011,182.280927331485,919.51708984375,67.29543378995434,682
