,state,county,gisjoin,year range,avg temp,max temp,min temp,hdd,cdd,avg rh,average dp,max dp,min dp,avg wind speed,max wind speed,avg ghr,max ghr,avg dnr,max dnr,avg dhr,max dhr
0,GA,Whitfield County,G1303130,1980-1999,14.997863798753023,34.97882461547852,-13.893529891967772,2102.7599783096853,897.4802648544888,69.2432460867651,8.679530640297486,21.97857476644845,-13.893529855580184,3.5687975935467846,8.71179485321045,178.75011415525114,1021,196.26324422720546,960.6272583007812,76.31392694063926,548
