,state,county,gisjoin,year range,avg temp,max temp,min temp,hdd,cdd,avg rh,average dp,max dp,min dp,avg wind speed,max wind speed,avg ghr,max ghr,avg dnr,max dnr,avg dhr,max dhr
0,GA,Whitfield County,G1303130,2020-2039,16.666300579414013,36.83255386352539,-8.867362976074219,1755.332150200592,1159.031861686783,69.46611210635808,10.315428015774087,22.921034619157645,-8.98737439362924,3.575964131243697,8.84661865234375,178.75011415525114,1021,194.44804531657877,973.3363037109376,76.31392694063926,548
