,state,county,gisjoin,year range,avg temp,max temp,min temp,hdd,cdd,avg rh,average dp,max dp,min dp,avg wind speed,max wind speed,avg ghr,max ghr,avg dnr,max dnr,avg dhr,max dhr
0,GA,Whitfield County,G1303130,2060-2079,18.725280268903667,38.9001350402832,-6.441595077514648,1423.0244939789638,1578.2517921288318,69.36288866735484,12.260664386259274,26.81829082888156,-6.441595202458736,3.6619940381207967,8.723814010620117,178.75011415525114,1021,190.6088948218597,933.2841796875,76.31392694063926,548
