,state,county,gisjoin,year range,avg temp,max temp,min temp,hdd,cdd,avg rh,average dp,max dp,min dp,avg wind speed,max wind speed,avg ghr,max ghr,avg dnr,max dnr,avg dhr,max dhr
0,MD,Anne Arundel County,G2400030,1980-1999,12.916406909709362,35.945335388183594,-17.772666931152344,2715.8311827751922,750.8197048187675,69.95737362844214,6.94765085829786,23.529902858030905,-18.620697695433844,3.782250329239728,9.594776153564451,169.90319634703195,987,180.74377584680175,923.183837890625,72.4947488584475,480
