,state,county,gisjoin,year range,avg temp,max temp,min temp,hdd,cdd,avg rh,average dp,max dp,min dp,avg wind speed,max wind speed,avg ghr,max ghr,avg dnr,max dnr,avg dhr,max dhr
0,MD,Anne Arundel County,G2400030,2000-2019,14.381382106039867,36.012001037597656,-14.45533275604248,2390.60951902766,960.3139877319936,70.99668603770809,8.593244050273233,24.83819083731129,-14.455334249315117,3.7944832047371015,9.839936256408691,169.90319634703195,987,176.3687734760822,917.7322387695312,72.4947488584475,480
