,state,county,gisjoin,year range,avg temp,max temp,min temp,hdd,cdd,avg rh,average dp,max dp,min dp,avg wind speed,max wind speed,avg ghr,max ghr,avg dnr,max dnr,avg dhr,max dhr
0,UT,Weber County,G4900570,2020-2039,12.2264763569176,40.55725860595703,-16.916406631469727,3072.05672526017,855.2205955346857,57.41422187356644,2.778049248971404,18.230878386417366,-17.313027403242348,3.556109961091656,9.98553466796875,205.39657534246575,1028,203.87900151250216,943.3193359375,58.584931506849315,444
