,state,county,gisjoin,year range,avg temp,max temp,min temp,hdd,cdd,avg rh,average dp,max dp,min dp,avg wind speed,max wind speed,avg ghr,max ghr,avg dnr,max dnr,avg dhr,max dhr
0,TX,Coke County,G4800810,2040-2059,20.67208792470453,44.44514465332031,-6.4983110427856445,1196.4716483847174,2062.2837409017716,52.66329051620884,9.477886358963314,23.66604701265804,-10.369490020494736,4.093634978671597,8.281515121459961,214.40616438356165,1045,218.76967737581813,1008.7265625,69.54189497716895,518
