,state,county,gisjoin,year range,avg temp,max temp,min temp,hdd,cdd,avg rh,average dp,max dp,min dp,avg wind speed,max wind speed,avg ghr,max ghr,avg dnr,max dnr,avg dhr,max dhr
0,SC,Dillon County,G4500330,2000-2019,17.745250018749953,37.150001525878906,-9.530625343322754,1551.0919106138035,1348.6081674576674,67.99469669355105,11.016758117199762,24.150467144832888,-9.530626236912417,3.588344065457174,8.704257011413574,182.85308219178083,994,193.35825668325356,954.5414428710938,76.68561643835616,591
