,state,county,gisjoin,year range,avg temp,max temp,min temp,hdd,cdd,avg rh,average dp,max dp,min dp,avg wind speed,max wind speed,avg ghr,max ghr,avg dnr,max dnr,avg dhr,max dhr
0,SC,Dillon County,G4500330,2020-2039,18.30035910274893,40.13511276245117,-7.239871501922607,1447.454769009261,1447.5858415126995,68.21899629161783,11.57270915662368,24.46898899896473,-7.239871761932105,3.5919254583855196,8.513263702392578,182.85308219178083,994,193.3878360156678,915.190673828125,76.68561643835616,591
