,state,county,gisjoin,year range,avg temp,max temp,min temp,hdd,cdd,avg rh,average dp,max dp,min dp,avg wind speed,max wind speed,avg ghr,max ghr,avg dnr,max dnr,avg dhr,max dhr
0,SC,Dillon County,G4500330,2080-2099,21.560026343486413,41.14650344848633,-4.575438022613525,991.727279664097,2181.6368950364736,69.55394615190758,15.059647968777984,29.48769422783691,-4.658226004601414,3.6634142754829093,9.22705364227295,182.85308219178083,994,184.13520998432057,900.9613647460938,76.68561643835616,591
