,state,county,gisjoin,year range,avg temp,max temp,min temp,hdd,cdd,avg rh,average dp,max dp,min dp,avg wind speed,max wind speed,avg ghr,max ghr,avg dnr,max dnr,avg dhr,max dhr
0,WA,Douglas County,G5300170,2020-2039,8.362373644644128,37.23974990844727,-16.178394317626953,3983.0311460174075,355.7975263118719,54.66962519954873,-1.7170565663372912,11.722643216270091,-16.17839453828527,3.669014739990234,8.887775421142578,165.83093607305935,951,183.20410335619374,902.0204467773438,62.63458904109589,442
