,state,county,gisjoin,year range,avg temp,max temp,min temp,hdd,cdd,avg rh,average dp,max dp,min dp,avg wind speed,max wind speed,avg ghr,max ghr,avg dnr,max dnr,avg dhr,max dhr
0,NY,Columbia County,G3600210,1980-1999,8.566791870178353,34.04999923706055,-24.76133346557617,3943.9520374430663,391.3310700575532,68.26092685727768,2.281104188565276,21.133239055286683,-24.76133520691332,3.6145990471045177,9.265543937683104,160.9197488584475,1036,182.16251369225,925.2042236328124,78.29372146118722,514
