,state,county,gisjoin,year range,avg temp,max temp,min temp,hdd,cdd,avg rh,average dp,max dp,min dp,avg wind speed,max wind speed,avg ghr,max ghr,avg dnr,max dnr,avg dhr,max dhr
0,NY,Columbia County,G3600210,2040-2059,11.961931842140382,36.85206985473633,-20.03208541870117,3074.9443033483203,761.5494257291589,69.24948656983571,5.720630849104465,22.46417294840256,-20.0320869685065,4.179071343897684,10.19737148284912,160.9197488584475,1036,174.53302813847262,908.2525634765624,78.29372146118722,514
