,state,county,gisjoin,year range,avg temp,max temp,min temp,hdd,cdd,avg rh,average dp,max dp,min dp,avg wind speed,max wind speed,avg ghr,max ghr,avg dnr,max dnr,avg dhr,max dhr
0,NY,Columbia County,G3600210,2080-2099,14.074597851937769,38.66212844848633,-17.107681274414062,2625.5043558515413,1083.2325718085588,69.99798379227451,7.950456312570783,26.21092419361897,-17.10768202176691,4.50780335840297,13.071914672851562,160.9197488584475,1036,170.7949134770725,909.5806274414062,78.29372146118722,514
