,state,county,gisjoin,year range,avg temp,max temp,min temp,hdd,cdd,avg rh,average dp,max dp,min dp,avg wind speed,max wind speed,avg ghr,max ghr,avg dnr,max dnr,avg dhr,max dhr
0,MT,Mineral County,G3000610,2000-2019,8.31808214662088,35.339332580566406,-21.179332733154297,4027.1135678304613,383.71355134646234,61.54406006194685,0.043675444071226234,12.253491444154523,-21.179335086026978,3.225549270273888,7.518845558166504,157.51278538812787,969,180.5395469330407,919.912353515625,64.3337899543379,470
