,state,county,gisjoin,year range,avg temp,max temp,min temp,hdd,cdd,avg rh,average dp,max dp,min dp,avg wind speed,max wind speed,avg ghr,max ghr,avg dnr,max dnr,avg dhr,max dhr
0,MO,Monroe County,G2901370,1980-1999,11.384455806773303,36.38666534423828,-23.75066566467285,3193.144468709399,668.9708381812122,68.35712239731393,5.070812071388345,22.70928353042897,-23.750668633338837,4.478250788989133,9.765762329101562,180.13698630136986,1025,184.97447515947505,918.7479248046876,76.10753424657534,664
