,state,county,gisjoin,year range,avg temp,max temp,min temp,hdd,cdd,avg rh,average dp,max dp,min dp,avg wind speed,max wind speed,avg ghr,max ghr,avg dnr,max dnr,avg dhr,max dhr
0,MO,Monroe County,G2901370,2020-2039,13.413532422242762,40.822025299072266,-24.970273971557617,2780.317995854366,996.7573299726411,69.06645926340529,7.192026309571386,24.532671768048875,-24.970275733783847,4.220039726936654,8.815338134765625,180.13698630136986,1025,181.88962403629702,907.9495239257812,76.10753424657534,664
