,state,county,gisjoin,year range,avg temp,max temp,min temp,hdd,cdd,avg rh,average dp,max dp,min dp,avg wind speed,max wind speed,avg ghr,max ghr,avg dnr,max dnr,avg dhr,max dhr
0,MO,Monroe County,G2901370,2040-2059,15.077197393876943,39.92839813232422,-15.286420822143556,2385.3214064575855,1208.9984552225194,69.31961537474366,8.81197437161313,26.531479402814853,-15.483527504599694,4.237221196906208,9.818111419677734,180.13698630136986,1025,180.61714410911299,916.2857055664062,76.10753424657534,664
