,state,county,gisjoin,year range,avg temp,max temp,min temp,hdd,cdd,avg rh,average dp,max dp,min dp,avg wind speed,max wind speed,avg ghr,max ghr,avg dnr,max dnr,avg dhr,max dhr
0,MS,Winston County,G2801590,1980-1999,16.587710212186494,36.59749984741211,-16.565000534057617,1779.3765120564367,1154.3907395045728,69.01833967073867,10.115268410987047,23.664064219715264,-16.5650027619016,3.645181958615508,10.512051582336426,189.47420091324202,1002,200.90676806436875,945.1560668945312,73.97043378995434,623
