,state,county,gisjoin,year range,avg temp,max temp,min temp,hdd,cdd,avg rh,average dp,max dp,min dp,avg wind speed,max wind speed,avg ghr,max ghr,avg dnr,max dnr,avg dhr,max dhr
0,MS,Winston County,G2801590,2000-2019,17.642929489854787,38.06187438964844,-11.143125534057615,1609.093864229287,1369.2631280264122,69.96133206206369,11.36229600439927,24.608568831853173,-11.14312702737684,3.667327454209872,8.345967292785645,189.47420091324202,1002,197.16777153483366,938.6232299804688,73.97043378995434,623
