,state,county,gisjoin,year range,avg temp,max temp,min temp,hdd,cdd,avg rh,average dp,max dp,min dp,avg wind speed,max wind speed,avg ghr,max ghr,avg dnr,max dnr,avg dhr,max dhr
0,MS,Winston County,G2801590,2020-2039,17.972485474660594,36.91442489624024,-11.113611221313477,1538.2620631407863,1418.719261391996,70.27649777077104,11.761733983585371,24.9467210777452,-11.113612377327753,3.613634069039397,8.077827453613281,189.47420091324202,1002,196.61475438024374,938.4578857421876,73.97043378995434,623
