,state,county,gisjoin,year range,avg temp,max temp,min temp,hdd,cdd,avg rh,average dp,max dp,min dp,avg wind speed,max wind speed,avg ghr,max ghr,avg dnr,max dnr,avg dhr,max dhr
0,MS,Winston County,G2801590,2040-2059,19.2571625554141,39.42520904541016,-9.114688873291016,1307.2229399495977,1656.5872726757636,70.0033857879029,12.931105443957573,27.425406190437837,-9.114689264161566,3.634183792627021,9.812519073486328,189.47420091324202,1002,194.40938433430324,925.486572265625,73.97043378995434,623
