,state,county,gisjoin,year range,avg temp,max temp,min temp,hdd,cdd,avg rh,average dp,max dp,min dp,avg wind speed,max wind speed,avg ghr,max ghr,avg dnr,max dnr,avg dhr,max dhr
0,OH,Miami County,G3901090,2000-2019,11.742275005355527,33.77214431762695,-22.229286193847656,3101.1759671892464,707.6063441435871,69.37902351840991,5.62623038498598,23.801444133735384,-22.80033375109488,4.458559982580681,9.91066551208496,162.5189497716895,990,178.83134821387912,919.6512451171876,77.84429223744293,498
