,state,county,gisjoin,year range,avg temp,max temp,min temp,hdd,cdd,avg rh,average dp,max dp,min dp,avg wind speed,max wind speed,avg ghr,max ghr,avg dnr,max dnr,avg dhr,max dhr
0,OH,Miami County,G3901090,2040-2059,13.770510668965077,37.24761581420898,-13.076933860778809,2619.237696928776,965.9740911007502,70.64607519929268,7.874993956014737,25.712785490714,-14.269449825749518,4.553663455051918,10.954604148864746,162.5189497716895,990,174.5071235042363,931.8544921875,77.84429223744293,498
