,state,county,gisjoin,year range,avg temp,max temp,min temp,hdd,cdd,avg rh,average dp,max dp,min dp,avg wind speed,max wind speed,avg ghr,max ghr,avg dnr,max dnr,avg dhr,max dhr
0,AR,Drew County,G0500430,2020-2039,18.154694453617065,43.42539596557617,-8.9277982711792,1513.0037706760477,1459.9672462463457,69.21086843155291,11.691211878996194,25.236679500923717,-8.927799246046467,3.694750665311944,8.517613410949707,177.8398401826484,986,196.27187223157526,919.7060546875,73.81392694063926,551
