,state,county,gisjoin,year range,avg temp,max temp,min temp,hdd,cdd,avg rh,average dp,max dp,min dp,avg wind speed,max wind speed,avg ghr,max ghr,avg dnr,max dnr,avg dhr,max dhr
0,LA,Grant Parish,G2200430,2020-2039,20.067198560779744,38.79384613037109,-7.544020175933838,1101.0778970448548,1746.1053717294214,70.24142221337584,13.79033905755859,24.836475638027864,-7.544021218151003,3.568459293123794,8.170809745788574,196.93835616438355,993,196.89136163970642,923.0345458984376,77.42671232876712,621
