,state,county,gisjoin,year range,avg temp,max temp,min temp,hdd,cdd,avg rh,average dp,max dp,min dp,avg wind speed,max wind speed,avg ghr,max ghr,avg dnr,max dnr,avg dhr,max dhr
0,LA,Grant Parish,G2200430,2080-2099,22.821175170708425,42.0889892578125,-5.492211818695068,813.5477665418085,2463.7767038501725,71.81067221066724,16.829716461366154,30.145524851095463,-5.492212281021589,3.531753172286569,8.533981323242188,196.93835616438355,993,187.1723148708364,933.9370727539062,77.42671232876712,621
