,state,county,gisjoin,year range,avg temp,max temp,min temp,hdd,cdd,avg rh,average dp,max dp,min dp,avg wind speed,max wind speed,avg ghr,max ghr,avg dnr,max dnr,avg dhr,max dhr
0,CA,Inyo County,G0600270,2040-2059,16.050604672594364,41.9404296875,-11.756016731262209,2079.1621720755215,1258.1328775724462,38.175298086693296,-0.5715829091577302,8.067040607463678,-14.548982638529411,4.282967819742961,13.472819328308104,213.67545662100457,1023,236.3824169487868,998.3206176757812,74.4269406392694,610
