,state,county,gisjoin,year range,avg temp,max temp,min temp,hdd,cdd,avg rh,average dp,max dp,min dp,avg wind speed,max wind speed,avg ghr,max ghr,avg dnr,max dnr,avg dhr,max dhr
0,CA,Inyo County,G0600270,2060-2079,16.081321260363,41.62175750732422,-8.372900009155273,2100.448615205387,1290.6308752378518,39.21205167122628,-0.21779168067789015,11.918818701304687,-13.711562553437789,4.302159895499547,11.719962120056152,213.67545662100457,1023,235.90645000878,996.4364624023438,74.4269406392694,610
