,state,county,gisjoin,year range,avg temp,max temp,min temp,hdd,cdd,avg rh,average dp,max dp,min dp,avg wind speed,max wind speed,avg ghr,max ghr,avg dnr,max dnr,avg dhr,max dhr
0,PA,Pike County,G4201030,1980-1999,7.947538361317056,31.79428482055664,-23.30928611755371,4114.81453709404,336.16603897411693,68.32100798528488,1.7039472614042388,19.818041855208143,-23.851525332398907,4.305317155737855,12.856292724609377,151.28367579908675,961,188.13999002577341,962.6891479492188,69.54657534246576,543
