,state,county,gisjoin,year range,avg temp,max temp,min temp,hdd,cdd,avg rh,average dp,max dp,min dp,avg wind speed,max wind speed,avg ghr,max ghr,avg dnr,max dnr,avg dhr,max dhr
0,ME,Lincoln County,G2300150,2020-2039,8.890497331050959,29.861032485961918,-21.391572952270508,3720.788046186603,286.3195720195684,73.08380728660653,3.8162158405921143,20.46573181951143,-21.39157439742256,4.670211595977278,11.199156761169434,139.7821917808219,963,169.34182205173946,898.6350708007812,66.65114155251142,561
