,state,county,gisjoin,year range,avg temp,max temp,min temp,hdd,cdd,avg rh,average dp,max dp,min dp,avg wind speed,max wind speed,avg ghr,max ghr,avg dnr,max dnr,avg dhr,max dhr
0,NC,Nash County,G3701270,2040-2059,17.92515822714135,39.8218002319336,-7.109401702880859,1622.8874427841836,1486.0701956907824,68.93563510054322,11.390277884409452,25.905650488735947,-7.109402347357587,3.7546520363794613,9.94126796722412,176.0868721461187,989,187.32558279632207,912.8539428710938,76.7466894977169,640
