,state,county,gisjoin,year range,avg temp,max temp,min temp,hdd,cdd,avg rh,average dp,max dp,min dp,avg wind speed,max wind speed,avg ghr,max ghr,avg dnr,max dnr,avg dhr,max dhr
0,MT,Cascade County,G3000130,1980-1999,7.759401424274529,36.21428680419922,-28.631427764892575,4200.633358000211,353.31487785974855,53.29453404548506,-2.4776884290549677,13.345866345481388,-29.36564796764285,4.92386088012016,11.16074275970459,163.92431506849314,970,183.15599874834493,916.2589721679688,65.25148401826485,594
