,state,county,gisjoin,year range,avg temp,max temp,min temp,hdd,cdd,avg rh,average dp,max dp,min dp,avg wind speed,max wind speed,avg ghr,max ghr,avg dnr,max dnr,avg dhr,max dhr
0,MT,Cascade County,G3000130,2040-2059,10.362503272433674,39.65454864501953,-26.793214797973636,3545.568075648529,648.3817700863129,55.18303973750981,0.4336783137909884,17.10778647375638,-28.255716669389304,4.617269017271799,9.590717315673828,163.92431506849314,970,181.27467440940146,894.4009399414062,65.25148401826485,594
