,state,county,gisjoin,year range,avg temp,max temp,min temp,hdd,cdd,avg rh,average dp,max dp,min dp,avg wind speed,max wind speed,avg ghr,max ghr,avg dnr,max dnr,avg dhr,max dhr
0,MT,Cascade County,G3000130,2060-2079,11.018836487252738,39.59986114501953,-24.92998504638672,3368.3646203488224,710.7399381955776,55.21590430616788,1.128113974168983,17.260354923034264,-25.766386337202736,4.7323228912810755,10.472585678100586,163.92431506849314,970,179.5137049819993,891.5961303710938,65.25148401826485,594
