,state,county,gisjoin,year range,avg temp,max temp,min temp,hdd,cdd,avg rh,average dp,max dp,min dp,avg wind speed,max wind speed,avg ghr,max ghr,avg dnr,max dnr,avg dhr,max dhr
0,KY,Mason County,G2101610,2020-2039,13.283677076855177,35.9969482421875,-17.28327751159668,2670.8219287965303,839.8640618483722,69.01097783846397,6.971491637789745,23.33766175247876,-18.673293023983117,3.9187817840407426,10.214375495910645,154.52865296803654,985,183.58811362033362,931.2985229492188,75.48173515981735,596
