,state,county,gisjoin,year range,avg temp,max temp,min temp,hdd,cdd,avg rh,average dp,max dp,min dp,avg wind speed,max wind speed,avg ghr,max ghr,avg dnr,max dnr,avg dhr,max dhr
0,KY,Mason County,G2101610,2080-2099,16.72530132185994,38.15166473388672,-10.37863063812256,2020.4069316981795,1445.6419141769586,70.89991171762823,10.6992270542849,26.723973444320727,-10.378630801479993,3.865251857205613,9.970338821411133,154.52865296803654,985,174.90879808937834,939.9097900390624,75.48173515981735,596
