,state,county,gisjoin,year range,avg temp,max temp,min temp,hdd,cdd,avg rh,average dp,max dp,min dp,avg wind speed,max wind speed,avg ghr,max ghr,avg dnr,max dnr,avg dhr,max dhr
0,WY,Uinta County,G5600410,1980-1999,3.9941979029812567,27.873125076293945,-27.65562438964844,5379.4768846689385,157.85911925633448,45.53951356672261,-8.217100138878887,9.598257565833352,-28.749406735336347,3.694052188037193,9.6406888961792,192.80011415525115,1044,228.61070703720276,1041.17041015625,58.451141552511416,447
