,state,county,gisjoin,year range,avg temp,max temp,min temp,hdd,cdd,avg rh,average dp,max dp,min dp,avg wind speed,max wind speed,avg ghr,max ghr,avg dnr,max dnr,avg dhr,max dhr
0,WY,Uinta County,G5600410,2000-2019,5.2731736223958645,30.309375762939453,-28.0049991607666,5007.604422718216,252.81279489198752,46.26613246501853,-6.892540525521038,7.332423788695564,-28.005002360645413,3.698581389858298,9.6406888961792,192.80011415525115,1044,229.14148283083327,1028.6190185546875,58.451141552511416,447
