,state,county,gisjoin,year range,avg temp,max temp,min temp,hdd,cdd,avg rh,average dp,max dp,min dp,avg wind speed,max wind speed,avg ghr,max ghr,avg dnr,max dnr,avg dhr,max dhr
0,WY,Uinta County,G5600410,2020-2039,5.991894651068981,33.268707275390625,-28.46811866760254,4800.946080295928,308.48762793540294,46.67404496147208,-6.165426742521717,8.82477556900691,-30.82353098840025,3.645474050142994,8.747063636779785,192.80011415525115,1044,227.65010056560666,1015.6094970703124,58.451141552511416,447
