,state,county,gisjoin,year range,avg temp,max temp,min temp,hdd,cdd,avg rh,average dp,max dp,min dp,avg wind speed,max wind speed,avg ghr,max ghr,avg dnr,max dnr,avg dhr,max dhr
0,WY,Uinta County,G5600410,2040-2059,6.561038094054941,33.23247146606445,-28.77884292602539,4607.078338636317,322.3572429656912,49.07383270568499,-4.831504360488632,10.892069894429437,-28.77884378943191,3.595521943863124,9.344888687133787,192.80011415525115,1044,224.83803496819448,999.2616577148438,58.451141552511416,447
