,state,county,gisjoin,year range,avg temp,max temp,min temp,hdd,cdd,avg rh,average dp,max dp,min dp,avg wind speed,max wind speed,avg ghr,max ghr,avg dnr,max dnr,avg dhr,max dhr
0,WY,Uinta County,G5600410,2080-2099,8.966951183457292,34.824737548828125,-19.51885414123535,3954.803718014779,548.2408999761128,47.90614275159357,-3.0590437816517664,9.027606115314518,-19.97486857113402,3.530492592184511,8.52584457397461,192.80011415525115,1044,223.3496076798595,1002.358642578125,58.451141552511416,447
