,state,county,gisjoin,year range,avg temp,max temp,min temp,hdd,cdd,avg rh,average dp,max dp,min dp,avg wind speed,max wind speed,avg ghr,max ghr,avg dnr,max dnr,avg dhr,max dhr
0,CO,Archuleta County,G0800070,2080-2099,10.990974898870395,36.147438049316406,-18.47274780273437,3335.809703863672,668.0155419508923,53.368619058447884,0.13252902768758737,14.24826809497606,-18.472749411040414,3.2098044656727414,12.315058708190918,212.26678082191782,1064,234.18976840985547,1025.4208984375,56.72340182648402,540
