,state,county,gisjoin,year range,avg temp,max temp,min temp,hdd,cdd,avg rh,average dp,max dp,min dp,avg wind speed,max wind speed,avg ghr,max ghr,avg dnr,max dnr,avg dhr,max dhr
0,AZ,Navajo County,G0400170,2060-2079,15.375958802187965,39.33195877075195,-14.490947723388672,2257.5718926671266,1190.296855465639,39.17395320994669,-0.45089605303900177,15.155889248736475,-18.06558019236265,3.340216626859691,8.757956504821777,223.62271689497717,1056,241.87844679429782,1036.907470703125,59.18972602739726,452
