,state,county,gisjoin,year range,avg temp,max temp,min temp,hdd,cdd,avg rh,average dp,max dp,min dp,avg wind speed,max wind speed,avg ghr,max ghr,avg dnr,max dnr,avg dhr,max dhr
0,AZ,Navajo County,G0400170,2080-2099,17.234170080006834,42.67267608642578,-10.581817626953123,1884.9208524337157,1495.8929316361775,40.47190376482053,1.6738868297078018,18.525516355772734,-13.510923075121408,3.2717523880200843,8.10567855834961,223.62271689497717,1056,240.43370502031894,1033.51220703125,59.18972602739726,452
