,state,county,gisjoin,year range,avg temp,max temp,min temp,hdd,cdd,avg rh,average dp,max dp,min dp,avg wind speed,max wind speed,avg ghr,max ghr,avg dnr,max dnr,avg dhr,max dhr
0,KY,Pike County,G2101950,1980-1999,12.113680109371709,33.75333404541016,-18.750667572021484,2879.8705964953538,621.8638364156421,68.05970502378733,5.573810125115664,21.457195995888725,-18.75066970892784,3.768874247759989,9.280906677246094,172.46563926940638,997,191.61365123628406,950.596923828125,76.91826484018264,631
