,state,county,gisjoin,year range,avg temp,max temp,min temp,hdd,cdd,avg rh,average dp,max dp,min dp,avg wind speed,max wind speed,avg ghr,max ghr,avg dnr,max dnr,avg dhr,max dhr
0,KY,Pike County,G2101950,2080-2099,17.11964115530399,37.53613662719727,-9.059141159057615,1795.5646181742131,1364.733639860239,70.12772982675735,10.904865466859588,24.608407704152924,-9.05914182354064,4.224433743790405,10.406574249267578,172.46563926940638,997,178.71424549721303,948.5372314453124,76.91826484018264,631
