,state,county,gisjoin,year range,avg temp,max temp,min temp,hdd,cdd,avg rh,average dp,max dp,min dp,avg wind speed,max wind speed,avg ghr,max ghr,avg dnr,max dnr,avg dhr,max dhr
0,KS,Wyandotte County,G2002090,1980-1999,12.11429429479256,36.58789443969727,-18.008947372436523,3021.2451685974197,763.4625861963032,68.17812983227647,5.735708904670897,23.94563723797196,-18.728464710984195,4.4698009899217785,9.812708854675291,165.15068493150685,982,183.4428733078615,920.8820190429688,69.16689497716895,594
