,state,county,gisjoin,year range,avg temp,max temp,min temp,hdd,cdd,avg rh,average dp,max dp,min dp,avg wind speed,max wind speed,avg ghr,max ghr,avg dnr,max dnr,avg dhr,max dhr
0,KS,Wyandotte County,G2002090,2000-2019,13.534203953030158,38.92157745361328,-19.695789337158203,2724.8975868525845,985.3820297082851,68.39672545537557,7.139968991028498,25.342541988620525,-19.695790183172477,4.3710337645387,9.672568321228027,165.15068493150685,982,184.01407328947127,924.4969482421876,69.16689497716895,594
