,state,county,gisjoin,year range,avg temp,max temp,min temp,hdd,cdd,avg rh,average dp,max dp,min dp,avg wind speed,max wind speed,avg ghr,max ghr,avg dnr,max dnr,avg dhr,max dhr
0,KS,Wyandotte County,G2002090,2080-2099,17.91903521324594,43.58033752441406,-10.168100357055664,1967.1150973313568,1828.0629501659541,69.8045086708243,11.666454194273067,30.23811616333658,-11.210385137703124,4.2620478930538646,8.395441055297852,165.15068493150685,982,176.1513233187993,893.4148559570312,69.16689497716895,594
