,state,county,gisjoin,year range,avg temp,max temp,min temp,hdd,cdd,avg rh,average dp,max dp,min dp,avg wind speed,max wind speed,avg ghr,max ghr,avg dnr,max dnr,avg dhr,max dhr
0,GA,Crawford County,G1300790,2060-2079,20.196676471360032,39.46670150756836,-5.482324600219727,1128.9048710638178,1821.1917831101728,68.58791170795214,13.48738028606484,26.335382781908372,-5.482325213832976,3.5650285398442993,8.985916137695312,191.99166666666667,1021,197.5196635589212,935.650146484375,78.06586757990867,512
