,state,county,gisjoin,year range,avg temp,max temp,min temp,hdd,cdd,avg rh,average dp,max dp,min dp,avg wind speed,max wind speed,avg ghr,max ghr,avg dnr,max dnr,avg dhr,max dhr
0,MO,Callaway County,G2900270,1980-1999,11.632938102034844,35.20333480834961,-22.594167709350582,3144.4386494670293,710.9610567093272,68.59102416952996,5.32132466345316,22.67762301929537,-22.59416921707817,4.310343633939142,9.711993217468262,180.13698630136986,1025,186.46697929203833,911.5440063476562,76.10958904109589,664
