,state,county,gisjoin,year range,avg temp,max temp,min temp,hdd,cdd,avg rh,average dp,max dp,min dp,avg wind speed,max wind speed,avg ghr,max ghr,avg dnr,max dnr,avg dhr,max dhr
0,MO,Callaway County,G2900270,2000-2019,13.131807878607665,37.3125,-22.74333381652832,2764.7865934724723,878.396469163945,69.68441843072029,7.014301177801051,23.10679077788216,-22.96518019382757,4.227353580683878,13.248419761657717,180.13698630136986,1025,185.9940672686133,921.1812133789062,76.10958904109589,664
