,state,county,gisjoin,year range,avg temp,max temp,min temp,hdd,cdd,avg rh,average dp,max dp,min dp,avg wind speed,max wind speed,avg ghr,max ghr,avg dnr,max dnr,avg dhr,max dhr
0,MO,Callaway County,G2900270,2040-2059,15.321337672687545,42.969181060791016,-16.01608657836914,2357.4683800966,1270.2566306273882,68.81108386625438,8.853409998955062,27.54925474986392,-16.243849103832428,4.187821307247632,10.798261642456056,180.13698630136986,1025,182.77383505905723,922.8713989257812,76.10958904109589,664
