,state,county,gisjoin,year range,avg temp,max temp,min temp,hdd,cdd,avg rh,average dp,max dp,min dp,avg wind speed,max wind speed,avg ghr,max ghr,avg dnr,max dnr,avg dhr,max dhr
0,TN,Claiborne County,G4700250,2040-2059,15.618805640488151,35.703704833984375,-14.879697799682615,2090.764976345108,1112.1290351232603,69.49208792551467,9.270029900204687,23.167671469181755,-14.87969992316464,3.2358697768896136,9.725020408630373,164.45856164383562,1000,186.98354982648917,940.7285766601562,77.09246575342466,660
