,state,county,gisjoin,year range,avg temp,max temp,min temp,hdd,cdd,avg rh,average dp,max dp,min dp,avg wind speed,max wind speed,avg ghr,max ghr,avg dnr,max dnr,avg dhr,max dhr
0,TN,Claiborne County,G4700250,2060-2079,15.841879436726499,36.98101043701172,-11.511277198791504,2054.386617769275,1157.1726121744261,70.90853058061643,9.83083948435977,24.693634877515333,-11.719402939530037,3.4174745830090623,9.665240287780762,164.45856164383562,1000,183.2593567297955,952.3558349609376,77.09246575342466,660
