,state,county,gisjoin,year range,avg temp,max temp,min temp,hdd,cdd,avg rh,average dp,max dp,min dp,avg wind speed,max wind speed,avg ghr,max ghr,avg dnr,max dnr,avg dhr,max dhr
0,WY,Weston County,G5600450,2000-2019,9.275288372463972,38.685333251953125,-31.426000595092773,3870.4352143016918,576.415470250468,51.89569673211607,-1.463333892736179,16.270915614194088,-31.42600048018489,3.2776772688104683,7.496742248535156,163.99988584474886,991,196.82912879933505,931.5361328125,64.2244292237443,568
