,state,county,gisjoin,year range,avg temp,max temp,min temp,hdd,cdd,avg rh,average dp,max dp,min dp,avg wind speed,max wind speed,avg ghr,max ghr,avg dnr,max dnr,avg dhr,max dhr
0,WV,Morgan County,G5400650,1980-1999,10.709851790220718,35.395999908447266,-17.940000534057617,3313.7378945652017,543.3337979952713,67.40425981604345,4.107189514173961,20.868488108893622,-17.94000145728286,3.3407726101679343,9.062131881713867,154.7043378995434,969,187.69529412450106,920.8552856445312,75.33059360730594,582
