,state,county,gisjoin,year range,avg temp,max temp,min temp,hdd,cdd,avg rh,average dp,max dp,min dp,avg wind speed,max wind speed,avg ghr,max ghr,avg dnr,max dnr,avg dhr,max dhr
0,WV,Morgan County,G5400650,2020-2039,12.738851723899527,34.741355895996094,-16.7231388092041,2792.3270210628016,762.5079002857655,67.5635009367172,6.057040994003767,22.608892328814456,-17.371756880147593,3.2756258290107936,9.016522407531738,154.7043378995434,969,185.19984334365097,949.00537109375,75.33059360730594,582
