,state,county,gisjoin,year range,avg temp,max temp,min temp,hdd,cdd,avg rh,average dp,max dp,min dp,avg wind speed,max wind speed,avg ghr,max ghr,avg dnr,max dnr,avg dhr,max dhr
0,WV,Morgan County,G5400650,2040-2059,13.94463947576829,40.34782791137695,-14.101367950439451,2551.2435085545194,961.5369172096824,68.36568514636663,7.439622716029126,23.91087324886145,-14.101368507485676,3.350366080787084,8.568822860717773,154.7043378995434,969,182.37195136139917,928.2990112304688,75.33059360730594,582
