,state,county,gisjoin,year range,avg temp,max temp,min temp,hdd,cdd,avg rh,average dp,max dp,min dp,avg wind speed,max wind speed,avg ghr,max ghr,avg dnr,max dnr,avg dhr,max dhr
0,WV,Morgan County,G5400650,2080-2099,16.23355934072507,39.57524490356445,-9.418944358825684,2101.2347997540137,1346.983959118603,69.14709228054029,9.795484416737901,26.118105323255204,-9.418945278456317,3.4653958575366293,9.968120574951172,154.7043378995434,969,178.13319373856638,919.4304809570312,75.33059360730594,582
