,state,county,gisjoin,year range,avg temp,max temp,min temp,hdd,cdd,avg rh,average dp,max dp,min dp,avg wind speed,max wind speed,avg ghr,max ghr,avg dnr,max dnr,avg dhr,max dhr
0,TX,Somervell County,G4804250,1980-1999,17.66894951209811,40.0,-9.520666122436523,1645.294349387601,1414.960921303469,63.93352810041001,9.783211578226206,23.39141912056245,-9.520666546911029,4.3890140132680875,10.034517288208008,189.24052511415525,1009,208.41433744027356,996.8065185546876,69.70353881278538,679
