,state,county,gisjoin,year range,avg temp,max temp,min temp,hdd,cdd,avg rh,average dp,max dp,min dp,avg wind speed,max wind speed,avg ghr,max ghr,avg dnr,max dnr,avg dhr,max dhr
0,TX,Somervell County,G4804250,2040-2059,20.64375689951922,41.17469024658203,-7.778724670410156,1173.9783522878718,2029.4496206122924,63.321478981949966,12.453294598707997,25.748679843007675,-9.15543731210776,4.44642075980635,8.872961044311523,189.24052511415525,1009,204.06209695552744,972.2141723632812,69.70353881278538,679
