,state,county,gisjoin,year range,avg temp,max temp,min temp,hdd,cdd,avg rh,average dp,max dp,min dp,avg wind speed,max wind speed,avg ghr,max ghr,avg dnr,max dnr,avg dhr,max dhr
0,ND,McHenry County,G3800490,2000-2019,5.432531236762004,37.40999984741211,-32.36916732788086,5130.493200379031,433.867101796475,56.47193591093908,-3.798790121292685,18.441880463238697,-32.36916752633178,3.961681346915084,8.425786972045898,161.0972602739726,953,178.01345822632484,895.24853515625,64.14417808219179,443
