,state,county,gisjoin,year range,avg temp,max temp,min temp,hdd,cdd,avg rh,average dp,max dp,min dp,avg wind speed,max wind speed,avg ghr,max ghr,avg dnr,max dnr,avg dhr,max dhr
0,ND,McHenry County,G3800490,2040-2059,7.885151224800244,37.27235412597656,-34.151824951171875,4427.118404544078,625.698601595586,58.530958538730395,-0.8954783555618969,19.554911071495148,-34.1518261244204,3.9460348293117193,11.16336727142334,161.0972602739726,953,175.66220848887417,887.1802368164062,64.14417808219179,443
