,state,county,gisjoin,year range,avg temp,max temp,min temp,hdd,cdd,avg rh,average dp,max dp,min dp,avg wind speed,max wind speed,avg ghr,max ghr,avg dnr,max dnr,avg dhr,max dhr
0,ME,Oxford County,G2300170,1980-1999,5.981149631358931,32.01714324951172,-30.678571701049805,4767.024976855756,270.6445923010439,68.66920675012075,-0.10985674923584335,20.286657740276667,-30.67857393721876,5.2312941418935175,15.172765731811523,155.39817351598174,970,181.2992377809417,965.4108276367188,62.71244292237443,626
