,state,county,gisjoin,year range,avg temp,max temp,min temp,hdd,cdd,avg rh,average dp,max dp,min dp,avg wind speed,max wind speed,avg ghr,max ghr,avg dnr,max dnr,avg dhr,max dhr
0,ME,Oxford County,G2300170,2020-2039,7.971195378841978,33.57463836669922,-25.10323905944824,4145.732325191101,375.7186384677893,69.74444180841316,2.030427998296883,21.42411391324898,-25.275012848349103,5.060779279388793,14.139198303222656,155.39817351598174,970,177.3150368540543,908.16748046875,62.71244292237443,626
