,state,county,gisjoin,year range,avg temp,max temp,min temp,hdd,cdd,avg rh,average dp,max dp,min dp,avg wind speed,max wind speed,avg ghr,max ghr,avg dnr,max dnr,avg dhr,max dhr
0,SD,Clark County,G4600250,2020-2039,7.754818130026839,37.45526123046875,-30.54731750488281,4420.472333802335,571.4809512615419,61.48452519826149,-0.03152040953970223,20.80127710893096,-31.08876340200248,4.982759618105954,11.036770820617676,146.92488584474887,970,181.46799536848368,915.1024169921876,63.98527397260274,616
