,state,county,gisjoin,year range,avg temp,max temp,min temp,hdd,cdd,avg rh,average dp,max dp,min dp,avg wind speed,max wind speed,avg ghr,max ghr,avg dnr,max dnr,avg dhr,max dhr
0,SD,Clark County,G4600250,2060-2079,10.08757590412901,37.58004760742188,-22.808162689208984,3869.853716766072,872.3189217726832,63.03537623261752,2.5910952110380174,25.36993952878622,-23.917302986318543,4.64765499838411,9.553420066833496,146.92488584474887,970,174.56257062145872,890.12451171875,63.98527397260274,616
