,state,county,gisjoin,year range,avg temp,max temp,min temp,hdd,cdd,avg rh,average dp,max dp,min dp,avg wind speed,max wind speed,avg ghr,max ghr,avg dnr,max dnr,avg dhr,max dhr
0,IN,Rush County,G1801390,2000-2019,11.661578649583541,35.16437530517578,-18.361875534057617,3148.376564820445,725.3527719180174,69.86056285143987,5.656026361270897,23.797995943592998,-18.36187621823465,4.182676222253608,10.131830215454102,150.63915525114155,973,181.9359722040305,954.6329956054688,75.52648401826484,650
