,state,county,gisjoin,year range,avg temp,max temp,min temp,hdd,cdd,avg rh,average dp,max dp,min dp,avg wind speed,max wind speed,avg ghr,max ghr,avg dnr,max dnr,avg dhr,max dhr
0,IL,Clinton County,G1700270,2020-2039,14.554985361888605,36.669342041015625,-16.160839080810547,2448.0940967383444,1081.1637538274765,69.57066350309816,8.407369888203224,24.704089222782446,-16.160840579933666,4.277510810469928,10.655133247375488,169.11324200913242,998,183.58892608831252,914.3523559570312,75.1365296803653,569
