,state,county,gisjoin,year range,avg temp,max temp,min temp,hdd,cdd,avg rh,average dp,max dp,min dp,avg wind speed,max wind speed,avg ghr,max ghr,avg dnr,max dnr,avg dhr,max dhr
0,OH,Hocking County,G3900730,2060-2079,14.194229595093232,34.88815689086914,-11.740700721740724,2468.3088956564116,969.7026978652278,69.47614769739647,7.926211110546818,23.990012178002356,-11.9250697613588,3.7563333769367167,8.656039237976074,158.8986301369863,997,178.30442896015995,946.6919555664062,79.02271689497717,522
