,state,county,gisjoin,year range,avg temp,max temp,min temp,hdd,cdd,avg rh,average dp,max dp,min dp,avg wind speed,max wind speed,avg ghr,max ghr,avg dnr,max dnr,avg dhr,max dhr
0,OH,Henry County,G3900690,2040-2059,12.706805652320028,40.73517990112305,-19.285783767700195,2933.0059022947667,891.4899653912125,70.50795165893695,6.799540921966441,25.01068368925787,-19.28578516702565,4.072205006736055,8.878509521484375,162.75228310502283,957,172.1993980650493,926.5975341796876,77.57945205479452,483
