,state,county,gisjoin,year range,avg temp,max temp,min temp,hdd,cdd,avg rh,average dp,max dp,min dp,avg wind speed,max wind speed,avg ghr,max ghr,avg dnr,max dnr,avg dhr,max dhr
0,OK,Kingfisher County,G4000730,2080-2099,20.951412439480382,48.2361946105957,-5.440998077392578,1377.0097251242978,2344.775265534498,62.700090276378475,12.676478933693534,30.905687500585973,-5.783190074004109,4.932830336458607,10.32522678375244,184.8329908675799,1021,192.04331933032242,916.170654296875,67.58892694063927,611
