,state,county,gisjoin,year range,avg temp,max temp,min temp,hdd,cdd,avg rh,average dp,max dp,min dp,avg wind speed,max wind speed,avg ghr,max ghr,avg dnr,max dnr,avg dhr,max dhr
0,MO,Miller County,G2901310,2040-2059,16.16739102076286,42.2308349609375,-12.76244068145752,2189.249009863282,1410.8467324416179,68.70925983740314,9.642591568220967,24.9473481290014,-13.54696380672084,4.026938000770464,9.368654251098633,170.561301369863,986,181.8508860638297,908.675537109375,68.7513698630137,457
