,state,county,gisjoin,year range,avg temp,max temp,min temp,hdd,cdd,avg rh,average dp,max dp,min dp,avg wind speed,max wind speed,avg ghr,max ghr,avg dnr,max dnr,avg dhr,max dhr
0,SC,Anderson County,G4500070,2060-2079,18.730631004617397,41.30388641357422,-6.604201316833496,1367.2109753143766,1524.3912919997845,69.47477561458605,12.299022083159892,24.90936297700628,-6.604201856054482,3.636125293986438,10.257916450500488,181.01187214611872,997,191.47608557990108,928.8091430664062,75.90673515981734,629
