,state,county,gisjoin,year range,avg temp,max temp,min temp,hdd,cdd,avg rh,average dp,max dp,min dp,avg wind speed,max wind speed,avg ghr,max ghr,avg dnr,max dnr,avg dhr,max dhr
0,MO,Dade County,G2900570,2060-2079,16.612105136363954,42.10112762451172,-13.843233108520508,2062.1099975149955,1446.0283722877584,70.12944339747843,10.418254866885,27.106253639372845,-14.373632561563229,3.965208855067214,10.431861877441406,181.0912100456621,995,184.3010152228893,909.3706665039062,72.91575342465754,668
