,state,county,gisjoin,year range,avg temp,max temp,min temp,hdd,cdd,avg rh,average dp,max dp,min dp,avg wind speed,max wind speed,avg ghr,max ghr,avg dnr,max dnr,avg dhr,max dhr
0,ND,Ward County,G3801010,2040-2059,8.055174925358946,39.76382064819336,-26.17565155029297,4375.505321209606,636.1441689650454,59.46180396134451,-0.4540983809738688,20.8629056137366,-26.999437451096355,4.018106897290983,9.99410343170166,161.0972602739726,953,172.79818524010298,875.5369873046875,64.14417808219179,443
