,state,county,gisjoin,year range,avg temp,max temp,min temp,hdd,cdd,avg rh,average dp,max dp,min dp,avg wind speed,max wind speed,avg ghr,max ghr,avg dnr,max dnr,avg dhr,max dhr
0,KS,Republic County,G2001570,1980-1999,11.200425198224595,38.53466796875,-20.868000030517575,3325.6218340542796,734.2770314058065,60.89370773938148,2.8863114511215886,23.13388338922781,-21.360595991993428,4.721199251935906,10.403740882873535,181.10228310502282,999,193.78740241022973,948.0369873046876,64.83150684931506,534
