,state,county,gisjoin,year range,avg temp,max temp,min temp,hdd,cdd,avg rh,average dp,max dp,min dp,avg wind speed,max wind speed,avg ghr,max ghr,avg dnr,max dnr,avg dhr,max dhr
0,IN,Harrison County,G1800610,2080-2099,17.77855692455358,39.55258560180664,-10.60696792602539,1852.526844322194,1662.2001217841478,71.42561025467093,11.845454226575281,27.741373838804225,-10.606968736770147,3.736211263834069,10.643635749816896,162.64623287671233,1004,176.84141223627338,917.8617553710938,77.58732876712328,667
