,state,county,gisjoin,year range,avg temp,max temp,min temp,hdd,cdd,avg rh,average dp,max dp,min dp,avg wind speed,max wind speed,avg ghr,max ghr,avg dnr,max dnr,avg dhr,max dhr
0,CO,Weld County,G0801230,2020-2039,12.064693525201879,38.76802062988281,-17.142812728881836,3096.3363644664973,820.4495011647937,46.679359250199305,-0.6482460568510993,16.884877112246336,-21.881409542842555,3.104152813036692,8.75416088104248,192.163698630137,1045,213.596999762235,967.0189819335938,59.69315068493151,637
