,state,county,gisjoin,year range,avg temp,max temp,min temp,hdd,cdd,avg rh,average dp,max dp,min dp,avg wind speed,max wind speed,avg ghr,max ghr,avg dnr,max dnr,avg dhr,max dhr
0,WV,Wyoming County,G5401090,2020-2039,12.65831792909692,34.49346923828125,-17.564870834350586,2721.411577638794,662.1976217588165,69.98039873092686,6.580203005718025,21.383049474987796,-17.686546509553082,4.243469528955956,10.90543270111084,154.16095890410958,1004,187.41038477800123,976.9590454101562,77.92945205479452,649
