,state,county,gisjoin,year range,avg temp,max temp,min temp,hdd,cdd,avg rh,average dp,max dp,min dp,avg wind speed,max wind speed,avg ghr,max ghr,avg dnr,max dnr,avg dhr,max dhr
0,WV,Wyoming County,G5401090,2080-2099,16.244209880419564,39.21160125732422,-13.521605491638184,1981.8678532187776,1231.5044595719153,70.60715060059883,10.208138096126406,24.77896921218553,-13.5216065731551,4.489260337124132,11.283958435058594,154.16095890410958,1004,177.60314362735204,949.3480834960938,77.92945205479452,649
