,state,county,gisjoin,year range,avg temp,max temp,min temp,hdd,cdd,avg rh,average dp,max dp,min dp,avg wind speed,max wind speed,avg ghr,max ghr,avg dnr,max dnr,avg dhr,max dhr
0,TX,Briscoe County,G4800450,2020-2039,16.172385781211887,40.77371597290039,-17.44304656982422,2071.4743124652837,1294.89512260763,52.63614603689272,5.136946042262364,20.285866953953352,-18.08865613011764,4.103499613396109,8.552690505981445,210.44908675799087,1029,218.7387199528742,978.1297607421876,64.29406392694064,496
