,state,county,gisjoin,year range,avg temp,max temp,min temp,hdd,cdd,avg rh,average dp,max dp,min dp,avg wind speed,max wind speed,avg ghr,max ghr,avg dnr,max dnr,avg dhr,max dhr
0,TX,Briscoe County,G4800450,2080-2099,19.34920510274742,43.24589920043945,-8.763400077819824,1551.4353862122282,1934.3952487149363,54.052295647146494,8.495056882302473,24.515039300149123,-11.711816659392111,4.230674994127935,9.83976936340332,210.44908675799087,1029,214.70893321228877,971.4674072265624,64.29406392694064,496
