,state,county,gisjoin,year range,avg temp,max temp,min temp,hdd,cdd,avg rh,average dp,max dp,min dp,avg wind speed,max wind speed,avg ghr,max ghr,avg dnr,max dnr,avg dhr,max dhr
0,KS,Saline County,G2001690,2040-2059,15.998598157332228,43.36396789550781,-19.224285125732425,2339.937250707216,1499.925578133256,63.128002693663994,7.942357401698301,27.270803530900253,-19.22428802216164,3.6605220271299963,9.901670455932615,181.8288812785388,1014,191.43881505483486,931.3775024414062,66.56575342465753,637
