,state,county,gisjoin,year range,avg temp,max temp,min temp,hdd,cdd,avg rh,average dp,max dp,min dp,avg wind speed,max wind speed,avg ghr,max ghr,avg dnr,max dnr,avg dhr,max dhr
0,NE,Kimball County,G3101050,2040-2059,11.100457911637424,37.63632583618164,-23.279430389404297,3407.419894793476,779.5870325406767,49.14195660026106,-0.717049444366066,17.275169887811,-24.947948148231145,4.0573561828158216,8.693940162658691,185.03070776255709,1008,208.4998939739625,965.074951171875,64.15422374429224,518
