,state,county,gisjoin,year range,avg temp,max temp,min temp,hdd,cdd,avg rh,average dp,max dp,min dp,avg wind speed,max wind speed,avg ghr,max ghr,avg dnr,max dnr,avg dhr,max dhr
0,CO,Sedgwick County,G0801150,1980-1999,9.380033964370327,36.557498931884766,-23.18916702270508,3832.2163561111934,576.4287531058209,50.46496292826247,-1.9545237811145006,18.027213202337368,-29.00791344615381,4.1192456884471245,10.499279022216797,187.51415525114155,1015,206.44042771933766,954.098388671875,60.77659817351598,559
