,state,county,gisjoin,year range,avg temp,max temp,min temp,hdd,cdd,avg rh,average dp,max dp,min dp,avg wind speed,max wind speed,avg ghr,max ghr,avg dnr,max dnr,avg dhr,max dhr
0,CO,Sedgwick County,G0801150,2060-2079,13.670121376549497,41.3731575012207,-18.594144821166992,2831.5686417494944,1141.6629441897683,50.55560601933362,2.0455601921264397,20.34582115814068,-24.12708354477493,4.067738529617928,10.46914768218994,187.51415525114155,1015,202.13239296066976,946.6591796875,60.77659817351598,559
