,state,county,gisjoin,year range,avg temp,max temp,min temp,hdd,cdd,avg rh,average dp,max dp,min dp,avg wind speed,max wind speed,avg ghr,max ghr,avg dnr,max dnr,avg dhr,max dhr
0,TX,Kinney County,G4802710,2080-2099,24.78398619303012,43.91746520996094,-3.302417039871216,550.8596619779707,2917.5146224336418,54.48185173256756,13.961388268153199,28.915677381079156,-6.12359270295897,4.514499031490387,8.734502792358398,190.71221461187216,1038,215.16388407123983,966.2595825195312,76.00924657534246,688
