,state,county,gisjoin,year range,avg temp,max temp,min temp,hdd,cdd,avg rh,average dp,max dp,min dp,avg wind speed,max wind speed,avg ghr,max ghr,avg dnr,max dnr,avg dhr,max dhr
0,IL,Richland County,G1701590,2000-2019,13.475403347627667,37.47187423706055,-21.481250762939453,2694.995938014391,934.0181598981761,69.62210784785823,7.295293095097813,23.67779960409548,-21.481251640240583,4.016696344132293,9.048888206481934,176.53789954337898,1021,185.38237029785486,914.6298828125,72.25913242009132,605
