,state,county,gisjoin,year range,avg temp,max temp,min temp,hdd,cdd,avg rh,average dp,max dp,min dp,avg wind speed,max wind speed,avg ghr,max ghr,avg dnr,max dnr,avg dhr,max dhr
0,IL,Richland County,G1701590,2080-2099,17.971118043039763,40.45256805419922,-17.031633377075195,1784.8571836494602,1664.8152693588954,70.46933078156215,11.818906213059895,28.467993563572595,-17.031633048657312,4.010161874079269,10.11461353302002,176.53789954337898,1021,174.65260717779307,905.5692138671876,72.25913242009132,605
