,state,county,gisjoin,year range,avg temp,max temp,min temp,hdd,cdd,avg rh,average dp,max dp,min dp,avg wind speed,max wind speed,avg ghr,max ghr,avg dnr,max dnr,avg dhr,max dhr
0,MT,Flathead County,G3000290,2060-2079,9.282454831365726,39.338260650634766,-18.101083755493164,3825.130416856953,533.7264303048604,61.05871226733134,0.9068638594151722,15.053426077070585,-18.61420613411038,3.7903518775282383,10.371129035949709,153.60422374429223,945,174.58602484920596,904.2465209960938,66.01700913242009,502
