,state,county,gisjoin,year range,avg temp,max temp,min temp,hdd,cdd,avg rh,average dp,max dp,min dp,avg wind speed,max wind speed,avg ghr,max ghr,avg dnr,max dnr,avg dhr,max dhr
0,LA,Lincoln Parish,G2200610,2060-2079,20.699617929405534,39.57514953613281,-5.3087263107299805,1109.1418483768193,1985.002392609744,69.93034517275144,14.262444196719835,27.31139940590308,-5.308727006196271,3.6908456160597605,8.648734092712402,184.10011415525113,996,194.05817424002333,912.6195678710938,77.17762557077626,631
