,state,county,gisjoin,year range,avg temp,max temp,min temp,hdd,cdd,avg rh,average dp,max dp,min dp,avg wind speed,max wind speed,avg ghr,max ghr,avg dnr,max dnr,avg dhr,max dhr
0,CA,Colusa County,G0600110,1980-1999,16.441647496871802,39.16266632080078,-7.420000076293945,1645.8750779248676,967.5764142831698,47.89522990538105,2.8685395601212322,12.820054880308628,-7.420000313765516,4.170847392408815,12.242165565490724,205.80045662100457,998,212.33146767867717,936.8731079101562,66.01529680365297,436
