,state,county,gisjoin,year range,avg temp,max temp,min temp,hdd,cdd,avg rh,average dp,max dp,min dp,avg wind speed,max wind speed,avg ghr,max ghr,avg dnr,max dnr,avg dhr,max dhr
0,CA,Colusa County,G0600110,2000-2019,17.548223474332595,40.59799957275391,-4.1666669845581055,1488.0727029752431,1213.674271106788,47.47604224475007,3.609536002953589,13.392980975652724,-5.565976297953738,4.1339667594596134,14.287792205810549,205.80045662100457,998,212.59358450350405,946.8668212890624,66.01529680365297,436
