,state,county,gisjoin,year range,avg temp,max temp,min temp,hdd,cdd,avg rh,average dp,max dp,min dp,avg wind speed,max wind speed,avg ghr,max ghr,avg dnr,max dnr,avg dhr,max dhr
0,CA,Colusa County,G0600110,2060-2079,19.387239020151675,45.65526580810547,-2.98289155960083,1178.446778230554,1575.289020585985,46.63922931625419,4.922700434902968,14.555143404910435,-3.5543303310207595,3.912157767112941,12.14506721496582,205.80045662100457,998,211.47549567308343,948.1187133789062,66.01529680365297,436
