,state,county,gisjoin,year range,avg temp,max temp,min temp,hdd,cdd,avg rh,average dp,max dp,min dp,avg wind speed,max wind speed,avg ghr,max ghr,avg dnr,max dnr,avg dhr,max dhr
0,WY,Sublette County,G5600350,2020-2039,4.176152522137458,31.51888465881348,-33.81332778930664,5399.696275195919,244.49194577534476,44.13652139123716,-8.755744422289922,6.610694908099631,-34.75003966671899,5.730599715611706,13.81137466430664,179.33961187214612,1055,227.59952082216472,1045.279541015625,62.8986301369863,435
