,state,county,gisjoin,year range,avg temp,max temp,min temp,hdd,cdd,avg rh,average dp,max dp,min dp,avg wind speed,max wind speed,avg ghr,max ghr,avg dnr,max dnr,avg dhr,max dhr
0,MS,Lamar County,G2800730,2080-2099,22.8304723822954,41.10988998413086,-5.365687370300293,775.6047051849337,2429.2271247225312,70.97523612301099,16.620081894078805,29.266206673264943,-5.365687915375949,3.760630085343095,8.525812149047852,192.10856164383563,1002,188.31018588699544,912.7012329101562,76.89691780821917,623
