,state,county,gisjoin,year range,avg temp,max temp,min temp,hdd,cdd,avg rh,average dp,max dp,min dp,avg wind speed,max wind speed,avg ghr,max ghr,avg dnr,max dnr,avg dhr,max dhr
0,NV,Eureka County,G3200110,2020-2039,8.474552750349105,33.4070930480957,-16.927474975585938,4003.5249751410665,417.2367290179011,48.14112353597057,-3.4691439879600665,11.20447130622312,-17.344741642659425,3.237929872256708,8.611614227294922,203.53892694063927,1054,229.43669494250258,1014.40625,61.78333333333333,489
