,state,county,gisjoin,year range,avg temp,max temp,min temp,hdd,cdd,avg rh,average dp,max dp,min dp,avg wind speed,max wind speed,avg ghr,max ghr,avg dnr,max dnr,avg dhr,max dhr
0,NV,Eureka County,G3200110,2080-2099,11.970174107065619,36.12409210205078,-15.361330032348633,3072.4542003899983,762.0677494685224,48.446994610355326,-0.11826490163811645,12.247506328320291,-19.848151914044283,3.158057327901936,9.44943904876709,203.53892694063927,1054,224.56643221858133,982.9022827148438,61.78333333333333,489
