,state,county,gisjoin,year range,avg temp,max temp,min temp,hdd,cdd,avg rh,average dp,max dp,min dp,avg wind speed,max wind speed,avg ghr,max ghr,avg dnr,max dnr,avg dhr,max dhr
0,MT,Powell County,G3000770,2020-2039,6.681971521997576,34.76695251464844,-22.73147773742676,4562.914372139046,322.3339776674843,55.09019895677697,-3.0910282786050534,10.058493359435268,-23.41483367347682,4.605742848137198,10.377049446105955,171.36358447488584,1023,195.6480224145563,940.9126586914062,60.35171232876712,523
