,state,county,gisjoin,year range,avg temp,max temp,min temp,hdd,cdd,avg rh,average dp,max dp,min dp,avg wind speed,max wind speed,avg ghr,max ghr,avg dnr,max dnr,avg dhr,max dhr
0,MT,Powell County,G3000770,2080-2099,9.998008801016296,39.28211212158203,-21.5920467376709,3647.7422624576916,617.5154748281053,54.673807454109195,-0.3188736166825956,12.708065376896869,-22.440891311437728,4.377803620709676,10.610308647155762,171.36358447488584,1023,192.24510490424632,937.52880859375,60.35171232876712,523
