,state,county,gisjoin,year range,avg temp,max temp,min temp,hdd,cdd,avg rh,average dp,max dp,min dp,avg wind speed,max wind speed,avg ghr,max ghr,avg dnr,max dnr,avg dhr,max dhr
0,MS,Noxubee County,G2801030,2020-2039,18.482294315607053,39.10054397583008,-10.452601432800291,1449.5103319520977,1516.047757148726,69.60677774159332,12.095794299435012,25.206424658961048,-10.607199007231063,3.237674747346199,8.193864822387695,189.47420091324202,1002,196.0960822866436,960.1231689453124,74.06404109589042,623
