,state,county,gisjoin,year range,avg temp,max temp,min temp,hdd,cdd,avg rh,average dp,max dp,min dp,avg wind speed,max wind speed,avg ghr,max ghr,avg dnr,max dnr,avg dhr,max dhr
0,MS,Noxubee County,G2801030,2040-2059,19.85785393298433,39.3258171081543,-7.873410224914551,1242.232452402635,1810.84913794187,68.67761337572037,13.193079510712835,27.40889739248201,-7.8734106144711715,3.244215098322799,9.106553077697754,189.47420091324202,1002,194.28745483348254,925.8365478515624,74.06404109589042,623
