,state,county,gisjoin,year range,avg temp,max temp,min temp,hdd,cdd,avg rh,average dp,max dp,min dp,avg wind speed,max wind speed,avg ghr,max ghr,avg dnr,max dnr,avg dhr,max dhr
0,MS,Smith County,G2801290,2020-2039,18.813854250438926,36.94081878662109,-8.266298294067383,1304.3307662846876,1491.8875676949767,69.97699901545973,12.468800064090738,24.36002715750693,-8.266298143184903,3.686470648959347,8.21951961517334,191.8788812785388,1032,200.8174067583373,942.237060546875,79.88858447488585,569
