,state,county,gisjoin,year range,avg temp,max temp,min temp,hdd,cdd,avg rh,average dp,max dp,min dp,avg wind speed,max wind speed,avg ghr,max ghr,avg dnr,max dnr,avg dhr,max dhr
0,MS,Smith County,G2801290,2040-2059,19.938547299326647,39.33302688598633,-8.476487159729004,1146.5140302441444,1744.583794498343,70.0607684507762,13.578336278034417,26.66750864959613,-8.476487773800175,3.6961014281669162,8.695621490478516,191.8788812785388,1032,195.47630210362033,933.82421875,79.88858447488585,569
