,state,county,gisjoin,year range,avg temp,max temp,min temp,hdd,cdd,avg rh,average dp,max dp,min dp,avg wind speed,max wind speed,avg ghr,max ghr,avg dnr,max dnr,avg dhr,max dhr
0,ID,Bear Lake County,G1600070,1980-1999,5.227256597424641,30.89800071716309,-23.18133354187012,5038.982718540993,267.4313766002598,52.80823243197785,-5.113644123306874,11.473440429088267,-23.763495991953057,4.068667131254117,8.96337890625,175.06552511415526,1031,217.3213421858661,995.38720703125,60.253538812785386,499
