,state,county,gisjoin,year range,avg temp,max temp,min temp,hdd,cdd,avg rh,average dp,max dp,min dp,avg wind speed,max wind speed,avg ghr,max ghr,avg dnr,max dnr,avg dhr,max dhr
0,ID,Bear Lake County,G1600070,2020-2039,7.227504561309114,33.24834442138672,-26.43099403381348,4459.349430068101,417.8885949452763,50.99800084007385,-3.8841972087217056,9.999081937196385,-27.523267355523828,3.9892157397858083,8.802502632141113,175.06552511415526,1031,215.25580746746945,976.5458984375,60.253538812785386,499
