,state,county,gisjoin,year range,avg temp,max temp,min temp,hdd,cdd,avg rh,average dp,max dp,min dp,avg wind speed,max wind speed,avg ghr,max ghr,avg dnr,max dnr,avg dhr,max dhr
0,ID,Bear Lake County,G1600070,2080-2099,10.493593136469826,38.196075439453125,-18.78455924987793,3575.434852679995,726.0963474909781,52.25339880751692,-0.6243734568072007,12.384462163477387,-18.8446696378883,3.793118353739177,8.07798957824707,175.06552511415526,1031,212.2128849152058,973.4215698242188,60.253538812785386,499
