,state,county,gisjoin,year range,avg temp,max temp,min temp,hdd,cdd,avg rh,average dp,max dp,min dp,avg wind speed,max wind speed,avg ghr,max ghr,avg dnr,max dnr,avg dhr,max dhr
0,IA,Benton County,G1900110,2000-2019,9.690489163606296,34.29823684692383,-28.421764373779297,3766.7815783940678,624.3101231098499,67.44029521876818,3.180995539774502,25.30831711679008,-28.42176563660413,4.183206346426925,10.144797325134276,148.24029680365297,979,181.04651700380072,919.3397827148438,70.53926940639269,620
