,state,county,gisjoin,year range,avg temp,max temp,min temp,hdd,cdd,avg rh,average dp,max dp,min dp,avg wind speed,max wind speed,avg ghr,max ghr,avg dnr,max dnr,avg dhr,max dhr
0,IA,Benton County,G1900110,2020-2039,10.553201703210366,35.19026184082031,-32.33856201171875,3559.36084092053,731.7794625918459,68.64074195411108,4.3000872395708845,24.873679772643538,-32.33856441096657,4.142119634967961,9.538426399230955,148.24029680365297,979,178.9892986285266,914.6965942382812,70.53926940639269,620
