,state,county,gisjoin,year range,avg temp,max temp,min temp,hdd,cdd,avg rh,average dp,max dp,min dp,avg wind speed,max wind speed,avg ghr,max ghr,avg dnr,max dnr,avg dhr,max dhr
0,IA,Benton County,G1900110,2060-2079,12.635877041460601,37.36236953735352,-20.02290725708008,3089.3577315283533,1021.9528516611043,69.5215679765292,6.555566583788707,26.94613130743893,-20.169514226214776,4.101646179042451,12.302664756774902,148.24029680365297,979,173.86747149359005,906.0447387695312,70.53926940639269,620
