,state,county,gisjoin,year range,avg temp,max temp,min temp,hdd,cdd,avg rh,average dp,max dp,min dp,avg wind speed,max wind speed,avg ghr,max ghr,avg dnr,max dnr,avg dhr,max dhr
0,IA,Benton County,G1900110,2080-2099,14.425671726607176,39.77470779418945,-17.097631454467773,2730.79535445988,1316.6655346712218,68.11135375597705,7.876138661444496,27.65420540550037,-17.097632971504357,4.122930378783239,9.488876342773438,148.24029680365297,979,172.9165990590306,909.047119140625,70.53926940639269,620
