,state,county,gisjoin,year range,avg temp,max temp,min temp,hdd,cdd,avg rh,average dp,max dp,min dp,avg wind speed,max wind speed,avg ghr,max ghr,avg dnr,max dnr,avg dhr,max dhr
0,MI,Isabella County,G2600730,2020-2039,9.303698367332828,36.94269561767578,-26.362808227539062,3836.1830897016903,552.5329937776158,67.27547749885142,2.7356068917901726,23.251515551928502,-26.36280943000532,4.128648971640356,10.090088844299316,153.45947488584474,977,178.1726590888739,932.3422241210938,71.1189497716895,603
