,state,county,gisjoin,year range,avg temp,max temp,min temp,hdd,cdd,avg rh,average dp,max dp,min dp,avg wind speed,max wind speed,avg ghr,max ghr,avg dnr,max dnr,avg dhr,max dhr
0,TX,McMullen County,G4803110,1980-1999,21.459953852232914,40.18999862670898,-2.2799997329711914,878.7728214383893,2032.1559775032772,57.88628471322256,11.88374322483179,25.350266898017097,-5.210005931146806,3.6843889087846833,7.310669422149658,203.76301369863015,1032,217.46421648617732,970.9183959960938,73.32374429223745,616
