,state,county,gisjoin,year range,avg temp,max temp,min temp,hdd,cdd,avg rh,average dp,max dp,min dp,avg wind speed,max wind speed,avg ghr,max ghr,avg dnr,max dnr,avg dhr,max dhr
0,TX,McMullen County,G4803110,2080-2099,25.702044245989388,45.08252716064453,-1.90246057510376,478.68833738186044,3180.4344871676153,60.38853830289623,16.522954169849797,28.859409687507544,-3.672892212530902,3.8499197154012443,7.021973609924316,203.76301369863015,1032,208.44607885797453,967.08544921875,73.32374429223745,616
