,state,county,gisjoin,year range,avg temp,max temp,min temp,hdd,cdd,avg rh,average dp,max dp,min dp,avg wind speed,max wind speed,avg ghr,max ghr,avg dnr,max dnr,avg dhr,max dhr
0,ND,Adams County,G3800010,2040-2059,8.901140952745259,41.85280227661133,-30.074203491210938,4133.438112353564,702.8545601050338,53.92724859289927,-1.3110312346143356,19.778952621100625,-30.98571065538773,4.590656894744804,10.848697662353516,165.67442922374428,961,186.57278967936327,900.0296630859375,62.593949771689495,529
