,state,county,gisjoin,year range,avg temp,max temp,min temp,hdd,cdd,avg rh,average dp,max dp,min dp,avg wind speed,max wind speed,avg ghr,max ghr,avg dnr,max dnr,avg dhr,max dhr
0,ND,Adams County,G3800010,2080-2099,11.843814033226797,42.76197052001953,-22.890756607055664,3434.7379733863613,1078.2300955137136,54.28116818171114,1.5833057221288305,23.7288583208435,-24.66463569370348,4.359021522941655,10.436600685119627,165.67442922374428,961,184.44436597750047,901.1002807617188,62.593949771689495,529
