,state,county,gisjoin,year range,avg temp,max temp,min temp,hdd,cdd,avg rh,average dp,max dp,min dp,avg wind speed,max wind speed,avg ghr,max ghr,avg dnr,max dnr,avg dhr,max dhr
0,GA,Habersham County,G1301370,2000-2019,15.643354073789537,34.8182373046875,-13.321176528930664,1918.1001750789712,948.4244120121656,69.10965997269165,9.26062038672134,21.701772050842777,-13.321178637190089,3.953980464450845,10.199614524841309,188.32614155251142,1016,194.04150295098705,957.3724365234376,77.41141552511415,525
