,state,county,gisjoin,year range,avg temp,max temp,min temp,hdd,cdd,avg rh,average dp,max dp,min dp,avg wind speed,max wind speed,avg ghr,max ghr,avg dnr,max dnr,avg dhr,max dhr
0,GA,Habersham County,G1301370,2020-2039,16.0184649663858,35.46603775024414,-7.998699188232422,1816.321173334373,983.5608860652342,70.12912740838038,9.844304814735507,22.73193966632845,-7.998700271376884,3.9481783492516165,10.049827575683594,188.32614155251142,1016,194.54834280771163,935.8679809570312,77.41141552511415,525
