,state,county,gisjoin,year range,avg temp,max temp,min temp,hdd,cdd,avg rh,average dp,max dp,min dp,avg wind speed,max wind speed,avg ghr,max ghr,avg dnr,max dnr,avg dhr,max dhr
0,ND,Ramsey County,G3800710,1980-1999,3.815233073230967,32.559165954589844,-34.34000015258789,5573.310545565707,286.37061729430513,57.714013082796036,-4.873752316219391,17.24587627656899,-34.68520797579245,4.510800448182511,10.85481071472168,153.87705479452055,944,173.29014804671263,896.1287231445312,58.25662100456621,570
