,state,county,gisjoin,year range,avg temp,max temp,min temp,hdd,cdd,avg rh,average dp,max dp,min dp,avg wind speed,max wind speed,avg ghr,max ghr,avg dnr,max dnr,avg dhr,max dhr
0,CA,Nevada County,G0600570,2020-2039,14.567452058740775,36.566986083984375,-7.138850688934326,2168.006192115035,805.626193555239,57.86153218201851,4.376463571102052,16.004779781648615,-7.13885122734562,3.2896699284854,9.784974098205566,207.6810502283105,1019,207.97916507886322,939.3260498046876,55.014954337899546,524
