,state,county,gisjoin,year range,avg temp,max temp,min temp,hdd,cdd,avg rh,average dp,max dp,min dp,avg wind speed,max wind speed,avg ghr,max ghr,avg dnr,max dnr,avg dhr,max dhr
0,IA,Hancock County,G1900810,1980-1999,7.074957274421614,35.34785461425781,-30.376428604125977,4538.2434324470005,441.1028376102541,66.6685714832724,0.5702270790007412,22.25367699869533,-30.68184887733941,4.742700193352896,11.210930824279783,162.66929223744293,975,180.1537397421834,916.9429931640624,71.25890410958904,479
