,state,county,gisjoin,year range,avg temp,max temp,min temp,hdd,cdd,avg rh,average dp,max dp,min dp,avg wind speed,max wind speed,avg ghr,max ghr,avg dnr,max dnr,avg dhr,max dhr
0,IA,Hancock County,G1900810,2020-2039,8.906235721993239,34.469783782958984,-27.52053451538086,4031.6650879626704,602.9411264896657,70.01477181399794,3.0614412754531823,23.42427533989212,-27.52053586248701,4.612618744210021,12.89767074584961,162.66929223744293,975,177.6152610939468,911.201171875,71.25890410958904,479
