,state,county,gisjoin,year range,avg temp,max temp,min temp,hdd,cdd,avg rh,average dp,max dp,min dp,avg wind speed,max wind speed,avg ghr,max ghr,avg dnr,max dnr,avg dhr,max dhr
0,IA,Hancock County,G1900810,2060-2079,11.082709102967387,36.774749755859375,-21.457983016967773,3531.162282121924,896.8511047045898,69.9560161004872,5.1998923989443115,26.545135535408104,-22.16311606141013,4.544870596062647,10.447942733764648,162.66929223744293,975,172.42917818731456,885.671142578125,71.25890410958904,479
