,state,county,gisjoin,year range,avg temp,max temp,min temp,hdd,cdd,avg rh,average dp,max dp,min dp,avg wind speed,max wind speed,avg ghr,max ghr,avg dnr,max dnr,avg dhr,max dhr
0,OK,Okmulgee County,G4001110,1980-1999,15.443289102040467,37.70624923706055,-11.209375381469728,2121.7337155374994,1079.0342377822299,68.47346735436078,8.906559557972072,23.717502127214782,-11.20937639633954,4.370467743808276,8.928008079528809,189.2763698630137,1000,196.25300416954562,946.8488159179688,70.90182648401826,625
