,state,county,gisjoin,year range,avg temp,max temp,min temp,hdd,cdd,avg rh,average dp,max dp,min dp,avg wind speed,max wind speed,avg ghr,max ghr,avg dnr,max dnr,avg dhr,max dhr
0,OK,Okmulgee County,G4001110,2040-2059,18.76973914210527,42.01411819458008,-9.654911041259766,1593.7232311133982,1765.178017981747,66.77061161407053,11.643633857191084,28.07669316679401,-9.65491119701873,4.3802515122988455,9.836854934692385,189.2763698630137,1000,192.789196520621,927.0032348632812,70.90182648401826,625
