,state,county,gisjoin,year range,avg temp,max temp,min temp,hdd,cdd,avg rh,average dp,max dp,min dp,avg wind speed,max wind speed,avg ghr,max ghr,avg dnr,max dnr,avg dhr,max dhr
0,SD,Custer County,G4600330,2000-2019,8.097199753711296,36.62133407592773,-26.93666648864746,4114.724323878097,390.7022339820891,56.1733142096158,-1.1840551996836866,19.078486928850072,-28.80847902614112,4.318648480933551,9.793777465820312,179.00171232876713,984,193.35354396172195,960.6287841796876,61.887100456621006,527
