,state,county,gisjoin,year range,avg temp,max temp,min temp,hdd,cdd,avg rh,average dp,max dp,min dp,avg wind speed,max wind speed,avg ghr,max ghr,avg dnr,max dnr,avg dhr,max dhr
0,SD,Custer County,G4600330,2080-2099,11.921780297846833,40.42832946777344,-17.6617488861084,3213.819845035808,885.769653749513,60.30599761412024,3.547437931158019,23.33832805528037,-21.573640912801736,4.256677030128976,9.848939895629885,179.00171232876713,984,186.96462280476865,931.178955078125,61.887100456621006,527
