,state,county,gisjoin,year range,avg temp,max temp,min temp,hdd,cdd,avg rh,average dp,max dp,min dp,avg wind speed,max wind speed,avg ghr,max ghr,avg dnr,max dnr,avg dhr,max dhr
0,TX,Edwards County,G4801370,2040-2059,20.39963170314616,43.15356063842773,-6.973389148712158,1083.2760323777425,1849.6416040260174,57.18735828421432,10.548985531042593,23.89710647412883,-14.991288998714912,5.01961351415338,10.364534378051758,190.71221461187216,1038,221.89545735759515,977.1365966796876,76.00924657534246,688
