,state,county,gisjoin,year range,avg temp,max temp,min temp,hdd,cdd,avg rh,average dp,max dp,min dp,avg wind speed,max wind speed,avg ghr,max ghr,avg dnr,max dnr,avg dhr,max dhr
0,TX,Edwards County,G4801370,2080-2099,22.159185896998007,41.47294998168945,-7.767366886138916,868.9728823222657,2277.5757347263434,56.25435129594585,11.9209085365157,27.870224854152,-7.767366945370366,5.132753296761208,9.514951705932615,190.71221461187216,1038,217.62691171247363,997.4813232421876,76.00924657534246,688
