,state,county,gisjoin,year range,avg temp,max temp,min temp,hdd,cdd,avg rh,average dp,max dp,min dp,avg wind speed,max wind speed,avg ghr,max ghr,avg dnr,max dnr,avg dhr,max dhr
0,WA,Grant County,G5300250,2040-2059,12.948489822055222,41.24091720581055,-20.17445182800293,2791.987867578817,838.6866526286207,47.263371007083215,-0.1345016165404556,12.065059433270266,-20.17445250617445,3.229463454890469,8.155843734741211,172.14771689497718,952,184.37129875578717,892.1759033203125,60.62328767123287,434
