,state,county,gisjoin,year range,avg temp,max temp,min temp,hdd,cdd,avg rh,average dp,max dp,min dp,avg wind speed,max wind speed,avg ghr,max ghr,avg dnr,max dnr,avg dhr,max dhr
0,MT,Daniels County,G3000190,2040-2059,7.2138629971243775,38.59778594970703,-31.83832550048828,4591.539720853951,545.099714803713,54.98352864191413,-2.5244835025307197,15.987077395444746,-31.98688945608372,4.126517650362564,9.781730651855469,151.57146118721462,939,178.16000792165576,897.43212890625,61.37477168949772,519
