,state,county,gisjoin,year range,avg temp,max temp,min temp,hdd,cdd,avg rh,average dp,max dp,min dp,avg wind speed,max wind speed,avg ghr,max ghr,avg dnr,max dnr,avg dhr,max dhr
0,MT,Daniels County,G3000190,2080-2099,9.963438794016414,40.87476348876953,-28.40993309020996,3897.3555938161608,854.510753631629,54.80428516679703,-0.15662366772996275,19.232107596643782,-28.745676319170347,4.181718625761058,10.126143455505373,151.57146118721462,939,177.85404155362605,875.3602905273438,61.37477168949772,519
