,state,county,gisjoin,year range,avg temp,max temp,min temp,hdd,cdd,avg rh,average dp,max dp,min dp,avg wind speed,max wind speed,avg ghr,max ghr,avg dnr,max dnr,avg dhr,max dhr
0,AR,Monroe County,G0500950,1980-1999,15.951169160126547,35.28562545776367,-12.716875076293944,1977.8731832957858,1120.549926741988,71.32246688228764,10.13935574594244,23.499070923590708,-12.716876064801324,3.6397923253986932,8.945301055908203,189.9804794520548,971,193.08484684889558,908.2483520507812,73.95582191780822,613
