,state,county,gisjoin,year range,avg temp,max temp,min temp,hdd,cdd,avg rh,average dp,max dp,min dp,avg wind speed,max wind speed,avg ghr,max ghr,avg dnr,max dnr,avg dhr,max dhr
0,TX,Henderson County,G4802130,1980-1999,17.956900247290186,37.26749801635742,-7.578750133514404,1489.2257358218928,1363.9943260829511,67.90799003953803,11.20952523019549,24.051702819597523,-7.879388724038472,4.123951641500812,8.779132843017578,189.98219178082192,1007,202.99103632327015,939.4247436523438,71.50616438356164,573
