,state,county,gisjoin,year range,avg temp,max temp,min temp,hdd,cdd,avg rh,average dp,max dp,min dp,avg wind speed,max wind speed,avg ghr,max ghr,avg dnr,max dnr,avg dhr,max dhr
0,TX,Henderson County,G4802130,2080-2099,22.915311940206156,44.16001892089844,-4.530607223510742,852.8009374618349,2537.3897956368737,66.61391831075764,15.580696025266844,29.07186172525459,-4.823870492199332,4.099809101673022,8.292344093322754,189.98219178082192,1007,192.29823368749413,901.3186645507812,71.50616438356164,573
