,state,county,gisjoin,year range,avg temp,max temp,min temp,hdd,cdd,avg rh,average dp,max dp,min dp,avg wind speed,max wind speed,avg ghr,max ghr,avg dnr,max dnr,avg dhr,max dhr
0,MT,Lake County,G3000470,2000-2019,8.089283171708091,36.720001220703125,-18.28214263916016,4080.8096174540856,353.8979751268983,62.948563128083805,0.3693447634950632,13.621925994273232,-18.28214358957304,3.084358916407851,6.763089179992676,153.60422374429223,945,177.1066999748626,902.8981323242188,66.01792237442922,502
