,state,county,gisjoin,year range,avg temp,max temp,min temp,hdd,cdd,avg rh,average dp,max dp,min dp,avg wind speed,max wind speed,avg ghr,max ghr,avg dnr,max dnr,avg dhr,max dhr
0,MT,Lake County,G3000470,2020-2039,8.671465335989962,37.169410705566406,-19.79987335205078,3948.3624695353647,433.9473171711034,62.45840730275193,0.7933204157922599,13.577278562550962,-19.799873894309155,3.1461297798510555,8.608535766601562,153.60422374429223,945,176.73222944425754,900.0670166015625,66.01792237442922,502
