,state,county,gisjoin,year range,avg temp,max temp,min temp,hdd,cdd,avg rh,average dp,max dp,min dp,avg wind speed,max wind speed,avg ghr,max ghr,avg dnr,max dnr,avg dhr,max dhr
0,MT,Lake County,G3000470,2040-2059,10.036521078849411,36.97932434082031,-13.85336685180664,3515.6629849219153,499.4931787014128,63.0384901079413,2.247406395274483,16.028244571829966,-13.853367304531934,3.0957517455293706,9.34449291229248,153.60422374429223,945,175.4860990055337,888.123046875,66.01792237442922,502
