,state,county,gisjoin,year range,avg temp,max temp,min temp,hdd,cdd,avg rh,average dp,max dp,min dp,avg wind speed,max wind speed,avg ghr,max ghr,avg dnr,max dnr,avg dhr,max dhr
0,MT,Lake County,G3000470,2060-2079,10.41979790472621,39.459381103515625,-16.029409408569336,3475.782880312488,599.5091155370293,63.217449619563205,2.633314311151987,16.228274346089268,-16.029409981566314,2.992727642353267,7.437623977661133,153.60422374429223,945,173.5845883973609,900.8832397460938,66.01792237442922,502
