,state,county,gisjoin,year range,avg temp,max temp,min temp,hdd,cdd,avg rh,average dp,max dp,min dp,avg wind speed,max wind speed,avg ghr,max ghr,avg dnr,max dnr,avg dhr,max dhr
0,TN,Trousdale County,G4701690,2020-2039,15.662741533199036,35.80245590209961,-16.118257522583008,2096.0718071532674,1133.4724667708786,69.66012278299898,9.384648241614483,24.043702368280783,-16.118259481607062,3.1175598471540296,8.223748207092285,179.75730593607307,1031,187.74648143409922,963.6729125976562,80.22340182648402,603
