,state,county,gisjoin,year range,avg temp,max temp,min temp,hdd,cdd,avg rh,average dp,max dp,min dp,avg wind speed,max wind speed,avg ghr,max ghr,avg dnr,max dnr,avg dhr,max dhr
0,TN,Trousdale County,G4701690,2060-2079,17.573143369502166,38.757301330566406,-8.642972946166992,1698.030772783938,1432.7281026522542,71.26907460613337,11.599880443601192,25.64984484655364,-8.642972998270166,3.1274926420216147,7.705032825469971,179.75730593607307,1031,184.13772362459483,913.6934814453124,80.22340182648402,603
