,state,county,gisjoin,year range,avg temp,max temp,min temp,hdd,cdd,avg rh,average dp,max dp,min dp,avg wind speed,max wind speed,avg ghr,max ghr,avg dnr,max dnr,avg dhr,max dhr
0,MT,Richland County,G3000830,2060-2079,9.541075339069815,40.4604606628418,-28.000980377197266,4010.0118072067758,813.0043059667297,54.67165957879802,-0.48555462052219683,20.01659754965879,-29.189851122920768,4.106525450591083,10.106467247009276,147.98584474885845,966,178.03949472860418,878.3499145507812,60.75194063926941,547
