,state,county,gisjoin,year range,avg temp,max temp,min temp,hdd,cdd,avg rh,average dp,max dp,min dp,avg wind speed,max wind speed,avg ghr,max ghr,avg dnr,max dnr,avg dhr,max dhr
0,MT,Richland County,G3000830,2080-2099,11.837032004195033,45.2176513671875,-29.76704406738281,3462.4647941722037,1103.4814757029742,54.02639031344897,1.3526814931645172,20.970414237281165,-29.767046352364453,3.968710879239862,9.19098663330078,147.98584474885845,966,177.73728034582146,877.8880615234375,60.75194063926941,547
