,state,county,gisjoin,year range,avg temp,max temp,min temp,hdd,cdd,avg rh,average dp,max dp,min dp,avg wind speed,max wind speed,avg ghr,max ghr,avg dnr,max dnr,avg dhr,max dhr
0,IN,Hancock County,G1800590,2040-2059,13.756337281487388,38.38508224487305,-17.28791618347168,2682.275658657469,1023.8387664000802,70.78291323805509,7.8722659689390015,25.98143938424205,-17.287916935725136,4.140233116226109,9.501873016357422,171.28881278538813,998,175.3663128132107,924.4393920898438,80.7095890410959,619
