,state,county,gisjoin,year range,avg temp,max temp,min temp,hdd,cdd,avg rh,average dp,max dp,min dp,avg wind speed,max wind speed,avg ghr,max ghr,avg dnr,max dnr,avg dhr,max dhr
0,OR,Tillamook County,G4100570,1980-1999,10.574370643199149,28.38538360595703,-9.926922798156738,2880.7244061120277,60.86969087918669,74.08057534662012,5.645572185374881,12.360718713338654,-9.9269233929764,5.278157244316519,13.432024955749512,135.22271689497717,964,155.34655173569337,907.2254028320312,70.33447488584476,465
