,state,county,gisjoin,year range,avg temp,max temp,min temp,hdd,cdd,avg rh,average dp,max dp,min dp,avg wind speed,max wind speed,avg ghr,max ghr,avg dnr,max dnr,avg dhr,max dhr
0,OR,Tillamook County,G4100570,2000-2019,11.043779080854538,37.48615264892578,-3.690000057220459,2724.893202633611,76.3725671450305,74.86946431991717,6.265800393488213,14.026625645859433,-3.6900004853582495,5.353230988162838,16.882476806640625,135.22271689497717,964,153.9967012293412,888.1055297851562,70.33447488584476,465
