,state,county,gisjoin,year range,avg temp,max temp,min temp,hdd,cdd,avg rh,average dp,max dp,min dp,avg wind speed,max wind speed,avg ghr,max ghr,avg dnr,max dnr,avg dhr,max dhr
0,OR,Tillamook County,G4100570,2080-2099,13.31029247935334,36.415828704833984,-3.3960750102996826,2031.0249416259805,209.78169658978143,74.15280328123536,8.299205398146954,20.453315341306165,-3.3960751624021506,5.330286639357267,15.904107093811035,135.22271689497717,964,151.76370265021706,879.1865844726562,70.33447488584476,465
