,state,county,gisjoin,year range,avg temp,max temp,min temp,hdd,cdd,avg rh,average dp,max dp,min dp,avg wind speed,max wind speed,avg ghr,max ghr,avg dnr,max dnr,avg dhr,max dhr
0,NE,Howard County,G3100930,2040-2059,13.024252165852255,39.65073776245117,-20.894838333129883,2960.375288511832,1034.7273290475775,61.02926328737442,4.61192235685336,24.376150550874755,-20.894839711448213,4.39209089202968,10.783124923706056,183.1425799086758,1016,188.78916361035826,905.3368530273438,66.37602739726027,526
