,state,county,gisjoin,year range,avg temp,max temp,min temp,hdd,cdd,avg rh,average dp,max dp,min dp,avg wind speed,max wind speed,avg ghr,max ghr,avg dnr,max dnr,avg dhr,max dhr
0,KY,Grayson County,G2100850,2000-2019,14.35939311567944,36.91062545776367,-17.598125457763672,2377.2193845735515,938.8978717963469,68.88195208153223,7.906478721856753,23.86588854978518,-17.59812705592855,3.963420487919899,8.75819206237793,154.85513698630137,1017,190.55898100658976,929.7011108398438,75.54851598173516,668
