,state,county,gisjoin,year range,avg temp,max temp,min temp,hdd,cdd,avg rh,average dp,max dp,min dp,avg wind speed,max wind speed,avg ghr,max ghr,avg dnr,max dnr,avg dhr,max dhr
0,KY,Grayson County,G2100850,2080-2099,17.923756518888183,39.83209991455078,-14.26224136352539,1722.0539200538385,1584.7250494479792,71.2974531957548,11.948925958057703,27.86098102293613,-14.262241693737188,3.8715936163516895,10.752227783203123,154.85513698630137,1017,180.91134451076124,916.8912963867188,75.54851598173516,668
