,state,county,gisjoin,year range,avg temp,max temp,min temp,hdd,cdd,avg rh,average dp,max dp,min dp,avg wind speed,max wind speed,avg ghr,max ghr,avg dnr,max dnr,avg dhr,max dhr
0,GA,Barrow County,G1300130,2020-2039,17.38227762408378,37.289642333984375,-10.245623588562012,1579.7412386141716,1244.7725714048574,68.99195665442235,10.898870816389904,23.590648094750087,-10.245624101992682,3.3732420076246132,9.349161148071287,188.32614155251142,1016,195.77006299788655,941.0857543945312,77.41175799086759,525
