,state,county,gisjoin,year range,avg temp,max temp,min temp,hdd,cdd,avg rh,average dp,max dp,min dp,avg wind speed,max wind speed,avg ghr,max ghr,avg dnr,max dnr,avg dhr,max dhr
0,VA,Danville city,G5105900,2000-2019,14.898592872186974,35.85499954223633,-14.005000114440918,2259.4693360161627,1017.9557343642556,67.15221236655701,7.981317194295935,23.32139690053497,-14.005000686296093,3.535722322006748,8.392487525939941,163.42043378995433,991,191.42888180361177,949.6993408203124,76.73184931506849,633
