,state,county,gisjoin,year range,avg temp,max temp,min temp,hdd,cdd,avg rh,average dp,max dp,min dp,avg wind speed,max wind speed,avg ghr,max ghr,avg dnr,max dnr,avg dhr,max dhr
0,VA,Danville city,G5105900,2040-2059,16.734563771314594,38.190711975097656,-9.806191444396973,1889.593379586079,1318.2091561159316,67.32343301294057,9.803560660733249,26.161816516430413,-9.806191702649,3.5956717999014134,9.397592544555664,163.42043378995433,991,186.81520498649485,952.3945922851562,76.73184931506849,633
