,state,county,gisjoin,year range,avg temp,max temp,min temp,hdd,cdd,avg rh,average dp,max dp,min dp,avg wind speed,max wind speed,avg ghr,max ghr,avg dnr,max dnr,avg dhr,max dhr
0,VA,Danville city,G5105900,2080-2099,18.732595818723365,41.35087966918945,-7.79783296585083,1581.8762882966905,1739.773762130635,68.39722018851538,11.978840757746536,26.247964564275996,-7.797833836443424,3.7220358110453984,9.155168533325195,163.42043378995433,991,182.91013259682933,938.5554809570312,76.73184931506849,633
