,state,county,gisjoin,year range,avg temp,max temp,min temp,hdd,cdd,avg rh,average dp,max dp,min dp,avg wind speed,max wind speed,avg ghr,max ghr,avg dnr,max dnr,avg dhr,max dhr
0,LA,Assumption Parish,G2200070,2000-2019,21.044848437045864,35.48875045776367,-3.228749513626098,823.6795789169522,1825.5492584385995,72.07955609413042,15.321342688061717,26.460200162911832,-3.2287495550484007,2.9952423953030207,10.38800048828125,191.8357305936073,989,191.85137253111742,923.54931640625,78.23835616438356,609
