,state,county,gisjoin,year range,avg temp,max temp,min temp,hdd,cdd,avg rh,average dp,max dp,min dp,avg wind speed,max wind speed,avg ghr,max ghr,avg dnr,max dnr,avg dhr,max dhr
0,IA,Linn County,G1901130,1980-1999,8.519112217144857,35.490665435791016,-30.956666946411133,4068.3954359809645,498.3713952382561,67.44530046867997,2.1284296465402885,22.89267055324797,-31.0210865744544,4.40316689928917,9.641721725463867,148.24029680365297,979,180.55750682286532,918.8447875976562,70.53926940639269,620
