,state,county,gisjoin,year range,avg temp,max temp,min temp,hdd,cdd,avg rh,average dp,max dp,min dp,avg wind speed,max wind speed,avg ghr,max ghr,avg dnr,max dnr,avg dhr,max dhr
0,IA,Linn County,G1901130,2000-2019,10.053882063559408,35.55066680908203,-22.470666885375977,3666.0781793589017,656.245132557587,67.67705406924905,3.6488528660349404,24.46551547503392,-23.655020067194226,4.278192448942629,9.68361473083496,148.24029680365297,979,178.72271687537713,915.6781005859376,70.53926940639269,620
