,state,county,gisjoin,year range,avg temp,max temp,min temp,hdd,cdd,avg rh,average dp,max dp,min dp,avg wind speed,max wind speed,avg ghr,max ghr,avg dnr,max dnr,avg dhr,max dhr
0,IA,Linn County,G1901130,2020-2039,10.436891806184487,35.36228942871094,-24.66475296020508,3572.137715799506,702.1032250563667,68.9721170366627,4.2903834454906455,24.901401116686504,-24.66475298962952,4.260103301805993,11.957459449768066,148.24029680365297,979,179.20893693826264,923.186279296875,70.53926940639269,620
