,state,county,gisjoin,year range,avg temp,max temp,min temp,hdd,cdd,avg rh,average dp,max dp,min dp,avg wind speed,max wind speed,avg ghr,max ghr,avg dnr,max dnr,avg dhr,max dhr
0,UT,San Juan County,G4900370,2060-2079,13.993387043742743,37.16064834594727,-11.906503677368164,2625.8514288130673,1053.937699778935,45.115841181855224,0.6027501971562346,15.562044983760186,-13.160310104562122,3.9284900044741695,11.66296100616455,209.3961187214612,1053,228.834377429213,1014.4552001953124,57.50022831050228,551
