,state,county,gisjoin,year range,avg temp,max temp,min temp,hdd,cdd,avg rh,average dp,max dp,min dp,avg wind speed,max wind speed,avg ghr,max ghr,avg dnr,max dnr,avg dhr,max dhr
0,NM,Cibola County,G3500060,2000-2019,11.268175423145028,36.68058776855469,-17.312353134155273,3228.1106612409917,661.4946906884828,38.61859466191296,-4.695551379786745,12.871114830429583,-18.87023603035192,4.427658258725519,10.046897888183594,217.3222602739726,1099,247.15431666607006,1047.439453125,58.663812785388124,569
