,state,county,gisjoin,year range,avg temp,max temp,min temp,hdd,cdd,avg rh,average dp,max dp,min dp,avg wind speed,max wind speed,avg ghr,max ghr,avg dnr,max dnr,avg dhr,max dhr
0,TX,Falls County,G4801450,1980-1999,18.652598399425244,38.150001525878906,-6.398125171661377,1362.6838131881664,1491.3822289784723,66.86957000096639,11.596865224740698,23.517463802368148,-7.17365598321025,4.318196487100157,8.89610767364502,210.78801369863012,1020,205.3633392906105,944.515869140625,69.14885844748858,559
