,state,county,gisjoin,year range,avg temp,max temp,min temp,hdd,cdd,avg rh,average dp,max dp,min dp,avg wind speed,max wind speed,avg ghr,max ghr,avg dnr,max dnr,avg dhr,max dhr
0,TX,La Salle County,G4802830,2000-2019,22.712902709410937,40.42499923706055,-2.587000131607056,753.9516305101288,2364.6611194449065,53.15866790177071,11.626605285983473,24.32802026878547,-5.70631245573479,3.6025659631648566,6.793435573577881,203.76301369863015,1032,221.0027699374412,977.6722412109376,73.32374429223745,616
