,state,county,gisjoin,year range,avg temp,max temp,min temp,hdd,cdd,avg rh,average dp,max dp,min dp,avg wind speed,max wind speed,avg ghr,max ghr,avg dnr,max dnr,avg dhr,max dhr
0,TX,La Salle County,G4802830,2080-2099,26.086676701273532,43.62889862060547,-2.6365928649902344,435.98909720024034,3278.1260931646834,53.754722849963464,14.967650714459385,28.48378052858331,-6.184590275479241,3.8332509803173203,7.185605525970459,203.76301369863015,1032,214.22875686258936,942.9760131835938,73.32374429223745,616
