,state,county,gisjoin,year range,avg temp,max temp,min temp,hdd,cdd,avg rh,average dp,max dp,min dp,avg wind speed,max wind speed,avg ghr,max ghr,avg dnr,max dnr,avg dhr,max dhr
0,NH,Cheshire County,G3300050,2000-2019,8.5270544470308,34.461429595947266,-26.172142028808597,4006.0535638289293,438.9284369945617,68.21922803621858,2.1513845942037713,21.887823107242525,-26.172144009198767,4.1120646297251255,11.247513771057127,157.35045662100455,977,181.64803883560415,914.266845703125,67.85479452054794,550
