,state,county,gisjoin,year range,avg temp,max temp,min temp,hdd,cdd,avg rh,average dp,max dp,min dp,avg wind speed,max wind speed,avg ghr,max ghr,avg dnr,max dnr,avg dhr,max dhr
0,NH,Cheshire County,G3300050,2020-2039,9.090012784867833,36.71403884887695,-24.05342674255371,3859.2695661021057,497.6242325782948,67.53321800602082,2.544421284483819,21.04475539556806,-24.053428653620195,4.230755654916371,12.032747268676758,157.35045662100455,977,179.4102716628966,924.0254516601562,67.85479452054794,550
