,state,county,gisjoin,year range,avg temp,max temp,min temp,hdd,cdd,avg rh,average dp,max dp,min dp,avg wind speed,max wind speed,avg ghr,max ghr,avg dnr,max dnr,avg dhr,max dhr
0,SD,Butte County,G4600190,2020-2039,9.858490927383988,41.17472457885742,-24.19241714477539,3777.450633899441,696.2998223940848,55.33675737293888,0.1882069729568522,20.97624906655714,-26.248418221271017,3.810994415141676,9.994406700134276,163.99988584474886,991,186.2669871609588,937.1586303710938,64.25787671232877,568
