,state,county,gisjoin,year range,avg temp,max temp,min temp,hdd,cdd,avg rh,average dp,max dp,min dp,avg wind speed,max wind speed,avg ghr,max ghr,avg dnr,max dnr,avg dhr,max dhr
0,SD,Butte County,G4600190,2060-2079,11.853937204871418,41.6391487121582,-26.630556106567383,3317.465616768326,964.6526965459667,57.27138885177978,2.4953090744453874,22.972334865867364,-27.922617137206768,3.844887959290313,10.449396133422852,163.99988584474886,991,183.9572851492441,900.6197509765625,64.25787671232877,568
