,state,county,gisjoin,year range,avg temp,max temp,min temp,hdd,cdd,avg rh,average dp,max dp,min dp,avg wind speed,max wind speed,avg ghr,max ghr,avg dnr,max dnr,avg dhr,max dhr
0,CO,Otero County,G0800890,2040-2059,14.874413825538399,42.45515060424805,-13.433177947998049,2570.9308610528237,1320.5919073741372,42.5818926848233,0.329816685183442,17.09665936749583,-19.495768540286317,3.070401059859964,7.5057196617126465,200.68801369863013,1034,224.01136940290016,982.4312133789062,61.89965753424657,525
