,state,county,gisjoin,year range,avg temp,max temp,min temp,hdd,cdd,avg rh,average dp,max dp,min dp,avg wind speed,max wind speed,avg ghr,max ghr,avg dnr,max dnr,avg dhr,max dhr
0,CO,Otero County,G0800890,2080-2099,17.53689565612955,44.26548385620117,-15.009783744812012,2015.0892289873473,1736.5561434744977,42.46200039005715,2.72579878189759,21.137577515899263,-17.547098607266904,2.9104099363224694,5.787353515625,200.68801369863013,1034,222.10504732137656,983.6453247070312,61.89965753424657,525
