,state,county,gisjoin,year range,avg temp,max temp,min temp,hdd,cdd,avg rh,average dp,max dp,min dp,avg wind speed,max wind speed,avg ghr,max ghr,avg dnr,max dnr,avg dhr,max dhr
0,IL,Kane County,G1700890,2060-2079,12.818524026970717,40.12282180786133,-19.543546676635746,3011.3944219546233,1010.6556917985855,69.76089870265629,6.74651687030316,26.959028166951352,-19.543547229478705,4.571149946538281,10.638870239257812,159.15388127853882,1002,172.51012875492776,920.9649658203124,70.54805936073059,599
