,state,county,gisjoin,year range,avg temp,max temp,min temp,hdd,cdd,avg rh,average dp,max dp,min dp,avg wind speed,max wind speed,avg ghr,max ghr,avg dnr,max dnr,avg dhr,max dhr
0,IL,Kane County,G1700890,2080-2099,14.719037158902761,39.28768539428711,-20.41053581237793,2600.493357932955,1293.4419209322045,70.60209863893517,8.793783378242805,28.25960269463857,-20.410537839959503,4.600974218513323,9.86952781677246,159.15388127853882,1002,169.36648719829915,929.64794921875,70.54805936073059,599
