,state,county,gisjoin,year range,avg temp,max temp,min temp,hdd,cdd,avg rh,average dp,max dp,min dp,avg wind speed,max wind speed,avg ghr,max ghr,avg dnr,max dnr,avg dhr,max dhr
0,ND,Renville County,G3800750,1980-1999,3.499676218504365,35.51856994628906,-38.64571380615234,5636.549097604974,234.43091735839383,56.307459872933826,-5.59511596675779,16.23896916418565,-38.64571627763443,4.013865802903154,8.47510814666748,150.17043378995433,935,175.0811025144536,889.4888916015625,60.75570776255708,507
