,state,county,gisjoin,year range,avg temp,max temp,min temp,hdd,cdd,avg rh,average dp,max dp,min dp,avg wind speed,max wind speed,avg ghr,max ghr,avg dnr,max dnr,avg dhr,max dhr
0,ND,Renville County,G3800750,2000-2019,4.4002003629698345,35.89714431762695,-36.87285614013672,5434.473219378673,361.0463518619506,58.058791841981616,-4.36944956611434,15.138877398580012,-36.87286045465528,3.981213244836624,8.995329856872559,150.17043378995433,935,177.0245635636562,882.5240478515625,60.75570776255708,507
