,state,county,gisjoin,year range,avg temp,max temp,min temp,hdd,cdd,avg rh,average dp,max dp,min dp,avg wind speed,max wind speed,avg ghr,max ghr,avg dnr,max dnr,avg dhr,max dhr
0,KY,Fulton County,G2100750,2060-2079,17.781598886373875,37.551570892333984,-8.970097541809082,1738.2979048897978,1549.0814984162382,71.28647022878742,11.839395360945828,26.547431886856003,-8.97009799037471,3.9242283255134,10.790904998779297,173.54075342465754,1012,182.18623463104257,912.6141357421876,72.42248858447489,631
