,state,county,gisjoin,year range,avg temp,max temp,min temp,hdd,cdd,avg rh,average dp,max dp,min dp,avg wind speed,max wind speed,avg ghr,max ghr,avg dnr,max dnr,avg dhr,max dhr
0,KY,Fulton County,G2100750,2080-2099,19.47289024867621,41.40864562988281,-12.016926765441896,1494.4344001583486,1922.5393409250846,71.15638842582703,13.430764274194582,28.6127368261126,-12.01692790764777,3.844746703113595,9.413543701171877,173.54075342465754,1012,178.42944558345204,895.2632446289062,72.42248858447489,631
