,state,county,gisjoin,year range,avg temp,max temp,min temp,hdd,cdd,avg rh,average dp,max dp,min dp,avg wind speed,max wind speed,avg ghr,max ghr,avg dnr,max dnr,avg dhr,max dhr
0,TX,Hamilton County,G4801930,2020-2039,19.643664373463384,40.3953857421875,-8.327375411987305,1253.0019568902537,1743.4394532043698,62.99266718903633,11.536414527062195,23.613651750433892,-8.698226942598852,4.526920277846458,9.45791244506836,203.15776255707763,1016,210.9506471368829,949.5125122070312,76.08150684931506,661
