,state,county,gisjoin,year range,avg temp,max temp,min temp,hdd,cdd,avg rh,average dp,max dp,min dp,avg wind speed,max wind speed,avg ghr,max ghr,avg dnr,max dnr,avg dhr,max dhr
0,MN,Le Sueur County,G2700790,2060-2079,10.863370118814293,39.21163558959961,-23.68999671936035,3594.6785689683597,880.3086623351255,69.64641744404624,4.8833040266233505,26.82519711398733,-23.689998223962355,3.9375025520585987,9.685113906860352,152.062100456621,988,168.91569531482895,888.1197509765625,67.28321917808219,528
