,state,county,gisjoin,year range,avg temp,max temp,min temp,hdd,cdd,avg rh,average dp,max dp,min dp,avg wind speed,max wind speed,avg ghr,max ghr,avg dnr,max dnr,avg dhr,max dhr
0,NY,Richmond County,G3600850,2020-2039,13.49858330246489,35.94339370727539,-15.19485569000244,2561.9035370394263,809.3864424388097,72.42835483812306,8.118320986989724,24.526785862891597,-15.19485659387323,4.967847206440146,11.8318510055542,162.32659817351598,977,172.03629229083546,896.0989990234375,76.76963470319635,503
