,state,county,gisjoin,year range,avg temp,max temp,min temp,hdd,cdd,avg rh,average dp,max dp,min dp,avg wind speed,max wind speed,avg ghr,max ghr,avg dnr,max dnr,avg dhr,max dhr
0,NY,Richmond County,G3600850,2060-2079,15.259698352898743,38.25505828857422,-9.531867980957031,2198.4882106790924,1088.778109486965,73.57971101177337,10.082132303599002,27.49174987079764,-9.945273700474832,5.051792284301971,11.703058242797852,162.32659817351598,977,167.66766347785648,871.962890625,76.76963470319635,503
