,state,county,gisjoin,year range,avg temp,max temp,min temp,hdd,cdd,avg rh,average dp,max dp,min dp,avg wind speed,max wind speed,avg ghr,max ghr,avg dnr,max dnr,avg dhr,max dhr
0,WV,Wayne County,G5400990,1980-1999,12.05411865141298,35.06562423706055,-22.440000534057617,2945.1153237724484,665.3686315377894,67.78669421618388,5.380337465014363,22.16391105910208,-22.44000158402173,3.744230491140662,7.538966178894043,165.1150684931507,991,188.28856124395895,952.6578369140624,80.55970319634703,679
