,state,county,gisjoin,year range,avg temp,max temp,min temp,hdd,cdd,avg rh,average dp,max dp,min dp,avg wind speed,max wind speed,avg ghr,max ghr,avg dnr,max dnr,avg dhr,max dhr
0,KY,Lewis County,G2101350,1980-1999,11.371363040392945,35.95133209228516,-22.58333396911621,3174.9329526015426,645.9804623445194,68.54071839345644,4.946822177677021,20.462340575155743,-22.5833353098119,3.9714310937820505,9.32319450378418,165.1150684931507,991,186.887659234879,936.8309936523438,80.55844748858448,679
