,state,county,gisjoin,year range,avg temp,max temp,min temp,hdd,cdd,avg rh,average dp,max dp,min dp,avg wind speed,max wind speed,avg ghr,max ghr,avg dnr,max dnr,avg dhr,max dhr
0,KY,Lewis County,G2101350,2020-2039,13.511404661823343,36.67531967163086,-19.54149627685547,2615.216328662493,867.3790302277131,69.0434653850451,7.149498203519662,23.83925799879656,-19.541496836538727,3.9690977923129793,9.239206314086914,165.1150684931507,991,182.21383337536398,929.9137573242188,80.55844748858448,679
