,state,county,gisjoin,year range,avg temp,max temp,min temp,hdd,cdd,avg rh,average dp,max dp,min dp,avg wind speed,max wind speed,avg ghr,max ghr,avg dnr,max dnr,avg dhr,max dhr
0,IA,Adams County,G1900030,1980-1999,9.081875014307265,34.6349983215332,-31.770000457763672,3955.34775598028,590.7321362018843,66.46731523944906,2.2836124674125573,22.633243942635595,-31.77000129604505,4.775055065220349,10.007500648498535,161.50125570776257,982,185.6962134603105,924.7166748046876,69.0560502283105,568
