,state,county,gisjoin,year range,avg temp,max temp,min temp,hdd,cdd,avg rh,average dp,max dp,min dp,avg wind speed,max wind speed,avg ghr,max ghr,avg dnr,max dnr,avg dhr,max dhr
0,IA,Adams County,G1900030,2060-2079,13.676059860714517,38.16245269775391,-16.637840270996094,2816.4760802314267,1128.737929391925,66.64867565054871,6.77090820437426,25.92245813635761,-17.206280582916516,4.524170785734098,10.639490127563477,161.50125570776257,982,178.4807487207541,922.7296142578124,69.0560502283105,568
