,state,county,gisjoin,year range,avg temp,max temp,min temp,hdd,cdd,avg rh,average dp,max dp,min dp,avg wind speed,max wind speed,avg ghr,max ghr,avg dnr,max dnr,avg dhr,max dhr
0,OH,Wayne County,G3901690,2020-2039,11.30286109881676,34.05043029785156,-23.67900276184082,3173.286573661529,619.3308747291884,70.07236186815723,5.392033528872142,23.09589773116536,-23.679005054302067,4.466814937656873,9.884265899658203,153.82751141552512,1000,176.74104857464005,917.9523315429688,81.43139269406393,531
