,state,county,gisjoin,year range,avg temp,max temp,min temp,hdd,cdd,avg rh,average dp,max dp,min dp,avg wind speed,max wind speed,avg ghr,max ghr,avg dnr,max dnr,avg dhr,max dhr
0,OH,Wayne County,G3901690,2060-2079,13.17663797121204,36.243839263916016,-13.017796516418455,2801.511348837504,931.484208329573,70.34684171023434,7.218043029280322,24.52801111056376,-13.7212442907168,4.488915712212863,10.57742404937744,153.82751141552512,1000,172.77772692490302,911.1889038085938,81.43139269406393,531
