,state,county,gisjoin,year range,avg temp,max temp,min temp,hdd,cdd,avg rh,average dp,max dp,min dp,avg wind speed,max wind speed,avg ghr,max ghr,avg dnr,max dnr,avg dhr,max dhr
0,OH,Delaware County,G3900410,1980-1999,10.135920195565182,33.77333450317383,-21.88400077819824,3512.5003660021325,532.611237382911,69.41280833771239,4.080317147455774,22.4110602341387,-22.16134989215769,4.526564069493721,12.262150764465332,152.52888127853882,1002,182.84589566225708,939.366943359375,76.31267123287671,661
