,state,county,gisjoin,year range,avg temp,max temp,min temp,hdd,cdd,avg rh,average dp,max dp,min dp,avg wind speed,max wind speed,avg ghr,max ghr,avg dnr,max dnr,avg dhr,max dhr
0,OH,Delaware County,G3900410,2060-2079,14.380777659720781,36.18629455566406,-15.540201187133787,2489.275597389917,1058.7594431877776,70.20281459011444,8.37136688186804,24.712599199642685,-15.540202361326449,4.331398990437321,10.413665771484377,152.52888127853882,1002,174.04154919893162,930.713134765625,76.31267123287671,661
