,state,county,gisjoin,year range,avg temp,max temp,min temp,hdd,cdd,avg rh,average dp,max dp,min dp,avg wind speed,max wind speed,avg ghr,max ghr,avg dnr,max dnr,avg dhr,max dhr
0,IA,Mills County,G1901290,1980-1999,9.58136198949619,35.467857360839844,-26.79357147216797,3840.2088697279128,657.90599589351,65.35318888191763,2.5598379224771013,23.748968345497424,-26.79357507801057,4.101041321558495,9.38204574584961,161.78561643835616,973,186.07271186107792,928.8416748046876,72.83287671232877,615
