,state,county,gisjoin,year range,avg temp,max temp,min temp,hdd,cdd,avg rh,average dp,max dp,min dp,avg wind speed,max wind speed,avg ghr,max ghr,avg dnr,max dnr,avg dhr,max dhr
0,IA,Mills County,G1901290,2000-2019,11.314611293690412,37.97142791748047,-22.087142944335938,3368.6921317828346,819.0252539794086,64.6106741484986,4.0130505446275295,25.11806437776703,-22.87791786123629,3.998909893101209,8.722021102905273,161.78561643835616,973,184.09298358655596,903.7681884765624,72.83287671232877,615
