,state,county,gisjoin,year range,avg temp,max temp,min temp,hdd,cdd,avg rh,average dp,max dp,min dp,avg wind speed,max wind speed,avg ghr,max ghr,avg dnr,max dnr,avg dhr,max dhr
0,KY,Warren County,G2102270,2080-2099,18.892533683908102,41.13615036010742,-13.361811637878418,1529.797171433492,1746.0719660599054,71.84265878516246,13.025309497152953,28.05053816708645,-13.361812832890338,3.7312386859225355,10.321370124816896,154.85513698630137,1017,179.55911471324842,937.3623657226562,75.5574200913242,668
