,state,county,gisjoin,year range,avg temp,max temp,min temp,hdd,cdd,avg rh,average dp,max dp,min dp,avg wind speed,max wind speed,avg ghr,max ghr,avg dnr,max dnr,avg dhr,max dhr
0,VT,Chittenden County,G5000070,2040-2059,10.301101851177595,38.1732177734375,-25.71156311035156,3561.521628142906,641.9238038222308,70.99697123749615,4.6145029955906605,23.707509476357544,-25.711562966025166,5.409866074339984,14.721586227416992,153.10707762557078,1007,163.8293904353187,895.3515625,73.67191780821918,517
