,state,county,gisjoin,year range,avg temp,max temp,min temp,hdd,cdd,avg rh,average dp,max dp,min dp,avg wind speed,max wind speed,avg ghr,max ghr,avg dnr,max dnr,avg dhr,max dhr
0,KY,Anderson County,G2100050,2060-2079,16.222641709826878,37.49364471435547,-9.310516357421877,2018.7854694182508,1260.5496935050467,69.94152760854051,10.025825372645235,25.026932463123963,-9.756220210540627,3.938820080574789,10.46766757965088,168.25559360730594,996,181.70607145940255,947.26513671875,78.75890410958904,642
