,state,county,gisjoin,year range,avg temp,max temp,min temp,hdd,cdd,avg rh,average dp,max dp,min dp,avg wind speed,max wind speed,avg ghr,max ghr,avg dnr,max dnr,avg dhr,max dhr
0,KS,Barton County,G2000090,1980-1999,12.443913816139485,39.07400131225586,-18.190000534057617,3032.197384557799,894.7259274483226,60.64462060471104,4.088533444190556,22.890691518840725,-18.65020616382981,4.389806013442065,10.681947708129885,198.03082191780823,1007,201.3119882332394,973.9766845703124,61.668150684931504,578
