,state,county,gisjoin,year range,avg temp,max temp,min temp,hdd,cdd,avg rh,average dp,max dp,min dp,avg wind speed,max wind speed,avg ghr,max ghr,avg dnr,max dnr,avg dhr,max dhr
0,KS,Barton County,G2000090,2020-2039,14.455706462528667,41.45575714111328,-16.88379669189453,2592.1179972907685,1188.950856113502,59.02718743559432,5.458375063996469,24.135311760197748,-18.464454395978954,4.424531416588178,11.03101634979248,198.03082191780823,1007,199.48853318913208,946.5029907226562,61.668150684931504,578
