,state,county,gisjoin,year range,avg temp,max temp,min temp,hdd,cdd,avg rh,average dp,max dp,min dp,avg wind speed,max wind speed,avg ghr,max ghr,avg dnr,max dnr,avg dhr,max dhr
0,KS,Barton County,G2000090,2060-2079,16.34628573530675,43.16575622558594,-15.509532928466797,2290.0588628142427,1576.953156201008,59.396889043725245,7.380293693559823,26.266994754263493,-16.89602332956279,4.230453316778897,9.813254356384276,198.03082191780823,1007,197.46701585186753,928.5968017578124,61.668150684931504,578
