,state,county,gisjoin,year range,avg temp,max temp,min temp,hdd,cdd,avg rh,average dp,max dp,min dp,avg wind speed,max wind speed,avg ghr,max ghr,avg dnr,max dnr,avg dhr,max dhr
0,TN,Wilson County,G4701890,2020-2039,15.679187064419063,36.27781295776367,-9.694256782531738,2065.165185305365,1108.5684638183022,69.7643132024704,9.412957523056358,24.20256745929711,-9.69425709949966,3.26356643890137,9.83603286743164,179.75730593607307,1031,189.86368876263683,967.982666015625,80.20102739726028,603
