,state,county,gisjoin,year range,avg temp,max temp,min temp,hdd,cdd,avg rh,average dp,max dp,min dp,avg wind speed,max wind speed,avg ghr,max ghr,avg dnr,max dnr,avg dhr,max dhr
0,DE,Kent County,G1000010,2020-2039,14.700537386280352,36.2259521484375,-16.22771453857422,2266.997106650884,953.1932526430105,70.67680586745206,8.826254547055155,24.38030848952686,-16.227716556659818,4.849728653202318,12.19559383392334,160.6812785388128,985,177.39447628629554,903.72265625,76.51438356164384,645
