,state,county,gisjoin,year range,avg temp,max temp,min temp,hdd,cdd,avg rh,average dp,max dp,min dp,avg wind speed,max wind speed,avg ghr,max ghr,avg dnr,max dnr,avg dhr,max dhr
0,NE,Cheyenne County,G3100330,2000-2019,10.091618641233032,39.881874084472656,-17.678749084472656,3599.3422811218466,603.2830851714057,50.38522556992971,-1.4286948278125822,17.186827922299987,-24.063214916730374,4.2799398237167425,9.025809288024902,187.51415525114155,1015,206.71413250306261,960.5861206054688,60.74006849315069,559
