,state,county,gisjoin,year range,avg temp,max temp,min temp,hdd,cdd,avg rh,average dp,max dp,min dp,avg wind speed,max wind speed,avg ghr,max ghr,avg dnr,max dnr,avg dhr,max dhr
0,NE,Cheyenne County,G3100330,2060-2079,12.603058286944515,40.50817108154297,-23.34345054626465,3116.571245674301,1037.1875204086832,50.194131767586484,0.9273565770598428,19.45313771471639,-25.30111253833938,4.077688885061709,10.415632247924805,187.51415525114155,1015,203.57067177661372,965.7034912109376,60.74006849315069,559
