,state,county,gisjoin,year range,avg temp,max temp,min temp,hdd,cdd,avg rh,average dp,max dp,min dp,avg wind speed,max wind speed,avg ghr,max ghr,avg dnr,max dnr,avg dhr,max dhr
0,FL,Bradford County,G1200070,2000-2019,21.123066970231502,36.95588302612305,-4.036470413208008,801.3002982271555,1831.719742361566,69.23785427759772,14.570997990332057,25.29005982585034,-4.036470776200977,3.4669313430786133,7.641504287719727,188.5162100456621,1043,198.22493376448446,941.8419799804688,82.500799086758,615
