,state,county,gisjoin,year range,avg temp,max temp,min temp,hdd,cdd,avg rh,average dp,max dp,min dp,avg wind speed,max wind speed,avg ghr,max ghr,avg dnr,max dnr,avg dhr,max dhr
0,MS,Lauderdale County,G2800750,2040-2059,19.73249900164258,39.18688201904297,-8.882850646972656,1205.2376859361257,1728.0998215356492,69.26659674905751,13.16461242643649,27.85691839213516,-8.882851437945593,3.315674343473835,8.637677192687988,184.9005707762557,1008,197.28854229879687,924.852294921875,82.27522831050229,581
