,state,county,gisjoin,year range,avg temp,max temp,min temp,hdd,cdd,avg rh,average dp,max dp,min dp,avg wind speed,max wind speed,avg ghr,max ghr,avg dnr,max dnr,avg dhr,max dhr
0,AZ,Gila County,G0400070,2000-2019,14.00098159774119,39.038665771484375,-9.727333068847656,2332.633105225113,763.4913884004385,53.93924276752559,3.29845862326748,14.953824002152247,-9.727333214728883,3.5337099882021343,8.425000190734863,234.90479452054794,1049,234.54981428109457,1017.4146118164062,59.7587899543379,488
