,state,county,gisjoin,year range,avg temp,max temp,min temp,hdd,cdd,avg rh,average dp,max dp,min dp,avg wind speed,max wind speed,avg ghr,max ghr,avg dnr,max dnr,avg dhr,max dhr
0,AZ,Gila County,G0400070,2060-2079,16.160397821655827,38.94364929199219,-7.353118896484375,1896.2833821508766,1115.328587055277,55.648561331017376,5.671538398215124,16.487899185261874,-7.444265516573576,3.5262663282760203,7.227086544036865,234.90479452054794,1049,232.81203889966844,1037.63037109375,59.7587899543379,488
