,state,county,gisjoin,year range,avg temp,max temp,min temp,hdd,cdd,avg rh,average dp,max dp,min dp,avg wind speed,max wind speed,avg ghr,max ghr,avg dnr,max dnr,avg dhr,max dhr
0,KY,Boone County,G2100150,2000-2019,13.183795328836908,34.383750915527344,-18.799999237060547,2697.0355413599837,829.6208363851392,69.82907396974085,7.109864226842296,24.05817553355282,-18.800001741079896,3.2743984929434786,7.394234180450439,165.93150684931507,993,183.677297922339,955.152587890625,75.84109589041095,554
