,state,county,gisjoin,year range,avg temp,max temp,min temp,hdd,cdd,avg rh,average dp,max dp,min dp,avg wind speed,max wind speed,avg ghr,max ghr,avg dnr,max dnr,avg dhr,max dhr
0,KY,Boone County,G2100150,2040-2059,15.127608670466941,37.533241271972656,-14.73401165008545,2262.2119265807496,1104.2890913010306,70.35668877314215,9.096666679277604,24.232853683665763,-14.73401261196964,3.1783982937738777,7.523504257202148,165.93150684931507,993,179.48042940915948,920.8421020507812,75.84109589041095,554
