,state,county,gisjoin,year range,avg temp,max temp,min temp,hdd,cdd,avg rh,average dp,max dp,min dp,avg wind speed,max wind speed,avg ghr,max ghr,avg dnr,max dnr,avg dhr,max dhr
0,KY,Boone County,G2100150,2060-2079,15.772926316451128,36.831298828125,-11.634511947631836,2131.010373451683,1208.6284789562917,70.55926611390832,9.789213312963803,25.8012469068024,-11.879627933742483,3.118027710696878,8.39187240600586,165.93150684931507,993,177.76651728530888,920.8370361328124,75.84109589041095,554
