,state,county,gisjoin,year range,avg temp,max temp,min temp,hdd,cdd,avg rh,average dp,max dp,min dp,avg wind speed,max wind speed,avg ghr,max ghr,avg dnr,max dnr,avg dhr,max dhr
0,KY,Boone County,G2100150,2080-2099,17.042480592535423,41.89662551879883,-12.332931518554688,2003.9311288423532,1544.9365451176666,71.22323476843638,11.116253422607894,28.82538502202114,-12.332931978513088,3.116884383681702,8.27038288116455,165.93150684931507,993,175.42928673682144,928.0076904296876,75.84109589041095,554
