,state,county,gisjoin,year range,avg temp,max temp,min temp,hdd,cdd,avg rh,average dp,max dp,min dp,avg wind speed,max wind speed,avg ghr,max ghr,avg dnr,max dnr,avg dhr,max dhr
0,GA,Hart County,G1301470,1980-1999,15.58470582574591,36.09588241577149,-10.527058601379396,1921.595941034567,930.5135674318311,69.1603965339051,9.23064927316459,23.03859351873164,-10.527059437940247,3.252862105766932,9.694473266601562,181.01187214611872,997,196.59777595032955,940.866943359375,75.9068493150685,629
