,state,county,gisjoin,year range,avg temp,max temp,min temp,hdd,cdd,avg rh,average dp,max dp,min dp,avg wind speed,max wind speed,avg ghr,max ghr,avg dnr,max dnr,avg dhr,max dhr
0,GA,Hart County,G1301470,2000-2019,16.770168593157532,36.17117691040039,-11.1835298538208,1752.5380654815297,1194.1496019841031,68.48118270085827,10.20029010136838,23.333557165358357,-11.183530590156296,3.284784690008316,8.990276336669922,181.01187214611872,997,196.10943481984924,935.6817626953124,75.9068493150685,629
