,state,county,gisjoin,year range,avg temp,max temp,min temp,hdd,cdd,avg rh,average dp,max dp,min dp,avg wind speed,max wind speed,avg ghr,max ghr,avg dnr,max dnr,avg dhr,max dhr
0,GA,Hart County,G1301470,2060-2079,18.732925859144114,39.15186309814453,-6.208919048309326,1377.3447627647486,1535.3627013524017,69.50612811432582,12.312184410525452,25.54850283982117,-6.208919891015053,3.4574454862641417,9.226797103881836,181.01187214611872,997,191.25161772365178,943.542236328125,75.9068493150685,629
