,state,county,gisjoin,year range,avg temp,max temp,min temp,hdd,cdd,avg rh,average dp,max dp,min dp,avg wind speed,max wind speed,avg ghr,max ghr,avg dnr,max dnr,avg dhr,max dhr
0,IA,Worth County,G1901950,2080-2099,12.960000065536414,40.87806701660156,-19.81669044494629,3096.608579048471,1147.508602968917,68.72681351578943,6.652049172752438,26.725571106549683,-22.23400416841003,4.582038789579313,9.470133781433104,162.66929223744293,975,168.871939671811,896.9580078125,71.26015981735159,479
