,state,county,gisjoin,year range,avg temp,max temp,min temp,hdd,cdd,avg rh,average dp,max dp,min dp,avg wind speed,max wind speed,avg ghr,max ghr,avg dnr,max dnr,avg dhr,max dhr
0,TX,Tyler County,G4804570,1980-1999,18.78996931877727,35.57099914550781,-8.779500007629395,1260.6768137279958,1439.5156150818095,69.92260688995117,12.49682514199984,26.72767603115093,-8.7795002633048,4.08219599756476,9.358521461486816,191.5263698630137,1003,199.2443932303219,941.0485229492188,81.91700913242009,672
