,state,county,gisjoin,year range,avg temp,max temp,min temp,hdd,cdd,avg rh,average dp,max dp,min dp,avg wind speed,max wind speed,avg ghr,max ghr,avg dnr,max dnr,avg dhr,max dhr
0,MS,Warren County,G2801490,1980-1999,17.758048827559808,35.618751525878906,-8.776874542236328,1539.3529011849857,1341.5407232444365,70.48491275081896,11.600905124489032,24.491560468710198,-8.776875562393695,3.55798522642214,9.703789710998535,191.8788812785388,1032,199.55268282261335,929.7684326171876,80.42283105022831,569
