,state,county,gisjoin,year range,avg temp,max temp,min temp,hdd,cdd,avg rh,average dp,max dp,min dp,avg wind speed,max wind speed,avg ghr,max ghr,avg dnr,max dnr,avg dhr,max dhr
0,NY,Broome County,G3600070,2020-2039,9.967376430796781,34.58230972290039,-22.021636962890625,3557.753184084619,516.345581324916,68.47041231747632,3.642623536832323,22.236002621831357,-22.02163855039385,4.5995868575083065,12.275073051452637,152.91495433789953,982,176.15344653217696,932.8046875,76.6082191780822,593
