,state,county,gisjoin,year range,avg temp,max temp,min temp,hdd,cdd,avg rh,average dp,max dp,min dp,avg wind speed,max wind speed,avg ghr,max ghr,avg dnr,max dnr,avg dhr,max dhr
0,MI,Gogebic County,G2600530,2000-2019,4.998474267950386,32.672306060791016,-31.75384521484375,5121.352072901031,266.2951807022026,66.34314746671616,-1.6038998572728715,19.331813733296563,-31.75384789179541,4.745785798356958,10.858712196350098,142.29212328767125,937,177.07272540504817,937.4074096679688,65.42728310502284,592
