,state,county,gisjoin,year range,avg temp,max temp,min temp,hdd,cdd,avg rh,average dp,max dp,min dp,avg wind speed,max wind speed,avg ghr,max ghr,avg dnr,max dnr,avg dhr,max dhr
0,MI,Gogebic County,G2600530,2060-2079,7.743137127990074,35.62480545043945,-27.513044357299805,4368.738208661484,515.4832603772671,68.35572762369566,1.489731761493812,22.452021276640817,-27.513046022949617,4.857662709935071,11.876773834228516,142.29212328767125,937,171.90866811961712,906.0426635742188,65.42728310502284,592
