,state,county,gisjoin,year range,avg temp,max temp,min temp,hdd,cdd,avg rh,average dp,max dp,min dp,avg wind speed,max wind speed,avg ghr,max ghr,avg dnr,max dnr,avg dhr,max dhr
0,AZ,Apache County,G0400010,1980-1999,11.370541496841458,36.32157897949219,-18.40157890319824,3188.9562820603437,659.7039284070645,34.79011194297712,-5.815533089227161,10.91435797390574,-21.450353958387577,3.074896342787024,8.191853523254395,217.3222602739726,1099,249.0699912922895,1052.946533203125,58.66392694063927,569
