,state,county,gisjoin,year range,avg temp,max temp,min temp,hdd,cdd,avg rh,average dp,max dp,min dp,avg wind speed,max wind speed,avg ghr,max ghr,avg dnr,max dnr,avg dhr,max dhr
0,AZ,Apache County,G0400010,2080-2099,16.471899657455868,40.68257522583008,-12.146469116210938,2062.4529845359334,1395.196359507294,37.79206312987358,-0.06944938003161961,15.936421444675982,-15.204355271367104,3.0411515042389907,9.003416061401367,217.3222602739726,1099,244.58954477149564,1033.5816650390625,58.66392694063927,569
