,state,county,gisjoin,year range,avg temp,max temp,min temp,hdd,cdd,avg rh,average dp,max dp,min dp,avg wind speed,max wind speed,avg ghr,max ghr,avg dnr,max dnr,avg dhr,max dhr
0,GA,Towns County,G1302810,2000-2019,14.010041038087408,33.48470687866211,-15.178235054016112,2285.9624324797473,720.1274113814485,68.91102390790094,7.584251325810013,20.122453372332878,-15.17823600506233,4.800821575508815,12.098352432250977,178.29326484018264,1001,198.0619795148923,976.605712890625,79.80844748858448,584
