,state,county,gisjoin,year range,avg temp,max temp,min temp,hdd,cdd,avg rh,average dp,max dp,min dp,avg wind speed,max wind speed,avg ghr,max ghr,avg dnr,max dnr,avg dhr,max dhr
0,GA,Towns County,G1302810,2060-2079,15.704498941757553,34.709754943847656,-11.664380073547363,1890.3882913666673,943.0304051081997,70.63914034094441,9.640819520927279,22.9123131695613,-11.66438051249773,4.883301543917286,13.028923034667969,178.29326484018264,1001,194.36117789287565,955.7578735351562,79.80844748858448,584
