,state,county,gisjoin,year range,avg temp,max temp,min temp,hdd,cdd,avg rh,average dp,max dp,min dp,avg wind speed,max wind speed,avg ghr,max ghr,avg dnr,max dnr,avg dhr,max dhr
0,GA,Towns County,G1302810,2080-2099,17.2273309800333,36.27849960327149,-9.093947410583496,1644.040255691916,1252.5160634041674,71.14501652674043,11.226260832424856,24.871762931768544,-9.093948175238834,4.801189601747957,13.520469665527344,178.29326484018264,1001,188.77316160742518,959.1094360351562,79.80844748858448,584
