,state,county,gisjoin,year range,avg temp,max temp,min temp,hdd,cdd,avg rh,average dp,max dp,min dp,avg wind speed,max wind speed,avg ghr,max ghr,avg dnr,max dnr,avg dhr,max dhr
0,OH,Lorain County,G3900930,1980-1999,9.662987939706941,34.34428405761719,-23.825714111328125,3630.782488396433,478.27308638892146,70.61050554410508,3.993051462542064,21.36549640488891,-23.825716754446624,5.103897891632498,12.58590602874756,157.06449771689498,986,173.87086210759878,919.9585571289062,79.07705479452055,622
