,state,county,gisjoin,year range,avg temp,max temp,min temp,hdd,cdd,avg rh,average dp,max dp,min dp,avg wind speed,max wind speed,avg ghr,max ghr,avg dnr,max dnr,avg dhr,max dhr
0,OH,Lorain County,G3900930,2080-2099,15.689502446000363,38.841915130615234,-12.738694190979004,2225.2642571245265,1272.4326499144975,73.04510675064505,10.347286624959379,27.66676468571095,-12.738694771505566,4.933085009823107,12.053924560546877,157.06449771689498,986,163.12593316841668,901.7560424804688,79.07705479452055,622
