,state,county,gisjoin,year range,avg temp,max temp,min temp,hdd,cdd,avg rh,average dp,max dp,min dp,avg wind speed,max wind speed,avg ghr,max ghr,avg dnr,max dnr,avg dhr,max dhr
0,CO,Teller County,G0801190,1980-1999,2.4542620101321138,28.56416702270508,-30.21333312988281,5836.327825091568,52.63345878919026,50.50754644642137,-8.222346704841824,7.547963407730144,-30.213334161274176,4.476474113660316,10.67359733581543,196.90947488584476,1038,238.72161672075265,1081.5760498046875,61.13219178082192,486
