,state,county,gisjoin,year range,avg temp,max temp,min temp,hdd,cdd,avg rh,average dp,max dp,min dp,avg wind speed,max wind speed,avg ghr,max ghr,avg dnr,max dnr,avg dhr,max dhr
0,CO,Teller County,G0801190,2080-2099,7.391986950953124,31.97957420349121,-24.94426727294922,4260.989824408402,279.56506150562814,50.58167438387326,-3.5407452540608193,11.711367964809003,-27.3538843748365,4.033959061152315,10.887537002563477,196.90947488584476,1038,231.67641079078024,1039.638427734375,61.13219178082192,486
