,state,county,gisjoin,year range,avg temp,max temp,min temp,hdd,cdd,avg rh,average dp,max dp,min dp,avg wind speed,max wind speed,avg ghr,max ghr,avg dnr,max dnr,avg dhr,max dhr
0,NC,Yadkin County,G3701970,2000-2019,14.574524222104518,37.1606674194336,-13.904666900634766,2282.6996327130005,922.9009737810084,68.09045062696552,7.913154717905896,21.31680781834942,-13.904667052447188,3.080822977301193,7.430970191955566,174.61712328767123,994,193.22759178570655,966.2659912109376,75.29611872146118,656
