,state,county,gisjoin,year range,avg temp,max temp,min temp,hdd,cdd,avg rh,average dp,max dp,min dp,avg wind speed,max wind speed,avg ghr,max ghr,avg dnr,max dnr,avg dhr,max dhr
0,NC,Yadkin County,G3701970,2060-2079,16.641641099007558,38.122955322265625,-8.68420696258545,1847.8877894398456,1242.586790577651,69.12354982868177,10.16383132187675,25.216032098849578,-8.68420696525419,3.19396017087649,7.201473712921143,174.61712328767123,994,188.6048807657863,953.522216796875,75.29611872146118,656
