,state,county,gisjoin,year range,avg temp,max temp,min temp,hdd,cdd,avg rh,average dp,max dp,min dp,avg wind speed,max wind speed,avg ghr,max ghr,avg dnr,max dnr,avg dhr,max dhr
0,VA,Alleghany County,G5100050,2060-2079,14.479806339397568,35.57099914550781,-9.783598899841309,2334.1173386437863,939.7466525237351,68.34149433641129,7.883384126047129,24.27516969309136,-9.783599587042133,5.263822050617166,12.985875129699709,162.28082191780823,1021,188.62727934334154,943.7943115234376,69.86358447488584,604
