,state,county,gisjoin,year range,avg temp,max temp,min temp,hdd,cdd,avg rh,average dp,max dp,min dp,avg wind speed,max wind speed,avg ghr,max ghr,avg dnr,max dnr,avg dhr,max dhr
0,AR,Calhoun County,G0500130,2000-2019,17.485842143207776,37.80470657348633,-10.114706039428713,1700.6298306255037,1403.4622128963954,69.12232283674963,10.969495187162932,25.349264180073725,-10.11470662982708,3.62360513781848,8.561515808105469,182.96746575342465,992,196.74108754731327,938.5077514648438,75.37111872146119,627
