,state,county,gisjoin,year range,avg temp,max temp,min temp,hdd,cdd,avg rh,average dp,max dp,min dp,avg wind speed,max wind speed,avg ghr,max ghr,avg dnr,max dnr,avg dhr,max dhr
0,TN,McMinn County,G4701070,1980-1999,14.015938628184252,34.900001525878906,-15.773530006408691,2396.2587681071345,832.5763673941783,68.63939519603503,7.517178645153834,21.27951469361663,-15.77353234004652,2.509604953835,7.142740726470947,161.43550228310502,982,196.06404243213524,955.0144653320312,76.67283105022831,593
