,state,county,gisjoin,year range,avg temp,max temp,min temp,hdd,cdd,avg rh,average dp,max dp,min dp,avg wind speed,max wind speed,avg ghr,max ghr,avg dnr,max dnr,avg dhr,max dhr
0,IL,DeKalb County,G1700370,1980-1999,8.450573558881462,33.28583526611328,-30.662500381469727,4044.336580329526,449.2959293206632,67.45844246219826,2.048350905782889,20.789914041727027,-30.662501971003056,4.614955776576037,10.103866577148438,158.52865296803654,956,179.5328821937017,930.5055541992188,72.57420091324201,555
