,state,county,gisjoin,year range,avg temp,max temp,min temp,hdd,cdd,avg rh,average dp,max dp,min dp,avg wind speed,max wind speed,avg ghr,max ghr,avg dnr,max dnr,avg dhr,max dhr
0,IL,DeKalb County,G1700370,2040-2059,11.652993271404268,36.88710784912109,-21.250200271606445,3249.297939349071,823.1404834111996,69.11953477739743,5.5028905420361545,26.18456374877372,-21.80019724176052,4.471351990974657,10.193371772766112,158.52865296803654,956,175.2990396010354,920.5562744140624,72.57420091324201,555
