,state,county,gisjoin,year range,avg temp,max temp,min temp,hdd,cdd,avg rh,average dp,max dp,min dp,avg wind speed,max wind speed,avg ghr,max ghr,avg dnr,max dnr,avg dhr,max dhr
0,OK,Wagoner County,G4001450,2000-2019,16.506537811062486,39.72333526611328,-17.879444122314453,1979.3319958397844,1324.7182968776199,67.32196606588145,9.658911497954733,25.34436926371956,-17.879445385856293,3.844523521482128,9.550360679626465,189.2763698630137,1000,193.90015300884454,920.9251098632812,70.90159817351598,625
