,state,county,gisjoin,year range,avg temp,max temp,min temp,hdd,cdd,avg rh,average dp,max dp,min dp,avg wind speed,max wind speed,avg ghr,max ghr,avg dnr,max dnr,avg dhr,max dhr
0,KY,Lincoln County,G2101370,2020-2039,14.27540303823173,34.21957778930664,-13.177312850952148,2369.370356112589,900.3924650669657,70.45649707937893,8.302625179024332,22.749754130984524,-13.177314007255,3.688415764932219,9.879796028137209,169.9851598173516,987,187.4559332434292,933.3948974609376,73.20102739726028,653
