,state,county,gisjoin,year range,avg temp,max temp,min temp,hdd,cdd,avg rh,average dp,max dp,min dp,avg wind speed,max wind speed,avg ghr,max ghr,avg dnr,max dnr,avg dhr,max dhr
0,OK,Craig County,G4000350,2000-2019,15.788524957477874,39.78722381591797,-22.452777862548828,2186.569614405938,1269.8812238852931,66.59702527925849,8.734488561849782,24.677995340747277,-22.452777848180094,4.3407691772669965,9.32938003540039,179.15787671232877,994,195.07407944971317,948.4921264648438,66.51815068493151,456
