,state,county,gisjoin,year range,avg temp,max temp,min temp,hdd,cdd,avg rh,average dp,max dp,min dp,avg wind speed,max wind speed,avg ghr,max ghr,avg dnr,max dnr,avg dhr,max dhr
0,OH,Mahoning County,G3900990,1980-1999,9.416994950634873,33.505001068115234,-23.06785774230957,3684.8915435778326,442.594700558989,68.27821680857166,3.0912953085895776,20.2684174603803,-23.06785842898527,3.6162230001736995,9.078346252441406,151.76769406392694,994,182.8370540439368,932.6152954101562,81.35148401826484,494
