,state,county,gisjoin,year range,avg temp,max temp,min temp,hdd,cdd,avg rh,average dp,max dp,min dp,avg wind speed,max wind speed,avg ghr,max ghr,avg dnr,max dnr,avg dhr,max dhr
0,OH,Mahoning County,G3900990,2020-2039,11.45607757687196,34.6945686340332,-18.211095809936523,3132.7731550652256,634.7414706230489,68.76863323237798,5.174231735836733,22.858921642409168,-19.272498057376566,3.6564372833460976,8.543938636779785,151.76769406392694,994,179.52937001865538,927.2617797851562,81.35148401826484,494
