,state,county,gisjoin,year range,avg temp,max temp,min temp,hdd,cdd,avg rh,average dp,max dp,min dp,avg wind speed,max wind speed,avg ghr,max ghr,avg dnr,max dnr,avg dhr,max dhr
0,PA,Armstrong County,G4200050,1980-1999,9.435726872816513,34.00600051879883,-24.426000595092773,3675.080544210845,439.6208527882987,67.8100074591702,2.92552764424265,20.60723394176129,-24.42600040677156,4.016606886419531,9.74581241607666,159.7148401826484,995,184.0292372118564,934.2910766601562,74.59303652968036,584
