,state,county,gisjoin,year range,avg temp,max temp,min temp,hdd,cdd,avg rh,average dp,max dp,min dp,avg wind speed,max wind speed,avg ghr,max ghr,avg dnr,max dnr,avg dhr,max dhr
0,PA,Armstrong County,G4200050,2000-2019,10.285418058654292,37.25733184814453,-24.250667572021484,3457.1640150179696,531.8416064262609,68.11955795135673,3.80498792276793,21.04590344594779,-24.25067015117005,4.006815275427413,10.670624732971191,159.7148401826484,995,181.955769160249,953.1373291015624,74.59303652968036,584
