,state,county,gisjoin,year range,avg temp,max temp,min temp,hdd,cdd,avg rh,average dp,max dp,min dp,avg wind speed,max wind speed,avg ghr,max ghr,avg dnr,max dnr,avg dhr,max dhr
0,PA,Armstrong County,G4200050,2060-2079,13.01787320206627,34.561519622802734,-13.698644638061523,2776.8382175769834,848.8619363308463,69.27713564672426,6.732697499441923,23.166396277199755,-13.868238576964393,4.4300245941501775,10.725048065185549,159.7148401826484,995,175.192616209067,915.862060546875,74.59303652968036,584
