,state,county,gisjoin,year range,avg temp,max temp,min temp,hdd,cdd,avg rh,average dp,max dp,min dp,avg wind speed,max wind speed,avg ghr,max ghr,avg dnr,max dnr,avg dhr,max dhr
0,VA,Poquoson city,G5107350,2020-2039,16.669301600451607,34.82619094848633,-10.340434074401855,1774.8033522384515,1179.5984364033536,70.58954845367501,10.735122722755499,25.13131946510106,-10.340435118239132,4.246450840610347,12.053417205810549,194.76381278538813,1001,179.77754635537664,919.849609375,68.34246575342466,568
