,state,county,gisjoin,year range,avg temp,max temp,min temp,hdd,cdd,avg rh,average dp,max dp,min dp,avg wind speed,max wind speed,avg ghr,max ghr,avg dnr,max dnr,avg dhr,max dhr
0,VA,Poquoson city,G5107350,2040-2059,17.739863021266046,37.42562103271485,-7.767129421234131,1605.000979013801,1400.5509817759623,72.7016560088554,12.294323785733551,26.80880499755217,-7.767130336812862,4.274491675912517,11.575969696044922,194.76381278538813,1001,173.19276263233658,909.940673828125,68.34246575342466,568
