,state,county,gisjoin,year range,avg temp,max temp,min temp,hdd,cdd,avg rh,average dp,max dp,min dp,avg wind speed,max wind speed,avg ghr,max ghr,avg dnr,max dnr,avg dhr,max dhr
0,VA,Warren County,G5101870,2040-2059,14.843119036519598,37.73252868652344,-12.470152854919434,2324.395468477764,1062.6339168072388,67.63907754345027,8.079230213648314,23.781909392464097,-12.470153823278384,3.9921738010563264,9.220122337341309,172.51221461187214,1037,184.44510933424414,928.3255004882812,71.65308219178083,619
