,state,county,gisjoin,year range,avg temp,max temp,min temp,hdd,cdd,avg rh,average dp,max dp,min dp,avg wind speed,max wind speed,avg ghr,max ghr,avg dnr,max dnr,avg dhr,max dhr
0,TX,Kleberg County,G4802730,2000-2019,22.99234405061247,38.13285827636719,-3.370476007461548,587.5398860262194,2300.2454644995432,61.49611601459381,14.462707378166618,26.279502273914485,-4.266365145973172,4.3331815504320135,9.049154281616213,191.39383561643837,1004,209.8430959282035,982.4130859375,80.26803652968036,669
