,state,county,gisjoin,year range,avg temp,max temp,min temp,hdd,cdd,avg rh,average dp,max dp,min dp,avg wind speed,max wind speed,avg ghr,max ghr,avg dnr,max dnr,avg dhr,max dhr
0,TX,Kleberg County,G4802730,2020-2039,23.543611439938772,39.17938995361328,-1.340398192405701,522.8412186229783,2436.759394200357,61.08375135622068,14.861244027165782,27.59909683759721,-4.1006858482542565,4.44598720156711,9.797748565673828,191.39383561643837,1004,208.73308346088513,938.9829711914062,80.26803652968036,669
