,state,county,gisjoin,year range,avg temp,max temp,min temp,hdd,cdd,avg rh,average dp,max dp,min dp,avg wind speed,max wind speed,avg ghr,max ghr,avg dnr,max dnr,avg dhr,max dhr
0,CA,Imperial County,G0600250,2060-2079,26.89928368109546,48.954132080078125,0.995639443397522,379.670037974918,3518.408581574369,28.160755033906735,5.762973361743491,18.96689112785748,-8.786353219127442,2.517456837263826,6.173355579376221,240.33550228310503,1035,232.79230076122596,965.0157470703124,59.11472602739726,438
