,state,county,gisjoin,year range,avg temp,max temp,min temp,hdd,cdd,avg rh,average dp,max dp,min dp,avg wind speed,max wind speed,avg ghr,max ghr,avg dnr,max dnr,avg dhr,max dhr
0,MO,Maries County,G2901250,1980-1999,12.362752212520576,35.10733413696289,-20.631999969482425,2899.748067180535,732.6526247501773,67.85628937629804,5.8323642996981055,22.47364606957536,-21.587599329532576,3.6140848084671857,9.26573085784912,157.5497716894977,989,188.81618098696103,946.5164184570312,70.44554794520548,657
