,state,county,gisjoin,year range,avg temp,max temp,min temp,hdd,cdd,avg rh,average dp,max dp,min dp,avg wind speed,max wind speed,avg ghr,max ghr,avg dnr,max dnr,avg dhr,max dhr
0,MO,Maries County,G2901250,2000-2019,13.861117083677538,37.56266784667969,-16.81999969482422,2577.408684313759,957.2164198558104,67.82063569391156,7.246012838612476,23.579264660098367,-16.820000737517663,3.5494619784289845,8.554643630981445,157.5497716894977,989,188.68511441431363,946.6914672851562,70.44554794520548,657
