,state,county,gisjoin,year range,avg temp,max temp,min temp,hdd,cdd,avg rh,average dp,max dp,min dp,avg wind speed,max wind speed,avg ghr,max ghr,avg dnr,max dnr,avg dhr,max dhr
0,IL,Schuyler County,G1701690,1980-1999,10.426241341418029,34.63538360595703,-28.907691955566406,3477.4010152674095,603.4791048844926,68.32654547059917,4.147446760602536,23.237995423825964,-28.90769353305664,4.491830332311865,10.371901512145996,175.93367579908676,994,182.5581822231019,917.5718383789062,72.5648401826484,623
