,state,county,gisjoin,year range,avg temp,max temp,min temp,hdd,cdd,avg rh,average dp,max dp,min dp,avg wind speed,max wind speed,avg ghr,max ghr,avg dnr,max dnr,avg dhr,max dhr
0,NV,Lander County,G3200150,2020-2039,11.846736536701227,39.65155029296875,-18.474533081054688,3179.3826568527725,823.9414927482981,40.815369106645456,-3.325507731339175,9.888216521173131,-20.538630637135,3.477026148392185,8.335187911987305,202.6607305936073,1030,223.13084094443892,988.6640625,58.76552511415525,490
