,state,county,gisjoin,year range,avg temp,max temp,min temp,hdd,cdd,avg rh,average dp,max dp,min dp,avg wind speed,max wind speed,avg ghr,max ghr,avg dnr,max dnr,avg dhr,max dhr
0,NV,Lander County,G3200150,2060-2079,13.689688525793114,42.9428825378418,-15.415365219116213,2811.5983083232245,1128.834620237403,42.701037808422626,-1.1965635341971945,18.389027812470037,-18.043027860131588,3.242305993639171,7.933791637420654,202.6607305936073,1030,221.92705835192177,981.2785034179688,58.76552511415525,490
