,state,county,gisjoin,year range,avg temp,max temp,min temp,hdd,cdd,avg rh,average dp,max dp,min dp,avg wind speed,max wind speed,avg ghr,max ghr,avg dnr,max dnr,avg dhr,max dhr
0,NV,Lander County,G3200150,2080-2099,15.433490894402036,44.3637924194336,-11.322782516479492,2429.104968450505,1382.829144907039,40.808934676592756,-0.20567334487145494,16.196493307259914,-14.628769497418832,3.2645040103289635,8.029053688049316,202.6607305936073,1030,221.2836816615724,970.4752197265624,58.76552511415525,490
