,state,county,gisjoin,year range,avg temp,max temp,min temp,hdd,cdd,avg rh,average dp,max dp,min dp,avg wind speed,max wind speed,avg ghr,max ghr,avg dnr,max dnr,avg dhr,max dhr
0,OK,Noble County,G4001030,1980-1999,14.687978933969795,39.31083297729492,-12.075833320617676,2402.931053514863,1084.5433644136424,65.59891128061025,7.436439678717479,23.0902237109684,-12.548916185182655,4.083783391240525,8.688850402832031,186.93230593607305,1011,198.79768331625863,957.5023803710938,65.85068493150685,633
