,state,county,gisjoin,year range,avg temp,max temp,min temp,hdd,cdd,avg rh,average dp,max dp,min dp,avg wind speed,max wind speed,avg ghr,max ghr,avg dnr,max dnr,avg dhr,max dhr
0,OK,Noble County,G4001030,2020-2039,16.83949657728994,41.1856575012207,-14.148116111755373,2015.7403052915322,1482.6565560022948,63.54401871102041,8.960293947722834,25.16710055738673,-14.724244413974056,3.966312899654859,9.067089080810549,186.93230593607305,1011,196.99503199356644,952.2979125976562,65.85068493150685,633
