,state,county,gisjoin,year range,avg temp,max temp,min temp,hdd,cdd,avg rh,average dp,max dp,min dp,avg wind speed,max wind speed,avg ghr,max ghr,avg dnr,max dnr,avg dhr,max dhr
0,KY,Adair County,G2100010,2020-2039,14.841912171105548,41.30757141113281,-13.266679763793944,2221.8585366827997,959.6564791362101,69.67713161581727,8.596544604230463,23.30841281687859,-13.371318774127522,3.6759722821108283,10.317133903503418,162.64623287671233,1004,188.96871047939464,939.663818359375,77.58698630136986,667
