,state,county,gisjoin,year range,avg temp,max temp,min temp,hdd,cdd,avg rh,average dp,max dp,min dp,avg wind speed,max wind speed,avg ghr,max ghr,avg dnr,max dnr,avg dhr,max dhr
0,NE,York County,G3101850,1980-1999,9.722825606913013,36.31999969482422,-21.86199951171875,3765.5742273857745,634.905573908518,63.64087303207345,2.3263071482783118,22.06035287996572,-23.16182008831042,4.662644532091542,10.996872901916504,168.5865296803653,973,189.5134089482277,932.5692749023438,64.99440639269406,569
