,state,county,gisjoin,year range,avg temp,max temp,min temp,hdd,cdd,avg rh,average dp,max dp,min dp,avg wind speed,max wind speed,avg ghr,max ghr,avg dnr,max dnr,avg dhr,max dhr
0,NE,York County,G3101850,2000-2019,11.129826966697907,36.87533187866211,-25.74799919128418,3433.955773523087,816.8426163673844,62.52911212564059,3.299825152499307,22.293951259926533,-25.748002152989148,4.578806324908722,9.020244598388672,168.5865296803653,973,190.70067916604722,928.261962890625,64.99440639269406,569
