,state,county,gisjoin,year range,avg temp,max temp,min temp,hdd,cdd,avg rh,average dp,max dp,min dp,avg wind speed,max wind speed,avg ghr,max ghr,avg dnr,max dnr,avg dhr,max dhr
0,MS,Jasper County,G2800610,2000-2019,18.43157567481745,38.2405891418457,-9.721176147460938,1396.139082637347,1444.164203945821,69.01894977887471,11.870444725267738,24.384626474979385,-9.72117640354042,3.513895342066952,7.650561809539795,184.9005707762557,1008,199.3383237142337,937.755126953125,82.21107305936073,581
