,state,county,gisjoin,year range,avg temp,max temp,min temp,hdd,cdd,avg rh,average dp,max dp,min dp,avg wind speed,max wind speed,avg ghr,max ghr,avg dnr,max dnr,avg dhr,max dhr
0,MS,Jasper County,G2800610,2040-2059,20.14784957126993,37.78186798095703,-8.21709156036377,1134.1908238289088,1808.6559173423802,68.94312997343333,13.487774399280298,25.49120302056647,-8.217091419783037,3.520374103985965,8.5635986328125,184.9005707762557,1008,197.251186289319,934.2028198242188,82.21107305936073,581
