,state,county,gisjoin,year range,avg temp,max temp,min temp,hdd,cdd,avg rh,average dp,max dp,min dp,avg wind speed,max wind speed,avg ghr,max ghr,avg dnr,max dnr,avg dhr,max dhr
0,OK,Tillman County,G4001410,1980-1999,16.113164048002538,40.4010009765625,-15.46399974822998,2089.5168211448013,1291.3216986656948,61.619096149810375,7.797133506152024,23.65327100189064,-15.513411601600549,4.089952548780397,9.316448211669922,203.4216894977169,1028,209.19510647323165,957.8258056640624,69.59429223744293,593
