,state,county,gisjoin,year range,avg temp,max temp,min temp,hdd,cdd,avg rh,average dp,max dp,min dp,avg wind speed,max wind speed,avg ghr,max ghr,avg dnr,max dnr,avg dhr,max dhr
0,OK,Tillman County,G4001410,2020-2039,18.332282350845517,43.34118270874024,-11.17558765411377,1669.3876501685309,1681.1707082270798,60.09396338549923,9.492905450002628,24.787119311279493,-12.843758951551695,4.267836938206464,8.504284858703613,203.4216894977169,1028,206.3441036875275,958.8505859375,69.59429223744293,593
