,state,county,gisjoin,year range,avg temp,max temp,min temp,hdd,cdd,avg rh,average dp,max dp,min dp,avg wind speed,max wind speed,avg ghr,max ghr,avg dnr,max dnr,avg dhr,max dhr
0,OK,Tillman County,G4001410,2080-2099,21.909461358321202,45.56108093261719,-4.644931316375732,1200.3851355796721,2517.838531366747,62.256084106828524,13.408331536472929,30.380486889507164,-5.867685770939801,4.237149567146824,9.000024795532227,203.4216894977169,1028,199.9781276266995,928.0787963867188,69.59429223744293,593
