,state,county,gisjoin,year range,avg temp,max temp,min temp,hdd,cdd,avg rh,average dp,max dp,min dp,avg wind speed,max wind speed,avg ghr,max ghr,avg dnr,max dnr,avg dhr,max dhr
0,AL,Dale County,G0100450,1980-1999,18.221533654119764,36.7594108581543,-8.157058715820312,1359.04396068945,1330.4037444433511,68.43044764070206,11.53972656069912,25.31972239633057,-8.157059616731905,3.3289280242163297,8.977432250976562,183.33093607305935,1007,203.63077734007413,958.9466552734376,83.40353881278538,639
