,state,county,gisjoin,year range,avg temp,max temp,min temp,hdd,cdd,avg rh,average dp,max dp,min dp,avg wind speed,max wind speed,avg ghr,max ghr,avg dnr,max dnr,avg dhr,max dhr
0,NJ,Union County,G3400390,2060-2079,15.097098196320582,38.35551071166992,-10.930780410766602,2245.8814136367546,1076.8222552935947,73.08032265275581,9.76651883864147,27.72638019646901,-10.93078129155102,4.744038538192505,12.981831550598145,162.32659817351598,977,167.73742520580836,899.6044921875,76.75913242009132,503
