,state,county,gisjoin,year range,avg temp,max temp,min temp,hdd,cdd,avg rh,average dp,max dp,min dp,avg wind speed,max wind speed,avg ghr,max ghr,avg dnr,max dnr,avg dhr,max dhr
0,TX,Zavala County,G4805070,1980-1999,21.42502399375875,40.34450149536133,-6.61299991607666,922.7642916007632,2063.3980493225777,52.80577930097711,10.310396731933972,21.593323881669136,-7.716331891571064,3.636253680663022,6.439757823944092,203.76301369863015,1032,224.0416527666466,994.1112060546876,73.32374429223745,616
