,state,county,gisjoin,year range,avg temp,max temp,min temp,hdd,cdd,avg rh,average dp,max dp,min dp,avg wind speed,max wind speed,avg ghr,max ghr,avg dnr,max dnr,avg dhr,max dhr
0,TX,Zavala County,G4805070,2000-2019,22.709845706337816,40.56449890136719,-3.679500341415405,752.9566106322405,2362.550293445334,50.480651172002155,10.897031514258128,23.389574507013908,-7.695515098712043,3.583739875549595,7.080221652984619,203.76301369863015,1032,221.38806003831212,974.0974731445312,73.32374429223745,616
