,state,county,gisjoin,year range,avg temp,max temp,min temp,hdd,cdd,avg rh,average dp,max dp,min dp,avg wind speed,max wind speed,avg ghr,max ghr,avg dnr,max dnr,avg dhr,max dhr
0,IL,Adams County,G1700010,2000-2019,12.11252602570686,35.65285873413086,-24.49142837524414,3081.684441256928,823.2564406395433,70.25821290473415,6.227243941320942,25.90566006079531,-24.491429614174866,3.9704423208759256,9.22079849243164,175.93367579908676,994,181.4558228269876,923.4424438476562,72.5966894977169,623
