,state,county,gisjoin,year range,avg temp,max temp,min temp,hdd,cdd,avg rh,average dp,max dp,min dp,avg wind speed,max wind speed,avg ghr,max ghr,avg dnr,max dnr,avg dhr,max dhr
0,IL,Adams County,G1700010,2060-2079,14.797962206025655,38.26612854003906,-14.795156478881836,2480.215341371387,1201.9715465705287,69.99397703501732,8.695923172769271,26.80811931107208,-14.849205257203405,4.038648058453651,9.633031845092772,175.93367579908676,994,176.22586022087884,904.2262573242188,72.5966894977169,623
