,state,county,gisjoin,year range,avg temp,max temp,min temp,hdd,cdd,avg rh,average dp,max dp,min dp,avg wind speed,max wind speed,avg ghr,max ghr,avg dnr,max dnr,avg dhr,max dhr
0,NY,Onondaga County,G3600670,2000-2019,9.620233499978392,34.24142837524414,-24.859285354614254,3676.594574433481,508.479801925042,70.25847389186355,3.782284766113703,22.21832869365804,-24.859286328228286,5.20867226581051,12.163325309753418,155.7310502283105,972,170.5284782868842,918.4837646484376,74.6417808219178,505
