,state,county,gisjoin,year range,avg temp,max temp,min temp,hdd,cdd,avg rh,average dp,max dp,min dp,avg wind speed,max wind speed,avg ghr,max ghr,avg dnr,max dnr,avg dhr,max dhr
0,NY,Onondaga County,G3600670,2080-2099,14.292526170446353,37.96425628662109,-12.74775218963623,2546.618512483416,1083.890564696058,70.88607319087198,8.42275966358864,26.244558995764542,-13.072094470316012,5.455516790037286,13.071249008178713,155.7310502283105,972,160.9199107471914,886.1229248046875,74.6417808219178,505
