,state,county,gisjoin,year range,avg temp,max temp,min temp,hdd,cdd,avg rh,average dp,max dp,min dp,avg wind speed,max wind speed,avg ghr,max ghr,avg dnr,max dnr,avg dhr,max dhr
0,IA,Ringgold County,G1901590,2000-2019,10.618024002245377,36.56083297729492,-23.104999542236328,3506.6240764891954,702.702837308283,67.91699992097132,4.218464449429114,23.15007146799635,-23.1050005463452,4.638238749112168,9.355737686157228,161.50125570776257,982,185.1921682245928,925.7415771484376,69.0560502283105,568
