,state,county,gisjoin,year range,avg temp,max temp,min temp,hdd,cdd,avg rh,average dp,max dp,min dp,avg wind speed,max wind speed,avg ghr,max ghr,avg dnr,max dnr,avg dhr,max dhr
0,IA,Ringgold County,G1901590,2020-2039,12.010404612706148,36.46441650390625,-24.19941520690918,3141.567947799993,845.8656314373496,67.39496829237568,5.4205331565018655,24.19764258013999,-24.199416230170044,4.521604110443429,9.31936740875244,161.50125570776257,982,181.18865389316113,922.9580078125,69.0560502283105,568
