,state,county,gisjoin,year range,avg temp,max temp,min temp,hdd,cdd,avg rh,average dp,max dp,min dp,avg wind speed,max wind speed,avg ghr,max ghr,avg dnr,max dnr,avg dhr,max dhr
0,IA,Ringgold County,G1901590,2080-2099,15.518249454835566,40.53488159179688,-16.453113555908203,2468.014821470138,1452.6758724848644,67.33190598618495,8.769103234327938,27.785465103724107,-17.312352735404037,4.6176104055692075,10.26191234588623,161.50125570776257,982,177.38347622590038,901.51708984375,69.0560502283105,568
