,state,county,gisjoin,year range,avg temp,max temp,min temp,hdd,cdd,avg rh,average dp,max dp,min dp,avg wind speed,max wind speed,avg ghr,max ghr,avg dnr,max dnr,avg dhr,max dhr
0,IN,Fayette County,G1800410,2040-2059,13.82701785199842,40.20990753173828,-17.223020553588867,2631.8297163843076,999.1912323634409,70.45851359977026,7.836988384971971,25.65595324255052,-17.223022151484138,3.9258731370238955,8.94671630859375,150.63915525114155,973,176.55720824696544,925.4137573242188,75.52625570776256,650
