,state,county,gisjoin,year range,avg temp,max temp,min temp,hdd,cdd,avg rh,average dp,max dp,min dp,avg wind speed,max wind speed,avg ghr,max ghr,avg dnr,max dnr,avg dhr,max dhr
0,VA,King George County,G5100990,1980-1999,13.257285121402663,35.08187484741211,-13.833749771118164,2600.025326367232,759.4343956788825,69.29936264247111,7.062927789553984,22.30826296401342,-13.833751832673244,3.948514732922593,9.710247039794922,168.93835616438355,955,185.8568938913892,917.1663208007812,59.47534246575343,489
