,state,county,gisjoin,year range,avg temp,max temp,min temp,hdd,cdd,avg rh,average dp,max dp,min dp,avg wind speed,max wind speed,avg ghr,max ghr,avg dnr,max dnr,avg dhr,max dhr
0,VA,King George County,G5100990,2060-2079,16.936472315882767,38.153358459472656,-10.448867797851562,1805.0657601568137,1307.3781554540783,70.91783472784034,10.978064106972418,26.910377233483977,-10.448868355776098,3.958665077327049,12.515728950500488,168.93835616438355,955,178.67977499759093,911.91845703125,59.47534246575343,489
