,state,county,gisjoin,year range,avg temp,max temp,min temp,hdd,cdd,avg rh,average dp,max dp,min dp,avg wind speed,max wind speed,avg ghr,max ghr,avg dnr,max dnr,avg dhr,max dhr
0,MN,Kanabec County,G2700650,2020-2039,7.132064106657351,33.86391830444336,-37.193336486816406,4573.874000785498,497.5773997148026,63.96672925361215,-0.1428631551294743,21.11132285349273,-37.19333743190317,4.790641055368397,11.62808609008789,152.28938356164383,951,173.98983400227857,896.71533203125,65.33299086757991,567
