,state,county,gisjoin,year range,avg temp,max temp,min temp,hdd,cdd,avg rh,average dp,max dp,min dp,avg wind speed,max wind speed,avg ghr,max ghr,avg dnr,max dnr,avg dhr,max dhr
0,MN,Kanabec County,G2700650,2040-2059,8.275480256812141,36.29477310180664,-32.50600814819336,4277.985516369164,619.0358101050334,66.39021480769327,1.5632926878365878,24.63750684722413,-32.506011256108046,4.710942213176048,10.092925071716309,152.28938356164383,951,172.28064591907338,892.3839111328125,65.33299086757991,567
