,state,county,gisjoin,year range,avg temp,max temp,min temp,hdd,cdd,avg rh,average dp,max dp,min dp,avg wind speed,max wind speed,avg ghr,max ghr,avg dnr,max dnr,avg dhr,max dhr
0,MO,Wayne County,G2902230,2000-2019,14.56142534944666,37.53769302368164,-13.836153984069824,2404.5598134337665,1039.9800659816096,68.58721766776691,7.999775710194396,23.69314907284007,-13.836154026946152,3.851596622924282,9.646272659301758,175.54052511415526,981,190.86520710439626,925.5262451171876,71.43881278538812,570
