,state,county,gisjoin,year range,avg temp,max temp,min temp,hdd,cdd,avg rh,average dp,max dp,min dp,avg wind speed,max wind speed,avg ghr,max ghr,avg dnr,max dnr,avg dhr,max dhr
0,MO,Wayne County,G2902230,2020-2039,15.220971053473058,44.65744018554688,-22.01314353942871,2281.2138781751514,1157.368312692711,67.93775020364212,8.490469428505277,25.12485236338409,-22.0131441224631,3.8082953724142623,9.452594757080078,175.54052511415526,981,190.78020371453982,962.2733154296876,71.43881278538812,570
