,state,county,gisjoin,year range,avg temp,max temp,min temp,hdd,cdd,avg rh,average dp,max dp,min dp,avg wind speed,max wind speed,avg ghr,max ghr,avg dnr,max dnr,avg dhr,max dhr
0,MO,Wayne County,G2902230,2060-2079,16.870703883572602,39.04809188842773,-10.463129997253418,1925.2334844475288,1403.5404019515138,69.43329413122238,10.487835539071739,26.30900400002196,-10.60556430501464,3.8317178161176915,8.457223892211914,175.54052511415526,981,184.70223810531556,925.6929321289062,71.43881278538812,570
