,state,county,gisjoin,year range,avg temp,max temp,min temp,hdd,cdd,avg rh,average dp,max dp,min dp,avg wind speed,max wind speed,avg ghr,max ghr,avg dnr,max dnr,avg dhr,max dhr
0,MT,Fergus County,G3000270,2000-2019,7.3726822161403485,36.68461608886719,-34.19845962524414,4366.5131826466495,378.04219153722255,54.29951642463196,-2.6232500942340127,14.44695806743137,-34.19846195645474,4.887771897120018,11.641112327575684,161.72968036529682,973,186.16697215209618,924.5943603515624,64.70319634703196,471
