,state,county,gisjoin,year range,avg temp,max temp,min temp,hdd,cdd,avg rh,average dp,max dp,min dp,avg wind speed,max wind speed,avg ghr,max ghr,avg dnr,max dnr,avg dhr,max dhr
0,MT,Fergus County,G3000270,2020-2039,7.963799379850422,37.76305389404297,-25.84627723693848,4217.793916516619,445.0806901613972,53.58053479303508,-2.1708831846483916,14.469304424124346,-27.466420536740063,4.856917027251361,11.470479011535645,161.72968036529682,973,183.61390100241343,918.3551025390624,64.70319634703196,471
