,state,county,gisjoin,year range,avg temp,max temp,min temp,hdd,cdd,avg rh,average dp,max dp,min dp,avg wind speed,max wind speed,avg ghr,max ghr,avg dnr,max dnr,avg dhr,max dhr
0,MT,Fergus County,G3000270,2040-2059,9.32773068091162,37.26324844360352,-27.21451759338379,3829.1992055320075,554.3209040641958,55.2259747126331,-0.4775424919799787,15.511428759017123,-28.290635289679773,4.802711848690085,11.196170806884766,161.72968036529682,973,182.3081937920569,909.5853271484376,64.70319634703196,471
