,state,county,gisjoin,year range,avg temp,max temp,min temp,hdd,cdd,avg rh,average dp,max dp,min dp,avg wind speed,max wind speed,avg ghr,max ghr,avg dnr,max dnr,avg dhr,max dhr
0,LA,Claiborne Parish,G2200270,2000-2019,18.34061907665596,37.38117599487305,-11.34470558166504,1484.7512324105903,1499.5771953900578,68.90830008798538,11.751584694366711,24.83427647375088,-11.344706708377482,3.58547348453574,8.611492156982422,182.96746575342465,992,198.52392369048783,933.2802124023438,75.37111872146119,627
