,state,county,gisjoin,year range,avg temp,max temp,min temp,hdd,cdd,avg rh,average dp,max dp,min dp,avg wind speed,max wind speed,avg ghr,max ghr,avg dnr,max dnr,avg dhr,max dhr
0,MS,Union County,G2801450,2020-2039,17.463439846839044,37.896095275878906,-13.46424674987793,1643.0667569577383,1337.7223010540858,68.7627583625654,10.90496837532467,24.600750356315988,-13.464246927051608,3.8167684137412947,8.870573997497559,181.76803652968036,1007,192.00030699696552,960.8360595703124,74.22271689497717,558
