,state,county,gisjoin,year range,avg temp,max temp,min temp,hdd,cdd,avg rh,average dp,max dp,min dp,avg wind speed,max wind speed,avg ghr,max ghr,avg dnr,max dnr,avg dhr,max dhr
0,UT,Uintah County,G4900470,2000-2019,8.265906685307352,34.1688232421875,-26.86941146850586,4193.634022584322,531.1899627208877,44.017048097854335,-5.0437385194128,13.27913278531661,-28.163961973462285,2.619099316694965,6.831796169281006,197.97785388127855,1041,228.25118586266777,1001.332275390625,60.771232876712325,469
