,state,county,gisjoin,year range,avg temp,max temp,min temp,hdd,cdd,avg rh,average dp,max dp,min dp,avg wind speed,max wind speed,avg ghr,max ghr,avg dnr,max dnr,avg dhr,max dhr
0,WI,Ozaukee County,G5500890,2060-2079,11.43754252688049,37.78574752807617,-19.234283447265625,3300.9111600500673,796.1141823610119,71.03029981661061,5.784892790644599,25.887001258276456,-19.234284165488184,5.2142376030416795,11.361051559448242,160.59737442922375,971,167.26761286292643,898.688232421875,73.1566210045662,481
