,state,county,gisjoin,year range,avg temp,max temp,min temp,hdd,cdd,avg rh,average dp,max dp,min dp,avg wind speed,max wind speed,avg ghr,max ghr,avg dnr,max dnr,avg dhr,max dhr
0,OK,Murray County,G4000990,2000-2019,17.11201238376414,38.899375915527344,-9.16374969482422,1789.1432049709817,1355.5277250449678,65.97772293243234,9.86808109593612,24.77319767642327,-9.16374993282114,4.257111637559656,10.78143310546875,189.50045662100456,1003,199.09637480922282,949.5227661132812,72.0634703196347,597
