,state,county,gisjoin,year range,avg temp,max temp,min temp,hdd,cdd,avg rh,average dp,max dp,min dp,avg wind speed,max wind speed,avg ghr,max ghr,avg dnr,max dnr,avg dhr,max dhr
0,OK,Murray County,G4000990,2080-2099,21.14081142114169,44.54743194580078,-8.936386108398438,1203.7432593424685,2240.6394280590557,66.85634722470148,13.89481086637677,29.123971983394235,-8.936387192999799,4.446762101617578,9.45378875732422,189.50045662100456,1003,192.66464481606798,903.41357421875,72.0634703196347,597
