,state,county,gisjoin,year range,avg temp,max temp,min temp,hdd,cdd,avg rh,average dp,max dp,min dp,avg wind speed,max wind speed,avg ghr,max ghr,avg dnr,max dnr,avg dhr,max dhr
0,MN,Cass County,G2700210,1980-1999,4.3196736998149605,30.30384635925293,-37.08307647705078,5350.012986865594,247.19388729730608,63.4107536328982,-2.878879163977665,19.527181548714147,-37.08307617968421,4.394092073179271,12.239445686340332,140.05593607305937,944,173.95318505394062,906.1629028320312,64.97990867579908,610
