,state,county,gisjoin,year range,avg temp,max temp,min temp,hdd,cdd,avg rh,average dp,max dp,min dp,avg wind speed,max wind speed,avg ghr,max ghr,avg dnr,max dnr,avg dhr,max dhr
0,NC,Forsyth County,G3700670,2020-2039,15.785896324502202,35.44644546508789,-10.407341957092283,1984.451064578596,1066.8032230218962,68.51452734024014,9.225900772090064,22.62804453357487,-10.407343372178666,3.5464409240304606,7.459094047546387,174.61712328767123,994,193.23211261662462,936.9135131835938,75.29611872146118,656
