,state,county,gisjoin,year range,avg temp,max temp,min temp,hdd,cdd,avg rh,average dp,max dp,min dp,avg wind speed,max wind speed,avg ghr,max ghr,avg dnr,max dnr,avg dhr,max dhr
0,NC,Forsyth County,G3700670,2060-2079,17.22794330237857,37.36159133911133,-7.156809329986572,1734.2200751853923,1342.919380553649,68.98419484983296,10.75192625878601,24.97818966908192,-7.156810490469216,3.805874734382107,8.171707153320312,174.61712328767123,994,188.92996955217424,947.34228515625,75.29611872146118,656
