,state,county,gisjoin,year range,avg temp,max temp,min temp,hdd,cdd,avg rh,average dp,max dp,min dp,avg wind speed,max wind speed,avg ghr,max ghr,avg dnr,max dnr,avg dhr,max dhr
0,SC,Oconee County,G4500730,1980-1999,15.406220811455974,35.96706008911133,-11.964706420898438,1974.1196544378997,917.8902506193144,69.68836012757532,9.13993485784686,21.559658616817995,-11.964706750110777,3.8867099290841245,10.88363552093506,181.01187214611872,997,196.32720993658427,944.3168334960938,75.9068493150685,629
