,state,county,gisjoin,year range,avg temp,max temp,min temp,hdd,cdd,avg rh,average dp,max dp,min dp,avg wind speed,max wind speed,avg ghr,max ghr,avg dnr,max dnr,avg dhr,max dhr
0,SC,Oconee County,G4500730,2080-2099,20.266295969628885,40.55292510986328,-6.528620719909668,1176.821462630738,1894.5194915452118,70.58789581838808,14.062243312516852,27.875656814084305,-6.528621134336224,4.012994865916635,11.376649856567385,181.01187214611872,997,185.47203071035602,911.2686157226562,75.9068493150685,629
