,state,county,gisjoin,year range,avg temp,max temp,min temp,hdd,cdd,avg rh,average dp,max dp,min dp,avg wind speed,max wind speed,avg ghr,max ghr,avg dnr,max dnr,avg dhr,max dhr
0,IA,Fayette County,G1900650,2080-2099,13.557676207152042,39.82093048095703,-19.78073501586914,2888.5408265700175,1157.592642180188,68.64165301518898,7.169878483068372,27.85769110530825,-19.780735335697955,4.274066571013568,11.001717567443848,148.8994292237443,968,169.82359727281099,905.4520263671876,68.1953196347032,445
