,state,county,gisjoin,year range,avg temp,max temp,min temp,hdd,cdd,avg rh,average dp,max dp,min dp,avg wind speed,max wind speed,avg ghr,max ghr,avg dnr,max dnr,avg dhr,max dhr
0,WV,Putnam County,G5400790,2040-2059,15.074558632553767,36.84080123901367,-12.318225860595703,2264.7747205755045,1087.4886214574865,68.18396665146362,8.38450336184264,23.48387887257485,-12.553604017560607,3.699834493741597,7.885836601257324,168.07157534246576,1012,179.49319650905693,949.3282470703124,79.01369863013699,481
