,state,county,gisjoin,year range,avg temp,max temp,min temp,hdd,cdd,avg rh,average dp,max dp,min dp,avg wind speed,max wind speed,avg ghr,max ghr,avg dnr,max dnr,avg dhr,max dhr
0,KY,Pendleton County,G2101910,2080-2099,17.17139482663872,39.18153381347656,-9.861723899841309,1919.4413326414772,1507.5004443645287,70.58786127295124,11.115970250606667,27.6401402273186,-9.861724331717031,3.81617039911551,9.380528450012209,154.52865296803654,985,176.40280938299645,914.28125,75.48207762557078,596
