,state,county,gisjoin,year range,avg temp,max temp,min temp,hdd,cdd,avg rh,average dp,max dp,min dp,avg wind speed,max wind speed,avg ghr,max ghr,avg dnr,max dnr,avg dhr,max dhr
0,IL,Hancock County,G1700670,1980-1999,10.50446862824435,35.48833465576172,-27.765554428100582,3479.1315895940024,633.7626389026939,69.06030924810122,4.395767202027618,22.24610670972409,-27.765555690293088,4.368138114720175,9.841824531555176,162.20696347031964,979,183.20527272513365,904.95263671875,68.09600456621004,553
