,state,county,gisjoin,year range,avg temp,max temp,min temp,hdd,cdd,avg rh,average dp,max dp,min dp,avg wind speed,max wind speed,avg ghr,max ghr,avg dnr,max dnr,avg dhr,max dhr
0,CA,Mendocino County,G0600450,1980-1999,12.69180935108698,34.012664794921875,-4.742666721343994,2430.8200738505575,383.8304869969702,58.30107438771148,2.7542941279649,14.167542764430555,-9.952239785787242,4.6436524103765615,10.086113929748535,202.510502283105,1005,202.6426403981287,961.1217041015624,63.506392694063926,463
