,state,county,gisjoin,year range,avg temp,max temp,min temp,hdd,cdd,avg rh,average dp,max dp,min dp,avg wind speed,max wind speed,avg ghr,max ghr,avg dnr,max dnr,avg dhr,max dhr
0,CA,Mendocino County,G0600450,2020-2039,13.757717437511491,36.0557746887207,-4.285129547119141,2155.620421590076,497.6872862816006,56.5926363262956,3.2339311013264367,12.906032189202628,-8.455102190081567,4.6351037218146125,11.902704238891602,202.510502283105,1005,204.07223876621325,965.5735473632812,63.506392694063926,463
