,state,county,gisjoin,year range,avg temp,max temp,min temp,hdd,cdd,avg rh,average dp,max dp,min dp,avg wind speed,max wind speed,avg ghr,max ghr,avg dnr,max dnr,avg dhr,max dhr
0,GA,Jenkins County,G1301650,2000-2019,19.124973668091076,39.2756233215332,-7.389999866485596,1290.6223455121362,1591.7377343654082,67.40467992569214,12.127303395997558,24.969828808680173,-7.390000701783887,3.781951092040702,9.06678581237793,193.16130136986303,1021,200.89256704437778,941.170654296875,78.90456621004566,537
