,state,county,gisjoin,year range,avg temp,max temp,min temp,hdd,cdd,avg rh,average dp,max dp,min dp,avg wind speed,max wind speed,avg ghr,max ghr,avg dnr,max dnr,avg dhr,max dhr
0,GA,Jenkins County,G1301650,2060-2079,20.912026991561103,38.90169906616211,-4.419196605682373,963.7161694208249,1917.106021340521,68.00303452570144,14.013996476283264,25.76212991449003,-4.419196692048865,3.937651985638762,10.980627059936523,193.16130136986303,1021,198.0322998692304,912.8455810546876,78.90456621004566,537
