,state,county,gisjoin,year range,avg temp,max temp,min temp,hdd,cdd,avg rh,average dp,max dp,min dp,avg wind speed,max wind speed,avg ghr,max ghr,avg dnr,max dnr,avg dhr,max dhr
0,GA,Jenkins County,G1301650,2080-2099,22.464569451798713,42.58739471435547,-5.176725387573242,850.5504043099277,2370.6182542162514,68.08716972930246,15.577302325142957,28.974081207865407,-5.176725622202961,3.9087804666937216,8.90758228302002,193.16130136986303,1021,190.31135420994048,927.3733520507812,78.90456621004566,537
