,state,county,gisjoin,year range,avg temp,max temp,min temp,hdd,cdd,avg rh,average dp,max dp,min dp,avg wind speed,max wind speed,avg ghr,max ghr,avg dnr,max dnr,avg dhr,max dhr
0,IL,Monroe County,G1701330,2000-2019,14.015038302616409,37.32857131958008,-23.19357109069824,2574.8559707776,1010.844951232334,69.09635293712354,7.6890855347082985,24.4129915744982,-23.19357336858324,3.6941574919713687,9.22568130493164,151.6513698630137,985,185.0598283760505,907.4819946289062,72.27762557077625,636
