,state,county,gisjoin,year range,avg temp,max temp,min temp,hdd,cdd,avg rh,average dp,max dp,min dp,avg wind speed,max wind speed,avg ghr,max ghr,avg dnr,max dnr,avg dhr,max dhr
0,IL,Monroe County,G1701330,2040-2059,15.786506478905627,41.28421401977539,-14.765007019042969,2192.523901971554,1275.0987667720262,70.03682395203472,9.65532965959269,27.640793700294093,-14.765008474039613,3.672220010953407,8.708415985107422,151.6513698630137,985,181.76865121258274,917.2670288085938,72.27762557077625,636
