,state,county,gisjoin,year range,avg temp,max temp,min temp,hdd,cdd,avg rh,average dp,max dp,min dp,avg wind speed,max wind speed,avg ghr,max ghr,avg dnr,max dnr,avg dhr,max dhr
0,KY,McCreary County,G2101470,2000-2019,13.944178732030958,34.303123474121094,-19.2450008392334,2433.755540406432,843.8807775974809,68.56770592585002,7.474847435723353,22.815854176881288,-19.24500189632192,3.562887261297605,8.610184669494629,164.45856164383562,1000,191.38570924645836,971.2625732421876,77.09246575342466,660
