,state,county,gisjoin,year range,avg temp,max temp,min temp,hdd,cdd,avg rh,average dp,max dp,min dp,avg wind speed,max wind speed,avg ghr,max ghr,avg dnr,max dnr,avg dhr,max dhr
0,KY,McCreary County,G2101470,2040-2059,15.543003559561624,37.35354232788086,-12.15688419342041,2086.721971665915,1080.4182709058844,69.72237515275337,9.2881341609618,24.60130560246289,-12.221047196829364,3.4575408242472774,9.264469146728516,164.45856164383562,1000,186.9618165893393,944.2052612304688,77.09246575342466,660
