,state,county,gisjoin,year range,avg temp,max temp,min temp,hdd,cdd,avg rh,average dp,max dp,min dp,avg wind speed,max wind speed,avg ghr,max ghr,avg dnr,max dnr,avg dhr,max dhr
0,AL,Lowndes County,G0100850,2000-2019,19.002945284970362,38.37059020996094,-10.800588607788086,1273.4627667201394,1530.0377957343815,69.04872063763065,12.424140744600336,25.681946853178523,-10.800588958216688,3.2327460127334073,7.89979076385498,192.75022831050228,1022,198.7375945972652,939.5418701171876,86.23059360730593,575
