,state,county,gisjoin,year range,avg temp,max temp,min temp,hdd,cdd,avg rh,average dp,max dp,min dp,avg wind speed,max wind speed,avg ghr,max ghr,avg dnr,max dnr,avg dhr,max dhr
0,IL,McDonough County,G1701090,2000-2019,11.622522319349171,35.84769058227539,-26.41538429260254,3222.6421942176516,785.3628407796647,68.2290469958902,5.214014775853934,24.03316037802322,-26.415385587504936,4.329117494086697,10.174542427062988,158.15045662100457,966,183.19195733869435,919.9986572265624,69.9357305936073,485
