,state,county,gisjoin,year range,avg temp,max temp,min temp,hdd,cdd,avg rh,average dp,max dp,min dp,avg wind speed,max wind speed,avg ghr,max ghr,avg dnr,max dnr,avg dhr,max dhr
0,MN,Redwood County,G2701270,2020-2039,8.703398601035321,35.90544128417969,-34.93669128417969,4162.774363480291,660.0148528576211,65.23887269268297,1.7528383559827414,23.205053432388294,-34.93669353728799,4.172611669644917,10.143202781677246,133.27374429223744,948,174.39853844272108,893.5193481445312,69.38481735159817,596
