,state,county,gisjoin,year range,avg temp,max temp,min temp,hdd,cdd,avg rh,average dp,max dp,min dp,avg wind speed,max wind speed,avg ghr,max ghr,avg dnr,max dnr,avg dhr,max dhr
0,MN,Redwood County,G2701270,2060-2079,10.345848030826998,37.49219131469727,-23.17968368530273,3808.0805762372743,904.8151074886817,67.8250124034272,4.005677040063307,26.892454351030008,-23.76384413351577,4.215660600302971,11.424436569213867,133.27374429223744,948,169.70144217710046,885.018310546875,69.38481735159817,596
