,state,county,gisjoin,year range,avg temp,max temp,min temp,hdd,cdd,avg rh,average dp,max dp,min dp,avg wind speed,max wind speed,avg ghr,max ghr,avg dnr,max dnr,avg dhr,max dhr
0,MI,Eaton County,G2600450,1980-1999,8.222550413894231,31.19285774230957,-25.71000099182129,4071.6305672125613,393.36146828333636,68.05436937123129,1.9656009456586243,20.94648952500186,-25.710002967809555,4.37819061686187,9.619848251342772,156.12328767123287,982,178.66840910923378,926.0782470703124,75.49851598173515,625
