,state,county,gisjoin,year range,avg temp,max temp,min temp,hdd,cdd,avg rh,average dp,max dp,min dp,avg wind speed,max wind speed,avg ghr,max ghr,avg dnr,max dnr,avg dhr,max dhr
0,KS,Harvey County,G2000790,2020-2039,14.848499500946478,40.73448944091797,-16.935075759887695,2491.124351307379,1231.3266691526462,62.33665352455557,6.80335431117005,24.33486234025637,-17.32160760779401,4.574266156105146,10.270599365234377,187.3675799086758,997,192.36392692726952,944.630615234375,66.80764840182648,492
