,state,county,gisjoin,year range,avg temp,max temp,min temp,hdd,cdd,avg rh,average dp,max dp,min dp,avg wind speed,max wind speed,avg ghr,max ghr,avg dnr,max dnr,avg dhr,max dhr
0,KS,Harvey County,G2000790,2080-2099,18.809677155195708,45.17965698242188,-14.032097816467283,1805.0155371533444,1991.0476987996335,63.62067992110231,10.811118762436823,27.988382104301703,-14.066731297498194,4.55148456847831,9.895779609680176,187.3675799086758,997,188.12446167286447,924.427734375,66.80764840182648,492
