,state,county,gisjoin,year range,avg temp,max temp,min temp,hdd,cdd,avg rh,average dp,max dp,min dp,avg wind speed,max wind speed,avg ghr,max ghr,avg dnr,max dnr,avg dhr,max dhr
0,IA,Monona County,G1901330,2080-2099,14.818332492646316,40.28238296508789,-19.319992065429688,2640.186654542274,1369.3780143579545,64.11332819853743,7.265634885965,27.063358198584293,-19.31999310825426,4.432001159125812,9.561504364013672,161.0070776255708,978,176.50750838571147,898.1136474609375,67.02066210045662,573
