,state,county,gisjoin,year range,avg temp,max temp,min temp,hdd,cdd,avg rh,average dp,max dp,min dp,avg wind speed,max wind speed,avg ghr,max ghr,avg dnr,max dnr,avg dhr,max dhr
0,NM,Luna County,G3500290,2000-2019,17.279453899602185,39.839332580566406,-7.277999877929687,1753.3923313805208,1380.8930047353717,36.51440468596541,0.26291057154471903,17.9561141230734,-15.817449548125452,3.8208308546510463,10.26841640472412,238.67431506849314,1072,246.6394414486162,1034.0797119140625,58.818949771689496,466
