,state,county,gisjoin,year range,avg temp,max temp,min temp,hdd,cdd,avg rh,average dp,max dp,min dp,avg wind speed,max wind speed,avg ghr,max ghr,avg dnr,max dnr,avg dhr,max dhr
0,TX,Scurry County,G4804150,2000-2019,17.61678810313766,40.25133514404297,-13.330666542053224,1683.2839174813782,1433.9115751266756,54.35217568155837,7.186659111566033,22.63853424775358,-14.761447887181166,4.344428842824343,9.20810317993164,223.54954337899542,1017,221.19153057287295,964.4310302734376,63.56107305936073,551
