,state,county,gisjoin,year range,avg temp,max temp,min temp,hdd,cdd,avg rh,average dp,max dp,min dp,avg wind speed,max wind speed,avg ghr,max ghr,avg dnr,max dnr,avg dhr,max dhr
0,TX,Scurry County,G4804150,2020-2039,18.790350047314114,39.76981735229492,-7.369502544403076,1452.3006004086083,1631.2783676782672,54.882671080876705,8.355177944954868,22.746845719773884,-9.524207992282452,4.3705499821193685,9.153565406799316,223.54954337899542,1017,219.02656407525774,985.2293701171876,63.56107305936073,551
