,state,county,gisjoin,year range,avg temp,max temp,min temp,hdd,cdd,avg rh,average dp,max dp,min dp,avg wind speed,max wind speed,avg ghr,max ghr,avg dnr,max dnr,avg dhr,max dhr
0,TX,Scurry County,G4804150,2040-2059,19.906751616637436,41.91718292236328,-6.109403610229492,1337.041636858504,1923.5059769311008,51.80728073947506,8.455770549673549,24.885650482985078,-13.281042571912645,4.400632385984403,8.814433097839355,223.54954337899542,1017,218.75044467893235,1009.6317138671876,63.56107305936073,551
