,state,county,gisjoin,year range,avg temp,max temp,min temp,hdd,cdd,avg rh,average dp,max dp,min dp,avg wind speed,max wind speed,avg ghr,max ghr,avg dnr,max dnr,avg dhr,max dhr
0,TX,Scurry County,G4804150,2060-2079,20.120097264134035,43.08156204223633,-11.760095596313477,1339.7802958881557,2004.1157972969957,55.9252327505312,9.849041726093448,23.876458388523183,-13.155525365703822,4.402495753819539,8.915082931518555,223.54954337899542,1017,218.59010548268805,956.8333740234376,63.56107305936073,551
