,state,county,gisjoin,year range,avg temp,max temp,min temp,hdd,cdd,avg rh,average dp,max dp,min dp,avg wind speed,max wind speed,avg ghr,max ghr,avg dnr,max dnr,avg dhr,max dhr
0,MI,Oceana County,G2601270,1980-1999,6.965376134019969,30.45800018310547,-19.32866668701172,4422.137785104408,285.0000740210137,70.68520301335478,1.3678838320296045,19.76588078416285,-19.755421403026663,5.335340203324409,14.258071899414062,159.36461187214613,976,178.57654262386262,907.94091796875,74.8857305936073,558
