,state,county,gisjoin,year range,avg temp,max temp,min temp,hdd,cdd,avg rh,average dp,max dp,min dp,avg wind speed,max wind speed,avg ghr,max ghr,avg dnr,max dnr,avg dhr,max dhr
0,OK,Tulsa County,G4001430,2000-2019,16.476849724766925,41.18055725097656,-16.912221908569336,1983.9483507595794,1318.4985002995306,67.67513363176285,9.701828807028148,25.28926681756323,-16.912222808691936,3.9534649793415855,9.202775955200195,189.2763698630137,1000,193.77462506673203,952.3399658203124,70.90182648401826,625
