,state,county,gisjoin,year range,avg temp,max temp,min temp,hdd,cdd,avg rh,average dp,max dp,min dp,avg wind speed,max wind speed,avg ghr,max ghr,avg dnr,max dnr,avg dhr,max dhr
0,OK,Grant County,G4000530,2020-2039,16.40564611574973,41.877891540527344,-13.96713924407959,2142.3570781366006,1450.9179103851457,63.30128421979408,8.471683572460392,24.746474561316795,-14.86375734061092,4.082478432799583,9.384736061096191,189.3021689497717,994,195.3001454058663,950.1322631835938,66.74600456621005,597
