,state,county,gisjoin,year range,avg temp,max temp,min temp,hdd,cdd,avg rh,average dp,max dp,min dp,avg wind speed,max wind speed,avg ghr,max ghr,avg dnr,max dnr,avg dhr,max dhr
0,OK,Grant County,G4000530,2060-2079,18.523304490321134,44.81953430175781,-13.890625953674316,1837.4904575758017,1918.9965965428555,63.781351154144495,10.552375453445755,26.54509282585059,-14.528972472136886,4.174239935314274,13.261954307556152,189.3021689497717,994,192.76111039470052,922.5398559570312,66.74600456621005,597
