,state,county,gisjoin,year range,avg temp,max temp,min temp,hdd,cdd,avg rh,average dp,max dp,min dp,avg wind speed,max wind speed,avg ghr,max ghr,avg dnr,max dnr,avg dhr,max dhr
0,OR,Washington County,G4100670,2000-2019,12.186229147651453,40.540000915527344,-5.4576921463012695,2628.2912263788653,396.764865271253,66.94818923190304,5.181311123965123,13.80671444309188,-5.457692557611179,2.996806921044441,9.45859432220459,151.26278538812787,962,165.84821488498756,884.5520629882812,70.45821917808219,605
