,state,county,gisjoin,year range,avg temp,max temp,min temp,hdd,cdd,avg rh,average dp,max dp,min dp,avg wind speed,max wind speed,avg ghr,max ghr,avg dnr,max dnr,avg dhr,max dhr
0,OR,Washington County,G4100670,2040-2059,13.499030128133496,37.93820190429688,-6.9258551597595215,2287.6404983289526,535.2864950974956,65.50546197009413,6.0255663156488035,14.2375820649848,-7.019409549681025,3.1080864885081985,8.261700630187988,151.26278538812787,962,164.56030395909784,879.4140014648438,70.45821917808219,605
