,state,county,gisjoin,year range,avg temp,max temp,min temp,hdd,cdd,avg rh,average dp,max dp,min dp,avg wind speed,max wind speed,avg ghr,max ghr,avg dnr,max dnr,avg dhr,max dhr
0,WV,Tyler County,G5400950,2060-2079,14.307706736585985,35.111473083496094,-22.42033195495605,2458.6334827332,1001.4464415868755,69.4659279748185,7.968895603519055,24.04180436828341,-22.42033289433306,3.9932562013194985,10.949495315551758,144.5626712328767,1001,176.0722623848686,916.8661499023438,76.59303652968036,655
