,state,county,gisjoin,year range,avg temp,max temp,min temp,hdd,cdd,avg rh,average dp,max dp,min dp,avg wind speed,max wind speed,avg ghr,max ghr,avg dnr,max dnr,avg dhr,max dhr
0,WV,Tyler County,G5400950,2080-2099,16.331234857992403,38.66607666015625,-11.204386711120604,2078.066371572172,1359.4670947393572,68.92952347825107,9.795038023532989,26.185578901226837,-11.204387902371556,4.087727509132804,10.987245559692385,144.5626712328767,1001,174.5424475744869,934.6817626953124,76.59303652968036,655
