,state,county,gisjoin,year range,avg temp,max temp,min temp,hdd,cdd,avg rh,average dp,max dp,min dp,avg wind speed,max wind speed,avg ghr,max ghr,avg dnr,max dnr,avg dhr,max dhr
0,NC,Stanly County,G3701670,2040-2059,18.423886336801047,38.83478164672852,-9.691905975341797,1503.4453909715305,1548.6639039039221,68.36485109503411,11.74071222368391,25.186055871856688,-9.691906833170291,3.4959453383537187,8.641217231750488,186.27317351598174,1013,191.94612142425768,938.6930541992188,75.8343607305936,576
