,state,county,gisjoin,year range,avg temp,max temp,min temp,hdd,cdd,avg rh,average dp,max dp,min dp,avg wind speed,max wind speed,avg ghr,max ghr,avg dnr,max dnr,avg dhr,max dhr
0,IL,Jasper County,G1700790,2020-2039,13.734023611083813,36.069522857666016,-20.302265167236328,2626.1448917527973,959.5635097981067,70.01728986213196,7.682667670433905,24.167622686180582,-20.302265956874542,4.301943368427286,10.53215789794922,148.1025114155251,978,181.83124915515816,918.1624145507812,74.19326484018265,597
