,state,county,gisjoin,year range,avg temp,max temp,min temp,hdd,cdd,avg rh,average dp,max dp,min dp,avg wind speed,max wind speed,avg ghr,max ghr,avg dnr,max dnr,avg dhr,max dhr
0,IL,Jasper County,G1700790,2080-2099,17.652678876613788,42.44550323486328,-18.275075912475582,1845.3176509164584,1609.0454408804062,70.30325757074574,11.49828841205495,28.518637188167776,-18.27507717345297,4.220622679101278,10.556739807128906,148.1025114155251,978,174.51084894386798,908.333740234375,74.19326484018265,597
