,state,county,gisjoin,year range,avg temp,max temp,min temp,hdd,cdd,avg rh,average dp,max dp,min dp,avg wind speed,max wind speed,avg ghr,max ghr,avg dnr,max dnr,avg dhr,max dhr
0,AR,White County,G0501450,1980-1999,15.314124375872142,37.081764221191406,-18.29294204711914,2147.8884167824367,1058.0438139757173,70.41910636109304,9.284825623918936,24.48923935383113,-18.29294282629704,3.814484562285959,9.120475769042969,182.14623287671233,997,193.6055923647347,913.8953247070312,71.50239726027397,699
