,state,county,gisjoin,year range,avg temp,max temp,min temp,hdd,cdd,avg rh,average dp,max dp,min dp,avg wind speed,max wind speed,avg ghr,max ghr,avg dnr,max dnr,avg dhr,max dhr
0,SD,Bon Homme County,G4600090,1980-1999,8.28882135821887,38.40533447265625,-27.013999938964844,4224.555141641997,570.4749373913045,62.42536295167932,0.5889109071572846,23.842748747486496,-27.014002484925268,4.253935073935278,10.050705909729004,163.025,979,184.36927203618654,918.9293823242188,64.72522831050229,618
