,state,county,gisjoin,year range,avg temp,max temp,min temp,hdd,cdd,avg rh,average dp,max dp,min dp,avg wind speed,max wind speed,avg ghr,max ghr,avg dnr,max dnr,avg dhr,max dhr
0,TX,Washington County,G4804770,1980-1999,19.721050005001842,39.69400024414063,-5.017499923706055,1150.2935153327567,1668.9767671584325,66.0111470555606,12.434469122206034,23.673602480471214,-5.324749991488465,4.203836844718619,10.593777656555176,182.03538812785388,1011,204.29143806163867,956.983642578125,74.63207762557077,666
