,state,county,gisjoin,year range,avg temp,max temp,min temp,hdd,cdd,avg rh,average dp,max dp,min dp,avg wind speed,max wind speed,avg ghr,max ghr,avg dnr,max dnr,avg dhr,max dhr
0,TX,Washington County,G4804770,2040-2059,22.618007244834395,42.18326950073242,-3.2346177101135254,775.0045867723607,2351.077231136716,66.01079475585729,15.161875930432611,25.820438922040044,-3.6518171644816855,4.101588412506939,8.170524597167969,182.03538812785388,1011,200.7054210981168,969.0639038085938,74.63207762557077,666
