,state,county,gisjoin,year range,avg temp,max temp,min temp,hdd,cdd,avg rh,average dp,max dp,min dp,avg wind speed,max wind speed,avg ghr,max ghr,avg dnr,max dnr,avg dhr,max dhr
0,TX,Washington County,G4804770,2080-2099,24.28915451373065,42.66720581054688,-0.7955836653709412,594.2978019677086,2780.3391994791054,67.19243063534776,17.090555013295656,28.998441203667085,-0.7955837010096165,4.137199799981836,8.298213958740234,182.03538812785388,1011,195.35045137490295,937.6775512695312,74.63207762557077,666
