,state,county,gisjoin,year range,avg temp,max temp,min temp,hdd,cdd,avg rh,average dp,max dp,min dp,avg wind speed,max wind speed,avg ghr,max ghr,avg dnr,max dnr,avg dhr,max dhr
0,AR,Lee County,G0500770,2040-2059,18.93087205574861,39.47998809814453,-11.062090873718262,1457.597621864291,1687.8659222125123,71.35817974517335,13.042790829328421,26.413230426956343,-11.0620910855744,3.7001435959175843,9.979206085205078,189.9804794520548,971,186.37317000653135,895.0090942382812,73.95547945205479,613
