,state,county,gisjoin,year range,avg temp,max temp,min temp,hdd,cdd,avg rh,average dp,max dp,min dp,avg wind speed,max wind speed,avg ghr,max ghr,avg dnr,max dnr,avg dhr,max dhr
0,AR,Lee County,G0500770,2060-2079,19.396239293228195,39.63022613525391,-6.3719353675842285,1387.211105828528,1787.3384478567948,71.8786672836025,13.563951687292596,27.38824795982415,-6.371935600493309,3.705472267490544,9.309783935546877,189.9804794520548,971,185.1784691838991,901.6766967773438,73.95547945205479,613
