,state,county,gisjoin,year range,avg temp,max temp,min temp,hdd,cdd,avg rh,average dp,max dp,min dp,avg wind speed,max wind speed,avg ghr,max ghr,avg dnr,max dnr,avg dhr,max dhr
0,TX,Schleicher County,G4804130,2060-2079,20.298223091449724,39.77214813232422,-10.52329921722412,1175.1450540725339,1904.4964824516146,53.751247448246225,9.48709499587993,22.52982487571889,-12.389022896442896,4.945810972664455,9.30020809173584,214.40616438356165,1045,225.9179204798531,962.0774536132812,69.54486301369863,518
