,state,county,gisjoin,year range,avg temp,max temp,min temp,hdd,cdd,avg rh,average dp,max dp,min dp,avg wind speed,max wind speed,avg ghr,max ghr,avg dnr,max dnr,avg dhr,max dhr
0,VA,Northampton County,G5101310,1980-1999,14.402603750992434,34.018123626708984,-12.318750381469728,2199.7739341176516,777.224303229701,71.56918383188987,8.865254194653884,24.56166092252933,-12.9575302355741,5.011748986048241,13.093731880187988,170.27990867579908,976,180.13060609123983,903.281494140625,72.66312785388128,459
