,state,county,gisjoin,year range,avg temp,max temp,min temp,hdd,cdd,avg rh,average dp,max dp,min dp,avg wind speed,max wind speed,avg ghr,max ghr,avg dnr,max dnr,avg dhr,max dhr
0,VA,Northampton County,G5101310,2000-2019,15.765063825839244,35.63249969482422,-10.105000495910645,1943.9932158355562,1018.7415122668621,71.66034118138492,10.16321765665609,24.368979333368895,-10.127653545142422,5.127513373388003,13.592700004577637,170.27990867579908,976,176.27279233079628,906.6896362304688,72.66312785388128,459
