,state,county,gisjoin,year range,avg temp,max temp,min temp,hdd,cdd,avg rh,average dp,max dp,min dp,avg wind speed,max wind speed,avg ghr,max ghr,avg dnr,max dnr,avg dhr,max dhr
0,VA,Northampton County,G5101310,2020-2039,16.382943725270607,35.164974212646484,-7.207776069641113,1769.0401931324438,1069.3146528562645,71.40052840872987,10.720035389892887,25.275932663504395,-7.207776509079066,5.1330778765351806,13.690893173217772,170.27990867579908,976,176.51033442312072,915.8849487304688,72.66312785388128,459
