,state,county,gisjoin,year range,avg temp,max temp,min temp,hdd,cdd,avg rh,average dp,max dp,min dp,avg wind speed,max wind speed,avg ghr,max ghr,avg dnr,max dnr,avg dhr,max dhr
0,VA,Northampton County,G5101310,2060-2079,17.57130340260381,36.955997467041016,-7.878763675689697,1595.0264385464418,1329.052180496937,73.55206667821702,12.363400188158383,28.05668426639089,-8.313091536266901,5.182134710925899,12.72872543334961,170.27990867579908,976,171.7585909863265,911.892578125,72.66312785388128,459
