,state,county,gisjoin,year range,avg temp,max temp,min temp,hdd,cdd,avg rh,average dp,max dp,min dp,avg wind speed,max wind speed,avg ghr,max ghr,avg dnr,max dnr,avg dhr,max dhr
0,VA,Northampton County,G5101310,2080-2099,19.747709589974303,41.336673736572266,-2.0020813941955566,1272.1409511204467,1800.554951461025,73.82939960140071,14.536547557403221,30.74522786356667,-2.9831515307766487,5.020638017131858,11.680234909057615,170.27990867579908,976,165.9127387097748,899.3834228515625,72.66312785388128,459
