,state,county,gisjoin,year range,avg temp,max temp,min temp,hdd,cdd,avg rh,average dp,max dp,min dp,avg wind speed,max wind speed,avg ghr,max ghr,avg dnr,max dnr,avg dhr,max dhr
0,OK,Osage County,G4001130,1980-1999,14.62780512444494,38.402103424072266,-19.95578956604004,2361.4869390152503,1021.1358094374937,66.28737531862302,7.54106109516557,23.18836125312733,-19.955791425412887,4.064943570306856,9.061527252197266,175.05388127853882,1002,196.17096279986984,959.6349487304688,72.03424657534246,616
