,state,county,gisjoin,year range,avg temp,max temp,min temp,hdd,cdd,avg rh,average dp,max dp,min dp,avg wind speed,max wind speed,avg ghr,max ghr,avg dnr,max dnr,avg dhr,max dhr
0,NE,Douglas County,G3100550,2000-2019,11.064141840853935,38.470001220703125,-22.626110076904297,3454.4196167848218,813.3313886960781,63.34665985281609,3.4741932427574866,24.47228222144507,-23.34748859565985,4.392965082926293,8.997818946838379,175.23938356164385,983,183.9702523236247,921.5079956054688,72.67853881278539,671
