,state,county,gisjoin,year range,avg temp,max temp,min temp,hdd,cdd,avg rh,average dp,max dp,min dp,avg wind speed,max wind speed,avg ghr,max ghr,avg dnr,max dnr,avg dhr,max dhr
0,NE,Douglas County,G3100550,2080-2099,15.743041874589924,41.52766036987305,-18.309261322021484,2453.0216943185414,1519.7319785435773,65.35607671084469,8.494440904375617,28.670593237779247,-18.30926279894306,4.337022332949181,9.435051918029783,175.23938356164385,983,174.33924605921842,900.2439575195312,72.67853881278539,671
