,state,county,gisjoin,year range,avg temp,max temp,min temp,hdd,cdd,avg rh,average dp,max dp,min dp,avg wind speed,max wind speed,avg ghr,max ghr,avg dnr,max dnr,avg dhr,max dhr
0,AR,Sebastian County,G0501310,2020-2039,17.379399225455977,42.35126876831055,-10.970417022705078,1741.6939774533191,1405.6746947447848,68.3234193963003,10.73661049501332,25.73259273310786,-10.970417492945126,2.9979711903284674,7.434462070465088,191.69554794520548,1007,193.28533780781046,960.2872924804688,74.12248858447488,633
