,state,county,gisjoin,year range,avg temp,max temp,min temp,hdd,cdd,avg rh,average dp,max dp,min dp,avg wind speed,max wind speed,avg ghr,max ghr,avg dnr,max dnr,avg dhr,max dhr
0,UT,Morgan County,G4900290,1980-1999,7.437033152917554,34.4119987487793,-24.913333892822266,4347.243658459919,382.2607592741676,56.27316585142319,-2.158696452833596,11.424054990169475,-24.91333366708507,3.0157769487328725,6.760557651519775,194.78310502283105,1030,217.5840566266677,993.1226196289062,59.199657534246576,451
