,state,county,gisjoin,year range,avg temp,max temp,min temp,hdd,cdd,avg rh,average dp,max dp,min dp,avg wind speed,max wind speed,avg ghr,max ghr,avg dnr,max dnr,avg dhr,max dhr
0,UT,Morgan County,G4900290,2020-2039,9.095365557839093,34.3017692565918,-18.77313804626465,3860.992176575144,501.30060518584236,57.15967455705007,-0.3661035839994947,14.447932343682934,-19.34324448957247,3.022604930237548,6.497036933898926,194.78310502283105,1030,217.52411513063498,974.2228393554688,59.199657534246576,451
