,state,county,gisjoin,year range,avg temp,max temp,min temp,hdd,cdd,avg rh,average dp,max dp,min dp,avg wind speed,max wind speed,avg ghr,max ghr,avg dnr,max dnr,avg dhr,max dhr
0,IL,Jo Daviess County,G1700850,2000-2019,9.057654467703879,34.49076843261719,-32.19461441040039,3934.544312196634,561.0881929079928,68.32638909696988,2.774775836710278,22.214143028105628,-32.19461459778003,4.16992905907435,10.43845272064209,154.48367579908677,976,179.99166710604106,919.9425659179688,67.7695205479452,598
