,state,county,gisjoin,year range,avg temp,max temp,min temp,hdd,cdd,avg rh,average dp,max dp,min dp,avg wind speed,max wind speed,avg ghr,max ghr,avg dnr,max dnr,avg dhr,max dhr
0,IL,Jo Daviess County,G1700850,2020-2039,9.766457518443175,36.46778106689453,-29.96064567565918,3750.2116412801993,635.4686355114301,69.67451217795072,3.8022619834001503,23.741278171907798,-29.960648361344315,4.1271286118520445,9.143431663513184,154.48367579908677,976,177.00530840975867,913.59912109375,67.7695205479452,598
