,state,county,gisjoin,year range,avg temp,max temp,min temp,hdd,cdd,avg rh,average dp,max dp,min dp,avg wind speed,max wind speed,avg ghr,max ghr,avg dnr,max dnr,avg dhr,max dhr
0,ID,Bannock County,G1600050,1980-1999,7.5675200696420495,35.19571304321289,-25.77142906188965,4299.335413622962,381.9802390416476,50.40010199470607,-3.7381153141891152,11.74133535635968,-26.286807633386594,4.606974851921813,11.497547149658203,186.99931506849316,1017,207.38679433730738,987.8702392578124,60.41107305936073,471
