,state,county,gisjoin,year range,avg temp,max temp,min temp,hdd,cdd,avg rh,average dp,max dp,min dp,avg wind speed,max wind speed,avg ghr,max ghr,avg dnr,max dnr,avg dhr,max dhr
0,OK,Beaver County,G4000070,2040-2059,16.113114127146027,42.38594055175781,-13.396913528442385,2275.4858907256153,1477.2725471337744,55.548127188094675,5.842271681849193,22.498411284103582,-17.72538026162629,4.152183208645207,9.803885459899902,169.18561643835616,983,211.261324472089,983.7759399414062,64.45045662100456,662
