,state,county,gisjoin,year range,avg temp,max temp,min temp,hdd,cdd,avg rh,average dp,max dp,min dp,avg wind speed,max wind speed,avg ghr,max ghr,avg dnr,max dnr,avg dhr,max dhr
0,OK,Beaver County,G4000070,2060-2079,17.33592872285884,43.048316955566406,-18.774105072021484,2046.0807379507335,1694.194721794053,53.94143715928134,6.533808239490559,23.61108217671949,-19.620724605329144,4.201081731180622,9.70517921447754,169.18561643835616,983,210.00841541087516,970.9053955078124,64.45045662100456,662
