,state,county,gisjoin,year range,avg temp,max temp,min temp,hdd,cdd,avg rh,average dp,max dp,min dp,avg wind speed,max wind speed,avg ghr,max ghr,avg dnr,max dnr,avg dhr,max dhr
0,NC,Person County,G3701450,1980-1999,13.587568325341199,35.479373931884766,-15.900625228881836,2503.254973929199,783.2174126784483,67.6289530192336,6.883175473697022,21.42794310889525,-15.900625852259244,3.3874056783440993,11.344443321228027,163.42043378995433,991,197.61389317924616,949.0194091796876,76.73219178082192,633
