,state,county,gisjoin,year range,avg temp,max temp,min temp,hdd,cdd,avg rh,average dp,max dp,min dp,avg wind speed,max wind speed,avg ghr,max ghr,avg dnr,max dnr,avg dhr,max dhr
0,NC,Person County,G3701450,2020-2039,15.475395530392602,39.51353073120117,-11.33907985687256,2079.8488145745737,1048.8681831678418,67.52627706418843,8.651875618955858,23.16277863113903,-11.33908119001861,3.5702969649066665,8.530799865722656,163.42043378995433,991,193.51205255384684,961.41552734375,76.73219178082192,633
