,state,county,gisjoin,year range,avg temp,max temp,min temp,hdd,cdd,avg rh,average dp,max dp,min dp,avg wind speed,max wind speed,avg ghr,max ghr,avg dnr,max dnr,avg dhr,max dhr
0,SD,Haakon County,G4600550,2080-2099,13.82724652548035,47.00497817993164,-20.800127029418945,3007.790637029788,1375.2356188297815,57.562307461429405,4.3499202528019385,26.28789793464849,-20.800129110015423,3.9187601897270166,9.642431259155272,171.72705479452054,1001,182.71064652667948,913.39013671875,66.60331050228311,632
