,state,county,gisjoin,year range,avg temp,max temp,min temp,hdd,cdd,avg rh,average dp,max dp,min dp,avg wind speed,max wind speed,avg ghr,max ghr,avg dnr,max dnr,avg dhr,max dhr
0,IL,Bond County,G1700050,2040-2059,15.323676102223368,40.64302444458008,-11.7892427444458,2312.5167309100066,1226.1585082213812,70.27003470338099,9.315060032870987,27.68045645088361,-13.061785699050152,4.357118873645182,9.569412231445312,169.11324200913242,998,181.35978631424854,895.1324462890625,75.13995433789954,569
