,state,county,gisjoin,year range,avg temp,max temp,min temp,hdd,cdd,avg rh,average dp,max dp,min dp,avg wind speed,max wind speed,avg ghr,max ghr,avg dnr,max dnr,avg dhr,max dhr
0,CO,Montrose County,G0800850,2080-2099,15.222608655110559,41.21514892578125,-14.317327499389648,2376.5653630132942,1253.317522128492,41.09869020398893,0.21029624669048214,14.246744332465566,-16.91124108498095,2.3570766008063537,4.973424911499023,190.43550228310502,1049,225.30946007898135,991.332763671875,65.04155251141553,512
