,state,county,gisjoin,year range,avg temp,max temp,min temp,hdd,cdd,avg rh,average dp,max dp,min dp,avg wind speed,max wind speed,avg ghr,max ghr,avg dnr,max dnr,avg dhr,max dhr
0,IL,Massac County,G1701270,2060-2079,17.25678852485247,36.97949981689453,-11.827059745788574,1845.7917752781007,1465.0195868492237,70.92811460538542,11.258534651340314,27.00041279184328,-11.827060549818237,3.605053984969174,9.313488006591797,173.54075342465754,1012,182.83977119622938,924.2254638671876,72.42945205479452,631
