,state,county,gisjoin,year range,avg temp,max temp,min temp,hdd,cdd,avg rh,average dp,max dp,min dp,avg wind speed,max wind speed,avg ghr,max ghr,avg dnr,max dnr,avg dhr,max dhr
0,TX,Yoakum County,G4805010,2000-2019,16.166881829682477,39.80666732788086,-11.952500343322754,2038.3895441920615,1259.8014120261691,46.43526506652571,3.13257358190495,18.781695812311096,-16.36923104098792,4.611103296878675,9.181004524230955,210.74920091324202,1043,233.38014744087053,1007.1605224609376,65.40479452054795,643
