,state,county,gisjoin,year range,avg temp,max temp,min temp,hdd,cdd,avg rh,average dp,max dp,min dp,avg wind speed,max wind speed,avg ghr,max ghr,avg dnr,max dnr,avg dhr,max dhr
0,GA,Tattnall County,G1302670,2000-2019,19.62350519599614,38.39646911621094,-6.204117298126221,1123.9511171134948,1607.0305136521026,68.08174880955318,12.834293950989238,26.188901381617164,-6.204117720747792,3.655372891687367,8.945446014404297,195.40970319634704,997,199.53327305317123,949.4461669921876,80.53070776255707,631
