,state,county,gisjoin,year range,avg temp,max temp,min temp,hdd,cdd,avg rh,average dp,max dp,min dp,avg wind speed,max wind speed,avg ghr,max ghr,avg dnr,max dnr,avg dhr,max dhr
0,GA,Tattnall County,G1302670,2020-2039,19.92384395347419,41.59452819824219,-8.548971176147461,1057.2328234966865,1649.935866514759,68.70564737189306,13.285807836630664,25.110127769076453,-8.548971197786111,3.7226649759566945,9.044400215148926,195.40970319634704,997,198.6502183916543,959.2066040039062,80.53070776255707,631
