,state,county,gisjoin,year range,avg temp,max temp,min temp,hdd,cdd,avg rh,average dp,max dp,min dp,avg wind speed,max wind speed,avg ghr,max ghr,avg dnr,max dnr,avg dhr,max dhr
0,GA,Tattnall County,G1302670,2080-2099,22.954462361482072,41.49262619018555,-4.817322731018066,736.7200508616357,2435.598812802356,69.8993273127569,16.48077206434381,28.566404805586476,-4.817323237292785,3.9760951659450794,9.858598709106444,195.40970319634704,997,189.95323403089176,910.1349487304688,80.53070776255707,631
