,state,county,gisjoin,year range,avg temp,max temp,min temp,hdd,cdd,avg rh,average dp,max dp,min dp,avg wind speed,max wind speed,avg ghr,max ghr,avg dnr,max dnr,avg dhr,max dhr
0,GA,Cherokee County,G1300570,2020-2039,16.766487504525927,37.02071380615234,-7.379011631011963,1693.7815247877018,1134.0494639397432,69.3128878704489,10.37928776804713,22.071119287312328,-7.379011689305042,3.4927096408932177,8.795245170593262,173.2590182648402,1029,194.96194068239967,942.9819946289062,80.0404109589041,654
