,state,county,gisjoin,year range,avg temp,max temp,min temp,hdd,cdd,avg rh,average dp,max dp,min dp,avg wind speed,max wind speed,avg ghr,max ghr,avg dnr,max dnr,avg dhr,max dhr
0,OK,Kiowa County,G4000750,1980-1999,15.281852876088612,40.913124084472656,-16.8331241607666,2292.1497616037836,1190.5260613760029,62.03701125432367,7.130408006186995,22.296808671015132,-17.161706918723713,4.3154070153628314,10.358566284179688,200.7283105022831,1017,207.03956066678703,949.0298461914062,65.18778538812785,457
