,state,county,gisjoin,year range,avg temp,max temp,min temp,hdd,cdd,avg rh,average dp,max dp,min dp,avg wind speed,max wind speed,avg ghr,max ghr,avg dnr,max dnr,avg dhr,max dhr
0,OK,Kiowa County,G4000750,2040-2059,18.789215546318427,43.091434478759766,-11.461955070495604,1667.7878640452766,1846.3515384513905,60.99523746520961,10.13564648064933,26.64346030169357,-11.461955935166973,4.347218728909209,9.038148880004885,200.7283105022831,1017,203.08521673010353,929.6825561523438,65.18778538812785,457
