,state,county,gisjoin,year range,avg temp,max temp,min temp,hdd,cdd,avg rh,average dp,max dp,min dp,avg wind speed,max wind speed,avg ghr,max ghr,avg dnr,max dnr,avg dhr,max dhr
0,KY,Oldham County,G2101850,2060-2079,16.053550962479594,37.53309631347656,-12.867658615112305,2069.268569146542,1249.3146704515586,71.53759114491885,10.244757840681272,26.221788271803348,-12.867659156930657,4.210206558252579,9.290362358093262,153.51255707762556,995,179.20739052328292,920.156494140625,75.63127853881278,626
