,state,county,gisjoin,year range,avg temp,max temp,min temp,hdd,cdd,avg rh,average dp,max dp,min dp,avg wind speed,max wind speed,avg ghr,max ghr,avg dnr,max dnr,avg dhr,max dhr
0,IN,Bartholomew County,G1800050,2060-2079,15.567247248179125,38.56007385253906,-11.732133865356444,2216.1085874702862,1218.6538330555693,70.73276716410841,9.56865663487337,26.389383306574175,-12.596110709523089,4.104913733117113,10.231396675109863,171.28881278538813,998,174.88729179224475,914.42919921875,80.71141552511415,619
