,state,county,gisjoin,year range,avg temp,max temp,min temp,hdd,cdd,avg rh,average dp,max dp,min dp,avg wind speed,max wind speed,avg ghr,max ghr,avg dnr,max dnr,avg dhr,max dhr
0,WY,Lincoln County,G5600230,1980-1999,2.914200334915119,27.155332565307617,-28.288000106811523,5724.3207689385845,108.5038911819451,56.69163649005977,-6.123618147075336,8.571877642288442,-30.12780852378577,4.277014799640603,11.476821899414062,175.06552511415526,1031,225.9832236387355,1053.91015625,60.25388127853881,499
