,state,county,gisjoin,year range,avg temp,max temp,min temp,hdd,cdd,avg rh,average dp,max dp,min dp,avg wind speed,max wind speed,avg ghr,max ghr,avg dnr,max dnr,avg dhr,max dhr
0,WY,Lincoln County,G5600230,2040-2059,5.516806057506702,33.593170166015625,-21.0772762298584,4939.174803013239,273.3090140024766,60.14955319639755,-2.850827028224355,10.15798123946417,-21.637824124885,4.106956778160513,8.908201217651367,175.06552511415526,1031,218.4605138829374,1024.2440185546875,60.25388127853881,499
