,state,county,gisjoin,year range,avg temp,max temp,min temp,hdd,cdd,avg rh,average dp,max dp,min dp,avg wind speed,max wind speed,avg ghr,max ghr,avg dnr,max dnr,avg dhr,max dhr
0,MO,Franklin County,G2900710,2000-2019,13.881641366017279,36.26416778564453,-24.887500762939453,2602.726764081886,990.0258626779538,68.76836185019854,7.418795790376096,24.104515717133054,-24.887503492202946,3.6400900099375475,8.23587417602539,170.02728310502283,982,185.464866537323,941.63818359375,71.99383561643836,645
