,state,county,gisjoin,year range,avg temp,max temp,min temp,hdd,cdd,avg rh,average dp,max dp,min dp,avg wind speed,max wind speed,avg ghr,max ghr,avg dnr,max dnr,avg dhr,max dhr
0,NE,Morrill County,G3101230,1980-1999,9.094423142635785,35.91071319580078,-23.3700008392334,3907.7173461355183,547.6817931970141,49.44889809998203,-2.5459186886809735,17.380719402304003,-26.96796569878394,4.129188155991846,10.75166130065918,190.7972602739726,1009,207.55196933357632,969.069091796875,60.30433789954338,474
