,state,county,gisjoin,year range,avg temp,max temp,min temp,hdd,cdd,avg rh,average dp,max dp,min dp,avg wind speed,max wind speed,avg ghr,max ghr,avg dnr,max dnr,avg dhr,max dhr
0,NE,Morrill County,G3101230,2060-2079,13.01440524304922,41.00429534912109,-22.37311363220215,3019.1221335133837,1089.8800472260066,49.40482905700326,1.1006869100102303,19.70242431006899,-25.52311016988177,4.078659916618099,11.94980812072754,190.7972602739726,1009,201.2598648461254,944.4900512695312,60.30433789954338,474
