,state,county,gisjoin,year range,avg temp,max temp,min temp,hdd,cdd,avg rh,average dp,max dp,min dp,avg wind speed,max wind speed,avg ghr,max ghr,avg dnr,max dnr,avg dhr,max dhr
0,NE,Morrill County,G3101230,2080-2099,14.930017859639982,44.64662170410156,-18.79930686950684,2614.229354994482,1384.185873762819,49.74066447351621,2.972237980628412,22.778634487086663,-19.373104951779244,3.9174764232548402,8.567375183105469,190.7972602739726,1009,200.761247517759,940.5343017578124,60.30433789954338,474
