,state,county,gisjoin,year range,avg temp,max temp,min temp,hdd,cdd,avg rh,average dp,max dp,min dp,avg wind speed,max wind speed,avg ghr,max ghr,avg dnr,max dnr,avg dhr,max dhr
0,WV,Gilmer County,G5400210,2000-2019,12.146872175121363,34.51124954223633,-19.873125076293945,2921.7532188417977,675.8615627607077,68.7866184889998,5.7025355608791095,22.084506361356347,-19.87312639510596,3.4906161468322963,8.482489585876465,152.77431506849314,988,182.91610330813177,938.1906127929688,76.34977168949771,668
