,state,county,gisjoin,year range,avg temp,max temp,min temp,hdd,cdd,avg rh,average dp,max dp,min dp,avg wind speed,max wind speed,avg ghr,max ghr,avg dnr,max dnr,avg dhr,max dhr
0,IN,Elkhart County,G1800390,2080-2099,14.606385909477579,40.804229736328125,-15.103285789489746,2544.882182280267,1196.7130392393153,71.26220632296175,8.827235956225055,25.94917254967404,-15.10328602792424,4.3367765610893025,9.784747123718262,159.8851598173516,979,168.70170691056387,908.1809692382812,78.82317351598174,516
