,state,county,gisjoin,year range,avg temp,max temp,min temp,hdd,cdd,avg rh,average dp,max dp,min dp,avg wind speed,max wind speed,avg ghr,max ghr,avg dnr,max dnr,avg dhr,max dhr
0,ME,Androscoggin County,G2300010,2000-2019,8.130656502659573,35.183570861816406,-27.35285758972168,4098.658121535174,386.84774500529187,69.76686345082985,2.258159748331334,21.58249943519696,-27.352858881135287,4.325276298106533,11.583253860473633,155.39817351598174,970,174.63106114709183,901.3496704101562,62.745091324200914,626
