,state,county,gisjoin,year range,avg temp,max temp,min temp,hdd,cdd,avg rh,average dp,max dp,min dp,avg wind speed,max wind speed,avg ghr,max ghr,avg dnr,max dnr,avg dhr,max dhr
0,ME,Androscoggin County,G2300010,2080-2099,12.658531371878325,35.212684631347656,-17.013681411743164,2890.0185136419295,830.8824643771322,70.21205525071653,6.702450686048588,23.89217856554435,-17.013681605656423,4.1555347332127015,12.715904235839844,155.39817351598174,970,167.5314649588872,882.6541137695312,62.745091324200914,626
