,state,county,gisjoin,year range,avg temp,max temp,min temp,hdd,cdd,avg rh,average dp,max dp,min dp,avg wind speed,max wind speed,avg ghr,max ghr,avg dnr,max dnr,avg dhr,max dhr
0,IN,Morgan County,G1801090,2000-2019,12.031423875597936,35.88800048828125,-22.752666473388672,3031.967946037748,743.9376606305844,70.16081868284914,6.087201231790094,22.93356065613537,-22.76363224729381,4.479145788316313,9.86695671081543,171.28881278538813,998,181.38126776923093,919.0951538085938,80.71027397260274,619
