,state,county,gisjoin,year range,avg temp,max temp,min temp,hdd,cdd,avg rh,average dp,max dp,min dp,avg wind speed,max wind speed,avg ghr,max ghr,avg dnr,max dnr,avg dhr,max dhr
0,IN,Morgan County,G1801090,2040-2059,14.333943503540732,38.81225204467773,-16.088045120239258,2530.1986019392566,1082.5879807313952,70.4034520715339,8.327314599666005,26.30317470698225,-16.12163863583783,4.366899879719024,10.37736701965332,171.28881278538813,998,175.79635233021264,927.3449096679688,80.71027397260274,619
