,state,county,gisjoin,year range,avg temp,max temp,min temp,hdd,cdd,avg rh,average dp,max dp,min dp,avg wind speed,max wind speed,avg ghr,max ghr,avg dnr,max dnr,avg dhr,max dhr
0,IN,Morgan County,G1801090,2060-2079,14.622034493744422,36.03070831298828,-20.27611351013184,2453.4378074053516,1110.9803976218552,70.09985264164128,8.549066816707395,25.538913044947527,-20.27611468477366,4.345273460046341,9.823363304138184,171.28881278538813,998,174.9516684597373,902.5767211914062,80.71027397260274,619
