,state,county,gisjoin,year range,avg temp,max temp,min temp,hdd,cdd,avg rh,average dp,max dp,min dp,avg wind speed,max wind speed,avg ghr,max ghr,avg dnr,max dnr,avg dhr,max dhr
0,IN,Morgan County,G1801090,2080-2099,16.422171442672695,39.305023193359375,-12.401531219482422,2097.217278885718,1411.8098554611531,70.74631596493394,10.42435185300573,26.772357902404075,-13.11667553340425,4.341801411335327,11.262378692626951,171.28881278538813,998,172.59341636384934,917.1314697265624,80.71027397260274,619
