,state,county,gisjoin,year range,avg temp,max temp,min temp,hdd,cdd,avg rh,average dp,max dp,min dp,avg wind speed,max wind speed,avg ghr,max ghr,avg dnr,max dnr,avg dhr,max dhr
0,SD,Aurora County,G4600030,2000-2019,8.87795776559164,41.26150131225586,-29.4635009765625,4080.50685502611,641.461439466506,62.10811316912577,1.0451281947316864,22.014791454679933,-29.463501533431906,3.7190874146135973,11.551501274108888,155.47716894977168,1000,185.06377334873218,899.5733642578125,64.06529680365297,526
