,state,county,gisjoin,year range,avg temp,max temp,min temp,hdd,cdd,avg rh,average dp,max dp,min dp,avg wind speed,max wind speed,avg ghr,max ghr,avg dnr,max dnr,avg dhr,max dhr
0,SD,Aurora County,G4600030,2040-2059,12.156303951325022,39.888919830322266,-22.33238220214844,3200.205223605051,957.7561658382925,58.993724557145,3.3415429338848943,25.989508049849345,-24.605718197443124,3.713317722857815,8.331443786621094,155.47716894977168,1000,182.73508107659654,887.5636596679688,64.06529680365297,526
