,state,county,gisjoin,year range,avg temp,max temp,min temp,hdd,cdd,avg rh,average dp,max dp,min dp,avg wind speed,max wind speed,avg ghr,max ghr,avg dnr,max dnr,avg dhr,max dhr
0,SD,Aurora County,G4600030,2080-2099,14.34748163364634,43.88512802124024,-18.155649185180664,2832.118349004743,1389.4491452853356,61.2289001286302,6.030825270569281,28.703203652161918,-18.155650474185396,3.5583165069148963,9.835326194763184,155.47716894977168,1000,177.73926574549205,895.0067138671875,64.06529680365297,526
