,state,county,gisjoin,year range,avg temp,max temp,min temp,hdd,cdd,avg rh,average dp,max dp,min dp,avg wind speed,max wind speed,avg ghr,max ghr,avg dnr,max dnr,avg dhr,max dhr
0,NM,Lincoln County,G3500270,1980-1999,10.476513862674361,31.406665802001957,-14.55500030517578,3201.75857565484,346.18613553046504,47.45644884925999,-1.8114293674208104,12.203563758197411,-17.914547126442013,5.009188346993433,11.841503143310549,222.1525114155251,1067,243.86422205394652,1035.842041015625,56.27945205479452,459
