,state,county,gisjoin,year range,avg temp,max temp,min temp,hdd,cdd,avg rh,average dp,max dp,min dp,avg wind speed,max wind speed,avg ghr,max ghr,avg dnr,max dnr,avg dhr,max dhr
0,MS,Prentiss County,G2801170,2000-2019,16.45129138060684,36.40714263916016,-15.207857131958008,1871.543663333701,1196.7650172552237,69.53589651051178,10.087655242515025,24.52175026546215,-15.207858172628455,3.760133995421945,9.866533279418944,181.76803652968036,1007,193.6599537250061,932.9000854492188,74.25924657534246,558
