,state,county,gisjoin,year range,avg temp,max temp,min temp,hdd,cdd,avg rh,average dp,max dp,min dp,avg wind speed,max wind speed,avg ghr,max ghr,avg dnr,max dnr,avg dhr,max dhr
0,MS,Prentiss County,G2801170,2020-2039,16.943567134209985,36.839622497558594,-9.615144729614258,1752.8382021914022,1257.7402061781124,69.66510440726259,10.625961882443828,23.999648453285044,-9.615145388802135,3.7268821115771384,10.48312282562256,181.76803652968036,1007,193.6045500870922,964.2760620117188,74.25924657534246,558
