,state,county,gisjoin,year range,avg temp,max temp,min temp,hdd,cdd,avg rh,average dp,max dp,min dp,avg wind speed,max wind speed,avg ghr,max ghr,avg dnr,max dnr,avg dhr,max dhr
0,MS,Prentiss County,G2801170,2060-2079,18.73115159760325,38.17250442504883,-6.770837783813477,1489.098446756548,1646.4687798817267,69.9233088968007,12.374580158459905,25.69315484455669,-6.770838427196967,3.6977787983063695,9.876317024230955,181.76803652968036,1007,189.12088077769033,919.7589111328124,74.25924657534246,558
