,state,county,gisjoin,year range,avg temp,max temp,min temp,hdd,cdd,avg rh,average dp,max dp,min dp,avg wind speed,max wind speed,avg ghr,max ghr,avg dnr,max dnr,avg dhr,max dhr
0,MS,Prentiss County,G2801170,2080-2099,20.420276827380178,41.65874862670898,-9.138415336608888,1248.7637033051785,2022.6647452988445,69.79052058050077,13.989550413872612,27.74804534650356,-9.138415852456625,3.680289550268487,9.601659774780272,181.76803652968036,1007,186.44167273241828,947.997314453125,74.25924657534246,558
