,state,county,gisjoin,year range,avg temp,max temp,min temp,hdd,cdd,avg rh,average dp,max dp,min dp,avg wind speed,max wind speed,avg ghr,max ghr,avg dnr,max dnr,avg dhr,max dhr
0,GA,Lee County,G1301770,1980-1999,18.296839972921717,37.71470642089844,-7.197059154510498,1350.4378771196812,1349.2844672362935,67.59471336869889,11.414997283855444,23.719781855625325,-7.197059370685793,3.5253785131728814,8.920989990234375,195.40970319634704,997,204.9135676947738,957.3673706054688,80.53070776255707,631
