,state,county,gisjoin,year range,avg temp,max temp,min temp,hdd,cdd,avg rh,average dp,max dp,min dp,avg wind speed,max wind speed,avg ghr,max ghr,avg dnr,max dnr,avg dhr,max dhr
0,GA,Lee County,G1301770,2000-2019,19.674056949879184,37.79235458374024,-6.9823527336120605,1123.6642225573785,1625.195009263289,68.45472796997524,12.945291683884932,26.343727541866496,-6.98235288276878,3.5564265084729345,7.944163799285889,195.40970319634704,997,200.51368411887643,942.1119995117188,80.53070776255707,631
