,state,county,gisjoin,year range,avg temp,max temp,min temp,hdd,cdd,avg rh,average dp,max dp,min dp,avg wind speed,max wind speed,avg ghr,max ghr,avg dnr,max dnr,avg dhr,max dhr
0,MS,Holmes County,G2800510,2020-2039,18.384915032736973,37.70352554321289,-10.82591438293457,1468.3470386100446,1499.341025559097,69.4731232730221,11.966156260081988,24.47548066840513,-10.825915025214083,4.012721715275555,9.00815200805664,190.79714611872146,999,196.7464147009929,923.7597045898438,75.40730593607306,626
