,state,county,gisjoin,year range,avg temp,max temp,min temp,hdd,cdd,avg rh,average dp,max dp,min dp,avg wind speed,max wind speed,avg ghr,max ghr,avg dnr,max dnr,avg dhr,max dhr
0,MS,Holmes County,G2800510,2080-2099,21.311312076400277,40.06120300292969,-6.80485725402832,1058.4597919314895,2157.5886998174487,70.98017950341037,15.156482828446151,27.669849666253437,-6.804857720246024,3.9331712611870135,9.821081161499023,190.79714611872146,999,189.229903097529,906.48974609375,75.40730593607306,626
