,state,county,gisjoin,year range,avg temp,max temp,min temp,hdd,cdd,avg rh,average dp,max dp,min dp,avg wind speed,max wind speed,avg ghr,max ghr,avg dnr,max dnr,avg dhr,max dhr
0,OK,McCurtain County,G4000890,1980-1999,16.280641445590952,37.38052749633789,-11.612105369567873,1883.080864532856,1146.0149921735858,68.43598664645191,9.669076846814354,22.66173783887409,-12.014783214459651,3.874134005585762,8.5300874710083,193.21518264840182,1005,199.6096630690348,957.4283447265624,70.93367579908676,605
