,state,county,gisjoin,year range,avg temp,max temp,min temp,hdd,cdd,avg rh,average dp,max dp,min dp,avg wind speed,max wind speed,avg ghr,max ghr,avg dnr,max dnr,avg dhr,max dhr
0,OK,McCurtain County,G4000890,2040-2059,19.1769851586071,42.45170211791992,-10.71095085144043,1415.7187393854058,1735.818322276982,66.83122913467285,11.985321106700658,25.593352958444548,-10.710951253053125,4.005909777340824,9.364246368408203,193.21518264840182,1005,196.87208981098703,930.7283935546876,70.93367579908676,605
