,state,county,gisjoin,year range,avg temp,max temp,min temp,hdd,cdd,avg rh,average dp,max dp,min dp,avg wind speed,max wind speed,avg ghr,max ghr,avg dnr,max dnr,avg dhr,max dhr
0,ME,Sagadahoc County,G2300230,2020-2039,8.986715759908593,32.03200912475586,-22.053443908691406,3747.674598009471,348.3258503754874,71.96092141904788,3.621155390262497,21.88496177348282,-22.053444684009037,4.722941116029269,11.101503372192385,141.20102739726028,952,170.33847633152942,902.1515502929688,68.82614155251142,438
