,state,county,gisjoin,year range,avg temp,max temp,min temp,hdd,cdd,avg rh,average dp,max dp,min dp,avg wind speed,max wind speed,avg ghr,max ghr,avg dnr,max dnr,avg dhr,max dhr
0,NE,Sarpy County,G3101530,2000-2019,11.377756690767782,39.12083435058594,-25.22249984741211,3328.468671765016,801.8498638948217,63.211323559012044,3.69321660704539,24.58973902690631,-25.5929416285721,4.520588983248358,9.743106842041016,161.78561643835616,973,181.33776290442182,920.5992431640624,72.83287671232877,615
