,state,county,gisjoin,year range,avg temp,max temp,min temp,hdd,cdd,avg rh,average dp,max dp,min dp,avg wind speed,max wind speed,avg ghr,max ghr,avg dnr,max dnr,avg dhr,max dhr
0,NE,Sarpy County,G3101530,2080-2099,16.072212859055615,41.691192626953125,-18.039745330810547,2355.0221603928658,1541.8798539479237,64.51626317751462,8.576585122733377,28.813259260390485,-18.03974687822277,4.495549822180238,10.992024421691896,161.78561643835616,973,174.32431424724675,901.219482421875,72.83287671232877,615
