,state,county,gisjoin,year range,avg temp,max temp,min temp,hdd,cdd,avg rh,average dp,max dp,min dp,avg wind speed,max wind speed,avg ghr,max ghr,avg dnr,max dnr,avg dhr,max dhr
0,OR,Gilliam County,G4100210,2040-2059,11.6584992224062,37.98354721069336,-13.689495086669922,3038.7583015942437,614.6105177720622,54.86676426989847,1.2495195120261071,13.88894585074794,-14.106485885699213,3.7827923196635833,9.901703834533691,152.9307077625571,971,189.1989922567511,909.0593872070312,65.60593607305935,543
