,state,county,gisjoin,year range,avg temp,max temp,min temp,hdd,cdd,avg rh,average dp,max dp,min dp,avg wind speed,max wind speed,avg ghr,max ghr,avg dnr,max dnr,avg dhr,max dhr
0,MO,Gasconade County,G2900730,1980-1999,12.077183027084445,37.959999084472656,-24.36666679382324,3041.709998118555,770.3818030039871,67.96367904737116,5.548988915236655,22.093464496397715,-24.36666847993482,4.275821321631131,10.3336181640625,157.5497716894977,989,188.66005444498333,926.0042724609376,70.4453196347032,657
