,state,county,gisjoin,year range,avg temp,max temp,min temp,hdd,cdd,avg rh,average dp,max dp,min dp,avg wind speed,max wind speed,avg ghr,max ghr,avg dnr,max dnr,avg dhr,max dhr
0,OK,Haskell County,G4000610,1980-1999,15.662299358796915,37.97461318969727,-13.579999923706056,2095.7203368402406,1132.9596028010735,68.10865724162969,9.056628510655264,23.16823581277032,-13.902335093537534,3.4514572355845203,7.440601825714111,188.34063926940638,1009,195.11514321644376,936.8375244140624,67.10490867579908,534
