,state,county,gisjoin,year range,avg temp,max temp,min temp,hdd,cdd,avg rh,average dp,max dp,min dp,avg wind speed,max wind speed,avg ghr,max ghr,avg dnr,max dnr,avg dhr,max dhr
0,NY,Cayuga County,G3600110,2080-2099,14.124773068335486,36.7576789855957,-12.199533462524414,2571.281001101292,1047.3231710434568,72.51036291840958,8.66880740074395,26.180132752194613,-13.563966646412585,4.355960239776193,12.70757293701172,155.7310502283105,972,161.40243254143158,903.8890991210938,74.64235159817352,505
