,state,county,gisjoin,year range,avg temp,max temp,min temp,hdd,cdd,avg rh,average dp,max dp,min dp,avg wind speed,max wind speed,avg ghr,max ghr,avg dnr,max dnr,avg dhr,max dhr
0,TX,Frio County,G4801630,2040-2059,23.34679136118367,43.46844482421875,-5.523448944091797,693.675357504731,2535.754204336517,57.93928315781023,13.601061510280399,25.72287156264854,-8.659451718572134,3.8136335853844474,7.073287010192871,203.76301369863015,1032,217.86742534470014,951.2154541015624,73.32374429223745,616
