,state,county,gisjoin,year range,avg temp,max temp,min temp,hdd,cdd,avg rh,average dp,max dp,min dp,avg wind speed,max wind speed,avg ghr,max ghr,avg dnr,max dnr,avg dhr,max dhr
0,NC,Yancey County,G3701990,1980-1999,11.135061270806322,29.920000076293945,-16.181875228881836,3008.2515737947674,393.04893763860423,68.57296752646633,4.835448456045699,17.264779405035565,-16.181875767400875,3.9723073391065205,10.24534034729004,180.26986301369863,1022,198.76856627337193,983.52490234375,71.97545662100457,527
