,state,county,gisjoin,year range,avg temp,max temp,min temp,hdd,cdd,avg rh,average dp,max dp,min dp,avg wind speed,max wind speed,avg ghr,max ghr,avg dnr,max dnr,avg dhr,max dhr
0,NC,Yancey County,G3701990,2080-2099,15.501140005505068,34.736751556396484,-13.541980743408203,1954.1089880970467,932.5250901063913,70.97669522664319,9.591012764410335,23.21811947779757,-13.541980976678792,4.337166604603807,11.754194259643556,180.26986301369863,1022,187.46298695490358,956.1570434570312,71.97545662100457,527
