,state,county,gisjoin,year range,avg temp,max temp,min temp,hdd,cdd,avg rh,average dp,max dp,min dp,avg wind speed,max wind speed,avg ghr,max ghr,avg dnr,max dnr,avg dhr,max dhr
0,PA,Susquehanna County,G4201150,2020-2039,9.571053433070038,33.51427459716797,-22.820297241210938,3649.448440750961,463.3829438209677,69.35739523896343,3.510047749772668,22.00931794469093,-22.82029847947442,4.599582290159513,12.82357692718506,152.91495433789953,982,178.02337299149622,935.070556640625,76.60913242009133,593
