,state,county,gisjoin,year range,avg temp,max temp,min temp,hdd,cdd,avg rh,average dp,max dp,min dp,avg wind speed,max wind speed,avg ghr,max ghr,avg dnr,max dnr,avg dhr,max dhr
0,NE,Hooker County,G3100910,2000-2019,9.63705130777691,37.06916809082031,-28.6875,3783.9976621145984,622.0213894526432,55.3635756053881,-0.28648556828219934,18.611466804619635,-28.68750336212672,4.573838183242981,9.84333610534668,184.49680365296803,997,199.47355731498203,948.2871704101562,65.81780821917808,642
