,state,county,gisjoin,year range,avg temp,max temp,min temp,hdd,cdd,avg rh,average dp,max dp,min dp,avg wind speed,max wind speed,avg ghr,max ghr,avg dnr,max dnr,avg dhr,max dhr
0,MS,Adams County,G2800010,1980-1999,18.217769447841974,35.372501373291016,-7.382499694824219,1350.4131627362642,1320.3990111987707,70.65040370209576,12.120251654556448,26.091330217746695,-7.382500572069555,3.8424502202909285,10.094106674194336,193.32271689497716,1024,203.5900786818744,935.4404907226562,77.7404109589041,669
