,state,county,gisjoin,year range,avg temp,max temp,min temp,hdd,cdd,avg rh,average dp,max dp,min dp,avg wind speed,max wind speed,avg ghr,max ghr,avg dnr,max dnr,avg dhr,max dhr
0,IN,Boone County,G1800110,2040-2059,13.741564794172604,37.77775955200195,-15.048457145690918,2689.4242873679477,1025.595437240662,69.79303643757895,7.658739189212658,23.96143001556175,-15.048458325832614,4.295204917875599,9.744427680969238,171.28881278538813,998,177.95326835226658,920.8388061523438,80.70753424657535,619
