,state,county,gisjoin,year range,avg temp,max temp,min temp,hdd,cdd,avg rh,average dp,max dp,min dp,avg wind speed,max wind speed,avg ghr,max ghr,avg dnr,max dnr,avg dhr,max dhr
0,NE,Boyd County,G3100150,1980-1999,8.722137413108314,38.44400024414063,-26.57150077819824,4082.537376215001,586.6175319989754,58.584743979532426,-0.1537382985953326,23.164968627812605,-26.571502213937,4.430254241837758,10.61550521850586,163.50913242009133,970,188.1005702556187,922.40087890625,64.50456621004567,633
