,state,county,gisjoin,year range,avg temp,max temp,min temp,hdd,cdd,avg rh,average dp,max dp,min dp,avg wind speed,max wind speed,avg ghr,max ghr,avg dnr,max dnr,avg dhr,max dhr
0,NE,Boyd County,G3100150,2000-2019,10.213193559466468,41.73149871826172,-28.021499633789062,3702.2291633950877,750.544812599854,58.294615940307374,1.1359594875104748,22.58035323122473,-28.021502070071083,4.324122985979738,8.936919212341309,163.50913242009133,970,186.95183277063902,923.83984375,64.50456621004567,633
