,state,county,gisjoin,year range,avg temp,max temp,min temp,hdd,cdd,avg rh,average dp,max dp,min dp,avg wind speed,max wind speed,avg ghr,max ghr,avg dnr,max dnr,avg dhr,max dhr
0,NE,Boyd County,G3100150,2040-2059,12.608597072796629,40.18222427368164,-21.917871475219727,3108.2837937186578,1030.9217252890815,58.941025166097845,3.619542353726192,25.885011855709227,-24.9676372023062,4.246696841730374,12.4686918258667,163.50913242009133,970,186.4073101605649,906.3826293945312,64.50456621004567,633
