,state,county,gisjoin,year range,avg temp,max temp,min temp,hdd,cdd,avg rh,average dp,max dp,min dp,avg wind speed,max wind speed,avg ghr,max ghr,avg dnr,max dnr,avg dhr,max dhr
0,NE,Boyd County,G3100150,2060-2079,12.55593063027693,40.25201797485352,-23.784822463989254,3214.0769952149662,1117.4916752656918,61.41429790514245,4.238027823685835,24.733371889589318,-23.784824172167987,4.27061041190744,10.008230209350586,163.50913242009133,970,184.4475729789568,911.7310180664062,64.50456621004567,633
