,state,county,gisjoin,year range,avg temp,max temp,min temp,hdd,cdd,avg rh,average dp,max dp,min dp,avg wind speed,max wind speed,avg ghr,max ghr,avg dnr,max dnr,avg dhr,max dhr
0,OH,Licking County,G3900890,2060-2079,13.57433235469022,34.42724609375,-13.803841590881348,2671.1199231465725,946.2512326082165,70.26218613925046,7.5440840655412424,24.24040019587536,-13.803843079433095,4.065211827923718,8.8502197265625,158.8986301369863,997,177.2059969044027,909.651611328125,79.02237442922375,522
