,state,county,gisjoin,year range,avg temp,max temp,min temp,hdd,cdd,avg rh,average dp,max dp,min dp,avg wind speed,max wind speed,avg ghr,max ghr,avg dnr,max dnr,avg dhr,max dhr
0,MO,Clay County,G2900470,2040-2059,15.138940414816759,40.90802001953125,-17.928417205810547,2437.446093026861,1283.6593444348089,68.90360940515178,8.775268277990245,25.862826150531426,-17.928417532496006,4.296024656295776,9.41692066192627,165.15068493150685,982,181.6130305422724,911.0116577148438,69.16689497716895,594
