,state,county,gisjoin,year range,avg temp,max temp,min temp,hdd,cdd,avg rh,average dp,max dp,min dp,avg wind speed,max wind speed,avg ghr,max ghr,avg dnr,max dnr,avg dhr,max dhr
0,MS,Quitman County,G2801190,1980-1999,16.057854061061693,35.735713958740234,-9.502142906188965,1966.4709015607325,1148.0876338482615,71.11191254489498,10.136684012400346,24.419004539919587,-9.502143425786551,3.592678521104055,8.832786560058594,190.79714611872146,999,195.0336198152448,935.442626953125,75.82819634703196,626
