,state,county,gisjoin,year range,avg temp,max temp,min temp,hdd,cdd,avg rh,average dp,max dp,min dp,avg wind speed,max wind speed,avg ghr,max ghr,avg dnr,max dnr,avg dhr,max dhr
0,MS,Quitman County,G2801190,2020-2039,17.91214397296891,37.9451904296875,-11.988448143005373,1596.1982918367592,1454.6308419704471,70.09726173583775,11.676612750760086,23.984711451845797,-11.988449133065195,3.5473279502293833,8.009719848632812,190.79714611872146,999,190.95392147372985,916.2757568359376,75.82819634703196,626
