,state,county,gisjoin,year range,avg temp,max temp,min temp,hdd,cdd,avg rh,average dp,max dp,min dp,avg wind speed,max wind speed,avg ghr,max ghr,avg dnr,max dnr,avg dhr,max dhr
0,GA,Union County,G1302910,2000-2019,14.221680636103486,33.01466751098633,-13.06666660308838,2249.3862244678908,760.7996566455032,69.06735140830959,7.8286403081956095,21.69365709048962,-13.066668001105452,3.908383039524566,10.29091739654541,178.29326484018264,1001,197.07276265368378,973.9559326171876,79.80913242009133,584
