,state,county,gisjoin,year range,avg temp,max temp,min temp,hdd,cdd,avg rh,average dp,max dp,min dp,avg wind speed,max wind speed,avg ghr,max ghr,avg dnr,max dnr,avg dhr,max dhr
0,GA,Union County,G1302910,2020-2039,14.816084973291668,34.215309143066406,-10.83302116394043,2106.3081037633906,834.6791190147948,69.17273787341706,8.403325753513117,21.3851249462132,-10.833021971422356,3.9794642701540908,10.54396915435791,178.29326484018264,1001,197.26015718494486,963.3309326171876,79.80913242009133,584
