,state,county,gisjoin,year range,avg temp,max temp,min temp,hdd,cdd,avg rh,average dp,max dp,min dp,avg wind speed,max wind speed,avg ghr,max ghr,avg dnr,max dnr,avg dhr,max dhr
0,GA,Union County,G1302910,2040-2059,15.930499963715809,35.19829559326172,-10.49892807006836,1873.3853934927881,1008.5178802490918,69.17686012520637,9.489126332250983,22.00391635825736,-10.498929051228735,3.9651936823510687,10.238027572631836,178.29326484018264,1001,193.91703201454726,943.0935668945312,79.80913242009133,584
