,state,county,gisjoin,year range,avg temp,max temp,min temp,hdd,cdd,avg rh,average dp,max dp,min dp,avg wind speed,max wind speed,avg ghr,max ghr,avg dnr,max dnr,avg dhr,max dhr
0,GA,Union County,G1302910,2080-2099,17.700574161429813,36.98963165283203,-10.737590789794922,1577.2412081160212,1358.4507770380246,70.225622251589,11.468451236914802,25.308367068936864,-10.737592253746715,3.9451281480593225,9.771714210510254,178.29326484018264,1001,189.16837774451187,929.7005615234376,79.80913242009133,584
