,state,county,gisjoin,year range,avg temp,max temp,min temp,hdd,cdd,avg rh,average dp,max dp,min dp,avg wind speed,max wind speed,avg ghr,max ghr,avg dnr,max dnr,avg dhr,max dhr
0,SD,Deuel County,G4600390,1980-1999,5.222759430935329,32.22428512573242,-29.677143096923828,5101.3758833121565,328.1830756028399,63.96572979476354,-1.8345939454691813,20.952376344524797,-29.76813202667638,4.682059831815224,11.031185150146484,146.92488584474887,970,181.54187239931468,942.8904418945312,63.985045662100454,616
