,state,county,gisjoin,year range,avg temp,max temp,min temp,hdd,cdd,avg rh,average dp,max dp,min dp,avg wind speed,max wind speed,avg ghr,max ghr,avg dnr,max dnr,avg dhr,max dhr
0,AR,Pope County,G0501150,1980-1999,15.279671201869961,38.39624786376953,-11.026874542236328,2142.063177287429,1039.6431659699128,68.97443075659068,8.849741264071117,23.25218585691109,-11.026874655004857,3.396848342516651,6.581290721893311,169.04406392694065,993,197.48113811982267,929.4111328125,73.37979452054795,538
