,state,county,gisjoin,year range,avg temp,max temp,min temp,hdd,cdd,avg rh,average dp,max dp,min dp,avg wind speed,max wind speed,avg ghr,max ghr,avg dnr,max dnr,avg dhr,max dhr
0,TX,King County,G4802690,2020-2039,18.31224468411347,42.62458801269531,-15.283662796020508,1680.3774330398312,1684.8467427411817,54.68690552417546,7.826744101048362,22.26570297275069,-15.479129184289352,4.237917786020122,8.414530754089355,202.55091324200913,1023,217.3213699216361,948.8793334960938,63.59006849315068,598
