,state,county,gisjoin,year range,avg temp,max temp,min temp,hdd,cdd,avg rh,average dp,max dp,min dp,avg wind speed,max wind speed,avg ghr,max ghr,avg dnr,max dnr,avg dhr,max dhr
0,KS,Seward County,G2001750,2060-2079,16.73350001286846,44.071563720703125,-20.4652042388916,2156.358703440007,1584.5862081368386,52.70674190771634,5.535935047404247,21.7373656124753,-21.02929681668822,4.318434647147514,9.33164405822754,169.18561643835616,983,211.5865782949987,971.150146484375,64.45034246575342,662
