,state,county,gisjoin,year range,avg temp,max temp,min temp,hdd,cdd,avg rh,average dp,max dp,min dp,avg wind speed,max wind speed,avg ghr,max ghr,avg dnr,max dnr,avg dhr,max dhr
0,MS,Claiborne County,G2800210,2040-2059,20.73069557482784,37.89519119262695,-9.019822120666504,1066.7162658015554,1953.9201506136376,70.44392343090006,14.452379750990413,26.930964231122463,-9.339733757690365,3.669103003854621,9.23883819580078,193.32271689497716,1024,194.02023966612626,927.299072265625,77.7404109589041,669
