,state,county,gisjoin,year range,avg temp,max temp,min temp,hdd,cdd,avg rh,average dp,max dp,min dp,avg wind speed,max wind speed,avg ghr,max ghr,avg dnr,max dnr,avg dhr,max dhr
0,MS,Claiborne County,G2800210,2060-2079,21.154406430581094,37.84781646728516,-4.461322784423828,969.2173515950121,2011.0756987569903,70.15954698013933,14.827643405557843,26.857433695566453,-4.461323175271623,3.590967643750857,8.58142375946045,193.32271689497716,1024,193.34633234744456,908.1090087890624,77.7404109589041,669
