,state,county,gisjoin,year range,avg temp,max temp,min temp,hdd,cdd,avg rh,average dp,max dp,min dp,avg wind speed,max wind speed,avg ghr,max ghr,avg dnr,max dnr,avg dhr,max dhr
0,NY,Essex County,G3600310,2040-2059,8.876220152636227,35.46186828613281,-26.49624252319336,3898.613414960852,458.93377067249315,69.65104354353255,2.8840888102701547,21.405687301445766,-26.49624570399077,6.82545926965535,14.409449577331545,153.10707762557078,1007,176.77375959943146,953.68798828125,73.64337899543379,517
