,state,county,gisjoin,year range,avg temp,max temp,min temp,hdd,cdd,avg rh,average dp,max dp,min dp,avg wind speed,max wind speed,avg ghr,max ghr,avg dnr,max dnr,avg dhr,max dhr
0,NY,Essex County,G3600310,2080-2099,11.298163653402677,34.4986686706543,-21.767274856567383,3267.7381466462652,712.0678801378004,69.80858342397158,5.225335901610861,22.557515530482483,-21.76727548663783,6.6737117907091905,15.20678424835205,153.10707762557078,1007,171.62438322500773,918.0764770507812,73.64337899543379,517
