,state,county,gisjoin,year range,avg temp,max temp,min temp,hdd,cdd,avg rh,average dp,max dp,min dp,avg wind speed,max wind speed,avg ghr,max ghr,avg dnr,max dnr,avg dhr,max dhr
0,KY,Ballard County,G2100070,2040-2059,16.972912402091644,38.981082916259766,-10.393736839294434,1902.099656580497,1417.7126833439186,70.44549558652591,10.911719332029259,25.79449355781741,-11.066781066852586,3.5555943489074706,8.122794151306152,173.54075342465754,1012,183.6006845877506,911.6194458007812,72.40844748858447,631
