,state,county,gisjoin,year range,avg temp,max temp,min temp,hdd,cdd,avg rh,average dp,max dp,min dp,avg wind speed,max wind speed,avg ghr,max ghr,avg dnr,max dnr,avg dhr,max dhr
0,NY,Monroe County,G3600550,2000-2019,9.783589189668739,35.55400085449219,-21.97333335876465,3602.578390115686,494.08844434421854,71.35445150719386,4.267912767270199,23.57177914036984,-21.97333514164482,4.5209411232438805,10.39301300048828,154.09634703196346,981,169.3442824771809,912.4090576171876,74.59372146118722,486
