,state,county,gisjoin,year range,avg temp,max temp,min temp,hdd,cdd,avg rh,average dp,max dp,min dp,avg wind speed,max wind speed,avg ghr,max ghr,avg dnr,max dnr,avg dhr,max dhr
0,NY,Monroe County,G3600550,2080-2099,14.636245732933531,39.08012771606445,-10.493437767028809,2454.071964838386,1116.8016573588727,71.21648770510878,8.907482977456574,26.44252118981798,-10.570534453050612,4.740000644448686,14.237386703491213,154.09634703196346,981,159.67895729684795,867.350341796875,74.59372146118722,486
