,state,county,gisjoin,year range,avg temp,max temp,min temp,hdd,cdd,avg rh,average dp,max dp,min dp,avg wind speed,max wind speed,avg ghr,max ghr,avg dnr,max dnr,avg dhr,max dhr
0,IL,St. Clair County,G1701630,2000-2019,13.970088970496095,37.65999984741211,-20.058822631835938,2552.0900555461494,971.6725297769458,69.43606840116249,7.768170796351521,25.341895586559215,-20.590520020818087,3.8133843548221673,9.584360122680664,169.11324200913242,998,183.9105289551326,914.4151000976562,75.09006849315068,569
