,state,county,gisjoin,year range,avg temp,max temp,min temp,hdd,cdd,avg rh,average dp,max dp,min dp,avg wind speed,max wind speed,avg ghr,max ghr,avg dnr,max dnr,avg dhr,max dhr
0,IL,St. Clair County,G1701630,2080-2099,18.620342000349122,42.106571197509766,-12.021283149719238,1682.646796535768,1799.5716266631036,69.9435739678335,12.321139389406937,28.391994126527614,-12.021284055162528,3.638942314527895,7.872086048126221,169.11324200913242,998,175.2160893055268,909.2261352539062,75.09006849315068,569
