,state,county,gisjoin,year range,avg temp,max temp,min temp,hdd,cdd,avg rh,average dp,max dp,min dp,avg wind speed,max wind speed,avg ghr,max ghr,avg dnr,max dnr,avg dhr,max dhr
0,CO,Lake County,G0800650,2000-2019,2.527014763996823,29.62624931335449,-26.456249237060547,5845.264041512084,88.1244303703311,51.534474625870516,-7.89545554295644,6.311461557415432,-26.995488950467458,5.585558112026894,14.611491203308104,191.01837899543378,1062,237.42974853024464,1107.323486328125,65.93059360730594,519
