,state,county,gisjoin,year range,avg temp,max temp,min temp,hdd,cdd,avg rh,average dp,max dp,min dp,avg wind speed,max wind speed,avg ghr,max ghr,avg dnr,max dnr,avg dhr,max dhr
0,CO,Lake County,G0800650,2020-2039,3.72501679489455,26.9619083404541,-25.04107093811035,5421.5843619061725,101.71549204190507,49.58171527287731,-7.268420595812514,6.636604978118049,-26.586313020977087,5.527311412275654,13.210010528564451,191.01837899543378,1062,235.27581422798687,1088.4483642578125,65.93059360730594,519
