,state,county,gisjoin,year range,avg temp,max temp,min temp,hdd,cdd,avg rh,average dp,max dp,min dp,avg wind speed,max wind speed,avg ghr,max ghr,avg dnr,max dnr,avg dhr,max dhr
0,CO,Lake County,G0800650,2040-2059,4.418380449982005,29.052928924560547,-29.2947940826416,5214.714109660337,147.92297390301735,50.90462433453564,-6.358089778990909,6.0577375628051096,-29.806050086936256,5.644069705107441,12.175034523010254,191.01837899543378,1062,236.15017075852364,1074.03759765625,65.93059360730594,519
