,state,county,gisjoin,year range,avg temp,max temp,min temp,hdd,cdd,avg rh,average dp,max dp,min dp,avg wind speed,max wind speed,avg ghr,max ghr,avg dnr,max dnr,avg dhr,max dhr
0,WA,Walla Walla County,G5300710,1980-1999,11.350679423524262,38.79357147216797,-13.435714721679688,3092.953635554631,556.4516251405269,57.562216142650065,1.7686982027321052,15.116646249445196,-13.696545772582333,3.819102995499084,10.589540481567385,166.25308219178083,963,177.74585863075083,901.4249877929688,62.23881278538813,439
