,state,county,gisjoin,year range,avg temp,max temp,min temp,hdd,cdd,avg rh,average dp,max dp,min dp,avg wind speed,max wind speed,avg ghr,max ghr,avg dnr,max dnr,avg dhr,max dhr
0,WA,Walla Walla County,G5300710,2060-2079,14.482887256010882,41.42892837524414,-8.69021224975586,2382.0076695578305,988.761518001605,59.28490916310924,5.124988634220346,16.897140486139893,-9.23599792557894,3.7297472460084853,9.247705459594728,166.25308219178083,963,176.10316984005237,883.9928588867188,62.23881278538813,439
