,state,county,gisjoin,year range,avg temp,max temp,min temp,hdd,cdd,avg rh,average dp,max dp,min dp,avg wind speed,max wind speed,avg ghr,max ghr,avg dnr,max dnr,avg dhr,max dhr
0,WV,Ohio County,G5400690,1980-1999,10.258566270427583,34.32866668701172,-21.314666748046875,3421.0921796931434,485.96886839867994,69.15288767444488,4.141117028027786,20.79800313135102,-21.31466859971595,3.8778890681593388,9.500606536865234,152.82054794520548,982,181.5562210955598,936.9432983398438,75.19760273972602,516
