,state,county,gisjoin,year range,avg temp,max temp,min temp,hdd,cdd,avg rh,average dp,max dp,min dp,avg wind speed,max wind speed,avg ghr,max ghr,avg dnr,max dnr,avg dhr,max dhr
0,WV,Ohio County,G5400690,2000-2019,11.368387879980755,33.25600051879883,-16.08133316040039,3137.312141862603,607.2737180551185,70.20306989983337,5.468234103679398,22.31964731550266,-16.262186121085453,3.9722456876545738,10.068178176879885,152.82054794520548,982,176.931694979316,947.8896484375,75.19760273972602,516
