,state,county,gisjoin,year range,avg temp,max temp,min temp,hdd,cdd,avg rh,average dp,max dp,min dp,avg wind speed,max wind speed,avg ghr,max ghr,avg dnr,max dnr,avg dhr,max dhr
0,NE,Platte County,G3101410,1980-1999,9.357963703789075,38.33833312988281,-23.424165725708008,3860.2531397865,596.409891668982,63.518749060804986,1.9120540387022853,22.986515887542264,-23.961687653422,4.671825324999143,10.801802635192873,168.5865296803653,973,187.7804542480601,925.2045288085938,64.99440639269406,569
