,state,county,gisjoin,year range,avg temp,max temp,min temp,hdd,cdd,avg rh,average dp,max dp,min dp,avg wind speed,max wind speed,avg ghr,max ghr,avg dnr,max dnr,avg dhr,max dhr
0,NE,Platte County,G3101410,2020-2039,11.787248728886729,37.750526428222656,-23.461708068847656,3276.3716851590093,899.2174712022617,62.226896213831964,3.828139836087121,24.779619426561947,-24.333095305488136,4.585684518944727,9.34971809387207,168.5865296803653,973,185.22983154623452,952.4365234375,64.99440639269406,569
