,state,county,gisjoin,year range,avg temp,max temp,min temp,hdd,cdd,avg rh,average dp,max dp,min dp,avg wind speed,max wind speed,avg ghr,max ghr,avg dnr,max dnr,avg dhr,max dhr
0,KS,Stanton County,G2001870,2000-2019,13.21991618564995,39.8033332824707,-18.30933380126953,2845.427332388567,991.1967401505066,47.286122760054184,0.5862886087547104,18.331097930284,-20.04780689845783,3.9301403805001143,9.456668853759766,169.18561643835616,983,216.30861651342056,984.8721923828124,64.44691780821918,662
