,state,county,gisjoin,year range,avg temp,max temp,min temp,hdd,cdd,avg rh,average dp,max dp,min dp,avg wind speed,max wind speed,avg ghr,max ghr,avg dnr,max dnr,avg dhr,max dhr
0,KS,Stanton County,G2001870,2020-2039,14.022663717989698,41.14262008666992,-18.335205078125,2667.074491206656,1105.8467482726408,49.08001873493195,1.7696444340388,18.676016367694448,-21.1738427856574,4.100557373185136,8.586404800415039,169.18561643835616,983,215.79570101615064,974.5576171875,64.44691780821918,662
