,state,county,gisjoin,year range,avg temp,max temp,min temp,hdd,cdd,avg rh,average dp,max dp,min dp,avg wind speed,max wind speed,avg ghr,max ghr,avg dnr,max dnr,avg dhr,max dhr
0,WI,Lafayette County,G5500650,2020-2039,9.542327364698544,39.00036239624024,-26.482887268066406,3797.997715823765,601.4472039381945,69.82409464583549,3.61345673310595,23.93480793616726,-26.48288857369221,4.16248605153332,9.861746788024902,146.55456621004566,966,177.3772837826097,899.6265258789062,71.09657534246575,537
