,state,county,gisjoin,year range,avg temp,max temp,min temp,hdd,cdd,avg rh,average dp,max dp,min dp,avg wind speed,max wind speed,avg ghr,max ghr,avg dnr,max dnr,avg dhr,max dhr
0,KY,Simpson County,G2102130,2000-2019,15.117291898370524,36.47312545776367,-15.78125,2152.997307446853,991.3088503520297,69.57019720469435,8.879028883030886,23.948889154576573,-16.591593007993396,4.013178522592266,9.224553108215332,154.85513698630137,1017,189.01486563816076,929.55419921875,75.54235159817351,668
