,state,county,gisjoin,year range,avg temp,max temp,min temp,hdd,cdd,avg rh,average dp,max dp,min dp,avg wind speed,max wind speed,avg ghr,max ghr,avg dnr,max dnr,avg dhr,max dhr
0,KY,Simpson County,G2102130,2040-2059,16.708555992247998,39.1812858581543,-13.36147403717041,1944.8740128519194,1363.9969500224622,70.26903225210704,10.576938091510732,25.106346906205285,-13.361474959511364,4.075047854555252,9.79828929901123,154.85513698630137,1017,185.32303140145046,911.2266845703124,75.54235159817351,668
