,state,county,gisjoin,year range,avg temp,max temp,min temp,hdd,cdd,avg rh,average dp,max dp,min dp,avg wind speed,max wind speed,avg ghr,max ghr,avg dnr,max dnr,avg dhr,max dhr
0,TX,Deaf Smith County,G4801170,2000-2019,14.490064330844897,38.540626525878906,-17.003124237060547,2400.166056449165,1009.539537207347,48.52277710513982,2.2287601383645486,18.108325259762765,-20.55605149425712,4.43428665361448,9.54548168182373,210.44908675799087,1029,226.20020650652984,1001.532470703125,64.29132420091324,496
