,state,county,gisjoin,year range,avg temp,max temp,min temp,hdd,cdd,avg rh,average dp,max dp,min dp,avg wind speed,max wind speed,avg ghr,max ghr,avg dnr,max dnr,avg dhr,max dhr
0,TX,Deaf Smith County,G4801170,2040-2059,16.549073900987626,40.79615783691406,-10.139904022216797,2025.2794644966243,1386.191438357099,48.9438239988671,4.1675585703486,19.78378183478602,-13.907530185938889,4.485689137760363,8.673881530761719,210.44908675799087,1029,223.66411095524163,1012.5950927734376,64.29132420091324,496
