,state,county,gisjoin,year range,avg temp,max temp,min temp,hdd,cdd,avg rh,average dp,max dp,min dp,avg wind speed,max wind speed,avg ghr,max ghr,avg dnr,max dnr,avg dhr,max dhr
0,NC,Carteret County,G3700310,2040-2059,19.52103801218242,35.51958084106445,-6.0377278327941895,1125.7856298429658,1571.4645042895709,73.70478937832732,14.239290521177447,26.924722172717477,-6.037728775354377,4.9793519572035905,11.68715000152588,176.5175799086758,1017,175.9563006117057,918.3363037109376,79.22305936073059,639
