,state,county,gisjoin,year range,avg temp,max temp,min temp,hdd,cdd,avg rh,average dp,max dp,min dp,avg wind speed,max wind speed,avg ghr,max ghr,avg dnr,max dnr,avg dhr,max dhr
0,FL,Alachua County,G1200010,2000-2019,21.16400515749353,36.80777740478516,-3.9799997806549072,824.0544668781381,1869.416349363178,68.93116233142,14.51996069518441,24.93443366497392,-3.980000230816799,3.357603822015736,7.379203796386719,188.5162100456621,1043,198.7968413952971,947.2381591796876,82.50102739726027,615
