,state,county,gisjoin,year range,avg temp,max temp,min temp,hdd,cdd,avg rh,average dp,max dp,min dp,avg wind speed,max wind speed,avg ghr,max ghr,avg dnr,max dnr,avg dhr,max dhr
0,WI,Iowa County,G5500490,1980-1999,7.228444306486069,34.05875015258789,-32.00812530517578,4406.71017918839,365.59235105514114,66.96007444684363,0.794757832527069,21.46731098960997,-32.00812699090865,4.215753993922717,9.80197811126709,146.55456621004566,966,179.15131500242043,920.0408325195312,71.09646118721462,537
