,state,county,gisjoin,year range,avg temp,max temp,min temp,hdd,cdd,avg rh,average dp,max dp,min dp,avg wind speed,max wind speed,avg ghr,max ghr,avg dnr,max dnr,avg dhr,max dhr
0,WI,Iowa County,G5500490,2060-2079,11.36686989737183,35.32290267944336,-18.713836669921875,3368.267962977663,837.6754755179562,69.71326288327779,5.388573599941034,25.30181534981933,-20.387282396718973,4.113276298078772,10.457171440124512,146.55456621004566,966,172.53855384495412,907.7495727539062,71.09646118721462,537
