,state,county,gisjoin,year range,avg temp,max temp,min temp,hdd,cdd,avg rh,average dp,max dp,min dp,avg wind speed,max wind speed,avg ghr,max ghr,avg dnr,max dnr,avg dhr,max dhr
0,MI,Iosco County,G2600690,1980-1999,6.1168304975695,35.72357177734375,-32.27857208251953,4748.951301472955,302.09443308511646,67.27940920607685,-0.29266699798906043,21.943299133548564,-32.278573538045755,4.861669861453853,12.05032730102539,149.70947488584474,956,178.52093995810378,919.8124389648438,68.0095890410959,489
