,state,county,gisjoin,year range,avg temp,max temp,min temp,hdd,cdd,avg rh,average dp,max dp,min dp,avg wind speed,max wind speed,avg ghr,max ghr,avg dnr,max dnr,avg dhr,max dhr
0,MI,Iosco County,G2600690,2040-2059,9.761968979626818,37.96229553222656,-27.06925773620605,3723.5116611850667,607.1303387483262,68.38737546559338,3.4234821632427215,22.722710626817737,-27.06926128711361,5.063795948205473,12.529086112976074,149.70947488584474,956,173.65302880049873,912.331787109375,68.0095890410959,489
