,state,county,gisjoin,year range,avg temp,max temp,min temp,hdd,cdd,avg rh,average dp,max dp,min dp,avg wind speed,max wind speed,avg ghr,max ghr,avg dnr,max dnr,avg dhr,max dhr
0,MI,Iosco County,G2600690,2080-2099,12.215948903222051,39.22972106933594,-16.062557220458984,3079.1389164217894,858.460266097435,67.99884942242,5.721748879167022,23.40922553063916,-18.123428449565772,4.8349688149070085,10.780435562133787,149.70947488584474,956,171.28221536427924,887.624267578125,68.0095890410959,489
