,state,county,gisjoin,year range,avg temp,max temp,min temp,hdd,cdd,avg rh,average dp,max dp,min dp,avg wind speed,max wind speed,avg ghr,max ghr,avg dnr,max dnr,avg dhr,max dhr
0,MS,Madison County,G2800890,2040-2059,20.17213692529612,38.60895538330078,-8.197531700134277,1144.795852408547,1828.1258301415849,69.87431094744434,13.802387092549019,26.677385557202182,-8.405151511532342,3.785499472160862,9.554265022277832,191.8788812785388,1032,194.88498358484875,921.3126220703124,80.42408675799086,569
