,state,county,gisjoin,year range,avg temp,max temp,min temp,hdd,cdd,avg rh,average dp,max dp,min dp,avg wind speed,max wind speed,avg ghr,max ghr,avg dnr,max dnr,avg dhr,max dhr
0,CA,Napa County,G0600550,2000-2019,16.369926362997134,38.5099983215332,-3.375333070755005,1556.624973844893,852.1480963389527,50.481316086037516,3.516011356089105,13.705017588911122,-7.535906691557645,3.5809816546636086,7.502506256103516,202.36050228310503,997,211.41813218489955,942.3014526367188,70.58390410958904,436
