,state,county,gisjoin,year range,avg temp,max temp,min temp,hdd,cdd,avg rh,average dp,max dp,min dp,avg wind speed,max wind speed,avg ghr,max ghr,avg dnr,max dnr,avg dhr,max dhr
0,CA,Napa County,G0600550,2020-2039,16.300682033381964,39.54801559448242,-3.097994804382324,1561.1467598437912,831.3957020283191,51.023057624956245,3.6653756850377732,13.039263863677215,-6.097933537890139,3.5956986133366415,8.11020565032959,202.36050228310503,997,212.78512469523412,961.7290649414062,70.58390410958904,436
