,state,county,gisjoin,year range,avg temp,max temp,min temp,hdd,cdd,avg rh,average dp,max dp,min dp,avg wind speed,max wind speed,avg ghr,max ghr,avg dnr,max dnr,avg dhr,max dhr
0,IN,Ohio County,G1801150,2020-2039,13.749601709282945,35.978599548339844,-18.56110572814941,2580.038151758911,919.1427756469002,68.75204422506567,7.365559888520262,23.007860797915736,-18.94666034671999,3.1081130694717034,8.571515083312988,165.93150684931507,993,183.35950967562894,933.2481079101562,75.84075342465754,554
