,state,county,gisjoin,year range,avg temp,max temp,min temp,hdd,cdd,avg rh,average dp,max dp,min dp,avg wind speed,max wind speed,avg ghr,max ghr,avg dnr,max dnr,avg dhr,max dhr
0,KS,Morris County,G2001270,1980-1999,12.008779761411335,37.38083267211914,-19.92250061035156,3060.2387797276456,763.9433926423807,64.39306126969046,4.656108738622856,24.635109632048906,-21.246296618219468,4.893197746146215,11.002676010131836,173.40833333333333,994,191.90952624494895,947.664306640625,71.29143835616438,613
