,state,county,gisjoin,year range,avg temp,max temp,min temp,hdd,cdd,avg rh,average dp,max dp,min dp,avg wind speed,max wind speed,avg ghr,max ghr,avg dnr,max dnr,avg dhr,max dhr
0,KS,Finney County,G2000550,2060-2079,15.777176416729557,44.269527435302734,-13.459074020385742,2353.895372139286,1433.0647642453748,52.37389396510712,4.5071267812604825,21.99017586094728,-18.74752672343957,4.746767810354494,10.471123695373535,196.9972602739726,1014,206.4668307740723,972.5673828125,61.29520547945206,519
