,state,county,gisjoin,year range,avg temp,max temp,min temp,hdd,cdd,avg rh,average dp,max dp,min dp,avg wind speed,max wind speed,avg ghr,max ghr,avg dnr,max dnr,avg dhr,max dhr
0,ND,Dickey County,G3800210,1980-1999,5.613567610593127,33.0966682434082,-31.917333602905277,4982.23249599984,351.6846738656296,58.41997269462777,-2.9435685043198117,18.61722913845249,-31.91733399234712,4.702545801662419,11.43140983581543,161.81141552511414,962,182.3485541523625,911.4224243164062,62.15559360730594,532
