,state,county,gisjoin,year range,avg temp,max temp,min temp,hdd,cdd,avg rh,average dp,max dp,min dp,avg wind speed,max wind speed,avg ghr,max ghr,avg dnr,max dnr,avg dhr,max dhr
0,ND,Dickey County,G3800210,2020-2039,7.188832993540112,37.216915130615234,-30.405406951904297,4605.236791623259,549.6608342647739,60.32445152415532,-0.9787986074461817,21.90248719555995,-30.81588853721672,4.600482368959139,11.21674919128418,161.81141552511414,962,180.05611404588043,894.7360229492188,62.15559360730594,532
