,state,county,gisjoin,year range,avg temp,max temp,min temp,hdd,cdd,avg rh,average dp,max dp,min dp,avg wind speed,max wind speed,avg ghr,max ghr,avg dnr,max dnr,avg dhr,max dhr
0,TX,Angelina County,G4800050,1980-1999,18.441659277876298,37.30500030517578,-7.909999847412109,1385.3346371778687,1437.0402736028334,69.00237910126987,11.922231509015234,25.850216831844875,-7.910000739448275,3.608368224967016,7.837669849395752,191.5263698630137,1003,201.93223144642332,942.7904052734376,81.91449771689497,672
