,state,county,gisjoin,year range,avg temp,max temp,min temp,hdd,cdd,avg rh,average dp,max dp,min dp,avg wind speed,max wind speed,avg ghr,max ghr,avg dnr,max dnr,avg dhr,max dhr
0,MN,Cook County,G2700310,2020-2039,4.248362965676556,30.430383682250977,-33.718994140625,5331.287459205286,202.43994167645346,67.6457493451088,-1.934979396532333,18.46710579344159,-33.718997430597454,5.4039014052038326,11.844971656799316,150.2609589041096,950,173.18357315268847,909.4287719726562,61.664840182648405,579
