,state,county,gisjoin,year range,avg temp,max temp,min temp,hdd,cdd,avg rh,average dp,max dp,min dp,avg wind speed,max wind speed,avg ghr,max ghr,avg dnr,max dnr,avg dhr,max dhr
0,MN,Cook County,G2700310,2040-2059,5.532597841502388,30.574560165405277,-29.488237380981445,4943.737490732564,283.63570288021623,68.9068760684636,-0.44104249607679025,19.0821881242717,-29.488239568474995,5.430629328832234,13.182790756225586,150.2609589041096,950,172.01483687423584,925.43505859375,61.664840182648405,579
