,state,county,gisjoin,year range,avg temp,max temp,min temp,hdd,cdd,avg rh,average dp,max dp,min dp,avg wind speed,max wind speed,avg ghr,max ghr,avg dnr,max dnr,avg dhr,max dhr
0,MN,Cook County,G2700310,2060-2079,6.461193386754037,31.92923927307129,-29.547319412231445,4689.285542203815,368.1211283683769,68.12605411886625,0.2858603743648078,20.08065153155678,-29.54732041969222,5.329085931712634,15.576295852661133,150.2609589041096,950,169.71692264978637,927.2681884765624,61.664840182648405,579
