,state,county,gisjoin,year range,avg temp,max temp,min temp,hdd,cdd,avg rh,average dp,max dp,min dp,avg wind speed,max wind speed,avg ghr,max ghr,avg dnr,max dnr,avg dhr,max dhr
0,FL,Escambia County,G1200330,2020-2039,20.938693259739036,37.77785110473633,-6.965951442718506,819.0384545774199,1782.1614943820878,73.73166257431518,15.56417447599926,27.57483367724687,-6.9659515918045205,4.705345747677703,11.240087509155272,184.7033105022831,1011,190.37789065133586,925.7544555664062,80.27420091324201,622
