,state,county,gisjoin,year range,avg temp,max temp,min temp,hdd,cdd,avg rh,average dp,max dp,min dp,avg wind speed,max wind speed,avg ghr,max ghr,avg dnr,max dnr,avg dhr,max dhr
0,AR,Woodruff County,G0501470,1980-1999,15.453992236053175,35.40999984741211,-11.937692642211914,2098.9449459114053,1060.1521120707828,70.80441256004926,9.547274384846764,23.31313301830485,-11.937693468502513,3.7007806725697976,9.472275733947754,182.14623287671233,997,192.4650303900573,924.1819458007812,71.50228310502283,699
