,state,county,gisjoin,year range,avg temp,max temp,min temp,hdd,cdd,avg rh,average dp,max dp,min dp,avg wind speed,max wind speed,avg ghr,max ghr,avg dnr,max dnr,avg dhr,max dhr
0,AR,Woodruff County,G0501470,2060-2079,19.2235487113172,40.407203674316406,-7.437095165252685,1445.0270610165314,1782.12234064727,71.46671808778423,13.297542955025937,27.15110151726842,-7.437095246447987,3.6164730323504095,7.942660331726074,182.14623287671233,997,184.37400461591167,899.654541015625,71.50228310502283,699
