,state,county,gisjoin,year range,avg temp,max temp,min temp,hdd,cdd,avg rh,average dp,max dp,min dp,avg wind speed,max wind speed,avg ghr,max ghr,avg dnr,max dnr,avg dhr,max dhr
0,MO,Chariton County,G2900410,2080-2099,17.43741125661729,42.950626373291016,-13.457525253295898,1968.8072299094763,1653.9623385746527,69.7590457589659,11.15644558674959,29.64923245955769,-13.457526118565006,3.2749186215335375,7.446095943450928,161.17808219178082,971,177.131647275784,906.8473510742188,69.05867579908676,559
