,state,county,gisjoin,year range,avg temp,max temp,min temp,hdd,cdd,avg rh,average dp,max dp,min dp,avg wind speed,max wind speed,avg ghr,max ghr,avg dnr,max dnr,avg dhr,max dhr
0,CO,Pitkin County,G0800970,1980-1999,4.322488868410693,29.81599998474121,-28.07333374023437,5239.265389947863,137.47382691701026,54.74045285307653,-5.367247561574625,7.527192834412666,-28.07333594256277,3.978629664525594,9.26103401184082,197.70011415525113,1057,233.73247925589826,1078.7017822265625,59.106963470319634,460
