,state,county,gisjoin,year range,avg temp,max temp,min temp,hdd,cdd,avg rh,average dp,max dp,min dp,avg wind speed,max wind speed,avg ghr,max ghr,avg dnr,max dnr,avg dhr,max dhr
0,TX,Austin County,G4800150,2060-2079,22.80373019558362,40.93788146972656,-3.0528268814086914,716.2675631513506,2360.1290845391622,68.23760926865008,15.930894492315659,26.724956232143047,-3.0528270976930405,4.281770841062886,8.552079200744629,182.03538812785388,1011,199.86648691877735,950.9640502929688,74.63207762557077,666
