,state,county,gisjoin,year range,avg temp,max temp,min temp,hdd,cdd,avg rh,average dp,max dp,min dp,avg wind speed,max wind speed,avg ghr,max ghr,avg dnr,max dnr,avg dhr,max dhr
0,MD,Charles County,G2400170,2020-2039,14.654277286210359,36.20976638793945,-13.012660026550291,2226.7440787211212,896.0552881877207,69.99084878708129,8.611251683830488,23.616027438918263,-13.112282921170136,3.866871580359054,9.140280723571776,166.23744292237444,979,180.28849269605143,915.6417846679688,76.66860730593608,655
