,state,county,gisjoin,year range,avg temp,max temp,min temp,hdd,cdd,avg rh,average dp,max dp,min dp,avg wind speed,max wind speed,avg ghr,max ghr,avg dnr,max dnr,avg dhr,max dhr
0,MD,Charles County,G2400170,2060-2079,16.469909596565703,37.39194869995117,-11.818265914916992,1921.8709808777114,1253.8879836242188,71.72419512065034,10.760300481585256,26.608270311675128,-12.275700462504195,4.055046634151511,13.58105754852295,166.23744292237444,979,176.05843368451568,910.3687133789062,76.66860730593608,655
