,state,county,gisjoin,year range,avg temp,max temp,min temp,hdd,cdd,avg rh,average dp,max dp,min dp,avg wind speed,max wind speed,avg ghr,max ghr,avg dnr,max dnr,avg dhr,max dhr
0,AL,Pike County,G0101090,2000-2019,18.814760156433188,37.48764801025391,-10.782940864562988,1280.5545714560822,1468.4420285542865,69.14162988270799,12.317706147575556,24.896166886490185,-10.782941246629765,3.3826354637129668,8.513391494750977,183.5310502283105,1010,200.29711863761307,946.7678833007812,78.90730593607306,592
