,state,county,gisjoin,year range,avg temp,max temp,min temp,hdd,cdd,avg rh,average dp,max dp,min dp,avg wind speed,max wind speed,avg ghr,max ghr,avg dnr,max dnr,avg dhr,max dhr
0,CA,Mariposa County,G0600430,2060-2079,16.549279128922016,40.78289031982422,-3.645530462265015,1805.7560875041029,1166.7429695606913,53.64684638977051,4.729575678574404,17.399130138870813,-5.365189580326473,3.1946631359727413,9.132124900817873,214.01974885844749,1002,217.1892346102014,965.4918823242188,67.65388127853882,464
