,state,county,gisjoin,year range,avg temp,max temp,min temp,hdd,cdd,avg rh,average dp,max dp,min dp,avg wind speed,max wind speed,avg ghr,max ghr,avg dnr,max dnr,avg dhr,max dhr
0,KY,Knott County,G2101190,2000-2019,13.262990760771169,34.35733413696289,-18.05666732788086,2534.93140140782,696.4230290890156,69.86673539174747,7.158802328478797,21.62596241731493,-18.05666887596294,3.7190764289876643,8.946616172790527,167.09063926940638,986,189.56970966644602,963.601806640625,74.89417808219179,524
