,state,county,gisjoin,year range,avg temp,max temp,min temp,hdd,cdd,avg rh,average dp,max dp,min dp,avg wind speed,max wind speed,avg ghr,max ghr,avg dnr,max dnr,avg dhr,max dhr
0,PA,Indiana County,G4200630,1980-1999,9.157603949132715,33.768001556396484,-19.71266746520996,3751.031111660745,414.05655309359867,68.2641720164312,2.7976236180820684,20.48517139435372,-19.82036501576126,4.6089779060180875,10.798137664794922,143.3818493150685,958,184.0282677751354,955.135009765625,74.57990867579909,605
