,state,county,gisjoin,year range,avg temp,max temp,min temp,hdd,cdd,avg rh,average dp,max dp,min dp,avg wind speed,max wind speed,avg ghr,max ghr,avg dnr,max dnr,avg dhr,max dhr
0,NC,Pasquotank County,G3701390,1980-1999,15.50254033690395,35.66374969482422,-12.618124961853027,1952.7960423601342,931.7232653300601,70.4593261198366,9.551954667158165,23.43702770595764,-12.934466201868371,4.429494912657019,11.42988109588623,181.76232876712328,985,186.13553963820218,926.2699584960938,69.69851598173516,553
