,state,county,gisjoin,year range,avg temp,max temp,min temp,hdd,cdd,avg rh,average dp,max dp,min dp,avg wind speed,max wind speed,avg ghr,max ghr,avg dnr,max dnr,avg dhr,max dhr
0,MN,Big Stone County,G2700110,1980-1999,5.966932452138042,34.1485710144043,-29.600000381469727,4904.826751912556,403.2570969422666,61.278072976303974,-1.867348495719425,20.6280729003475,-30.156157552850107,4.429476957125207,12.255393028259276,153.01632420091323,943,178.1510399281915,897.00341796875,62.74897260273973,517
