,state,county,gisjoin,year range,avg temp,max temp,min temp,hdd,cdd,avg rh,average dp,max dp,min dp,avg wind speed,max wind speed,avg ghr,max ghr,avg dnr,max dnr,avg dhr,max dhr
0,MN,Big Stone County,G2700110,2060-2079,10.177915157295113,40.47666549682617,-25.13671112060547,3845.7844662342127,881.2234986464633,64.49399744865556,2.9895985170214403,24.54722737660861,-25.47208341715748,4.139023818381845,8.427999496459961,153.01632420091323,943,170.18912057241525,879.2294311523438,62.74897260273973,517
