,state,county,gisjoin,year range,avg temp,max temp,min temp,hdd,cdd,avg rh,average dp,max dp,min dp,avg wind speed,max wind speed,avg ghr,max ghr,avg dnr,max dnr,avg dhr,max dhr
0,TN,Macon County,G4701110,1980-1999,13.914401106956229,36.42250061035156,-21.627500534057617,2431.5989115670454,830.8553156058512,69.65637567576752,7.711321128047061,21.473233606819903,-21.62750140481907,3.6841143505622265,9.507777214050291,154.85513698630137,1017,193.87029856388983,946.4552612304688,75.64566210045662,668
