,state,county,gisjoin,year range,avg temp,max temp,min temp,hdd,cdd,avg rh,average dp,max dp,min dp,avg wind speed,max wind speed,avg ghr,max ghr,avg dnr,max dnr,avg dhr,max dhr
0,TN,Macon County,G4701110,2080-2099,18.703808990040326,40.90446472167969,-11.718875885009766,1560.0988616889401,1707.489143053606,71.48670712997924,12.758943322619846,27.90942245777695,-11.718876491964524,3.7083590993326006,9.840208053588867,154.85513698630137,1017,185.56084362754447,941.9995727539062,75.64566210045662,668
