,state,county,gisjoin,year range,avg temp,max temp,min temp,hdd,cdd,avg rh,average dp,max dp,min dp,avg wind speed,max wind speed,avg ghr,max ghr,avg dnr,max dnr,avg dhr,max dhr
0,IN,St. Joseph County,G1801410,2020-2039,11.336063941299985,35.91999435424805,-22.037437438964844,3217.7704646823554,675.9338032563898,70.61160865374352,5.566098901680641,24.08698267743568,-22.037439388450217,4.830200738517661,11.830958366394045,159.8851598173516,979,175.39575099358547,922.7432250976562,78.82260273972602,516
