,state,county,gisjoin,year range,avg temp,max temp,min temp,hdd,cdd,avg rh,average dp,max dp,min dp,avg wind speed,max wind speed,avg ghr,max ghr,avg dnr,max dnr,avg dhr,max dhr
0,MA,Hampshire County,G2500150,2040-2059,11.788811468413593,36.87796401977539,-21.6059513092041,3127.2273484832162,750.6435344537531,70.41887866851945,5.8509709669892676,24.49395163136388,-21.605952095215567,5.336634232028978,12.58292293548584,145.7826484018265,960,175.2715994119859,918.083740234375,73.44509132420092,581
