,state,county,gisjoin,year range,avg temp,max temp,min temp,hdd,cdd,avg rh,average dp,max dp,min dp,avg wind speed,max wind speed,avg ghr,max ghr,avg dnr,max dnr,avg dhr,max dhr
0,FL,Madison County,G1200790,2000-2019,20.602878473831403,37.15999984741211,-6.682222843170166,918.5456078716365,1759.0962508200437,69.18374079961211,14.015261799621616,24.58021384214268,-6.68222301158619,3.1772331361629105,7.910002708435059,183.9345890410959,1004,201.4458175211188,938.7451782226562,84.0933789954338,634
