,state,county,gisjoin,year range,avg temp,max temp,min temp,hdd,cdd,avg rh,average dp,max dp,min dp,avg wind speed,max wind speed,avg ghr,max ghr,avg dnr,max dnr,avg dhr,max dhr
0,MA,Bristol County,G2500050,2000-2019,11.11973139449372,34.501426696777344,-16.25,3143.896802393998,523.0987613837159,70.55952333903204,5.359401407728538,24.19780979106688,-16.250001223971168,5.239909662204246,13.028367042541504,162.06940639269408,964,175.03158041011977,920.355712890625,72.19657534246575,509
