,state,county,gisjoin,year range,avg temp,max temp,min temp,hdd,cdd,avg rh,average dp,max dp,min dp,avg wind speed,max wind speed,avg ghr,max ghr,avg dnr,max dnr,avg dhr,max dhr
0,MA,Bristol County,G2500050,2040-2059,13.098760623360354,37.61211395263672,-13.8887300491333,2698.334213815525,799.8818413416972,71.9833094289858,7.58454326003573,26.690509989664264,-13.888730745506342,5.220507010341235,12.509601593017578,162.06940639269408,964,169.31886983687403,892.669921875,72.19657534246575,509
