,state,county,gisjoin,year range,avg temp,max temp,min temp,hdd,cdd,avg rh,average dp,max dp,min dp,avg wind speed,max wind speed,avg ghr,max ghr,avg dnr,max dnr,avg dhr,max dhr
0,KS,Harper County,G2000770,2020-2039,15.557217933502464,41.38498306274414,-18.115556716918945,2308.1783541792024,1307.0628999075016,63.587175196164274,7.741495615716168,24.111527275464624,-18.115558844206944,4.551912107369671,9.729463577270508,178.28470319634704,997,196.56921697830074,937.0022583007812,70.87100456621005,618
