,state,county,gisjoin,year range,avg temp,max temp,min temp,hdd,cdd,avg rh,average dp,max dp,min dp,avg wind speed,max wind speed,avg ghr,max ghr,avg dnr,max dnr,avg dhr,max dhr
0,IL,McLean County,G1701130,2000-2019,11.283715226461464,34.10733413696289,-26.42133331298828,3320.309494068068,759.365551726064,69.1763446104581,5.100098342049023,23.227477993154924,-26.4213341243867,4.792421595065017,10.438100814819336,159.35422374429223,961,184.2102086010155,916.6614379882812,73.8697488584475,579
