,state,county,gisjoin,year range,avg temp,max temp,min temp,hdd,cdd,avg rh,average dp,max dp,min dp,avg wind speed,max wind speed,avg ghr,max ghr,avg dnr,max dnr,avg dhr,max dhr
0,IL,McLean County,G1701130,2040-2059,13.627249092562835,38.2476806640625,-19.513233184814453,2777.1123577251747,1071.5582765103015,68.76289841921907,7.226129465989877,25.63686847277569,-20.05812694213169,4.689094310400148,10.675869941711426,159.35422374429223,961,180.12550075121064,913.4810180664062,73.8697488584475,579
