,state,county,gisjoin,year range,avg temp,max temp,min temp,hdd,cdd,avg rh,average dp,max dp,min dp,avg wind speed,max wind speed,avg ghr,max ghr,avg dnr,max dnr,avg dhr,max dhr
0,ND,Wells County,G3801030,2020-2039,6.487649313609417,37.18365859985352,-32.609344482421875,4757.110401376535,445.6024008433099,56.42333526066994,-2.786435540491343,18.245263219967832,-33.0838252762097,4.896235773824666,11.721195220947266,153.87705479452055,944,178.86173424285764,886.7144775390625,58.25696347031963,570
