,state,county,gisjoin,year range,avg temp,max temp,min temp,hdd,cdd,avg rh,average dp,max dp,min dp,avg wind speed,max wind speed,avg ghr,max ghr,avg dnr,max dnr,avg dhr,max dhr
0,SC,McCormick County,G4500650,1980-1999,15.901982753198103,36.823123931884766,-8.900625228881836,1864.6587848116696,989.3824897289932,67.92621753096036,9.180101341114595,21.573681681961947,-9.128150771235555,3.4762015421096595,8.50440502166748,193.16130136986303,1021,200.57025611724293,938.6438598632812,78.90285388127855,537
