,state,county,gisjoin,year range,avg temp,max temp,min temp,hdd,cdd,avg rh,average dp,max dp,min dp,avg wind speed,max wind speed,avg ghr,max ghr,avg dnr,max dnr,avg dhr,max dhr
0,KY,Trimble County,G2102230,2060-2079,15.600679202256012,37.317508697509766,-18.23843765258789,2176.414107790992,1191.1620166143514,71.91652396672393,9.904088928296451,25.716511257820528,-18.238439485209145,4.280661673170247,11.079907417297363,153.51255707762556,995,179.57478743188773,921.917724609375,75.63127853881278,626
