,state,county,gisjoin,year range,avg temp,max temp,min temp,hdd,cdd,avg rh,average dp,max dp,min dp,avg wind speed,max wind speed,avg ghr,max ghr,avg dnr,max dnr,avg dhr,max dhr
0,VA,Virginia Beach city,G5108100,1980-1999,15.310954711208637,34.383750915527344,-9.33562469482422,1980.8010502498103,889.7995198409377,71.42552930753526,9.67354908632588,23.870165432669506,-9.394602157503552,4.304937064484374,10.385831832885742,213.1049086757991,1021,178.7743436528811,922.20556640625,72.24189497716895,476
