,state,county,gisjoin,year range,avg temp,max temp,min temp,hdd,cdd,avg rh,average dp,max dp,min dp,avg wind speed,max wind speed,avg ghr,max ghr,avg dnr,max dnr,avg dhr,max dhr
0,VA,Virginia Beach city,G5108100,2080-2099,20.52482742095083,39.02143478393555,-2.1387624740600586,1159.7083829283588,1971.7703915753216,74.36552111960981,15.367742961425094,31.614167656019195,-2.755159353095213,4.305709878385883,11.453133583068848,213.1049086757991,1021,165.66815762810225,895.9711303710938,72.24189497716895,476
