,state,county,gisjoin,year range,avg temp,max temp,min temp,hdd,cdd,avg rh,average dp,max dp,min dp,avg wind speed,max wind speed,avg ghr,max ghr,avg dnr,max dnr,avg dhr,max dhr
0,WV,Hampshire County,G5400270,1980-1999,9.893309708905393,34.669334411621094,-20.432666778564453,3539.9824663959157,471.54051014583564,68.60454138751443,3.612114502087369,20.95136091210961,-20.550437365199585,4.2116778677457,12.418770790100098,172.51221461187214,1037,188.0331312112888,959.7069702148438,71.65251141552511,619
