,state,county,gisjoin,year range,avg temp,max temp,min temp,hdd,cdd,avg rh,average dp,max dp,min dp,avg wind speed,max wind speed,avg ghr,max ghr,avg dnr,max dnr,avg dhr,max dhr
0,WV,Hampshire County,G5400270,2000-2019,11.47555941883626,34.50333404541016,-16.799333572387695,3091.158905930554,600.23809380534,67.69119273908606,4.907605003573139,21.40598266753107,-17.03902016776909,4.15999515448531,10.863377571105955,172.51221461187214,1037,186.6604532260415,960.257568359375,71.65251141552511,619
