,state,county,gisjoin,year range,avg temp,max temp,min temp,hdd,cdd,avg rh,average dp,max dp,min dp,avg wind speed,max wind speed,avg ghr,max ghr,avg dnr,max dnr,avg dhr,max dhr
0,WV,Hampshire County,G5400270,2080-2099,15.579470741796333,37.61621856689453,-11.606736183166504,2187.3561596897516,1194.362980445299,69.13661066865268,9.162982095389095,24.18690722779909,-11.606736359448377,4.373700575632592,12.6085786819458,172.51221461187214,1037,179.19852748159047,919.8652954101562,71.65251141552511,619
