,state,county,gisjoin,year range,avg temp,max temp,min temp,hdd,cdd,avg rh,average dp,max dp,min dp,avg wind speed,max wind speed,avg ghr,max ghr,avg dnr,max dnr,avg dhr,max dhr
0,CO,Chaffee County,G0800150,2020-2039,7.794193033635729,33.49555587768555,-28.53298759460449,4224.384533879843,389.7649911562632,40.14535910157853,-6.613592649158286,10.511971570927937,-28.85411760896344,4.347179156786775,10.019153594970703,191.01837899543378,1062,236.73524101389552,1024.2257080078125,65.93059360730594,519
