,state,county,gisjoin,year range,avg temp,max temp,min temp,hdd,cdd,avg rh,average dp,max dp,min dp,avg wind speed,max wind speed,avg ghr,max ghr,avg dnr,max dnr,avg dhr,max dhr
0,CO,Chaffee County,G0800150,2040-2059,8.599373033926232,34.14322662353516,-24.862951278686523,3988.7936809951466,448.06483837764614,41.759556198337854,-5.453493557943633,9.49330744287056,-26.27708534649312,4.175411126384996,8.728269577026367,191.01837899543378,1062,235.94830593867422,1017.6549682617188,65.93059360730594,519
