,state,county,gisjoin,year range,avg temp,max temp,min temp,hdd,cdd,avg rh,average dp,max dp,min dp,avg wind speed,max wind speed,avg ghr,max ghr,avg dnr,max dnr,avg dhr,max dhr
0,CO,Chaffee County,G0800150,2080-2099,10.734367917388473,36.404335021972656,-19.241374969482425,3423.772174879849,662.316464726161,40.454912464803755,-3.990169518169594,11.797983441574049,-21.78496106925209,4.158683850993849,9.627696990966797,191.01837899543378,1062,234.93311565500272,1025.8211669921875,65.93059360730594,519
