,state,county,gisjoin,year range,avg temp,max temp,min temp,hdd,cdd,avg rh,average dp,max dp,min dp,avg wind speed,max wind speed,avg ghr,max ghr,avg dnr,max dnr,avg dhr,max dhr
0,TN,Sullivan County,G4701630,2040-2059,15.481882848688223,36.18177032470703,-10.094441413879396,2033.4703939149624,1004.85763368613,68.58663768811857,8.998117382124773,21.89848431445245,-10.314445009524457,3.5573742108802273,10.443321228027344,174.4488584474886,1002,188.8698806107024,960.3555908203124,78.19623287671233,505
