,state,county,gisjoin,year range,avg temp,max temp,min temp,hdd,cdd,avg rh,average dp,max dp,min dp,avg wind speed,max wind speed,avg ghr,max ghr,avg dnr,max dnr,avg dhr,max dhr
0,NE,Seward County,G3101590,2020-2039,12.097107504205717,37.3492546081543,-22.714488983154297,3166.962973302208,902.90721233691,61.693079569132905,4.058211414556834,23.86799286105744,-23.29740395918148,4.482592187842277,9.062959671020508,167.31952054794522,988,186.7390378226343,933.3509521484376,68.237899543379,581
