,state,county,gisjoin,year range,avg temp,max temp,min temp,hdd,cdd,avg rh,average dp,max dp,min dp,avg wind speed,max wind speed,avg ghr,max ghr,avg dnr,max dnr,avg dhr,max dhr
0,KS,Reno County,G2001550,2080-2099,18.610500609714826,46.08125686645508,-13.905611038208008,1829.6530172256337,1942.9857397713922,62.862324491918905,10.397866453909836,28.322418799409665,-13.905611551590324,4.6483919533420375,10.553543090820312,190.04041095890412,1004,188.89568391806006,927.772216796875,65.58972602739726,565
