,state,county,gisjoin,year range,avg temp,max temp,min temp,hdd,cdd,avg rh,average dp,max dp,min dp,avg wind speed,max wind speed,avg ghr,max ghr,avg dnr,max dnr,avg dhr,max dhr
0,WY,Fremont County,G5600130,2060-2079,10.5866781120693,39.6363639831543,-24.880037307739254,3658.150470859693,842.7879817645154,43.08069512495712,-3.097546167054224,15.85447403280854,-27.45704207478036,1.8460832454570353,5.322073459625244,188.78207762557076,1016,211.38272778153714,963.2799072265624,59.39646118721461,502
