,state,county,gisjoin,year range,avg temp,max temp,min temp,hdd,cdd,avg rh,average dp,max dp,min dp,avg wind speed,max wind speed,avg ghr,max ghr,avg dnr,max dnr,avg dhr,max dhr
0,WY,Fremont County,G5600130,2080-2099,12.738880340338651,42.12664794921875,-19.724048614501957,3127.2730223445956,1097.4643465678441,43.12956439893539,-1.2775154714478758,14.667899727258847,-23.46289294523024,1.9049877224719687,5.603806018829346,188.78207762557076,1016,211.68948709520345,948.7698974609376,59.39646118721461,502
