,state,county,gisjoin,year range,avg temp,max temp,min temp,hdd,cdd,avg rh,average dp,max dp,min dp,avg wind speed,max wind speed,avg ghr,max ghr,avg dnr,max dnr,avg dhr,max dhr
0,NC,Tyrrell County,G3701770,2000-2019,17.35769110273285,35.30249786376953,-7.544374942779541,1575.2999463448407,1231.3571988424478,71.04904584340309,11.515890933388953,24.69640805655853,-7.544375645766968,3.084819131354763,7.407686710357666,181.76232876712328,985,183.13188157516097,940.543701171875,69.69851598173516,553
