,state,county,gisjoin,year range,avg temp,max temp,min temp,hdd,cdd,avg rh,average dp,max dp,min dp,avg wind speed,max wind speed,avg ghr,max ghr,avg dnr,max dnr,avg dhr,max dhr
0,NC,Tyrrell County,G3701770,2060-2079,19.018098527153626,36.5376205444336,-8.968067169189453,1266.0754639391148,1528.1814263502438,72.13792431082355,13.382308045821597,25.47190462698309,-8.968067255200214,3.112198665044079,7.187490940093994,181.76232876712328,985,178.96863059715645,876.6812133789062,69.69851598173516,553
