,state,county,gisjoin,year range,avg temp,max temp,min temp,hdd,cdd,avg rh,average dp,max dp,min dp,avg wind speed,max wind speed,avg ghr,max ghr,avg dnr,max dnr,avg dhr,max dhr
0,LA,St. Martin Parish,G2200990,2060-2079,22.352870054992945,37.09627532958984,-1.08971107006073,655.477946564704,2134.7755166369334,73.2368473531993,16.804001819850956,28.90942705985531,-1.089711190201104,3.062374318299228,7.913639545440674,192.95947488584474,1022,188.60378774371276,875.074462890625,78.88447488584475,608
