,state,county,gisjoin,year range,avg temp,max temp,min temp,hdd,cdd,avg rh,average dp,max dp,min dp,avg wind speed,max wind speed,avg ghr,max ghr,avg dnr,max dnr,avg dhr,max dhr
0,OH,Fulton County,G3900510,2000-2019,10.291871077893402,36.43600082397461,-26.6560001373291,3561.246832252531,638.2797756831151,68.71261751118315,4.086032066571807,22.981296293015102,-26.65600127748881,4.535355884176956,11.457347869873049,162.75228310502283,957,178.41824435149405,902.650634765625,77.57876712328768,483
