,state,county,gisjoin,year range,avg temp,max temp,min temp,hdd,cdd,avg rh,average dp,max dp,min dp,avg wind speed,max wind speed,avg ghr,max ghr,avg dnr,max dnr,avg dhr,max dhr
0,OH,Fulton County,G3900510,2020-2039,11.090575709829784,36.331390380859375,-23.598194122314453,3308.1819915827314,676.7421256701509,68.97482045164935,4.8802250746762565,23.94122602533985,-23.598194778248832,4.4644043285008435,10.502031326293944,162.75228310502283,957,177.11772630042884,917.9149169921876,77.57876712328768,483
