,state,county,gisjoin,year range,avg temp,max temp,min temp,hdd,cdd,avg rh,average dp,max dp,min dp,avg wind speed,max wind speed,avg ghr,max ghr,avg dnr,max dnr,avg dhr,max dhr
0,OH,Fulton County,G3900510,2040-2059,12.292731640262893,40.62361526489258,-19.748998641967773,3037.399502913524,844.7465516090888,70.314089531659,6.33135926336838,24.229558542156123,-19.74900076664264,4.495024062713531,11.744243621826172,162.75228310502283,957,174.69152488001131,913.8010864257812,77.57876712328768,483
