,state,county,gisjoin,year range,avg temp,max temp,min temp,hdd,cdd,avg rh,average dp,max dp,min dp,avg wind speed,max wind speed,avg ghr,max ghr,avg dnr,max dnr,avg dhr,max dhr
0,NC,Mecklenburg County,G3701190,1980-1999,15.356502923884133,36.80882263183594,-9.5211763381958,2035.322354457748,960.945921675429,68.09055007908442,8.73257021221899,21.53093150743296,-10.570595425935936,3.433873703055186,7.72833776473999,186.27317351598174,1013,194.27568939058196,939.0386352539062,75.83367579908676,576
