,state,county,gisjoin,year range,avg temp,max temp,min temp,hdd,cdd,avg rh,average dp,max dp,min dp,avg wind speed,max wind speed,avg ghr,max ghr,avg dnr,max dnr,avg dhr,max dhr
0,MN,Benton County,G2700090,1980-1999,5.406590430666871,33.40666580200195,-34.4183349609375,5054.9947047772985,348.90021197000465,65.79457924463978,-1.2773801056353358,20.53541947348952,-34.418338844859115,4.920476809919697,11.514668464660645,161.16518264840184,956,175.55130817153614,903.6683959960938,68.087899543379,587
