,state,county,gisjoin,year range,avg temp,max temp,min temp,hdd,cdd,avg rh,average dp,max dp,min dp,avg wind speed,max wind speed,avg ghr,max ghr,avg dnr,max dnr,avg dhr,max dhr
0,MN,Benton County,G2700090,2020-2039,7.506985883033658,36.68495178222656,-29.87287139892578,4472.930529064085,533.4803763707694,66.05513798526432,0.8092881426035595,21.745918290612504,-29.87287394030577,4.68616877500325,9.94472885131836,161.16518264840184,956,174.1022017238568,883.0399169921875,68.087899543379,587
