,state,county,gisjoin,year range,avg temp,max temp,min temp,hdd,cdd,avg rh,average dp,max dp,min dp,avg wind speed,max wind speed,avg ghr,max ghr,avg dnr,max dnr,avg dhr,max dhr
0,OK,Comanche County,G4000310,1980-1999,16.01634591722156,40.09562301635742,-11.446874618530272,2069.4466508345845,1235.9129106204452,61.58566988548732,7.6068030080461915,22.300978455570792,-12.738871731860597,4.690336287892572,9.753642082214355,200.69417808219177,1004,206.8488628168148,956.8115234375,67.98835616438356,669
