,state,county,gisjoin,year range,avg temp,max temp,min temp,hdd,cdd,avg rh,average dp,max dp,min dp,avg wind speed,max wind speed,avg ghr,max ghr,avg dnr,max dnr,avg dhr,max dhr
0,OK,Comanche County,G4000310,2020-2039,18.245698208730804,43.32761001586914,-11.887006759643556,1703.3107273943158,1683.4905735809825,61.34504047038892,9.745562291269835,24.97914924109401,-12.43023920325723,4.759601563378556,9.762200355529783,200.69417808219177,1004,204.2945504677821,960.80615234375,67.98835616438356,669
