,state,county,gisjoin,year range,avg temp,max temp,min temp,hdd,cdd,avg rh,average dp,max dp,min dp,avg wind speed,max wind speed,avg ghr,max ghr,avg dnr,max dnr,avg dhr,max dhr
0,OK,Atoka County,G4000050,2060-2079,19.672592343856287,42.70915603637695,-5.8954291343688965,1396.678111963568,1897.6743174710452,69.19648474754264,13.094045609158146,26.34140632083028,-6.241855663240366,4.151379870062005,8.971624374389648,188.34063926940638,1009,195.1669852623063,925.9959716796876,67.10536529680365,534
