,state,county,gisjoin,year range,avg temp,max temp,min temp,hdd,cdd,avg rh,average dp,max dp,min dp,avg wind speed,max wind speed,avg ghr,max ghr,avg dnr,max dnr,avg dhr,max dhr
0,AR,Ashley County,G0500030,2040-2059,19.807902569491276,39.2078742980957,-7.030021190643311,1263.727873641873,1814.112311506171,68.2714446196273,12.999929075435482,26.16202493977112,-7.030021474201203,3.6976767103965966,9.298643112182615,184.10011415525113,996,196.1763014153984,905.3078002929688,77.17762557077626,631
