,state,county,gisjoin,year range,avg temp,max temp,min temp,hdd,cdd,avg rh,average dp,max dp,min dp,avg wind speed,max wind speed,avg ghr,max ghr,avg dnr,max dnr,avg dhr,max dhr
0,PA,Adams County,G4200010,2020-2039,12.631608991837103,37.49514389038086,-18.66651725769043,2843.880268130449,774.9175501505998,69.8535830197269,6.578117547622616,22.12000568717375,-18.666519068179223,5.119875951662456,13.090965270996094,162.18550228310502,986,180.7196699555951,914.9298706054688,78.03287671232877,529
