,state,county,gisjoin,year range,avg temp,max temp,min temp,hdd,cdd,avg rh,average dp,max dp,min dp,avg wind speed,max wind speed,avg ghr,max ghr,avg dnr,max dnr,avg dhr,max dhr
0,PA,Adams County,G4200010,2060-2079,14.733395495494452,36.20572280883789,-10.378867149353027,2328.4552864819384,1026.644642337226,71.00273156601544,8.882613220396493,26.223494361037588,-10.37886746422047,5.294373557665577,12.042973518371582,162.18550228310502,986,176.57684377353524,921.3512573242188,78.03287671232877,529
