,state,county,gisjoin,year range,avg temp,max temp,min temp,hdd,cdd,avg rh,average dp,max dp,min dp,avg wind speed,max wind speed,avg ghr,max ghr,avg dnr,max dnr,avg dhr,max dhr
0,PA,Adams County,G4200010,2080-2099,16.69820881829295,40.09262847900391,-8.428309440612793,1964.4012390340647,1379.7474577109608,70.87173590725415,10.751859986356738,26.692147430580853,-8.830764485965478,5.264880652623634,12.992541313171388,162.18550228310502,986,173.88505809187572,908.1067504882812,78.03287671232877,529
