,state,county,gisjoin,year range,avg temp,max temp,min temp,hdd,cdd,avg rh,average dp,max dp,min dp,avg wind speed,max wind speed,avg ghr,max ghr,avg dnr,max dnr,avg dhr,max dhr
0,NV,Lincoln County,G3200170,1980-1999,11.765196081187117,36.42625045776367,-17.926250457763672,3095.7847242202774,710.5812938531561,40.854994901892255,-3.2249133597460657,9.83894974432871,-19.984272680537263,4.703832448263691,10.821662902832031,229.4708904109589,1050,234.31727955845912,1020.6614379882812,55.07853881278539,459
