,state,county,gisjoin,year range,avg temp,max temp,min temp,hdd,cdd,avg rh,average dp,max dp,min dp,avg wind speed,max wind speed,avg ghr,max ghr,avg dnr,max dnr,avg dhr,max dhr
0,NV,Lincoln County,G3200170,2060-2079,15.196959529118187,41.39643478393555,-10.431805610656738,2370.2896146938633,1237.6798428218233,42.81860104118852,0.6423993682759741,13.90618065261422,-13.71762973915803,4.777595496313757,12.264331817626951,229.4708904109589,1050,233.34835842415524,1019.0537109375,55.07853881278539,459
