,state,county,gisjoin,year range,avg temp,max temp,min temp,hdd,cdd,avg rh,average dp,max dp,min dp,avg wind speed,max wind speed,avg ghr,max ghr,avg dnr,max dnr,avg dhr,max dhr
0,TX,Kent County,G4802630,2040-2059,19.88569888989215,44.21287536621094,-7.147472858428955,1425.7765355781978,2004.5566303887374,53.17729411691291,8.79092279251428,24.92293417639866,-9.926362306753036,4.202750861753612,9.659306526184082,223.54954337899542,1017,216.2940889041738,973.0462646484376,63.56061643835616,551
