,state,county,gisjoin,year range,avg temp,max temp,min temp,hdd,cdd,avg rh,average dp,max dp,min dp,avg wind speed,max wind speed,avg ghr,max ghr,avg dnr,max dnr,avg dhr,max dhr
0,LA,West Baton Rouge Parish,G2201210,1980-1999,19.514740904831417,35.000587463378906,-3.9458823204040527,1075.4165057875116,1518.7969360510367,72.00062513939322,13.73946185390388,24.30267597077617,-3.945882631372468,3.347580703807204,8.748285293579102,183.13926940639269,1024,197.4054098734975,912.4572143554688,79.14315068493151,522
