,state,county,gisjoin,year range,avg temp,max temp,min temp,hdd,cdd,avg rh,average dp,max dp,min dp,avg wind speed,max wind speed,avg ghr,max ghr,avg dnr,max dnr,avg dhr,max dhr
0,LA,West Baton Rouge Parish,G2201210,2020-2039,21.000417786483446,36.66036605834961,-5.495057106018066,853.3943955696723,1839.0468876360417,71.8298495044447,15.133769765119256,25.42100929635282,-5.495057601907931,3.383946921400828,8.570116996765137,183.13926940639269,1024,193.79940238705083,911.583251953125,79.14315068493151,522
