,state,county,gisjoin,year range,avg temp,max temp,min temp,hdd,cdd,avg rh,average dp,max dp,min dp,avg wind speed,max wind speed,avg ghr,max ghr,avg dnr,max dnr,avg dhr,max dhr
0,TX,Jim Wells County,G4802490,2040-2059,24.298575114173875,41.14585876464844,-4.580726146697998,541.978175777619,2731.4580924507795,59.68618866863861,15.110879447004898,27.02845393390437,-4.580726457068764,4.792886627509714,10.07358741760254,192.4291095890411,1015,212.3727079692573,960.55224609375,78.73550228310502,658
