,state,county,gisjoin,year range,avg temp,max temp,min temp,hdd,cdd,avg rh,average dp,max dp,min dp,avg wind speed,max wind speed,avg ghr,max ghr,avg dnr,max dnr,avg dhr,max dhr
0,MA,Worcester County,G2500270,2060-2079,11.875498870216173,33.986114501953125,-16.05526351928711,3040.819738483027,695.8768261115142,71.52266075796189,6.259915545525047,24.379658467448536,-16.055266081667813,4.5973694467653425,11.14081859588623,159.21563926940638,971,173.69190277833337,938.9097290039062,76.7898401826484,481
