,state,county,gisjoin,year range,avg temp,max temp,min temp,hdd,cdd,avg rh,average dp,max dp,min dp,avg wind speed,max wind speed,avg ghr,max ghr,avg dnr,max dnr,avg dhr,max dhr
0,IL,Mercer County,G1701310,2080-2099,15.298614895447743,40.435176849365234,-20.216732025146484,2494.6544424833005,1399.1488793214585,70.07973237102979,9.249737889106305,26.93262990253108,-20.618026767724515,3.9459388618599878,9.562488555908203,168.07956621004567,979,172.21816112390425,891.2556762695312,71.69132420091324,593
