,state,county,gisjoin,year range,avg temp,max temp,min temp,hdd,cdd,avg rh,average dp,max dp,min dp,avg wind speed,max wind speed,avg ghr,max ghr,avg dnr,max dnr,avg dhr,max dhr
0,PA,Lycoming County,G4200810,2040-2059,13.00076912683955,41.009521484375,-15.05271053314209,2805.970836433282,871.751567729365,69.14441252734564,6.698162296961556,23.648454451516717,-15.052711071377924,4.3043239862951514,11.546765327453612,155.9428082191781,984,175.19524479118,917.6034545898438,79.51541095890411,518
