,state,county,gisjoin,year range,avg temp,max temp,min temp,hdd,cdd,avg rh,average dp,max dp,min dp,avg wind speed,max wind speed,avg ghr,max ghr,avg dnr,max dnr,avg dhr,max dhr
0,VA,Albemarle County,G5100030,2000-2019,13.738799362797337,37.103126525878906,-12.860624313354492,2487.1861340666514,822.3479014873998,68.63545884476405,7.318728361064097,22.131346375128278,-12.860625266718008,3.3793360203912814,8.006747245788574,161.94954337899543,981,187.50789671445122,936.3011474609376,75.43458904109589,644
