,state,county,gisjoin,year range,avg temp,max temp,min temp,hdd,cdd,avg rh,average dp,max dp,min dp,avg wind speed,max wind speed,avg ghr,max ghr,avg dnr,max dnr,avg dhr,max dhr
0,VA,Albemarle County,G5100030,2020-2039,14.320184039274022,35.767364501953125,-12.883844375610352,2334.532728342776,881.8999026775908,67.47825097667572,7.61344455307908,22.07643445652613,-12.883845430812164,3.4531923805197624,7.834507465362549,161.94954337899543,981,187.62823282800642,926.427734375,75.43458904109589,644
