,state,county,gisjoin,year range,avg temp,max temp,min temp,hdd,cdd,avg rh,average dp,max dp,min dp,avg wind speed,max wind speed,avg ghr,max ghr,avg dnr,max dnr,avg dhr,max dhr
0,VA,Albemarle County,G5100030,2040-2059,15.595789756537464,38.29822540283203,-12.317770957946776,2090.5913991683333,1103.5546603044572,69.14213930047266,9.198616277597365,24.988335201174134,-12.31777179481229,3.3782213594815502,7.853228569030762,161.94954337899543,981,182.5116878499027,925.6730346679688,75.43458904109589,644
