,state,county,gisjoin,year range,avg temp,max temp,min temp,hdd,cdd,avg rh,average dp,max dp,min dp,avg wind speed,max wind speed,avg ghr,max ghr,avg dnr,max dnr,avg dhr,max dhr
0,MO,Webster County,G2902250,2020-2039,14.566045743844112,38.893402099609375,-22.491331100463867,2409.1960013146454,1046.3026978175455,68.60009030925629,8.115034365749716,22.925781636525475,-22.491332110082627,4.06777447086491,9.731470108032228,181.0912100456621,995,190.49140789451195,941.9212646484376,72.91883561643836,668
