,state,county,gisjoin,year range,avg temp,max temp,min temp,hdd,cdd,avg rh,average dp,max dp,min dp,avg wind speed,max wind speed,avg ghr,max ghr,avg dnr,max dnr,avg dhr,max dhr
0,OH,Trumbull County,G3901550,2080-2099,15.057187577486985,37.510589599609375,-13.447225570678713,2313.75749255211,1130.1309583346726,70.49705430383551,9.013951250000522,24.69811707439273,-13.44722618225399,4.279122338229663,10.20065975189209,151.76769406392694,994,169.69682760693246,926.3484497070312,81.35159817351598,494
