,state,county,gisjoin,year range,avg temp,max temp,min temp,hdd,cdd,avg rh,average dp,max dp,min dp,avg wind speed,max wind speed,avg ghr,max ghr,avg dnr,max dnr,avg dhr,max dhr
0,CA,Sacramento County,G0600670,2000-2019,17.33230799192594,44.246429443359375,-5.075714111328125,1509.3780316793257,1156.1704487324396,48.95738901166611,3.9335447168316455,12.2048995749149,-6.166240185230138,2.9098974027045785,7.104843616485596,205.83447488584474,1022,211.1936636563796,941.4853515625,64.13139269406393,501
