,state,county,gisjoin,year range,avg temp,max temp,min temp,hdd,cdd,avg rh,average dp,max dp,min dp,avg wind speed,max wind speed,avg ghr,max ghr,avg dnr,max dnr,avg dhr,max dhr
0,CA,Sacramento County,G0600670,2020-2039,17.82218672663737,40.546783447265625,-2.985624074935913,1337.858913840428,1163.4570690632536,47.74994549315814,4.081293754742563,13.624760048662722,-4.426761243752951,2.900718968208522,7.970719814300537,205.83447488584474,1022,211.81729454924968,946.608154296875,64.13139269406393,501
