,state,county,gisjoin,year range,avg temp,max temp,min temp,hdd,cdd,avg rh,average dp,max dp,min dp,avg wind speed,max wind speed,avg ghr,max ghr,avg dnr,max dnr,avg dhr,max dhr
0,CA,Sacramento County,G0600670,2040-2059,18.8954579874231,44.46358108520508,-3.057851552963257,1186.1481957405726,1403.4903611501459,49.26953634050883,5.416144902855542,14.724375267616985,-3.852892232413803,2.7990872824028745,6.498107433319092,205.83447488584474,1022,210.50030391621522,931.7332763671876,64.13139269406393,501
