,state,county,gisjoin,year range,avg temp,max temp,min temp,hdd,cdd,avg rh,average dp,max dp,min dp,avg wind speed,max wind speed,avg ghr,max ghr,avg dnr,max dnr,avg dhr,max dhr
0,WV,Randolph County,G5400830,2000-2019,10.792598307569358,32.496665954589844,-19.0086669921875,3234.4996400078894,494.29802227022014,69.05690950062721,4.510373482713384,20.586091242935357,-19.008668434376744,5.521364183621864,14.031789779663086,154.68687214611873,1009,183.95378725642064,969.3076171875,79.69942922374429,498
