,state,county,gisjoin,year range,avg temp,max temp,min temp,hdd,cdd,avg rh,average dp,max dp,min dp,avg wind speed,max wind speed,avg ghr,max ghr,avg dnr,max dnr,avg dhr,max dhr
0,WV,Randolph County,G5400830,2080-2099,14.848043169621473,36.14061737060547,-12.83142375946045,2265.7117353064036,1005.7474922180813,69.83245977223191,8.561764456239082,22.58267548025053,-13.438184188492668,5.894531788891309,15.861931800842283,154.68687214611873,1009,177.36446344764283,946.8126220703124,79.69942922374429,498
