,state,county,gisjoin,year range,avg temp,max temp,min temp,hdd,cdd,avg rh,average dp,max dp,min dp,avg wind speed,max wind speed,avg ghr,max ghr,avg dnr,max dnr,avg dhr,max dhr
0,IN,Marion County,G1800970,2040-2059,14.210237666412569,39.02457427978516,-15.434022903442385,2551.038182697811,1058.274930938147,71.0109527448541,8.397011693815402,26.60877491077019,-15.621952765224282,4.298956036417996,9.127734184265137,171.28881278538813,998,172.9081230388239,914.2945556640624,80.70970319634704,619
