,state,county,gisjoin,year range,avg temp,max temp,min temp,hdd,cdd,avg rh,average dp,max dp,min dp,avg wind speed,max wind speed,avg ghr,max ghr,avg dnr,max dnr,avg dhr,max dhr
0,IN,Marion County,G1800970,2060-2079,14.821607012479317,37.82654571533203,-13.196914672851562,2426.4344289573423,1156.820988512107,70.58860581476394,8.848430317380878,24.81750714329684,-14.626846061619608,4.150861316769634,9.57679843902588,171.28881278538813,998,174.0372414726404,893.1553344726562,80.70970319634704,619
