,state,county,gisjoin,year range,avg temp,max temp,min temp,hdd,cdd,avg rh,average dp,max dp,min dp,avg wind speed,max wind speed,avg ghr,max ghr,avg dnr,max dnr,avg dhr,max dhr
0,IA,Union County,G1901750,2040-2059,12.886332214051576,38.3899040222168,-20.961212158203125,2983.3127090263893,1007.3239671548777,67.08575593260325,6.153860100721181,24.39530490910012,-20.961213292264244,4.614606957566248,9.922118186950684,161.50125570776257,982,180.65831328570184,899.6058959960938,69.0560502283105,568
