,state,county,gisjoin,year range,avg temp,max temp,min temp,hdd,cdd,avg rh,average dp,max dp,min dp,avg wind speed,max wind speed,avg ghr,max ghr,avg dnr,max dnr,avg dhr,max dhr
0,AR,Crittenden County,G0500350,2000-2019,17.5838479318209,37.709999084472656,-6.184000015258789,1651.5141729647278,1390.1186680794324,70.44176886811104,11.507903274731177,24.49835871039204,-7.016355385043951,3.83483655746669,9.191205978393556,187.20479452054795,1007,188.12270168584323,923.9859619140624,76.79406392694064,575
