Measure,Output Type,Training RMSE,Testing RMSE,Training R2,Testing R2
2024_1_0,electricity,1813515.6924736071,2313588.8230057447,0.9747381372373827,0.9678646272114316
