Measure,Output Type,Training RMSE,Testing RMSE,Training R2,Testing R2
2024_1_0,electricity,0.05377861338340107,0.06916928076077423,0.9846498043799353,0.973526753248471
