,state,county,gisjoin,year range,avg temp,max temp,min temp,hdd,cdd,avg rh,average dp,max dp,min dp,avg wind speed,max wind speed,avg ghr,max ghr,avg dnr,max dnr,avg dhr,max dhr
0,KS,Pratt County,G2001510,1980-1999,13.005576893462544,39.179500579833984,-18.42099952697754,2842.572522379894,910.1080884933987,60.184406537008066,4.3809217793085375,22.317980062536343,-19.01845318172264,5.039362985929942,11.07061004638672,198.03082191780823,1007,204.89270336551792,973.0975952148438,61.66826484018265,578
