,state,county,gisjoin,year range,avg temp,max temp,min temp,hdd,cdd,avg rh,average dp,max dp,min dp,avg wind speed,max wind speed,avg ghr,max ghr,avg dnr,max dnr,avg dhr,max dhr
0,KS,Pratt County,G2001510,2000-2019,14.321815869307676,41.76100158691406,-18.32900047302246,2555.429875950222,1103.3926682472818,58.93727603198187,5.217006904189238,23.30537572246949,-22.263788052109348,5.0755326105035055,10.733261108398438,198.03082191780823,1007,203.71395788348963,969.661376953125,61.66826484018265,578
