,state,county,gisjoin,year range,avg temp,max temp,min temp,hdd,cdd,avg rh,average dp,max dp,min dp,avg wind speed,max wind speed,avg ghr,max ghr,avg dnr,max dnr,avg dhr,max dhr
0,KS,Pratt County,G2001510,2040-2059,16.332965746990403,43.367652893066406,-16.892810821533203,2180.0010880718633,1462.0335857232506,58.19748517639561,7.026468593355051,24.90400509991009,-16.91262377154431,4.934756082133071,10.79150676727295,198.03082191780823,1007,200.93907620273168,917.6322021484376,61.66826484018265,578
