,state,county,gisjoin,year range,avg temp,max temp,min temp,hdd,cdd,avg rh,average dp,max dp,min dp,avg wind speed,max wind speed,avg ghr,max ghr,avg dnr,max dnr,avg dhr,max dhr
0,MT,Broadwater County,G3000070,2020-2039,8.254450554959659,37.985313415527344,-31.059494018554688,4174.146648501855,507.52110106151434,50.43406092489147,-2.7298979213584462,14.48589099319122,-31.5836566204505,3.473055639332288,8.575528144836426,212.55011415525115,1048,190.22432354625178,934.62255859375,59.428082191780824,482
