,state,county,gisjoin,year range,avg temp,max temp,min temp,hdd,cdd,avg rh,average dp,max dp,min dp,avg wind speed,max wind speed,avg ghr,max ghr,avg dnr,max dnr,avg dhr,max dhr
0,MN,Aitkin County,G2700010,1980-1999,4.136265363028171,32.24357223510742,-38.244998931884766,5431.344431929897,261.5812894344266,63.007007030809305,-3.200157368353777,17.83593691268888,-38.24500073486551,4.670517686295183,10.882805824279783,136.84760273972603,952,175.1568217779628,887.5010986328125,64.32100456621005,618
