,state,county,gisjoin,year range,avg temp,max temp,min temp,hdd,cdd,avg rh,average dp,max dp,min dp,avg wind speed,max wind speed,avg ghr,max ghr,avg dnr,max dnr,avg dhr,max dhr
0,MN,Aitkin County,G2700010,2020-2039,6.608688382390534,32.917381286621094,-38.49038314819336,4708.060415115192,440.7316746870749,64.36465484997997,-0.5139165015213639,20.736027914645742,-38.490384775026406,4.600529486185883,10.412758827209473,136.84760273972603,952,173.65133485741947,890.4098510742188,64.32100456621005,618
