,state,county,gisjoin,year range,avg temp,max temp,min temp,hdd,cdd,avg rh,average dp,max dp,min dp,avg wind speed,max wind speed,avg ghr,max ghr,avg dnr,max dnr,avg dhr,max dhr
0,MN,Aitkin County,G2700010,2060-2079,8.66993348029523,33.91581726074219,-27.21697235107422,4167.500044571402,652.525764878622,65.70886694372517,1.814379904636926,23.504437434615905,-27.6833685003227,4.6061094293855644,10.406952857971191,136.84760273972603,952,169.8298665111884,898.6797485351562,64.32100456621005,618
