,state,county,gisjoin,year range,avg temp,max temp,min temp,hdd,cdd,avg rh,average dp,max dp,min dp,avg wind speed,max wind speed,avg ghr,max ghr,avg dnr,max dnr,avg dhr,max dhr
0,NY,Sullivan County,G3601050,2040-2059,10.77017803960493,36.95538711547852,-22.551414489746094,3349.8039725874028,601.4189570427247,71.10953453773777,5.0463701530401615,22.813198863514398,-22.55141748068193,5.49963379047777,15.234138488769531,151.28367579908675,961,178.12504707050115,928.4990844726562,69.55684931506849,543
