,state,county,gisjoin,year range,avg temp,max temp,min temp,hdd,cdd,avg rh,average dp,max dp,min dp,avg wind speed,max wind speed,avg ghr,max ghr,avg dnr,max dnr,avg dhr,max dhr
0,MI,Jackson County,G2600750,2060-2079,12.480524451399305,35.12461471557617,-21.98491859436035,2988.249720055753,864.1411448161293,68.68394277063135,6.164873067916653,24.90628503208317,-22.887627346460995,4.3477978364245535,9.969493865966797,146.5865296803653,971,173.7528381619236,912.8884887695312,73.99063926940639,611
