,state,county,gisjoin,year range,avg temp,max temp,min temp,hdd,cdd,avg rh,average dp,max dp,min dp,avg wind speed,max wind speed,avg ghr,max ghr,avg dnr,max dnr,avg dhr,max dhr
0,VA,Charles City County,G5100360,1980-1999,14.317309008956942,37.27937316894531,-17.469999313354492,2342.2515562356507,888.56934450473,69.10483616650377,8.021141974557878,24.856455889649396,-17.47000139898223,3.8873112090646402,12.206266403198242,177.37933789954337,997,186.74683799028895,928.4097900390624,76.71712328767123,520
