,state,county,gisjoin,year range,avg temp,max temp,min temp,hdd,cdd,avg rh,average dp,max dp,min dp,avg wind speed,max wind speed,avg ghr,max ghr,avg dnr,max dnr,avg dhr,max dhr
0,VA,Charles City County,G5100360,2000-2019,15.808007360075614,36.40187454223633,-8.322500228881836,2027.296329901944,1117.7190163295174,68.93473167833127,9.376172612283755,25.89114658800587,-8.322500175480481,3.9849065140502096,9.22502326965332,177.37933789954337,997,186.02943167621376,939.695556640625,76.71712328767123,520
