,state,county,gisjoin,year range,avg temp,max temp,min temp,hdd,cdd,avg rh,average dp,max dp,min dp,avg wind speed,max wind speed,avg ghr,max ghr,avg dnr,max dnr,avg dhr,max dhr
0,VA,Charles City County,G5100360,2020-2039,16.16926574767642,36.19611740112305,-10.78846549987793,1926.5751383000322,1148.8571362019327,68.5975375297407,9.64208668887328,25.009678457451628,-10.788466114299135,3.9130633994324566,9.869902610778809,177.37933789954337,997,185.56594883408349,936.19921875,76.71712328767123,520
