,state,county,gisjoin,year range,avg temp,max temp,min temp,hdd,cdd,avg rh,average dp,max dp,min dp,avg wind speed,max wind speed,avg ghr,max ghr,avg dnr,max dnr,avg dhr,max dhr
0,VA,Charles City County,G5100360,2040-2059,17.55526907294691,39.07705307006836,-16.94017219543457,1699.933976758119,1428.1071883837647,69.97274244931191,11.318972350888465,26.02884533478386,-16.940173163873013,4.001519239438723,10.896454811096191,177.37933789954337,997,180.3624191215702,910.31298828125,76.71712328767123,520
