,state,county,gisjoin,year range,avg temp,max temp,min temp,hdd,cdd,avg rh,average dp,max dp,min dp,avg wind speed,max wind speed,avg ghr,max ghr,avg dnr,max dnr,avg dhr,max dhr
0,NE,Perkins County,G3101350,2020-2039,10.861627962632259,40.602840423583984,-22.749792098999023,3485.1899274077964,770.1841337681194,55.43543152580523,0.8927640775991708,18.73992855743312,-25.80336095883608,4.101271490990843,10.655914306640623,188.1711187214612,1013,202.09567620325845,953.118896484375,62.824771689497716,506
