,state,county,gisjoin,year range,avg temp,max temp,min temp,hdd,cdd,avg rh,average dp,max dp,min dp,avg wind speed,max wind speed,avg ghr,max ghr,avg dnr,max dnr,avg dhr,max dhr
0,NE,Perkins County,G3101350,2060-2079,13.293855084005433,42.45193862915039,-15.995624542236328,2922.376103789435,1095.1332094510974,54.526083285732355,3.0055807461786532,20.61786974784207,-17.745396287784203,4.024771445703833,8.727420806884766,188.1711187214612,1013,198.39120692746675,939.3128662109376,62.824771689497716,506
