,state,county,gisjoin,year range,avg temp,max temp,min temp,hdd,cdd,avg rh,average dp,max dp,min dp,avg wind speed,max wind speed,avg ghr,max ghr,avg dnr,max dnr,avg dhr,max dhr
0,UT,Cache County,G4900050,2000-2019,9.285067753506278,36.13687515258789,-27.95437431335449,3902.072673719631,611.6224037488528,56.8791522836032,-0.30812970901656106,14.771812877128326,-27.95437492409935,3.3999608284806553,6.542734146118164,205.39657534246575,1028,207.83442538693,976.2546997070312,58.584931506849315,444
