,state,county,gisjoin,year range,avg temp,max temp,min temp,hdd,cdd,avg rh,average dp,max dp,min dp,avg wind speed,max wind speed,avg ghr,max ghr,avg dnr,max dnr,avg dhr,max dhr
0,KS,Russell County,G2001670,2040-2059,15.213781375979865,41.79777145385742,-18.178855895996094,2509.316954212798,1382.847156445243,58.98413659709774,6.022126885317761,25.35892472467762,-20.296295813983665,4.626802009235234,11.353533744812012,179.32739726027398,1043,195.13441833812024,921.6180419921876,65.21267123287672,551
