,state,county,gisjoin,year range,avg temp,max temp,min temp,hdd,cdd,avg rh,average dp,max dp,min dp,avg wind speed,max wind speed,avg ghr,max ghr,avg dnr,max dnr,avg dhr,max dhr
0,MS,Neshoba County,G2800990,1980-1999,16.869951802038575,35.14466857910156,-10.446666717529297,1695.434149599715,1173.466557343881,68.42597224461979,10.219497669862244,23.86367005366112,-10.4466680948766,3.559511048390985,9.23725700378418,184.9005707762557,1008,203.27156933621177,951.7078247070312,82.14463470319635,581
