,state,county,gisjoin,year range,avg temp,max temp,min temp,hdd,cdd,avg rh,average dp,max dp,min dp,avg wind speed,max wind speed,avg ghr,max ghr,avg dnr,max dnr,avg dhr,max dhr
0,MS,Neshoba County,G2800990,2080-2099,21.703019792971215,41.64787673950195,-6.41547441482544,1014.4502434520524,2256.552467886377,69.23613368866106,15.08373452339946,27.774523158433823,-6.415475171127668,3.506270269614104,8.616876602172852,184.9005707762557,1008,191.58792515745813,947.8972778320312,82.14463470319635,581
