,state,county,gisjoin,year range,avg temp,max temp,min temp,hdd,cdd,avg rh,average dp,max dp,min dp,avg wind speed,max wind speed,avg ghr,max ghr,avg dnr,max dnr,avg dhr,max dhr
0,TN,Rhea County,G4701430,2020-2039,15.79590573768521,36.94811630249024,-13.822327613830566,1977.6103539610758,1063.6159482161888,69.3930781802086,9.449631593534555,22.49031609937739,-13.82232828585009,4.087651118989949,10.535590171813965,161.43550228310502,982,191.12227830430635,971.025146484375,76.64235159817352,593
