,state,county,gisjoin,year range,avg temp,max temp,min temp,hdd,cdd,avg rh,average dp,max dp,min dp,avg wind speed,max wind speed,avg ghr,max ghr,avg dnr,max dnr,avg dhr,max dhr
0,MT,Golden Valley County,G3000370,1980-1999,6.942898236993224,34.72249984741211,-30.677499771118164,4491.098411093436,345.75626759528615,51.12307037207634,-4.0590770905128455,11.706173075738914,-30.677503888116554,3.796141002602773,8.238493919372559,161.72968036529682,973,192.33321610816552,931.2251586914062,64.70513698630137,471
