,state,county,gisjoin,year range,avg temp,max temp,min temp,hdd,cdd,avg rh,average dp,max dp,min dp,avg wind speed,max wind speed,avg ghr,max ghr,avg dnr,max dnr,avg dhr,max dhr
0,MT,Golden Valley County,G3000370,2040-2059,10.096795074847929,38.96186828613281,-31.84703826904297,3671.7725351396,677.602737458574,50.9858016225301,-1.0400810768978475,16.003704897447594,-32.28721541628659,3.6389075720146913,8.693220138549805,161.72968036529682,973,190.5900610275717,915.2427368164062,64.70513698630137,471
