,state,county,gisjoin,year range,avg temp,max temp,min temp,hdd,cdd,avg rh,average dp,max dp,min dp,avg wind speed,max wind speed,avg ghr,max ghr,avg dnr,max dnr,avg dhr,max dhr
0,OK,McClain County,G4000870,2020-2039,17.69460927553057,42.773712158203125,-11.060006141662598,1699.4733172130088,1478.5057027816756,64.83367717777757,10.15377326713977,24.362343459947,-11.06000730900452,4.665210645873797,9.3454008102417,198.92351598173516,1023,198.21750471318782,959.5975341796876,70.98858447488584,537
