,state,county,gisjoin,year range,avg temp,max temp,min temp,hdd,cdd,avg rh,average dp,max dp,min dp,avg wind speed,max wind speed,avg ghr,max ghr,avg dnr,max dnr,avg dhr,max dhr
0,OK,McClain County,G4000870,2080-2099,21.0608476220881,47.46290969848633,-9.458480834960938,1260.644853650452,2268.3542357124793,66.02685574701387,13.629742523822099,30.699041989821215,-9.45848166177016,4.7159161770044395,11.45512866973877,198.92351598173516,1023,190.4209530184904,915.870849609375,70.98858447488584,537
