,state,county,gisjoin,year range,avg temp,max temp,min temp,hdd,cdd,avg rh,average dp,max dp,min dp,avg wind speed,max wind speed,avg ghr,max ghr,avg dnr,max dnr,avg dhr,max dhr
0,MS,Tate County,G2801370,1980-1999,15.70005983842107,35.31999969482422,-11.702631950378418,2042.2565908369968,1093.278431860674,70.29419971470419,9.581812773441628,24.41535801522884,-11.900689146340287,3.9202660760923065,9.237871170043944,187.20479452054795,1007,193.82819927270248,938.4805908203124,76.2595890410959,575
