,state,county,gisjoin,year range,avg temp,max temp,min temp,hdd,cdd,avg rh,average dp,max dp,min dp,avg wind speed,max wind speed,avg ghr,max ghr,avg dnr,max dnr,avg dhr,max dhr
0,MS,Tate County,G2801370,2020-2039,17.48230618652845,37.962310791015625,-12.5187349319458,1674.5908757144289,1376.132633797393,70.92108293058665,11.485937919124344,25.01575532913793,-12.518735962496462,3.8281700549196436,9.395339965820312,187.20479452054795,1007,188.87100429873698,921.5389404296876,76.2595890410959,575
