,state,county,gisjoin,year range,avg temp,max temp,min temp,hdd,cdd,avg rh,average dp,max dp,min dp,avg wind speed,max wind speed,avg ghr,max ghr,avg dnr,max dnr,avg dhr,max dhr
0,MS,Tate County,G2801370,2060-2079,19.303920395391437,39.75178909301758,-7.387985706329346,1395.6593828336588,1762.0903271515187,70.98475276258982,13.219200293524127,27.02574902034177,-7.387986538564203,3.877913742577104,10.126242637634276,187.20479452054795,1007,186.69946391062484,911.2308959960938,76.2595890410959,575
