,state,county,gisjoin,year range,avg temp,max temp,min temp,hdd,cdd,avg rh,average dp,max dp,min dp,avg wind speed,max wind speed,avg ghr,max ghr,avg dnr,max dnr,avg dhr,max dhr
0,TX,Galveston County,G4801670,2000-2019,21.446842969349717,34.821502685546875,-1.524500012397766,709.569787929939,1858.1674717424737,73.57746785808372,16.141102719751114,26.1027724066906,-1.874175894251243,4.643155962800327,8.929776191711426,182.30547945205478,1029,188.0762778013364,940.5885009765624,79.79018264840182,627
