,state,county,gisjoin,year range,avg temp,max temp,min temp,hdd,cdd,avg rh,average dp,max dp,min dp,avg wind speed,max wind speed,avg ghr,max ghr,avg dnr,max dnr,avg dhr,max dhr
0,TX,Galveston County,G4801670,2040-2059,23.12554928239554,38.21675109863281,-0.4924330115318298,497.39031499250706,2258.71580306664,73.93571294736644,17.85181843518474,27.998988658929868,-0.4924330360220054,4.63257116716202,10.030049324035645,182.30547945205478,1029,181.30328007411444,882.2916259765625,79.79018264840182,627
