,state,county,gisjoin,year range,avg temp,max temp,min temp,hdd,cdd,avg rh,average dp,max dp,min dp,avg wind speed,max wind speed,avg ghr,max ghr,avg dnr,max dnr,avg dhr,max dhr
0,KS,Jefferson County,G2000870,2020-2039,13.904382880906347,38.23276138305664,-23.96372604370117,2644.557675939404,1040.1574274699485,67.13327507080008,7.173876241809358,25.55525358938544,-23.96372815432627,3.9674725075290627,8.116497993469238,178.83310502283106,982,184.4300133070622,921.916259765625,67.9568493150685,549
