,state,county,gisjoin,year range,avg temp,max temp,min temp,hdd,cdd,avg rh,average dp,max dp,min dp,avg wind speed,max wind speed,avg ghr,max ghr,avg dnr,max dnr,avg dhr,max dhr
0,KS,Jefferson County,G2000870,2080-2099,17.916247460155624,43.48772811889648,-10.543063163757324,1972.7251938266538,1832.6555167832937,66.60577902401964,10.854555683117974,28.070228447992296,-11.4069542099606,4.014638026446512,9.66927719116211,178.83310502283106,982,179.40947360189358,911.7427368164062,67.9568493150685,549
