,state,county,gisjoin,year range,avg temp,max temp,min temp,hdd,cdd,avg rh,average dp,max dp,min dp,avg wind speed,max wind speed,avg ghr,max ghr,avg dnr,max dnr,avg dhr,max dhr
0,SD,Lyman County,G4600850,2060-2079,12.351681614759492,42.05023956298828,-20.858129501342773,3359.698051894489,1188.561841281313,58.447836743097874,3.208743728829702,24.65380688174147,-22.227640055647765,3.9722216743448553,10.121332168579102,171.72705479452054,1001,186.08685243361214,897.3534545898438,66.66415525114155,632
