,state,county,gisjoin,year range,avg temp,max temp,min temp,hdd,cdd,avg rh,average dp,max dp,min dp,avg wind speed,max wind speed,avg ghr,max ghr,avg dnr,max dnr,avg dhr,max dhr
0,GA,Chattahoochee County,G1300530,2040-2059,20.271234253814804,38.06118774414063,-8.322320938110352,1089.2171229755083,1808.7176256178493,69.75337264744658,13.827267533567825,25.576845193374687,-8.322321445791014,3.3943796184237143,9.11016082763672,184.89771689497718,1000,196.00686434603583,928.2804565429688,81.58162100456622,657
