,state,county,gisjoin,year range,avg temp,max temp,min temp,hdd,cdd,avg rh,average dp,max dp,min dp,avg wind speed,max wind speed,avg ghr,max ghr,avg dnr,max dnr,avg dhr,max dhr
0,FL,Charlotte County,G1200150,2000-2019,23.770880453103143,35.93000030517578,0.2188235968351364,333.69374660415934,2330.56511198652,68.23761187971455,16.970824954382906,26.75426791175745,-1.468036121128258,3.4738128456350874,7.730348587036133,200.20365296803652,1025,199.10510225390573,941.9432373046876,84.40399543378996,604
