,state,county,gisjoin,year range,avg temp,max temp,min temp,hdd,cdd,avg rh,average dp,max dp,min dp,avg wind speed,max wind speed,avg ghr,max ghr,avg dnr,max dnr,avg dhr,max dhr
0,FL,Charlotte County,G1200150,2080-2099,26.181860556667797,38.533653259277344,2.034837484359741,220.17934770584668,3097.0584508891775,71.34668736740879,20.080134358515135,31.05809524363379,1.2919881244977194,3.4014908601159917,9.388964653015137,200.20365296803652,1025,188.08577909901203,893.9456787109375,84.40399543378996,604
