,state,county,gisjoin,year range,avg temp,max temp,min temp,hdd,cdd,avg rh,average dp,max dp,min dp,avg wind speed,max wind speed,avg ghr,max ghr,avg dnr,max dnr,avg dhr,max dhr
0,GA,Candler County,G1300430,2060-2079,20.896628457910783,39.58678817749024,-4.748521327972412,970.9300425652597,1918.6994297026024,69.18906117182344,14.318536781929636,26.310374363606787,-4.74852172011288,3.9523312764625027,10.618218421936035,191.17888127853882,1048,196.95032670823844,953.1463623046876,80.55148401826484,578
