,state,county,gisjoin,year range,avg temp,max temp,min temp,hdd,cdd,avg rh,average dp,max dp,min dp,avg wind speed,max wind speed,avg ghr,max ghr,avg dnr,max dnr,avg dhr,max dhr
0,IL,Johnson County,G1700870,1980-1999,12.866183117365875,33.978233337402344,-20.248823165893555,2777.594394960725,794.2512327989415,70.7314265092214,6.993715320512474,23.33946696469937,-20.248823821846877,3.8079175805256247,9.746826171875,157.65034246575343,996,188.38482311697842,918.34033203125,76.05787671232876,640
