,state,county,gisjoin,year range,avg temp,max temp,min temp,hdd,cdd,avg rh,average dp,max dp,min dp,avg wind speed,max wind speed,avg ghr,max ghr,avg dnr,max dnr,avg dhr,max dhr
0,IL,Johnson County,G1700870,2000-2019,14.587623468965274,36.36411666870117,-19.65999984741211,2403.388533967552,1048.3711001396832,69.70013550274993,8.387261505218053,23.783494367607187,-20.214186649165864,3.6629100584820526,10.079069137573242,157.65034246575343,996,186.98877312689442,920.8923950195312,76.05787671232876,640
