,state,county,gisjoin,year range,avg temp,max temp,min temp,hdd,cdd,avg rh,average dp,max dp,min dp,avg wind speed,max wind speed,avg ghr,max ghr,avg dnr,max dnr,avg dhr,max dhr
0,GA,Evans County,G1301090,1980-1999,18.46551467105223,37.24444580078125,-7.029999732971191,1308.1475588079059,1368.5604137421544,67.95841852649706,11.70517503582188,24.25023136169636,-7.029999758858404,3.634408077148542,10.81428337097168,191.17888127853882,1048,201.1545405306898,959.7520141601562,80.55376712328767,578
