,state,county,gisjoin,year range,avg temp,max temp,min temp,hdd,cdd,avg rh,average dp,max dp,min dp,avg wind speed,max wind speed,avg ghr,max ghr,avg dnr,max dnr,avg dhr,max dhr
0,GA,Evans County,G1301090,2000-2019,19.74596250808381,38.11722183227539,-6.837777614593506,1098.9140021642067,1626.6903176147982,67.80174635033629,12.878816406083326,24.87023734823974,-6.837778136862544,3.6765969772861427,8.597771644592285,191.17888127853882,1048,200.2506442630747,948.6900634765624,80.55376712328767,578
