,state,county,gisjoin,year range,avg temp,max temp,min temp,hdd,cdd,avg rh,average dp,max dp,min dp,avg wind speed,max wind speed,avg ghr,max ghr,avg dnr,max dnr,avg dhr,max dhr
0,TX,Jeff Davis County,G4802430,1980-1999,14.671743797629192,36.71526336669922,-10.260526657104492,2042.727378446221,718.4138645808351,44.523845803955375,0.9397186769032175,16.030753393902696,-18.011861927336877,4.507250597460629,11.138461112976074,237.71210045662102,1087,246.52514895294118,1039.1944580078125,58.29052511415525,590
