,state,county,gisjoin,year range,avg temp,max temp,min temp,hdd,cdd,avg rh,average dp,max dp,min dp,avg wind speed,max wind speed,avg ghr,max ghr,avg dnr,max dnr,avg dhr,max dhr
0,TX,Jeff Davis County,G4802430,2060-2079,17.476905901717515,39.644378662109375,-12.072672843933104,1515.6794894328139,1215.2501435598576,45.715396845939495,3.7790877990702434,17.999725669824663,-14.484634952447406,4.631108332959484,12.82754898071289,237.71210045662102,1087,245.19440896440494,1028.609375,58.29052511415525,590
