,state,county,gisjoin,year range,avg temp,max temp,min temp,hdd,cdd,avg rh,average dp,max dp,min dp,avg wind speed,max wind speed,avg ghr,max ghr,avg dnr,max dnr,avg dhr,max dhr
0,TN,Cocke County,G4700290,2000-2019,15.126433029250942,35.36058807373047,-14.381176948547363,2131.144766032845,972.7928217093794,68.27640074464284,8.49381724581922,21.72493934255606,-14.381177686784746,4.216241979272398,10.065936088562012,178.29326484018264,1001,192.1009795585947,959.9725952148438,79.80422374429224,584
