,state,county,gisjoin,year range,avg temp,max temp,min temp,hdd,cdd,avg rh,average dp,max dp,min dp,avg wind speed,max wind speed,avg ghr,max ghr,avg dnr,max dnr,avg dhr,max dhr
0,TN,Cocke County,G4700290,2020-2039,15.62327961750455,35.99180603027344,-9.72249698638916,1973.4948938421696,996.4919542313311,68.1011066214679,8.931393026544143,21.33755553513259,-9.722498292146655,4.2095070838656055,10.985581398010254,178.29326484018264,1001,190.99440967777954,949.295166015625,79.80422374429224,584
