,state,county,gisjoin,year range,avg temp,max temp,min temp,hdd,cdd,avg rh,average dp,max dp,min dp,avg wind speed,max wind speed,avg ghr,max ghr,avg dnr,max dnr,avg dhr,max dhr
0,AL,Franklin County,G0100590,2040-2059,18.209230652254195,38.78953552246094,-8.641016960144043,1553.631471075073,1520.5006591478825,70.26057970926642,11.944672429423802,25.81745625385985,-8.756021036539906,4.199590077383878,10.636947631835938,159.93972602739726,1004,192.43627168175058,938.8681640625,76.66426940639269,608
