,state,county,gisjoin,year range,avg temp,max temp,min temp,hdd,cdd,avg rh,average dp,max dp,min dp,avg wind speed,max wind speed,avg ghr,max ghr,avg dnr,max dnr,avg dhr,max dhr
0,LA,De Soto Parish,G2200310,1980-1999,17.756964520344553,38.05357360839844,-7.572142601013184,1517.1073118912198,1318.8993618171264,67.8088615079993,10.967789476738776,23.51497719462103,-7.5721427768531715,3.728665518597381,8.526793479919434,191.80650684931507,1017,201.3857995941512,943.7760620117188,79.26803652968036,503
