,state,county,gisjoin,year range,avg temp,max temp,min temp,hdd,cdd,avg rh,average dp,max dp,min dp,avg wind speed,max wind speed,avg ghr,max ghr,avg dnr,max dnr,avg dhr,max dhr
0,LA,De Soto Parish,G2200310,2040-2059,20.467126323641107,39.406368255615234,-7.042586326599121,1147.0084768223262,1938.009584951251,70.12780340512593,14.106524258699093,27.44636848475005,-7.042587007777551,3.797737032093414,9.441389083862305,191.80650684931507,1017,194.2428304265259,930.8978271484376,79.26803652968036,503
