,state,county,gisjoin,year range,avg temp,max temp,min temp,hdd,cdd,avg rh,average dp,max dp,min dp,avg wind speed,max wind speed,avg ghr,max ghr,avg dnr,max dnr,avg dhr,max dhr
0,IA,Bremer County,G1900170,2000-2019,8.864097728236452,36.345333099365234,-30.290666580200195,4012.0007430132687,567.896413819022,67.38371270345226,2.417730034490728,24.96351717121675,-30.29066683994497,4.743410753877195,11.279422760009766,164.8824200913242,975,179.94925389383653,913.1859741210938,70.05205479452054,479
