,state,county,gisjoin,year range,avg temp,max temp,min temp,hdd,cdd,avg rh,average dp,max dp,min dp,avg wind speed,max wind speed,avg ghr,max ghr,avg dnr,max dnr,avg dhr,max dhr
0,IA,Bremer County,G1900170,2020-2039,9.686398262112162,34.25445938110352,-32.580955505371094,3810.8999835555987,666.9353492260341,68.39351502912774,3.4376057368210815,23.859911779857875,-32.580959911784866,4.678649600891218,11.32724666595459,164.8824200913242,975,177.39110993491357,928.4888916015624,70.05205479452054,479
