,state,county,gisjoin,year range,avg temp,max temp,min temp,hdd,cdd,avg rh,average dp,max dp,min dp,avg wind speed,max wind speed,avg ghr,max ghr,avg dnr,max dnr,avg dhr,max dhr
0,WA,Clallam County,G5300090,2000-2019,9.71667794537888,30.41769218444824,-10.503076553344728,3219.1753953899424,86.26284545262723,70.37301797953914,3.9608465421097754,10.182320829588155,-10.503077593008076,3.751324387119241,13.926814079284668,144.062100456621,931,154.88238166315975,871.5086059570312,70.3695205479452,459
