,state,county,gisjoin,year range,avg temp,max temp,min temp,hdd,cdd,avg rh,average dp,max dp,min dp,avg wind speed,max wind speed,avg ghr,max ghr,avg dnr,max dnr,avg dhr,max dhr
0,WA,Clallam County,G5300090,2040-2059,10.764399141175396,33.43405532836914,-3.614404678344727,2894.4490403741584,143.95472690264123,70.08330559012008,4.859780126664133,12.8879681929747,-3.7595506004583457,3.7800598311097655,11.118674278259276,144.062100456621,931,153.39744775403116,869.4796142578125,70.3695205479452,459
