,state,county,gisjoin,year range,avg temp,max temp,min temp,hdd,cdd,avg rh,average dp,max dp,min dp,avg wind speed,max wind speed,avg ghr,max ghr,avg dnr,max dnr,avg dhr,max dhr
0,VA,Norfolk city,G5107100,2040-2059,17.901512464708553,37.59635925292969,-7.032397270202637,1584.8042929672429,1439.3563425858993,72.37038497619977,12.365928600458352,27.494342383412604,-7.032397729005943,4.097175811088248,9.918800354003906,176.3876712328767,987,174.79019933097982,908.317138671875,74.7912100456621,510
