,state,county,gisjoin,year range,avg temp,max temp,min temp,hdd,cdd,avg rh,average dp,max dp,min dp,avg wind speed,max wind speed,avg ghr,max ghr,avg dnr,max dnr,avg dhr,max dhr
0,VT,Rutland County,G5000210,1980-1999,5.392072231484925,30.48928642272949,-28.14142799377441,4900.286662337501,188.89302682876112,67.45927039270532,-0.9870599441749894,18.864730671211603,-28.14143063785856,4.333563097562964,12.862290382385254,136.96746575342465,957,187.3086154727916,979.5703735351562,66.35605022831051,449
