,state,county,gisjoin,year range,avg temp,max temp,min temp,hdd,cdd,avg rh,average dp,max dp,min dp,avg wind speed,max wind speed,avg ghr,max ghr,avg dnr,max dnr,avg dhr,max dhr
0,VT,Rutland County,G5000210,2060-2079,8.944384937964973,32.98006057739258,-22.35799217224121,3850.980606833348,436.1811091899962,69.78350917324083,2.955296607045365,21.21183615160775,-22.35799392833334,4.958491354963006,13.576836585998535,136.96746575342465,957,181.28993664227875,937.1712646484376,66.35605022831051,449
