,state,county,gisjoin,year range,avg temp,max temp,min temp,hdd,cdd,avg rh,average dp,max dp,min dp,avg wind speed,max wind speed,avg ghr,max ghr,avg dnr,max dnr,avg dhr,max dhr
0,MS,Oktibbeha County,G2801050,1980-1999,16.460682608831526,35.31705856323242,-6.98764705657959,1822.63597136317,1151.285123586729,69.29400836626688,10.06813617177544,23.421068472664267,-6.987647240188828,3.1147544893840133,8.984243392944336,189.47420091324202,1002,201.35040426686783,947.2007446289062,73.98310502283105,623
