,state,county,gisjoin,year range,avg temp,max temp,min temp,hdd,cdd,avg rh,average dp,max dp,min dp,avg wind speed,max wind speed,avg ghr,max ghr,avg dnr,max dnr,avg dhr,max dhr
0,MS,Oktibbeha County,G2801050,2000-2019,17.720803943311065,36.73646926879883,-10.70411777496338,1625.2250297071814,1413.8184690157998,70.0769206399787,11.458038868061925,24.609550321017693,-10.704118684394317,3.2099140305633416,8.0072660446167,189.47420091324202,1002,196.07107777761613,928.0783081054688,73.98310502283105,623
