,state,county,gisjoin,year range,avg temp,max temp,min temp,hdd,cdd,avg rh,average dp,max dp,min dp,avg wind speed,max wind speed,avg ghr,max ghr,avg dnr,max dnr,avg dhr,max dhr
0,MS,Oktibbeha County,G2801050,2020-2039,18.382700875614844,37.62552261352539,-8.136015892028809,1450.0332481012329,1480.2190677006981,69.36412578434705,11.928635027721086,23.88982239200404,-8.136017034644373,3.1804293402253765,7.31476354598999,189.47420091324202,1002,197.10278255167324,945.9453735351562,73.98310502283105,623
