,state,county,gisjoin,year range,avg temp,max temp,min temp,hdd,cdd,avg rh,average dp,max dp,min dp,avg wind speed,max wind speed,avg ghr,max ghr,avg dnr,max dnr,avg dhr,max dhr
0,AL,Fayette County,G0100570,2080-2099,21.037458022461234,40.79396057128906,-9.257689476013184,1122.203251892799,2121.3754300910264,69.76349406460105,14.54330765979878,28.404035379417262,-9.257690461568588,3.2010979491962144,7.702188014984131,183.5310502283105,1010,187.12764302804723,949.5858154296876,78.80331050228311,592
