,state,county,gisjoin,year range,avg temp,max temp,min temp,hdd,cdd,avg rh,average dp,max dp,min dp,avg wind speed,max wind speed,avg ghr,max ghr,avg dnr,max dnr,avg dhr,max dhr
0,TX,Upton County,G4804610,2000-2019,18.941639123687395,42.37062454223633,-6.285624980926514,1403.5589419819341,1637.7572221278454,44.62433144676086,5.341924661386384,21.610329130150436,-12.17854909456504,4.3793062626499015,8.517807006835938,205.3203196347032,1042,232.0733128340269,988.6780395507812,73.9958904109589,597
