,state,county,gisjoin,year range,avg temp,max temp,min temp,hdd,cdd,avg rh,average dp,max dp,min dp,avg wind speed,max wind speed,avg ghr,max ghr,avg dnr,max dnr,avg dhr,max dhr
0,TX,Upton County,G4804610,2020-2039,20.143543189924664,42.270809173583984,-8.68893051147461,1191.7018352219459,1864.5950995443782,45.023944173936975,6.396914416143332,22.084767635784367,-14.295543630156564,4.359251278067289,8.28679370880127,205.3203196347032,1042,232.84022690975235,989.024658203125,73.9958904109589,597
