,state,county,gisjoin,year range,avg temp,max temp,min temp,hdd,cdd,avg rh,average dp,max dp,min dp,avg wind speed,max wind speed,avg ghr,max ghr,avg dnr,max dnr,avg dhr,max dhr
0,TX,Upton County,G4804610,2040-2059,20.769634178623576,40.62705993652344,-8.721524238586426,1151.8319789121504,2053.248454109654,43.68405186346133,6.541817542454558,20.407958423782368,-11.85919138704484,4.419626096843585,11.236722946166992,205.3203196347032,1042,231.29104962882099,973.457763671875,73.9958904109589,597
