,state,county,gisjoin,year range,avg temp,max temp,min temp,hdd,cdd,avg rh,average dp,max dp,min dp,avg wind speed,max wind speed,avg ghr,max ghr,avg dnr,max dnr,avg dhr,max dhr
0,OH,Fayette County,G3900470,2000-2019,12.0559378267973,34.61785888671875,-19.8271427154541,2970.0423175575756,690.9596243381867,69.57937581658908,5.996535969510977,22.71684007264655,-19.82714438523685,3.824344899352283,8.767850875854492,152.52888127853882,1002,182.31164159252523,929.4197387695312,76.31267123287671,661
