,state,county,gisjoin,year range,avg temp,max temp,min temp,hdd,cdd,avg rh,average dp,max dp,min dp,avg wind speed,max wind speed,avg ghr,max ghr,avg dnr,max dnr,avg dhr,max dhr
0,NJ,Essex County,G3400130,2040-2059,14.552139679011322,37.58736801147461,-12.593770027160645,2405.818429809064,1037.8494126479445,73.5323254668005,9.35063456032081,25.879099671219866,-12.593770620701566,4.778824308038303,11.812932014465332,162.32659817351598,977,169.40797772355432,898.4910888671875,76.76415525114155,503
