,state,county,gisjoin,year range,avg temp,max temp,min temp,hdd,cdd,avg rh,average dp,max dp,min dp,avg wind speed,max wind speed,avg ghr,max ghr,avg dnr,max dnr,avg dhr,max dhr
0,TX,Runnels County,G4803990,1980-1999,17.969785388919618,39.53800201416016,-9.534000396728516,1619.4150466603671,1498.8867136160504,56.0568939470265,7.938678196405407,21.675661684876825,-12.7220068322323,4.490538255673021,9.322794914245604,223.54954337899542,1017,219.45054236651822,994.0562133789062,63.56164383561644,551
