,state,county,gisjoin,year range,avg temp,max temp,min temp,hdd,cdd,avg rh,average dp,max dp,min dp,avg wind speed,max wind speed,avg ghr,max ghr,avg dnr,max dnr,avg dhr,max dhr
0,TX,Runnels County,G4803990,2000-2019,18.986546814061512,40.30500030517578,-7.879000186920166,1426.6861028826352,1677.275690015078,57.37165428601443,9.235531268067644,22.549767514448813,-9.954571971098586,4.40740148001882,8.753401756286621,223.54954337899542,1017,218.28474672684183,975.482666015625,63.56164383561644,551
