,state,county,gisjoin,year range,avg temp,max temp,min temp,hdd,cdd,avg rh,average dp,max dp,min dp,avg wind speed,max wind speed,avg ghr,max ghr,avg dnr,max dnr,avg dhr,max dhr
0,CO,Garfield County,G0800450,2000-2019,9.380154510988476,35.62076950073242,-23.76615333557129,3818.658281491178,562.9146780014261,52.43037719367302,-1.392573965616072,13.76264811763082,-23.76615502749424,3.8581795855744243,9.960789680480955,193.10627853881277,1045,221.32540023030606,998.86962890625,62.75547945205479,450
