,state,county,gisjoin,year range,avg temp,max temp,min temp,hdd,cdd,avg rh,average dp,max dp,min dp,avg wind speed,max wind speed,avg ghr,max ghr,avg dnr,max dnr,avg dhr,max dhr
0,CO,Garfield County,G0800450,2080-2099,13.434663985747422,41.13444519042969,-15.146197319030762,2866.59741223584,1090.7497670333137,53.60796988990209,2.5496056753593943,16.861808421272983,-15.344924251778805,3.8112543168133253,9.521018028259276,193.10627853881277,1045,218.1828436022058,977.230712890625,62.75547945205479,450
