,state,county,gisjoin,year range,avg temp,max temp,min temp,hdd,cdd,avg rh,average dp,max dp,min dp,avg wind speed,max wind speed,avg ghr,max ghr,avg dnr,max dnr,avg dhr,max dhr
0,KY,Hancock County,G2100910,2000-2019,14.38795560541096,35.88666534423828,-17.422000885009766,2427.1660693791737,999.2698653539619,68.77730477694507,7.959711466870643,22.970999840099235,-17.445954546608895,3.6886872453232336,8.479063034057617,175.93367579908676,994,187.54585287451587,946.9545288085938,72.70468036529681,623
