,state,county,gisjoin,year range,avg temp,max temp,min temp,hdd,cdd,avg rh,average dp,max dp,min dp,avg wind speed,max wind speed,avg ghr,max ghr,avg dnr,max dnr,avg dhr,max dhr
0,AL,Tuscaloosa County,G0101250,2080-2099,21.8852742994454,40.93037414550781,-5.83082389831543,973.3635439625092,2281.9886632599087,70.22255284426963,15.489192441261219,29.26207546183423,-5.830824444243889,3.368754211653313,8.358037948608398,183.5310502283105,1010,187.1709921694911,944.0613403320312,78.82009132420092,592
