,state,county,gisjoin,year range,avg temp,max temp,min temp,hdd,cdd,avg rh,average dp,max dp,min dp,avg wind speed,max wind speed,avg ghr,max ghr,avg dnr,max dnr,avg dhr,max dhr
0,TX,Hutchinson County,G4802330,2000-2019,15.648456421636894,39.609500885009766,-16.29949951171875,2219.4316787886673,1251.61827268608,51.63544080344509,4.240972670148569,20.72250603319784,-17.933864058893697,4.31608512008299,10.571425437927246,210.44908675799087,1029,215.99856618483238,985.5816040039062,64.29246575342465,496
