,state,county,gisjoin,year range,avg temp,max temp,min temp,hdd,cdd,avg rh,average dp,max dp,min dp,avg wind speed,max wind speed,avg ghr,max ghr,avg dnr,max dnr,avg dhr,max dhr
0,TX,Hutchinson County,G4802330,2080-2099,20.191570605162976,43.609283447265625,-13.38100242614746,1460.5804326778716,2151.0037035622327,51.29824389877929,8.54412641241092,26.99041178385053,-15.256109364090053,4.341006365377609,9.16132354736328,210.44908675799087,1029,210.61683251117228,973.9081420898438,64.29246575342465,496
