,state,county,gisjoin,year range,avg temp,max temp,min temp,hdd,cdd,avg rh,average dp,max dp,min dp,avg wind speed,max wind speed,avg ghr,max ghr,avg dnr,max dnr,avg dhr,max dhr
0,MN,Steele County,G2701470,2000-2019,7.69237817390596,33.70230865478516,-31.940000534057617,4393.576715530578,521.7947490056547,69.35703443305133,1.7494427367696794,24.626910019254044,-31.94000295163605,4.803058959359992,11.027441024780272,152.20970319634702,953,173.55464489133848,910.9522094726562,67.73778538812785,545
