,state,county,gisjoin,year range,avg temp,max temp,min temp,hdd,cdd,avg rh,average dp,max dp,min dp,avg wind speed,max wind speed,avg ghr,max ghr,avg dnr,max dnr,avg dhr,max dhr
0,MN,Grant County,G2700510,1980-1999,5.194388076892748,30.68833351135254,-34.02166748046875,5110.333809593618,326.78545765875896,63.408783474469296,-2.0218947252856374,19.768117626448014,-34.49484414884296,4.469594266969864,10.400022506713867,154.67260273972602,960,176.04481967490833,904.6876220703124,64.29657534246576,482
