,state,county,gisjoin,year range,avg temp,max temp,min temp,hdd,cdd,avg rh,average dp,max dp,min dp,avg wind speed,max wind speed,avg ghr,max ghr,avg dnr,max dnr,avg dhr,max dhr
0,MN,Grant County,G2700510,2060-2079,9.421172097510183,39.4439697265625,-27.434907913208008,4069.34350170057,828.5713172912991,64.7695514639763,2.330620666035693,24.044905531440403,-27.43490852360281,4.318591552564542,13.494107246398926,154.67260273972602,960,169.8558837110704,875.50341796875,64.29657534246576,482
