,state,county,gisjoin,year range,avg temp,max temp,min temp,hdd,cdd,avg rh,average dp,max dp,min dp,avg wind speed,max wind speed,avg ghr,max ghr,avg dnr,max dnr,avg dhr,max dhr
0,WI,Portage County,G5500970,2020-2039,8.125657269193296,37.02853393554688,-31.593549728393555,4209.664706170914,496.02960942588015,68.00389688221831,1.8510289420446415,23.151345165556386,-31.83980598706888,4.173488007587929,9.847064018249512,152.90639269406392,948,174.57171562379594,914.5789184570312,66.92408675799086,431
