,state,county,gisjoin,year range,avg temp,max temp,min temp,hdd,cdd,avg rh,average dp,max dp,min dp,avg wind speed,max wind speed,avg ghr,max ghr,avg dnr,max dnr,avg dhr,max dhr
0,WI,Portage County,G5500970,2040-2059,9.605332306420951,38.315460205078125,-25.577045440673828,3884.4086589663652,710.8549508095151,67.90505238755108,3.2564165196812875,23.987460264978207,-25.577047316006382,4.225710455494928,10.017253875732422,152.90639269406392,948,171.1110837132047,881.4558715820312,66.92408675799086,431
