,state,county,gisjoin,year range,avg temp,max temp,min temp,hdd,cdd,avg rh,average dp,max dp,min dp,avg wind speed,max wind speed,avg ghr,max ghr,avg dnr,max dnr,avg dhr,max dhr
0,MI,Genesee County,G2600490,1980-1999,7.971725078557965,32.45499801635742,-28.253570556640625,4181.8262240919985,412.0058777650245,67.48433452479915,1.6140066529040882,23.070453488843523,-28.253573813583586,4.416804602742195,9.718154907226562,155.21563926940638,997,177.64012448890975,931.3296508789062,78.52260273972603,631
