,state,county,gisjoin,year range,avg temp,max temp,min temp,hdd,cdd,avg rh,average dp,max dp,min dp,avg wind speed,max wind speed,avg ghr,max ghr,avg dnr,max dnr,avg dhr,max dhr
0,MI,Genesee County,G2600490,2040-2059,11.186277950702918,35.924556732177734,-19.964468002319336,3354.6563500289467,758.1478020350546,69.93860207823313,5.195199103895961,24.3023011184896,-21.14193258914495,4.439138460744462,11.449651718139648,155.21563926940638,997,174.1521117290647,922.1148681640624,78.52260273972603,631
