,state,county,gisjoin,year range,avg temp,max temp,min temp,hdd,cdd,avg rh,average dp,max dp,min dp,avg wind speed,max wind speed,avg ghr,max ghr,avg dnr,max dnr,avg dhr,max dhr
0,MI,Genesee County,G2600490,2080-2099,13.989681402636656,39.3111572265625,-18.85695075988769,2705.9110770820444,1132.6447890441252,68.62951977307394,7.571444701734138,26.01595175151321,-18.856951274142208,4.366731457364613,9.844542503356934,155.21563926940638,997,169.34939099323125,919.4718017578124,78.52260273972603,631
