,state,county,gisjoin,year range,avg temp,max temp,min temp,hdd,cdd,avg rh,average dp,max dp,min dp,avg wind speed,max wind speed,avg ghr,max ghr,avg dnr,max dnr,avg dhr,max dhr
0,LA,East Feliciana Parish,G2200370,1980-1999,18.778084497628086,35.326316833496094,-6.139473915100098,1226.0213307531055,1400.5221723874945,71.49124463987133,12.867478524083703,24.609071764913804,-6.139474482928293,3.6842347380233136,9.59856128692627,183.13926940639269,1024,200.45060071785872,934.1399536132812,79.1425799086758,522
