,state,county,gisjoin,year range,avg temp,max temp,min temp,hdd,cdd,avg rh,average dp,max dp,min dp,avg wind speed,max wind speed,avg ghr,max ghr,avg dnr,max dnr,avg dhr,max dhr
0,VA,Norton city,G5107200,2080-2099,16.293545739841807,35.202877044677734,-13.223221778869627,1907.9666409391705,1175.6108359814455,70.83313852227442,10.30878863392603,24.36440120485869,-13.22322196934992,5.227666438796205,15.272071838378906,172.46563926940638,997,181.1580536468157,965.9895629882812,76.91826484018264,631
