,state,county,gisjoin,year range,avg temp,max temp,min temp,hdd,cdd,avg rh,average dp,max dp,min dp,avg wind speed,max wind speed,avg ghr,max ghr,avg dnr,max dnr,avg dhr,max dhr
0,MT,Liberty County,G3000510,2060-2079,9.41071271533989,37.3563117980957,-28.32864189147949,3862.569342331111,617.9794834296141,48.83698316534905,-2.284569884579738,16.46255596160324,-28.328644129601784,3.4621565371343532,8.00370979309082,163.92431506849314,970,184.61732014417152,888.2085571289062,65.24817351598173,594
