,state,county,gisjoin,year range,avg temp,max temp,min temp,hdd,cdd,avg rh,average dp,max dp,min dp,avg wind speed,max wind speed,avg ghr,max ghr,avg dnr,max dnr,avg dhr,max dhr
0,IA,Howard County,G1900890,2020-2039,8.734945469625439,34.844539642333984,-31.02831077575684,4079.7515485674085,588.5066449801388,67.74914494366406,2.3678053844436215,23.26536469664229,-31.028313451921907,4.532220906427462,10.374752044677734,152.75433789954337,980,176.69147937928835,930.75830078125,69.0195205479452,593
