,state,county,gisjoin,year range,avg temp,max temp,min temp,hdd,cdd,avg rh,average dp,max dp,min dp,avg wind speed,max wind speed,avg ghr,max ghr,avg dnr,max dnr,avg dhr,max dhr
0,MO,Schuyler County,G2901970,2040-2059,13.723153421750954,39.08394241333008,-16.47447967529297,2782.0981278770537,1111.5491268158582,67.64933634653484,7.1526652204071,27.12046073580153,-16.767519498374263,4.394748389884217,9.845717430114746,161.17808219178082,971,180.68749686172745,917.9263305664062,69.05856164383562,559
