,state,county,gisjoin,year range,avg temp,max temp,min temp,hdd,cdd,avg rh,average dp,max dp,min dp,avg wind speed,max wind speed,avg ghr,max ghr,avg dnr,max dnr,avg dhr,max dhr
0,WY,Teton County,G5600390,2000-2019,4.244497863536892,34.06866455078125,-27.364665985107425,5373.959882840942,243.70160303115378,55.60088076515285,-5.409607161824036,9.94272466627273,-27.364668467015687,4.708228656690415,12.250597953796388,179.33961187214612,1055,216.69473832468518,1028.3883056640625,62.89817351598173,435
