,state,county,gisjoin,year range,avg temp,max temp,min temp,hdd,cdd,avg rh,average dp,max dp,min dp,avg wind speed,max wind speed,avg ghr,max ghr,avg dnr,max dnr,avg dhr,max dhr
0,WY,Teton County,G5600390,2040-2059,6.316328845613432,34.66818618774414,-29.991491317749023,4733.550053517179,359.5100821653986,57.38272205563985,-3.047923399821563,11.59716468573422,-29.991490754653142,4.559025658320074,11.79319667816162,179.33961187214612,1055,212.62789791740167,986.4529418945312,62.89817351598173,435
