,state,county,gisjoin,year range,avg temp,max temp,min temp,hdd,cdd,avg rh,average dp,max dp,min dp,avg wind speed,max wind speed,avg ghr,max ghr,avg dnr,max dnr,avg dhr,max dhr
0,FL,Lafayette County,G1200670,2000-2019,21.045789202858778,37.21055603027344,-6.208888530731201,842.6480880741091,1844.8611471174727,68.48340884604954,14.278671978821427,25.437376134191982,-6.2088890434129365,3.2330425827878795,7.441134929656982,183.9345890410959,1004,200.8053898305097,949.0030517578124,84.0933789954338,634
