,state,county,gisjoin,year range,avg temp,max temp,min temp,hdd,cdd,avg rh,average dp,max dp,min dp,avg wind speed,max wind speed,avg ghr,max ghr,avg dnr,max dnr,avg dhr,max dhr
0,OH,Columbiana County,G3900290,2020-2039,11.698671211683262,34.71371078491211,-17.97450065612793,3056.6212232321427,647.1362154960974,69.05005042324328,5.46169699971818,21.683711774016867,-19.310742211905183,3.3268930810771575,8.02112865447998,151.76769406392694,994,179.9566621411785,927.7435913085938,81.35159817351598,494
