,state,county,gisjoin,year range,avg temp,max temp,min temp,hdd,cdd,avg rh,average dp,max dp,min dp,avg wind speed,max wind speed,avg ghr,max ghr,avg dnr,max dnr,avg dhr,max dhr
0,OH,Columbiana County,G3900290,2080-2099,15.040228378393296,37.53361129760742,-10.166382789611816,2332.9922843929894,1143.17564250635,70.40139694105001,8.97970054516057,24.919133377744583,-10.166382865522824,3.5755531871155517,9.236416816711426,151.76769406392694,994,171.5726065532154,938.2107543945312,81.35159817351598,494
