,state,county,gisjoin,year range,avg temp,max temp,min temp,hdd,cdd,avg rh,average dp,max dp,min dp,avg wind speed,max wind speed,avg ghr,max ghr,avg dnr,max dnr,avg dhr,max dhr
0,GA,Spalding County,G1302550,2020-2039,17.77988702178749,37.10358428955078,-8.302497863769531,1458.702791717843,1268.8615546704186,69.024153785183,11.2716419239398,23.56635137692799,-8.302498404576962,3.4953651392432654,8.7747163772583,192.45045662100458,1018,198.06009620723046,941.0000610351562,82.34691780821917,551
