,state,county,gisjoin,year range,avg temp,max temp,min temp,hdd,cdd,avg rh,average dp,max dp,min dp,avg wind speed,max wind speed,avg ghr,max ghr,avg dnr,max dnr,avg dhr,max dhr
0,TX,Roberts County,G4803930,2020-2039,15.479810753973046,40.315826416015625,-21.155872344970703,2215.6625652733687,1186.2934904734993,54.29536494185391,4.89621162282155,21.02750990644013,-21.155872272588727,4.5231808484417115,9.287358283996582,200.7283105022831,1017,214.08205245920965,974.0538330078124,65.18778538812785,457
