,state,county,gisjoin,year range,avg temp,max temp,min temp,hdd,cdd,avg rh,average dp,max dp,min dp,avg wind speed,max wind speed,avg ghr,max ghr,avg dnr,max dnr,avg dhr,max dhr
0,MO,Dunklin County,G2900690,2080-2099,19.983870111474317,42.56949996948242,-12.94555950164795,1427.7096993508642,2042.3222900388985,70.56618160548275,13.821912477740813,28.925033026482517,-12.94556016084328,3.450876566155316,8.904858589172363,175.54052511415526,981,180.38025986623094,923.9754028320312,71.43881278538812,570
