,state,county,gisjoin,year range,avg temp,max temp,min temp,hdd,cdd,avg rh,average dp,max dp,min dp,avg wind speed,max wind speed,avg ghr,max ghr,avg dnr,max dnr,avg dhr,max dhr
0,WV,Clay County,G5400150,2020-2039,13.279556782003525,34.21097183227539,-18.315284729003903,2608.90162488351,776.439850314505,69.23387195051532,6.9301215349155685,21.851898873006327,-18.315284963758213,5.0617569489021825,12.272393226623535,168.07157534246576,1012,182.32697587632006,935.8257446289062,79.0123287671233,481
