,state,county,gisjoin,year range,avg temp,max temp,min temp,hdd,cdd,avg rh,average dp,max dp,min dp,avg wind speed,max wind speed,avg ghr,max ghr,avg dnr,max dnr,avg dhr,max dhr
0,WV,Clay County,G5400150,2060-2079,14.919407396562189,35.14804458618164,-10.758304595947266,2263.183868509479,1029.2675682545391,69.58159734604021,8.586100833542911,23.27742388364501,-10.75830522053996,5.350757532903593,13.765344619750977,168.07157534246576,1012,178.1740739169657,928.4244995117188,79.0123287671233,481
