,state,county,gisjoin,year range,avg temp,max temp,min temp,hdd,cdd,avg rh,average dp,max dp,min dp,avg wind speed,max wind speed,avg ghr,max ghr,avg dnr,max dnr,avg dhr,max dhr
0,NE,Colfax County,G3100370,1980-1999,8.877459871905062,38.07533264160156,-30.32466697692871,4000.0656243031954,560.8384775479867,63.896076747707035,1.5468741497840452,22.625542737039243,-30.32466998052473,4.051045768554896,9.221906661987305,168.5865296803653,973,186.7115055481822,927.6073608398438,64.99440639269406,569
