,state,county,gisjoin,year range,avg temp,max temp,min temp,hdd,cdd,avg rh,average dp,max dp,min dp,avg wind speed,max wind speed,avg ghr,max ghr,avg dnr,max dnr,avg dhr,max dhr
0,NE,Colfax County,G3100370,2080-2099,15.376048854839208,40.43486022949219,-19.029848098754883,2530.0268448695747,1462.7846768856089,63.09816493465476,7.487631586440276,28.97448788988812,-19.029848438270157,4.014219181504968,9.115666389465332,168.5865296803653,973,177.99089395933493,910.91357421875,64.99440639269406,569
