,state,county,gisjoin,year range,avg temp,max temp,min temp,hdd,cdd,avg rh,average dp,max dp,min dp,avg wind speed,max wind speed,avg ghr,max ghr,avg dnr,max dnr,avg dhr,max dhr
0,WI,Winnebago County,G5501390,2000-2019,8.174582979504455,37.69230651855469,-25.95846176147461,4194.189762803697,498.4125503222335,68.52641265359644,2.0720414394145927,24.745964798736,-25.95846521891363,4.243828507482189,9.471168518066406,151.70205479452054,955,172.74102427814438,911.25537109375,66.17888127853881,551
