,state,county,gisjoin,year range,avg temp,max temp,min temp,hdd,cdd,avg rh,average dp,max dp,min dp,avg wind speed,max wind speed,avg ghr,max ghr,avg dnr,max dnr,avg dhr,max dhr
0,WI,Winnebago County,G5501390,2080-2099,13.393468284804507,38.473670959472656,-19.14113426208496,2923.4595514852003,1132.5754754384961,70.18749066204785,7.4578744151282494,27.333707515896176,-19.141135913664268,4.084796623116759,9.667372703552246,151.70205479452054,955,165.61655916364404,873.0001831054688,66.17888127853881,551
