,state,county,gisjoin,year range,avg temp,max temp,min temp,hdd,cdd,avg rh,average dp,max dp,min dp,avg wind speed,max wind speed,avg ghr,max ghr,avg dnr,max dnr,avg dhr,max dhr
0,MD,Baltimore city,G2405100,2000-2019,14.656773253035578,38.50066757202149,-12.59866714477539,2347.4520893323315,1017.6743266900997,70.88922663257547,8.857179049112483,26.03126250832841,-12.598667729306104,3.674155858771442,9.632485389709473,169.90319634703195,987,176.06924195935306,928.74853515625,72.49417808219178,480
