,state,county,gisjoin,year range,avg temp,max temp,min temp,hdd,cdd,avg rh,average dp,max dp,min dp,avg wind speed,max wind speed,avg ghr,max ghr,avg dnr,max dnr,avg dhr,max dhr
0,WV,Raleigh County,G5400810,1980-1999,10.231571652651235,31.48562431335449,-16.77375030517578,3334.015668364363,389.0393215815246,69.55786363000739,4.1892548402955,19.335751720395677,-16.95644034899956,4.419926547024348,11.21632480621338,154.16095890410958,1004,188.10546340334588,977.2991333007812,77.92933789954338,649
