,state,county,gisjoin,year range,avg temp,max temp,min temp,hdd,cdd,avg rh,average dp,max dp,min dp,avg wind speed,max wind speed,avg ghr,max ghr,avg dnr,max dnr,avg dhr,max dhr
0,WV,Raleigh County,G5400810,2080-2099,14.85956610124957,34.55460739135742,-12.987471580505373,2231.119611619088,975.3612385750463,71.2124771510085,9.037229333958454,23.065406281939108,-12.987472441721264,4.999627780261105,12.50127124786377,154.16095890410958,1004,179.05049631055658,963.914794921875,77.92933789954338,649
