,state,county,gisjoin,year range,avg temp,max temp,min temp,hdd,cdd,avg rh,average dp,max dp,min dp,avg wind speed,max wind speed,avg ghr,max ghr,avg dnr,max dnr,avg dhr,max dhr
0,UT,Tooele County,G4900450,1980-1999,10.164714893165213,38.36176300048828,-18.31352996826172,3534.761875764085,565.3828117688705,55.87836603345392,0.531819059968374,14.633619516829546,-18.313532634275887,3.099723734920972,7.199166774749756,189.93047945205478,1043,209.31549204347718,965.222412109375,68.5255707762557,566
