,state,county,gisjoin,year range,avg temp,max temp,min temp,hdd,cdd,avg rh,average dp,max dp,min dp,avg wind speed,max wind speed,avg ghr,max ghr,avg dnr,max dnr,avg dhr,max dhr
0,UT,Tooele County,G4900450,2000-2019,11.642480698162126,36.77705764770508,-22.24235343933105,3152.7178447063975,722.7232995351515,56.72512043534893,2.2447945875547872,18.085012329408865,-22.242354421526443,3.137087096580087,8.352091789245605,189.93047945205478,1043,207.88854863150135,950.8889770507812,68.5255707762557,566
