,state,county,gisjoin,year range,avg temp,max temp,min temp,hdd,cdd,avg rh,average dp,max dp,min dp,avg wind speed,max wind speed,avg ghr,max ghr,avg dnr,max dnr,avg dhr,max dhr
0,UT,Tooele County,G4900450,2080-2099,15.88491076848438,42.50282669067383,-12.015743255615234,2269.66818315147,1388.1606136481375,57.83509625386974,6.438795206270702,22.68100163604624,-13.5632042739774,2.923893096512311,7.819286823272705,189.93047945205478,1043,201.7030087331942,929.901611328125,68.5255707762557,566
