,state,county,gisjoin,year range,avg temp,max temp,min temp,hdd,cdd,avg rh,average dp,max dp,min dp,avg wind speed,max wind speed,avg ghr,max ghr,avg dnr,max dnr,avg dhr,max dhr
0,GA,Walker County,G1302950,2000-2019,15.967312405022131,36.977333068847656,-11.473333358764648,1954.7143041015934,1103.2833319346805,68.47678264461152,9.411380891081212,22.29040622704294,-11.473333646787854,4.25129937020611,9.864211082458496,178.75011415525114,1021,195.52399995065684,944.220703125,76.31449771689498,548
