,state,county,gisjoin,year range,avg temp,max temp,min temp,hdd,cdd,avg rh,average dp,max dp,min dp,avg wind speed,max wind speed,avg ghr,max ghr,avg dnr,max dnr,avg dhr,max dhr
0,GA,Walker County,G1302950,2020-2039,16.58495301356386,35.4976806640625,-12.477599143981934,1775.2370540269183,1149.2449039777887,69.70223942325539,10.294898144710832,22.81627828711129,-12.74733914887288,4.192127365037186,9.537361145019531,178.75011415525114,1021,194.02080942946742,931.876220703125,76.31449771689498,548
