,state,county,gisjoin,year range,avg temp,max temp,min temp,hdd,cdd,avg rh,average dp,max dp,min dp,avg wind speed,max wind speed,avg ghr,max ghr,avg dnr,max dnr,avg dhr,max dhr
0,GA,Walker County,G1302950,2040-2059,17.93208591911052,38.47176361083984,-7.754264831542969,1582.3052625924865,1448.0166230678753,69.23748702458595,11.458690226291704,25.42026980454385,-7.754265668169032,4.130673901621066,10.697885513305664,178.75011415525114,1021,192.55243263477035,926.176025390625,76.31449771689498,548
