,state,county,gisjoin,year range,avg temp,max temp,min temp,hdd,cdd,avg rh,average dp,max dp,min dp,avg wind speed,max wind speed,avg ghr,max ghr,avg dnr,max dnr,avg dhr,max dhr
0,LA,West Feliciana Parish,G2201250,2040-2059,21.13683678174655,38.49193954467773,-4.220582008361816,919.6238553504181,1955.0692806878014,71.93297322133905,15.278574154121365,27.26543907434944,-4.220582523287459,3.5702161408450506,9.829476356506348,183.13926940639269,1024,194.20878330932422,920.3865356445312,79.14326484018265,522
