,state,county,gisjoin,year range,avg temp,max temp,min temp,hdd,cdd,avg rh,average dp,max dp,min dp,avg wind speed,max wind speed,avg ghr,max ghr,avg dnr,max dnr,avg dhr,max dhr
0,MO,St. Francois County,G2901870,2060-2079,15.791156489632773,38.06898880004883,-12.357208251953123,2215.213058816996,1299.485177532906,69.86719309488932,9.564092882807318,25.301838628556563,-13.31889621668151,4.642804676865878,11.584630966186523,186.26997716894977,981,184.73199823542114,935.6170654296876,70.59714611872145,630
