,state,county,gisjoin,year range,avg temp,max temp,min temp,hdd,cdd,avg rh,average dp,max dp,min dp,avg wind speed,max wind speed,avg ghr,max ghr,avg dnr,max dnr,avg dhr,max dhr
0,GA,Henry County,G1301510,2060-2079,19.416881293881275,37.87569427490234,-5.144803047180176,1228.0311776713286,1635.6928499379974,69.70602745922733,13.051056597670891,25.956483851783155,-5.144803587711254,3.7782368074677306,10.25970458984375,192.45045662100458,1018,193.3708305451556,926.8392333984376,82.3466894977169,551
