,state,county,gisjoin,year range,avg temp,max temp,min temp,hdd,cdd,avg rh,average dp,max dp,min dp,avg wind speed,max wind speed,avg ghr,max ghr,avg dnr,max dnr,avg dhr,max dhr
0,LA,Jefferson Davis Parish,G2200530,2020-2039,20.765672517360453,36.308624267578125,-3.974112510681152,893.2863141560559,1793.2567829925517,73.31833662834342,15.28035654272521,26.93089120892759,-4.131097520656928,3.213731075966195,6.768592834472656,189.24406392694064,1023,191.44668991684858,910.9443969726562,85.51038812785389,581
