,state,county,gisjoin,year range,avg temp,max temp,min temp,hdd,cdd,avg rh,average dp,max dp,min dp,avg wind speed,max wind speed,avg ghr,max ghr,avg dnr,max dnr,avg dhr,max dhr
0,LA,Jefferson Davis Parish,G2200530,2080-2099,23.957196977192357,40.9818229675293,-1.972292423248291,570.4942800921186,2635.3711767670443,73.16094695226242,18.33191331767493,30.59979101282561,-2.111236522611036,3.1681360512563628,7.193636894226074,189.24406392694064,1023,181.51745862447754,887.23095703125,85.51038812785389,581
