,state,county,gisjoin,year range,avg temp,max temp,min temp,hdd,cdd,avg rh,average dp,max dp,min dp,avg wind speed,max wind speed,avg ghr,max ghr,avg dnr,max dnr,avg dhr,max dhr
0,IL,Cass County,G1700170,2040-2059,14.363421060568488,38.09881210327149,-16.352672576904297,2556.9727734895037,1120.1214605967873,68.88458222319547,7.986899383993316,26.15193420344006,-16.74003579593388,4.254525234437969,9.260140419006348,173.42808219178082,992,178.079960446031,906.0796508789062,73.27773972602739,493
