,state,county,gisjoin,year range,avg temp,max temp,min temp,hdd,cdd,avg rh,average dp,max dp,min dp,avg wind speed,max wind speed,avg ghr,max ghr,avg dnr,max dnr,avg dhr,max dhr
0,IL,Cass County,G1700170,2060-2079,14.794134014364747,40.44915771484375,-15.146523475646973,2504.587239812519,1224.9461550554317,69.1792858167326,8.480003746935576,26.47637639633053,-16.556710435093805,4.139424815569838,9.966822624206545,173.42808219178082,992,177.45725701072953,908.954833984375,73.27773972602739,493
