,state,county,gisjoin,year range,avg temp,max temp,min temp,hdd,cdd,avg rh,average dp,max dp,min dp,avg wind speed,max wind speed,avg ghr,max ghr,avg dnr,max dnr,avg dhr,max dhr
0,VA,Spotsylvania County,G5101770,2040-2059,16.295957767852045,36.70901870727539,-13.017378807067873,1954.025852009637,1222.550437275646,68.84648620723046,9.834249379211478,24.83588126894648,-13.017379392532554,3.7374184931794256,8.678058624267578,174.04098173515982,997,181.48053836537127,934.7239990234376,72.32865296803654,635
