,state,county,gisjoin,year range,avg temp,max temp,min temp,hdd,cdd,avg rh,average dp,max dp,min dp,avg wind speed,max wind speed,avg ghr,max ghr,avg dnr,max dnr,avg dhr,max dhr
0,NV,Washoe County,G3200310,2080-2099,15.81689856864789,42.756568908691406,-10.376009941101074,2189.060062964057,1282.7280405204149,42.163780828480306,0.4382686760636777,10.819379281393031,-11.329727003050277,4.676711099713905,13.96852684020996,209.20376712328766,1043,222.8483887036755,984.7620239257812,57.52568493150685,495
