,state,county,gisjoin,year range,avg temp,max temp,min temp,hdd,cdd,avg rh,average dp,max dp,min dp,avg wind speed,max wind speed,avg ghr,max ghr,avg dnr,max dnr,avg dhr,max dhr
0,TX,Winkler County,G4804950,2040-2059,20.900678367494045,47.83390045166016,-8.16003131866455,1197.0777994436723,2146.3254035788714,37.93458082991648,4.248444831933873,21.674094394032927,-15.48132297363758,3.8202012137735273,9.199758529663086,220.96712328767123,1046,235.85382469378732,991.2069091796876,65.6593607305936,585
