,state,county,gisjoin,year range,avg temp,max temp,min temp,hdd,cdd,avg rh,average dp,max dp,min dp,avg wind speed,max wind speed,avg ghr,max ghr,avg dnr,max dnr,avg dhr,max dhr
0,VA,Isle of Wight County,G5100930,2000-2019,15.993637519424022,35.80588150024414,-9.1688232421875,1942.7660193614165,1100.943713951181,70.76032405095557,10.022684634585378,24.99236079679188,-9.168823553869789,3.877659933534387,9.32143497467041,176.3689497716895,979,184.02552457334198,939.0255737304688,75.7033105022831,623
