,state,county,gisjoin,year range,avg temp,max temp,min temp,hdd,cdd,avg rh,average dp,max dp,min dp,avg wind speed,max wind speed,avg ghr,max ghr,avg dnr,max dnr,avg dhr,max dhr
0,VA,Isle of Wight County,G5100930,2020-2039,16.6674261336251,35.24150085449219,-10.624444961547852,1746.4003692742065,1150.5109080474338,69.40126035681598,10.393913923737031,25.33541213824692,-10.637940960705192,3.8733219319826935,9.908218383789062,176.3689497716895,979,183.1401950903714,917.9141845703124,75.7033105022831,623
