,state,county,gisjoin,year range,avg temp,max temp,min temp,hdd,cdd,avg rh,average dp,max dp,min dp,avg wind speed,max wind speed,avg ghr,max ghr,avg dnr,max dnr,avg dhr,max dhr
0,ND,Billings County,G3800070,1980-1999,5.337026205365815,38.42499923706055,-31.488571166992188,5057.825637453211,326.340202411009,55.05986512540138,-4.298663774738874,18.19468227056468,-32.522667607883584,4.463846273944802,10.609539031982422,165.67442922374428,961,183.36085853602464,921.2694702148438,62.55057077625571,529
