,state,county,gisjoin,year range,avg temp,max temp,min temp,hdd,cdd,avg rh,average dp,max dp,min dp,avg wind speed,max wind speed,avg ghr,max ghr,avg dnr,max dnr,avg dhr,max dhr
0,OH,Butler County,G3900170,1980-1999,11.435373916602112,34.621334075927734,-27.06399917602539,3167.0225395612356,661.4340191205682,68.87453608665292,5.1400271258785875,22.30377001998208,-27.0640003801932,4.071755306987457,10.067571640014648,154.52865296803654,985,184.8099871370286,947.3349609375,75.48207762557078,596
