,state,county,gisjoin,year range,avg temp,max temp,min temp,hdd,cdd,avg rh,average dp,max dp,min dp,avg wind speed,max wind speed,avg ghr,max ghr,avg dnr,max dnr,avg dhr,max dhr
0,OH,Butler County,G3900170,2000-2019,12.711280600329118,35.45600128173828,-17.402000427246094,2845.4036469419357,805.5210660617014,68.52590491630171,6.324197206906414,23.96383610011001,-17.631465751342027,3.989107104822925,10.363988876342772,154.52865296803654,985,182.81950930761593,957.6593017578124,75.48207762557078,596
