,state,county,gisjoin,year range,avg temp,max temp,min temp,hdd,cdd,avg rh,average dp,max dp,min dp,avg wind speed,max wind speed,avg ghr,max ghr,avg dnr,max dnr,avg dhr,max dhr
0,OH,Butler County,G3900170,2020-2039,13.167864405888059,35.920494079589844,-17.748035430908203,2729.4653469378795,856.2358550866956,70.12274192805704,7.154804958225008,22.902677447497897,-19.355574837570597,3.795326189594726,9.3427095413208,154.52865296803654,985,182.05643388669864,939.2101440429688,75.48207762557078,596
