,state,county,gisjoin,year range,avg temp,max temp,min temp,hdd,cdd,avg rh,average dp,max dp,min dp,avg wind speed,max wind speed,avg ghr,max ghr,avg dnr,max dnr,avg dhr,max dhr
0,OK,Woods County,G4001510,2040-2059,17.555562809190103,43.287109375,-10.42390251159668,1994.848057702701,1723.1284830569373,60.21080127491798,8.64154716654939,26.19153291999424,-12.534854099971277,4.152285099301708,8.814566612243652,193.17796803652968,992,200.9393055498104,943.8558349609376,68.7796803652968,648
