,state,county,gisjoin,year range,avg temp,max temp,min temp,hdd,cdd,avg rh,average dp,max dp,min dp,avg wind speed,max wind speed,avg ghr,max ghr,avg dnr,max dnr,avg dhr,max dhr
0,KS,Hodgeman County,G2000830,2020-2039,14.221450275473815,42.1885871887207,-25.06507110595703,2691.3745042675337,1202.7038548152307,54.76123003507858,3.9044387578739004,21.9433353461992,-25.06507170635801,4.6033419343162345,9.628243446350098,202.22785388127855,1036,207.19450930072608,961.9727783203124,69.20650684931506,554
