,state,county,gisjoin,year range,avg temp,max temp,min temp,hdd,cdd,avg rh,average dp,max dp,min dp,avg wind speed,max wind speed,avg ghr,max ghr,avg dnr,max dnr,avg dhr,max dhr
0,IL,Carroll County,G1700150,2000-2019,9.438776906253192,35.439998626708984,-29.167858123779297,3846.574464064139,612.2280348460189,67.97617528558322,3.0540082460226032,24.928083356666534,-29.167861268090263,4.330181894835816,9.2731351852417,162.5796803652968,956,179.21472048200098,906.626220703125,70.26563926940639,479
