,state,county,gisjoin,year range,avg temp,max temp,min temp,hdd,cdd,avg rh,average dp,max dp,min dp,avg wind speed,max wind speed,avg ghr,max ghr,avg dnr,max dnr,avg dhr,max dhr
0,IL,Carroll County,G1700150,2020-2039,9.901281950216184,35.48318099975586,-29.71404457092285,3703.3649157396953,637.8328275680861,69.15854381622245,3.8668373291942797,24.26735635234423,-29.714046267594515,4.254210309350872,9.997434616088867,162.5796803652968,956,178.01057011070597,917.4805908203124,70.26563926940639,479
