,state,county,gisjoin,year range,avg temp,max temp,min temp,hdd,cdd,avg rh,average dp,max dp,min dp,avg wind speed,max wind speed,avg ghr,max ghr,avg dnr,max dnr,avg dhr,max dhr
0,TX,Aransas County,G4800070,2000-2019,22.750428784914213,34.85285568237305,-0.90333354473114,528.8436012238102,2153.2501077172856,67.6275944633571,16.04220733620477,26.46019676473016,-1.3474940790296304,4.9800597040620564,8.52222728729248,196.78789954337898,1010,192.3980467021533,958.5128173828124,76.55445205479452,569
