,state,county,gisjoin,year range,avg temp,max temp,min temp,hdd,cdd,avg rh,average dp,max dp,min dp,avg wind speed,max wind speed,avg ghr,max ghr,avg dnr,max dnr,avg dhr,max dhr
0,TX,Aransas County,G4800070,2080-2099,25.556147346719587,38.553619384765625,0.0724823102355003,317.2907721818203,2965.7845537340854,70.43262274101988,19.36112496775404,29.97189151504246,-0.9167748938543648,5.154838676648597,9.74111557006836,196.78789954337898,1010,181.6968311778762,907.9210205078124,76.55445205479452,569
