,state,county,gisjoin,year range,avg temp,max temp,min temp,hdd,cdd,avg rh,average dp,max dp,min dp,avg wind speed,max wind speed,avg ghr,max ghr,avg dnr,max dnr,avg dhr,max dhr
0,IA,Boone County,G1900150,2060-2079,12.780538335257747,36.849647521972656,-19.418190002441406,3047.1719314111383,1032.5684237798637,68.67781784828395,6.435543871657825,26.68886292683725,-19.520223381684207,4.428433077302698,11.83108901977539,145.9763698630137,968,173.2556119975772,902.3845825195312,70.28755707762556,542
