,state,county,gisjoin,year range,avg temp,max temp,min temp,hdd,cdd,avg rh,average dp,max dp,min dp,avg wind speed,max wind speed,avg ghr,max ghr,avg dnr,max dnr,avg dhr,max dhr
0,CA,Madera County,G0600390,2080-2099,22.04301179863436,47.76002883911133,-2.483203887939453,859.5610245886847,2225.7603310900836,45.75039294647844,7.2650304794054765,16.906626654993207,-4.243013667623435,3.1956545415126025,7.426223278045654,214.7107305936073,1017,216.91495947945572,937.2229614257812,67.4066210045662,576
