,state,county,gisjoin,year range,avg temp,max temp,min temp,hdd,cdd,avg rh,average dp,max dp,min dp,avg wind speed,max wind speed,avg ghr,max ghr,avg dnr,max dnr,avg dhr,max dhr
0,NE,Dodge County,G3100530,1980-1999,9.16113685369029,34.96071243286133,-25.674285888671875,3911.473739876624,575.7886914730321,64.6596179893572,2.0377417458816742,22.802100946810334,-25.674287881226935,4.282169748985604,9.99977970123291,160.51232876712328,974,184.4177120395848,925.7903442382812,66.60091324200913,567
