,state,county,gisjoin,year range,avg temp,max temp,min temp,hdd,cdd,avg rh,average dp,max dp,min dp,avg wind speed,max wind speed,avg ghr,max ghr,avg dnr,max dnr,avg dhr,max dhr
0,NE,Dodge County,G3100530,2060-2079,13.624759721611651,39.01554489135742,-19.385974884033203,2864.049502696003,1157.5868010839465,64.66053661254988,6.284593086615309,26.690786045166536,-20.324605489576555,4.093969188650993,8.897109031677246,160.51232876712328,974,177.45948293796863,900.9461059570312,66.60091324200913,567
