,state,county,gisjoin,year range,avg temp,max temp,min temp,hdd,cdd,avg rh,average dp,max dp,min dp,avg wind speed,max wind speed,avg ghr,max ghr,avg dnr,max dnr,avg dhr,max dhr
0,OK,Custer County,G4000390,2000-2019,15.989863499810497,42.60850143432617,-16.284500122070312,2210.5629684770374,1367.3631459077912,62.15379726483942,7.790197946249397,24.96925013786701,-16.28450037434667,4.849520920427967,10.693761825561523,196.1054794520548,1051,206.29903679135322,965.4578247070312,61.95639269406393,602
