,state,county,gisjoin,year range,avg temp,max temp,min temp,hdd,cdd,avg rh,average dp,max dp,min dp,avg wind speed,max wind speed,avg ghr,max ghr,avg dnr,max dnr,avg dhr,max dhr
0,OK,Custer County,G4000390,2060-2079,18.77181586613076,41.91664505004883,-9.591712951660156,1608.5620611062996,1780.7748522439506,62.49020389247703,10.506997966944986,26.71871119067765,-11.367356998353472,4.992062355761659,10.998889923095703,196.1054794520548,1051,200.6251137504794,946.5353393554688,61.95639269406393,602
