,state,county,gisjoin,year range,avg temp,max temp,min temp,hdd,cdd,avg rh,average dp,max dp,min dp,avg wind speed,max wind speed,avg ghr,max ghr,avg dnr,max dnr,avg dhr,max dhr
0,OK,Custer County,G4000390,2080-2099,20.3250138708739,46.54669570922852,-12.502408027648926,1524.0098964345143,2263.139959303338,61.40069270014219,11.603946387828497,29.071529484107803,-12.704776239089352,4.937909119858589,12.95471477508545,196.1054794520548,1051,197.71739772393477,946.82470703125,61.95639269406393,602
