,state,county,gisjoin,year range,avg temp,max temp,min temp,hdd,cdd,avg rh,average dp,max dp,min dp,avg wind speed,max wind speed,avg ghr,max ghr,avg dnr,max dnr,avg dhr,max dhr
0,NC,Richmond County,G3701530,2040-2059,18.957156415150454,39.22493362426758,-10.954874038696287,1399.2153072629083,1639.077398792827,68.04368789424635,12.140170125414956,26.07184135029477,-10.95487452695346,3.210356840858721,8.044236183166504,194.97271689497717,1018,189.5305468938965,927.7190551757812,69.01221461187215,628
