,state,county,gisjoin,year range,avg temp,max temp,min temp,hdd,cdd,avg rh,average dp,max dp,min dp,avg wind speed,max wind speed,avg ghr,max ghr,avg dnr,max dnr,avg dhr,max dhr
0,MO,Randolph County,G2901750,1980-1999,11.569405170654841,36.216922760009766,-22.968461990356445,3157.885348967095,701.21823625568,67.63132178249968,5.081449471928158,22.451276515340275,-22.9684623678032,4.091678236935237,9.478248596191406,180.13698630136986,1025,186.7825387545652,907.6292724609376,76.10707762557078,664
