,state,county,gisjoin,year range,avg temp,max temp,min temp,hdd,cdd,avg rh,average dp,max dp,min dp,avg wind speed,max wind speed,avg ghr,max ghr,avg dnr,max dnr,avg dhr,max dhr
0,KY,Morgan County,G2101750,2040-2059,15.273044755996734,37.7939453125,-12.01966953277588,2204.610704587392,1099.7720405261418,68.38077132429706,8.648042068560951,23.562727416918467,-12.183137603846554,3.576329242298592,8.479084014892578,167.09063926940638,986,183.41232922352057,950.0116577148438,74.89372146118721,524
