,state,county,gisjoin,year range,avg temp,max temp,min temp,hdd,cdd,avg rh,average dp,max dp,min dp,avg wind speed,max wind speed,avg ghr,max ghr,avg dnr,max dnr,avg dhr,max dhr
0,WV,Marshall County,G5400510,2020-2039,12.245285765598595,34.11314010620117,-17.24392318725586,2891.7057427224995,681.7350471655894,69.66359492807084,6.11911206391786,22.73079426323816,-17.24392480756031,4.169737847863812,11.470609664916992,152.82054794520548,982,178.9752464214003,936.4334716796876,75.19760273972602,516
