,state,county,gisjoin,year range,avg temp,max temp,min temp,hdd,cdd,avg rh,average dp,max dp,min dp,avg wind speed,max wind speed,avg ghr,max ghr,avg dnr,max dnr,avg dhr,max dhr
0,IA,Story County,G1901690,2000-2019,9.898146833608525,35.11333465576172,-29.119333267211918,3737.595887678466,670.919481945071,67.67230661535916,3.4167439189278466,24.926886086928192,-29.145315418298733,4.711140216539984,11.4915132522583,145.9763698630137,968,179.71775266473855,929.5519409179688,70.28744292237442,542
