,state,county,gisjoin,year range,avg temp,max temp,min temp,hdd,cdd,avg rh,average dp,max dp,min dp,avg wind speed,max wind speed,avg ghr,max ghr,avg dnr,max dnr,avg dhr,max dhr
0,IA,Story County,G1901690,2060-2079,12.417432863622814,36.74650192260742,-18.893667221069336,3149.6545465998893,1002.517541821855,68.32952591512846,6.0162962747784094,26.53084074821899,-19.41658017929765,4.576399455984978,12.564946174621582,145.9763698630137,968,173.16966036189018,912.8751831054688,70.28744292237442,542
