,state,county,gisjoin,year range,avg temp,max temp,min temp,hdd,cdd,avg rh,average dp,max dp,min dp,avg wind speed,max wind speed,avg ghr,max ghr,avg dnr,max dnr,avg dhr,max dhr
0,TX,Mitchell County,G4803350,2000-2019,18.222151674653617,40.14149856567383,-12.06350040435791,1575.0667993164595,1546.6521605650275,52.53473087870367,7.135082413479792,21.893888736658457,-15.104179302003448,4.568176197815159,10.128442764282228,223.54954337899542,1017,222.1654569896618,976.9828491210938,63.5607305936073,551
