,state,county,gisjoin,year range,avg temp,max temp,min temp,hdd,cdd,avg rh,average dp,max dp,min dp,avg wind speed,max wind speed,avg ghr,max ghr,avg dnr,max dnr,avg dhr,max dhr
0,NC,Davidson County,G3700570,2020-2039,16.315190434963515,36.150238037109375,-10.617575645446776,1844.3388023669643,1119.8833111286906,68.65840893336083,9.753192383412006,22.882972189356952,-10.617576138234329,3.300612993436317,6.962462425231934,174.61712328767123,994,193.07237712775367,925.5022583007812,75.29611872146118,656
