,state,county,gisjoin,year range,avg temp,max temp,min temp,hdd,cdd,avg rh,average dp,max dp,min dp,avg wind speed,max wind speed,avg ghr,max ghr,avg dnr,max dnr,avg dhr,max dhr
0,NC,Davidson County,G3700570,2080-2099,19.438926494445813,39.71905899047852,-6.682552337646484,1395.4797848749022,1811.1879553475694,69.6555620389442,13.05130084597292,27.93628336101677,-6.682552812988978,3.5365519693453016,7.955048561096191,174.61712328767123,994,185.96544424593256,940.3349609375,75.29611872146118,656
