,state,county,gisjoin,year range,avg temp,max temp,min temp,hdd,cdd,avg rh,average dp,max dp,min dp,avg wind speed,max wind speed,avg ghr,max ghr,avg dnr,max dnr,avg dhr,max dhr
0,VA,Giles County,G5100710,1980-1999,10.970863434690429,32.18400192260742,-19.78333282470703,3148.8293273298573,473.6944809913791,67.60906132171144,4.409302120526739,18.834690312896825,-19.783333786293326,4.141685907481468,10.403504371643066,164.97420091324202,1001,193.23532434406468,966.1522827148438,77.15593607305937,539
