,state,county,gisjoin,year range,avg temp,max temp,min temp,hdd,cdd,avg rh,average dp,max dp,min dp,avg wind speed,max wind speed,avg ghr,max ghr,avg dnr,max dnr,avg dhr,max dhr
0,VA,Giles County,G5100710,2080-2099,15.808506455279506,36.37226104736328,-11.531253814697266,2009.9327209117466,1100.5375770887447,68.24869098293182,9.21940224511494,22.709934051147705,-11.5312539406,4.660647880541135,11.82650089263916,164.97420091324202,1001,185.0998507820158,948.2091064453124,77.15593607305937,539
