,state,county,gisjoin,year range,avg temp,max temp,min temp,hdd,cdd,avg rh,average dp,max dp,min dp,avg wind speed,max wind speed,avg ghr,max ghr,avg dnr,max dnr,avg dhr,max dhr
0,MS,Alcorn County,G2800030,1980-1999,15.014058248642298,35.264286041259766,-18.21714210510254,2173.0221282227317,973.653388977113,69.76590550239771,8.77980158746585,23.618143296168043,-18.217143391075258,3.700690645877629,9.39609718322754,181.76803652968036,1007,198.33412814606598,943.4110107421876,74.25787671232877,558
