,state,county,gisjoin,year range,avg temp,max temp,min temp,hdd,cdd,avg rh,average dp,max dp,min dp,avg wind speed,max wind speed,avg ghr,max ghr,avg dnr,max dnr,avg dhr,max dhr
0,KS,Doniphan County,G2000430,2040-2059,14.518883953146176,40.42467498779297,-19.868350982666016,2540.4986875189356,1160.3913304170628,66.69514992748766,7.616852285160444,26.12690538466728,-19.868351095858404,4.150091153628206,8.475979804992676,171.59075342465752,985,182.7556379786461,937.8223266601562,68.28881278538813,529
