,state,county,gisjoin,year range,avg temp,max temp,min temp,hdd,cdd,avg rh,average dp,max dp,min dp,avg wind speed,max wind speed,avg ghr,max ghr,avg dnr,max dnr,avg dhr,max dhr
0,VA,Waynesboro city,G5108200,1980-1999,11.416607783184086,32.68266677856445,-17.43000030517578,3048.601010821569,536.1628516833206,68.24956096971417,4.997915175159965,20.65386133481269,-17.43000092761569,4.472286583952708,10.22572135925293,175.60091324200914,1016,193.39244169047743,945.0925903320312,71.70285388127854,634
