,state,county,gisjoin,year range,avg temp,max temp,min temp,hdd,cdd,avg rh,average dp,max dp,min dp,avg wind speed,max wind speed,avg ghr,max ghr,avg dnr,max dnr,avg dhr,max dhr
0,VA,Waynesboro city,G5108200,2080-2099,16.719228220491942,38.98209381103516,-8.817506790161133,1896.7834993105687,1319.8017997901445,68.66975270711124,10.186356925694838,25.13216610396892,-8.817507135406567,4.72942386098104,13.682435035705566,175.60091324200914,1016,185.61371694118168,935.8310546875,71.70285388127854,634
