,state,county,gisjoin,year range,avg temp,max temp,min temp,hdd,cdd,avg rh,average dp,max dp,min dp,avg wind speed,max wind speed,avg ghr,max ghr,avg dnr,max dnr,avg dhr,max dhr
0,SC,Charleston County,G4500190,2000-2019,19.66320307861225,36.67388916015625,-5.103332996368408,1062.37513571159,1559.9442594050854,71.50410020427617,13.903941854678099,26.31880752574371,-5.651783340757408,4.256405429644127,9.53019905090332,191.15342465753426,1079,183.4698371863676,915.87939453125,79.97568493150685,539
