,state,county,gisjoin,year range,avg temp,max temp,min temp,hdd,cdd,avg rh,average dp,max dp,min dp,avg wind speed,max wind speed,avg ghr,max ghr,avg dnr,max dnr,avg dhr,max dhr
0,SC,Charleston County,G4500190,2020-2039,20.07084553255955,38.07208251953125,-6.058746814727783,951.8771662112773,1598.235785595507,73.23032306688562,14.673113446167571,27.1058513166664,-6.058747290768333,4.298121741046645,10.064584732055664,191.15342465753426,1079,183.6466484377622,926.164794921875,79.97568493150685,539
