,state,county,gisjoin,year range,avg temp,max temp,min temp,hdd,cdd,avg rh,average dp,max dp,min dp,avg wind speed,max wind speed,avg ghr,max ghr,avg dnr,max dnr,avg dhr,max dhr
0,KY,Bullitt County,G2100290,2000-2019,14.82529083654241,35.208126068115234,-16.970624923706055,2298.2394259871485,1029.9705813249564,70.15816677781545,8.739553620006136,25.091769903709213,-16.970625790490928,3.687275876152461,9.32456111907959,153.51255707762556,995,185.36650527790098,929.694580078125,75.63127853881278,626
