,state,county,gisjoin,year range,avg temp,max temp,min temp,hdd,cdd,avg rh,average dp,max dp,min dp,avg wind speed,max wind speed,avg ghr,max ghr,avg dnr,max dnr,avg dhr,max dhr
0,KY,Bullitt County,G2100290,2040-2059,16.688058912224555,39.38777923583984,-14.596875190734863,1958.7190974142447,1370.3606003762043,70.1375867355904,10.518963608777497,25.879086915049168,-14.596876538664729,3.6978571905393034,7.767919540405273,153.51255707762556,995,180.6117186776194,907.468994140625,75.63127853881278,626
