,state,county,gisjoin,year range,avg temp,max temp,min temp,hdd,cdd,avg rh,average dp,max dp,min dp,avg wind speed,max wind speed,avg ghr,max ghr,avg dnr,max dnr,avg dhr,max dhr
0,KY,Bullitt County,G2100290,2060-2079,16.89107944161936,38.61398315429688,-15.929028511047363,1902.3688527902088,1388.1128489812727,71.5516559677037,11.068476458182824,26.743437871053136,-15.929029265791243,3.715271709811742,10.064285278320312,153.51255707762556,995,178.23472226342489,893.364990234375,75.63127853881278,626
