,state,county,gisjoin,year range,avg temp,max temp,min temp,hdd,cdd,avg rh,average dp,max dp,min dp,avg wind speed,max wind speed,avg ghr,max ghr,avg dnr,max dnr,avg dhr,max dhr
0,KY,Bullitt County,G2100290,2080-2099,18.325680998660054,40.55317687988281,-9.471728324890137,1693.7790761973583,1703.1526407082067,71.14621540901324,12.363163026942095,27.636575008082072,-9.471728885064566,3.6688019770465483,10.225777626037598,153.51255707762556,995,175.89864236668532,907.73046875,75.63127853881278,626
