,state,county,gisjoin,year range,avg temp,max temp,min temp,hdd,cdd,avg rh,average dp,max dp,min dp,avg wind speed,max wind speed,avg ghr,max ghr,avg dnr,max dnr,avg dhr,max dhr
0,ME,Cumberland County,G2300050,2060-2079,10.546562888756403,34.224369049072266,-21.943952560424805,3392.249331930517,562.2447863261172,71.15560700860742,4.941476146885719,22.12431542095193,-21.943953627970224,4.605443189868099,11.78783893585205,161.7329908675799,970,171.3294195746881,899.080322265625,69.3796803652968,471
