,state,county,gisjoin,year range,avg temp,max temp,min temp,hdd,cdd,avg rh,average dp,max dp,min dp,avg wind speed,max wind speed,avg ghr,max ghr,avg dnr,max dnr,avg dhr,max dhr
0,ID,Bonneville County,G1600190,1980-1999,6.724435834530087,33.03687286376953,-28.748750686645508,4566.502231982313,341.42131158510165,49.27477582056228,-4.636609254913492,8.19241258061066,-28.748751767925917,3.037824909980983,7.848470687866211,184.7304794520548,1024,206.8309123519369,981.1670532226562,59.16860730593607,517
