,state,county,gisjoin,year range,avg temp,max temp,min temp,hdd,cdd,avg rh,average dp,max dp,min dp,avg wind speed,max wind speed,avg ghr,max ghr,avg dnr,max dnr,avg dhr,max dhr
0,ID,Bonneville County,G1600190,2060-2079,10.364490386250651,36.67323684692383,-21.583175659179688,3614.7208639874348,718.2598549684199,50.1583285569056,-1.2849587205837523,14.086137133978529,-22.03000850840891,2.8341672838550727,6.740549564361572,184.7304794520548,1024,203.43079364927002,967.5556030273438,59.16860730593607,517
