,state,county,gisjoin,year range,avg temp,max temp,min temp,hdd,cdd,avg rh,average dp,max dp,min dp,avg wind speed,max wind speed,avg ghr,max ghr,avg dnr,max dnr,avg dhr,max dhr
0,ID,Bonneville County,G1600190,2080-2099,12.288464494235017,40.18780517578125,-19.20572280883789,3094.5766212054114,900.3661616007898,51.13493175539252,0.8049480170003475,14.4800302635866,-21.95153661129389,2.8013698795886888,6.86848258972168,184.7304794520548,1024,201.73360270617098,955.252197265625,59.16860730593607,517
