,state,county,gisjoin,year range,avg temp,max temp,min temp,hdd,cdd,avg rh,average dp,max dp,min dp,avg wind speed,max wind speed,avg ghr,max ghr,avg dnr,max dnr,avg dhr,max dhr
0,KS,Woodson County,G2002070,2000-2019,14.218442840335708,38.14500045776367,-21.4244441986084,2524.313805572829,1034.5454422951334,66.10204728379097,7.161189185875611,24.105815521989705,-22.905185039596777,4.2785437342238755,10.85381031036377,173.68333333333334,972,191.63085057704706,932.0487060546876,68.73630136986301,579
