,state,county,gisjoin,year range,avg temp,max temp,min temp,hdd,cdd,avg rh,average dp,max dp,min dp,avg wind speed,max wind speed,avg ghr,max ghr,avg dnr,max dnr,avg dhr,max dhr
0,KS,Woodson County,G2002070,2020-2039,14.77842920772018,39.92550659179688,-16.754817962646484,2448.299052276493,1162.9257130941403,66.81684231083143,7.852691655473443,24.18743134649801,-17.61499691741811,4.261770092951108,9.908015251159668,173.68333333333334,972,190.0211650629048,933.0405883789062,68.73630136986301,579
