,state,county,gisjoin,year range,avg temp,max temp,min temp,hdd,cdd,avg rh,average dp,max dp,min dp,avg wind speed,max wind speed,avg ghr,max ghr,avg dnr,max dnr,avg dhr,max dhr
0,IA,Davis County,G1900510,2060-2079,14.054358514175977,39.82970428466797,-17.814634323120117,2718.1810839879577,1168.5219416619007,69.81397766108927,7.909752707876589,27.15308430118596,-17.814634481855716,4.154890749225878,10.347530364990234,150.00970319634703,983,175.90355990265286,933.0324096679688,70.33493150684932,596
