,state,county,gisjoin,year range,avg temp,max temp,min temp,hdd,cdd,avg rh,average dp,max dp,min dp,avg wind speed,max wind speed,avg ghr,max ghr,avg dnr,max dnr,avg dhr,max dhr
0,VA,Colonial Heights city,G5105700,1980-1999,14.348903803267413,37.09687423706055,-8.841875076293945,2286.5951011232964,844.4449893157231,68.36764286772845,7.799185896230766,22.66628580676196,-10.943775420444394,3.7416073384350295,9.20722484588623,171.7329908675799,986,189.92833253307083,926.7705078125,72.65821917808219,448
