,state,county,gisjoin,year range,avg temp,max temp,min temp,hdd,cdd,avg rh,average dp,max dp,min dp,avg wind speed,max wind speed,avg ghr,max ghr,avg dnr,max dnr,avg dhr,max dhr
0,NE,Keith County,G3101010,1980-1999,9.11142757232189,35.9275016784668,-27.32999992370605,3911.0269792269714,557.1980431238994,52.852654812107346,-1.2681778529867622,17.359137755856196,-28.691479784232957,3.8771790320062203,8.10000991821289,188.1711187214612,1013,203.03553465711917,952.9518432617188,62.81324200913242,506
