,state,county,gisjoin,year range,avg temp,max temp,min temp,hdd,cdd,avg rh,average dp,max dp,min dp,avg wind speed,max wind speed,avg ghr,max ghr,avg dnr,max dnr,avg dhr,max dhr
0,NE,Keith County,G3101010,2020-2039,11.11771123452382,38.22499084472656,-19.35420608520508,3364.422237533423,742.8868381341673,53.02064127361393,0.507653632821175,18.56151198682119,-22.246060083559133,3.9105175799702945,11.304588317871094,188.1711187214612,1013,201.02607100129083,951.199462890625,62.81324200913242,506
