,state,county,gisjoin,year range,avg temp,max temp,min temp,hdd,cdd,avg rh,average dp,max dp,min dp,avg wind speed,max wind speed,avg ghr,max ghr,avg dnr,max dnr,avg dhr,max dhr
0,MT,Big Horn County,G3000030,1980-1999,8.51596886593554,37.3025016784668,-37.09166717529297,4036.9754493954547,465.8040854613085,51.33712229217024,-2.2144135170990458,14.157419459925974,-39.43073782547374,2.871545582274868,6.352229118347168,171.48527397260273,981,192.92706619283013,916.0697021484376,62.87351598173516,577
