,state,county,gisjoin,year range,avg temp,max temp,min temp,hdd,cdd,avg rh,average dp,max dp,min dp,avg wind speed,max wind speed,avg ghr,max ghr,avg dnr,max dnr,avg dhr,max dhr
0,MT,Big Horn County,G3000030,2000-2019,10.37848888886723,39.65166473388672,-30.0575008392334,3586.243559863149,694.8920042991919,50.39296239641703,-1.0888640779401584,16.06465498550818,-30.057504630674146,2.8133443009363464,6.495866298675537,171.48527397260273,981,194.35060487036742,925.9845581054688,62.87351598173516,577
