,state,county,gisjoin,year range,avg temp,max temp,min temp,hdd,cdd,avg rh,average dp,max dp,min dp,avg wind speed,max wind speed,avg ghr,max ghr,avg dnr,max dnr,avg dhr,max dhr
0,MT,Big Horn County,G3000030,2020-2039,10.11884390695914,39.62655258178711,-28.31042861938477,3694.901114337503,708.7791403770717,52.99230329511372,-0.49215954490444597,17.558022434598612,-29.14598666309133,2.7847969064973803,7.847158432006836,171.48527397260273,981,192.81101147165757,927.8926391601562,62.87351598173516,577
