,state,county,gisjoin,year range,avg temp,max temp,min temp,hdd,cdd,avg rh,average dp,max dp,min dp,avg wind speed,max wind speed,avg ghr,max ghr,avg dnr,max dnr,avg dhr,max dhr
0,NJ,Camden County,G3400070,1980-1999,12.385419940196837,34.02799987792969,-19.34733390808105,2816.502446783186,657.6807249546387,69.65406106117109,6.331493125858375,23.458501512464288,-19.754763082133795,4.113907647132874,9.43776798248291,167.69577625570776,978,179.65176186535143,902.4754028320312,74.33424657534246,495
