,state,county,gisjoin,year range,avg temp,max temp,min temp,hdd,cdd,avg rh,average dp,max dp,min dp,avg wind speed,max wind speed,avg ghr,max ghr,avg dnr,max dnr,avg dhr,max dhr
0,NJ,Camden County,G3400070,2020-2039,14.344924533659139,35.63351821899414,-15.165694236755373,2356.5280046313987,912.9254594167661,69.88091234224572,8.26672435462165,24.46972409402601,-15.165695224812596,4.293517695061148,9.728178977966309,167.69577625570776,978,177.08767307058466,899.9752807617188,74.33424657534246,495
