,state,county,gisjoin,year range,avg temp,max temp,min temp,hdd,cdd,avg rh,average dp,max dp,min dp,avg wind speed,max wind speed,avg ghr,max ghr,avg dnr,max dnr,avg dhr,max dhr
0,OH,Clinton County,G3900270,1980-1999,10.681581040918548,33.51933288574219,-20.46866607666016,3333.013662208225,552.290742143019,69.38448287820162,4.611015113801349,21.514802870896137,-20.46866748884252,3.9141457608301344,9.067249298095703,152.48002283105023,1004,183.69564819040016,921.1630859375,78.42146118721462,641
