,state,county,gisjoin,year range,avg temp,max temp,min temp,hdd,cdd,avg rh,average dp,max dp,min dp,avg wind speed,max wind speed,avg ghr,max ghr,avg dnr,max dnr,avg dhr,max dhr
0,OH,Clinton County,G3900270,2020-2039,12.365940564016325,34.55158615112305,-16.99571418762207,2890.3293942057967,724.3977000713771,70.42409580592151,6.480296263911531,23.28733629585819,-17.428381725562097,3.733832208152231,9.580102920532228,152.48002283105023,1004,179.75517751746958,944.1907958984376,78.42146118721462,641
