,state,county,gisjoin,year range,avg temp,max temp,min temp,hdd,cdd,avg rh,average dp,max dp,min dp,avg wind speed,max wind speed,avg ghr,max ghr,avg dnr,max dnr,avg dhr,max dhr
0,OH,Fairfield County,G3900450,2020-2039,12.452334499305522,34.50584030151367,-18.98629570007324,2943.4065871597554,809.0086794058969,69.07249676255876,6.198782607688281,24.530322919187448,-19.79900498587515,4.139555238343809,11.059178352355955,158.8986301369863,997,180.11646079464464,928.6105346679688,79.02294520547945,522
