,state,county,gisjoin,year range,avg temp,max temp,min temp,hdd,cdd,avg rh,average dp,max dp,min dp,avg wind speed,max wind speed,avg ghr,max ghr,avg dnr,max dnr,avg dhr,max dhr
0,KS,Decatur County,G2000390,1980-1999,9.798623928911113,39.0706672668457,-23.534666061401367,3783.449513961796,680.4472480138468,55.17203718521824,-0.07356697048047682,19.038242123107228,-24.62250946961821,4.532497818788437,9.829950332641602,168.5865296803653,973,206.95219739687775,977.8986206054688,64.99349315068493,569
