,state,county,gisjoin,year range,avg temp,max temp,min temp,hdd,cdd,avg rh,average dp,max dp,min dp,avg wind speed,max wind speed,avg ghr,max ghr,avg dnr,max dnr,avg dhr,max dhr
0,KS,Decatur County,G2000390,2060-2079,14.921038476501105,41.75593948364258,-14.929487228393556,2589.9875177603953,1356.6665616830933,51.74828699897958,3.6678693908476876,22.63585063050577,-18.02982533206411,4.429235444901741,10.127829551696776,168.5865296803653,973,201.9622582988621,950.9242553710938,64.99349315068493,569
