,state,county,gisjoin,year range,avg temp,max temp,min temp,hdd,cdd,avg rh,average dp,max dp,min dp,avg wind speed,max wind speed,avg ghr,max ghr,avg dnr,max dnr,avg dhr,max dhr
0,NE,Keya Paha County,G3101030,2000-2019,9.710794969368527,40.292667388916016,-27.74333381652832,3838.7412554582224,703.6814192772239,59.2977824358091,1.028165203179652,22.00783443123781,-27.743334452322436,4.192271357175966,9.788851737976074,182.5165525114155,994,189.26971468137125,927.2450561523438,60.789840182648405,438
