,state,county,gisjoin,year range,avg temp,max temp,min temp,hdd,cdd,avg rh,average dp,max dp,min dp,avg wind speed,max wind speed,avg ghr,max ghr,avg dnr,max dnr,avg dhr,max dhr
0,NE,Keya Paha County,G3101030,2040-2059,12.267696790732392,39.31877899169922,-23.47704315185547,3184.8090785371987,983.0184071541331,59.97906894074183,3.6183562508028366,24.37705148351242,-23.477046261183983,4.107296700483044,8.839177131652832,182.5165525114155,994,184.82943802231634,909.2534790039062,60.789840182648405,438
