,state,county,gisjoin,year range,avg temp,max temp,min temp,hdd,cdd,avg rh,average dp,max dp,min dp,avg wind speed,max wind speed,avg ghr,max ghr,avg dnr,max dnr,avg dhr,max dhr
0,NE,Keya Paha County,G3101030,2060-2079,12.640945153480494,39.51023864746094,-23.72006607055664,3127.228699460358,1061.6736804803788,59.529235269489895,3.8903081937432296,24.19873518789388,-23.72006703568856,4.257083673441791,11.484692573547363,182.5165525114155,994,184.27536469471718,919.5950317382812,60.789840182648405,438
