,state,county,gisjoin,year range,avg temp,max temp,min temp,hdd,cdd,avg rh,average dp,max dp,min dp,avg wind speed,max wind speed,avg ghr,max ghr,avg dnr,max dnr,avg dhr,max dhr
0,NE,Keya Paha County,G3101030,2080-2099,15.03439852603776,43.73606491088867,-17.602832794189453,2602.304781269281,1410.360243272817,59.73875739411132,6.129582271695649,26.60881095397005,-17.60283296395705,4.137451672608449,9.49778175354004,182.5165525114155,994,182.28269640582923,917.9652709960938,60.789840182648405,438
