,state,county,gisjoin,year range,avg temp,max temp,min temp,hdd,cdd,avg rh,average dp,max dp,min dp,avg wind speed,max wind speed,avg ghr,max ghr,avg dnr,max dnr,avg dhr,max dhr
0,TX,Eastland County,G4801330,2060-2079,20.75574612744651,41.1255111694336,-6.351506233215332,1187.28508441917,2083.6324209370396,61.44917696839598,12.102415950159493,25.546007722350986,-7.624860514119943,5.1941122322049855,9.835659980773926,213.3353881278539,1039,208.17540308329325,965.1536254882812,70.3763698630137,547
