,state,county,gisjoin,year range,avg temp,max temp,min temp,hdd,cdd,avg rh,average dp,max dp,min dp,avg wind speed,max wind speed,avg ghr,max ghr,avg dnr,max dnr,avg dhr,max dhr
0,MN,Faribault County,G2700430,2000-2019,8.208276747872802,34.79533386230469,-27.63333320617676,4244.20431545656,560.7253284295626,67.26404112637316,1.789838788364073,24.211028018914977,-27.63333533406553,4.734186711703261,10.48325252532959,160.64783105022832,970,176.5176795911767,900.2532348632812,65.66506849315068,529
