,state,county,gisjoin,year range,avg temp,max temp,min temp,hdd,cdd,avg rh,average dp,max dp,min dp,avg wind speed,max wind speed,avg ghr,max ghr,avg dnr,max dnr,avg dhr,max dhr
0,MN,Faribault County,G2700430,2020-2039,9.096117711493816,35.619815826416016,-33.57624053955078,4014.6752688048623,655.2582334995592,66.94935958679409,2.5174353420288305,24.18612289750253,-33.57624331052617,4.689393994906177,12.364469528198242,160.64783105022832,970,174.9737152829596,893.4678955078125,65.66506849315068,529
