,state,county,gisjoin,year range,avg temp,max temp,min temp,hdd,cdd,avg rh,average dp,max dp,min dp,avg wind speed,max wind speed,avg ghr,max ghr,avg dnr,max dnr,avg dhr,max dhr
0,MN,Faribault County,G2700430,2060-2079,11.087849640971918,36.70897674560547,-24.039775848388672,3572.487156242431,940.0522751967632,68.39795220322804,4.84516497141526,25.72053711306365,-24.039777914074616,4.6741170393277525,10.533005714416504,160.64783105022832,970,170.2334933289822,911.1297607421876,65.66506849315068,529
