,state,county,gisjoin,year range,avg temp,max temp,min temp,hdd,cdd,avg rh,average dp,max dp,min dp,avg wind speed,max wind speed,avg ghr,max ghr,avg dnr,max dnr,avg dhr,max dhr
0,IN,Lawrence County,G1800930,1980-1999,11.623399681666362,36.99187469482422,-24.381250381469727,3123.3181637322523,686.3590475400639,69.23185238163221,5.430300626905882,21.87076606593341,-24.38125316285749,3.780428483973355,8.09652328491211,145.4203196347032,987,185.57412481686777,941.0217895507812,74.325,663
