,state,county,gisjoin,year range,avg temp,max temp,min temp,hdd,cdd,avg rh,average dp,max dp,min dp,avg wind speed,max wind speed,avg ghr,max ghr,avg dnr,max dnr,avg dhr,max dhr
0,IN,Lawrence County,G1800930,2060-2079,15.559776986596098,38.210105895996094,-12.879476547241213,2216.9662258692747,1216.7848259767636,71.45609233477344,9.721135845773311,25.517539472583724,-13.267179538390192,3.7155573320715396,9.302079200744627,145.4203196347032,987,177.29634304270712,920.548583984375,74.325,663
