,state,county,gisjoin,year range,avg temp,max temp,min temp,hdd,cdd,avg rh,average dp,max dp,min dp,avg wind speed,max wind speed,avg ghr,max ghr,avg dnr,max dnr,avg dhr,max dhr
0,TX,Wise County,G4804970,2040-2059,20.35855271969986,42.43114471435547,-5.890594482421875,1214.8192830434214,1966.1910257337865,65.67237173846867,12.889941312649814,26.6043063671488,-6.734747333564807,4.680495846598116,10.137852668762209,189.24052511415525,1009,199.5108475979281,952.17431640625,69.70353881278538,679
