,state,county,gisjoin,year range,avg temp,max temp,min temp,hdd,cdd,avg rh,average dp,max dp,min dp,avg wind speed,max wind speed,avg ghr,max ghr,avg dnr,max dnr,avg dhr,max dhr
0,TX,Wise County,G4804970,2080-2099,22.687973778107157,44.36865615844727,-4.9564409255981445,932.8667983130899,2534.477227321995,64.12843023369845,14.683372662625034,29.913157408456204,-5.877391393503927,4.629728045175065,9.634842872619627,189.24052511415525,1009,194.36549354412784,902.147705078125,69.70353881278538,679
