,state,county,gisjoin,year range,avg temp,max temp,min temp,hdd,cdd,avg rh,average dp,max dp,min dp,avg wind speed,max wind speed,avg ghr,max ghr,avg dnr,max dnr,avg dhr,max dhr
0,MT,Rosebud County,G3000870,2060-2079,11.28662180860465,41.25539016723633,-29.173072814941406,3521.184415582699,961.3013757229286,52.233641553033976,0.5462010841779394,20.19741726047412,-29.404483168130227,3.777002999227341,8.840636253356934,172.92785388127854,963,185.11167043906286,901.3563842773438,61.531164383561645,446
