,state,county,gisjoin,year range,avg temp,max temp,min temp,hdd,cdd,avg rh,average dp,max dp,min dp,avg wind speed,max wind speed,avg ghr,max ghr,avg dnr,max dnr,avg dhr,max dhr
0,MT,Rosebud County,G3000870,2080-2099,13.917779980695563,45.93503189086914,-25.87107276916504,2906.6619563149784,1307.1516492685307,52.74729432428264,3.011985607923138,20.94745346849853,-25.94861283373852,3.706818873588353,8.063051223754883,172.92785388127854,963,183.0948028996455,898.4624633789062,61.531164383561645,446
