,state,county,gisjoin,year range,avg temp,max temp,min temp,hdd,cdd,avg rh,average dp,max dp,min dp,avg wind speed,max wind speed,avg ghr,max ghr,avg dnr,max dnr,avg dhr,max dhr
0,IA,Allamakee County,G1900050,2040-2059,10.662498959628323,38.02557373046875,-28.25369644165039,3577.647975507309,789.960095771195,67.21420518426591,4.0925471916377285,25.864624604869505,-28.253699719590493,4.368885135324034,8.72433090209961,158.85102739726028,951,176.34063068991856,902.1951904296876,69.5579908675799,580
