,state,county,gisjoin,year range,avg temp,max temp,min temp,hdd,cdd,avg rh,average dp,max dp,min dp,avg wind speed,max wind speed,avg ghr,max ghr,avg dnr,max dnr,avg dhr,max dhr
0,MS,Pontotoc County,G2801150,1980-1999,15.50320181032316,35.145294189453125,-10.795293807983398,2055.7158840020497,1034.8845447699903,70.29612054868376,9.390013481177013,22.81304314766909,-10.79529447564198,3.6023444140202376,9.14348316192627,181.76803652968036,1007,196.38993188371626,946.6410522460938,74.2332191780822,558
