,state,county,gisjoin,year range,avg temp,max temp,min temp,hdd,cdd,avg rh,average dp,max dp,min dp,avg wind speed,max wind speed,avg ghr,max ghr,avg dnr,max dnr,avg dhr,max dhr
0,MS,Pontotoc County,G2801150,2000-2019,16.873613701953094,36.88529586791992,-14.623529434204102,1779.0213012703935,1258.39030248332,70.17621923886477,10.665406477582058,24.06462983541961,-14.623530607808023,3.6442868693098087,10.019946098327637,181.76803652968036,1007,192.94914623897813,955.2021484375,74.2332191780822,558
