,state,county,gisjoin,year range,avg temp,max temp,min temp,hdd,cdd,avg rh,average dp,max dp,min dp,avg wind speed,max wind speed,avg ghr,max ghr,avg dnr,max dnr,avg dhr,max dhr
0,MS,Pontotoc County,G2801150,2060-2079,19.02410998452916,37.98739242553711,-5.872817516326904,1385.7927615337412,1650.0929058868996,70.95742767172861,12.926752693031707,26.85897361479876,-5.872817972067693,3.598582599832587,9.039051055908203,181.76803652968036,1007,188.45656224609837,912.4058227539062,74.2332191780822,558
