,state,county,gisjoin,year range,avg temp,max temp,min temp,hdd,cdd,avg rh,average dp,max dp,min dp,avg wind speed,max wind speed,avg ghr,max ghr,avg dnr,max dnr,avg dhr,max dhr
0,OK,Pittsburg County,G4001210,2000-2019,17.1246875956196,39.29631423950195,-11.970000267028809,1797.5457508756338,1368.5567232768442,67.5346895690378,10.301829508371053,24.794243564094277,-12.352342536408225,4.0607588918241735,9.889396667480469,188.34063926940638,1009,196.1726009281788,926.2294921875,67.10525114155251,534
