,state,county,gisjoin,year range,avg temp,max temp,min temp,hdd,cdd,avg rh,average dp,max dp,min dp,avg wind speed,max wind speed,avg ghr,max ghr,avg dnr,max dnr,avg dhr,max dhr
0,OK,Pittsburg County,G4001210,2060-2079,19.81341495642919,42.95286178588867,-6.463289260864258,1356.0081112284731,1908.4045703250688,68.96257264712085,13.202600371975368,27.12509883079332,-6.463289889957442,4.050767504679014,9.23346710205078,188.34063926940638,1009,189.38691778779955,936.5939331054688,67.10525114155251,534
