,state,county,gisjoin,year range,avg temp,max temp,min temp,hdd,cdd,avg rh,average dp,max dp,min dp,avg wind speed,max wind speed,avg ghr,max ghr,avg dnr,max dnr,avg dhr,max dhr
0,PA,Somerset County,G4201110,1980-1999,7.968015777739434,30.48200035095215,-22.45400047302246,4034.6074909490035,263.4332498232448,69.5835650851193,2.08239985446156,19.612744529745843,-22.48574740492544,5.293469876132599,11.78420066833496,143.3818493150685,958,184.83950793567573,979.6932373046876,74.57990867579909,605
