,state,county,gisjoin,year range,avg temp,max temp,min temp,hdd,cdd,avg rh,average dp,max dp,min dp,avg wind speed,max wind speed,avg ghr,max ghr,avg dnr,max dnr,avg dhr,max dhr
0,PA,Somerset County,G4201110,2040-2059,11.008440733899276,32.32320022583008,-18.26422691345215,3194.2112703381804,532.7921382109568,71.04073664913439,5.3256199056433475,22.065216345543167,-18.26422838260552,5.43430901651513,11.793591499328612,143.3818493150685,958,178.63331910041134,937.1771850585938,74.57990867579909,605
