,state,county,gisjoin,year range,avg temp,max temp,min temp,hdd,cdd,avg rh,average dp,max dp,min dp,avg wind speed,max wind speed,avg ghr,max ghr,avg dnr,max dnr,avg dhr,max dhr
0,PA,Somerset County,G4201110,2080-2099,13.347633678592224,33.77688217163086,-12.2774019241333,2646.18725470926,838.5735473951239,70.63467156701981,7.479923617321337,22.549158968181416,-12.277402866116796,5.5328874228751825,13.021636962890623,143.3818493150685,958,173.87151898109437,950.2180786132812,74.57990867579909,605
