,state,county,gisjoin,year range,avg temp,max temp,min temp,hdd,cdd,avg rh,average dp,max dp,min dp,avg wind speed,max wind speed,avg ghr,max ghr,avg dnr,max dnr,avg dhr,max dhr
0,KY,Garrard County,G2100790,1980-1999,12.885100526472856,33.89200210571289,-22.179332733154297,2704.2286987902107,727.7903909524701,68.99459585141918,6.592337666956696,22.290984535816357,-22.179334812114984,4.001016951614319,9.256498336791992,169.9851598173516,987,190.64903279194937,937.0452270507812,73.20102739726028,653
