,state,county,gisjoin,year range,avg temp,max temp,min temp,hdd,cdd,avg rh,average dp,max dp,min dp,avg wind speed,max wind speed,avg ghr,max ghr,avg dnr,max dnr,avg dhr,max dhr
0,FL,Duval County,G1200310,2060-2079,22.797027500377773,37.25715255737305,-2.4833037853240967,544.6949223935995,2186.1099600312764,71.90498915937937,16.97061515713537,27.89496566744468,-2.4833038616445475,3.816378219486916,9.058022499084473,189.33447488584474,1027,187.7569895262823,898.9186401367188,80.1769406392694,573
