,state,county,gisjoin,year range,avg temp,max temp,min temp,hdd,cdd,avg rh,average dp,max dp,min dp,avg wind speed,max wind speed,avg ghr,max ghr,avg dnr,max dnr,avg dhr,max dhr
0,IN,Allen County,G1800030,2000-2019,10.555342930860748,35.88687515258789,-27.513124465942383,3469.738728799746,642.9388985634154,69.50401353509459,4.543774574365738,23.988858212885606,-27.51312622778737,3.9176033427590107,10.258657455444336,161.35730593607306,996,177.9552496618075,929.45703125,77.8406392694064,499
