,state,county,gisjoin,year range,avg temp,max temp,min temp,hdd,cdd,avg rh,average dp,max dp,min dp,avg wind speed,max wind speed,avg ghr,max ghr,avg dnr,max dnr,avg dhr,max dhr
0,IN,Allen County,G1800030,2020-2039,11.423205703115793,37.38306427001953,-23.55925750732422,3217.6263511285456,707.5964327653634,69.30490296638175,5.30858673094825,24.14249183295765,-23.55925908272765,3.87446907573639,9.60903263092041,161.35730593607306,996,177.66062226758686,930.346923828125,77.8406392694064,499
