,state,county,gisjoin,year range,avg temp,max temp,min temp,hdd,cdd,avg rh,average dp,max dp,min dp,avg wind speed,max wind speed,avg ghr,max ghr,avg dnr,max dnr,avg dhr,max dhr
0,WI,Sheboygan County,G5501170,2080-2099,12.884854012694493,39.04631423950195,-17.61172866821289,2954.8184652235545,978.2901798566758,71.75903836603034,7.337775200173901,26.34839659645983,-17.611729070336892,5.325733955211291,11.611188888549805,147.90559360730595,960,164.66613716226573,873.5291748046875,66.85559360730593,628
