,state,county,gisjoin,year range,avg temp,max temp,min temp,hdd,cdd,avg rh,average dp,max dp,min dp,avg wind speed,max wind speed,avg ghr,max ghr,avg dnr,max dnr,avg dhr,max dhr
0,CO,Bent County,G0800110,2080-2099,17.430724823763462,45.35387420654297,-18.41339683532715,2068.4870667716273,1751.2016274451362,43.27256504166616,2.9739617719856537,21.01369439938186,-22.61123763762522,3.5783552570974444,9.498616218566896,200.68801369863013,1034,218.92062204286933,963.87451171875,61.93424657534246,525
