,state,county,gisjoin,year range,avg temp,max temp,min temp,hdd,cdd,avg rh,average dp,max dp,min dp,avg wind speed,max wind speed,avg ghr,max ghr,avg dnr,max dnr,avg dhr,max dhr
0,PA,Tioga County,G4201170,2040-2059,10.34892900779702,39.77608489990234,-23.868980407714844,3477.4976627064784,575.3567505518849,69.20762668309146,4.18443003848147,23.68144967357409,-23.868981956235334,4.92590546509991,11.231138229370115,137.06963470319636,968,178.52546972932103,930.020263671875,71.33173515981736,542
