,state,county,gisjoin,year range,avg temp,max temp,min temp,hdd,cdd,avg rh,average dp,max dp,min dp,avg wind speed,max wind speed,avg ghr,max ghr,avg dnr,max dnr,avg dhr,max dhr
0,PA,Tioga County,G4201170,2060-2079,11.002495482321361,34.50338363647461,-16.541349411010742,3294.290389031812,630.7012400786399,68.82372918586208,4.722194902070946,23.89648530607344,-16.541349882471376,5.142581939044064,15.363311767578123,137.06963470319636,968,177.430798067974,939.2510986328124,71.33173515981736,542
