,state,county,gisjoin,year range,avg temp,max temp,min temp,hdd,cdd,avg rh,average dp,max dp,min dp,avg wind speed,max wind speed,avg ghr,max ghr,avg dnr,max dnr,avg dhr,max dhr
0,PA,Tioga County,G4201170,2080-2099,12.865632672395275,36.26229476928711,-14.260980606079102,2835.680319270512,852.1362446944427,68.56750925686806,6.413400738671577,22.739791595496385,-14.260982388759285,5.41724684303754,14.42585563659668,137.06963470319636,968,177.36047368351188,926.6278076171876,71.33173515981736,542
