,state,county,gisjoin,year range,avg temp,max temp,min temp,hdd,cdd,avg rh,average dp,max dp,min dp,avg wind speed,max wind speed,avg ghr,max ghr,avg dnr,max dnr,avg dhr,max dhr
0,TX,Panola County,G4803650,2060-2079,21.535950324213193,39.9143180847168,-7.035409450531006,991.0594882034394,2172.1813565411117,68.0350080487935,14.614650829638535,27.40452989689416,-7.712893992758119,3.802111026685532,8.94036865234375,191.80650684931507,1017,194.04030544851827,927.9527587890624,79.26689497716895,503
