,state,county,gisjoin,year range,avg temp,max temp,min temp,hdd,cdd,avg rh,average dp,max dp,min dp,avg wind speed,max wind speed,avg ghr,max ghr,avg dnr,max dnr,avg dhr,max dhr
0,TX,Panola County,G4803650,2080-2099,22.79474692720469,42.81879425048828,-4.712340354919434,892.618287256524,2533.200915686027,68.74509841862334,16.01217406416989,30.303777082834102,-4.712340700324306,3.751051379883126,7.948802947998047,191.80650684931507,1017,189.51820869168924,910.1663208007812,79.26689497716895,503
