,state,county,gisjoin,year range,avg temp,max temp,min temp,hdd,cdd,avg rh,average dp,max dp,min dp,avg wind speed,max wind speed,avg ghr,max ghr,avg dnr,max dnr,avg dhr,max dhr
0,TX,Kenedy County,G4802610,1980-1999,22.10637728583629,38.70299911499024,-0.9020000696182252,651.820971324881,2041.148680654972,61.146953630447385,13.581073428814586,24.106967362968764,-2.065589175997516,4.609322381400626,8.717352867126465,191.39383561643837,1004,211.95284776757381,967.7606201171876,80.26803652968036,669
