,state,county,gisjoin,year range,avg temp,max temp,min temp,hdd,cdd,avg rh,average dp,max dp,min dp,avg wind speed,max wind speed,avg ghr,max ghr,avg dnr,max dnr,avg dhr,max dhr
0,TX,Kenedy County,G4802610,2040-2059,24.74101594206218,40.482421875,-2.1909596920013428,446.40453306902003,2797.3753519213765,62.220683610058266,16.275960790346765,26.91714424624613,-2.67715402787087,4.6186838504114105,9.172361373901367,191.39383561643837,1004,206.4905260877598,952.7847900390624,80.26803652968036,669
