,state,county,gisjoin,year range,avg temp,max temp,min temp,hdd,cdd,avg rh,average dp,max dp,min dp,avg wind speed,max wind speed,avg ghr,max ghr,avg dnr,max dnr,avg dhr,max dhr
0,TX,Kenedy County,G4802610,2060-2079,25.06479805228024,39.75102996826172,-0.2558987438678741,404.2852593891637,2873.436548471094,59.46810037349457,15.872139690958901,26.87665974793433,-5.125056620862572,4.785828202717925,8.46226692199707,191.39383561643837,1004,205.501340291874,953.1482543945312,80.26803652968036,669
