,state,county,gisjoin,year range,avg temp,max temp,min temp,hdd,cdd,avg rh,average dp,max dp,min dp,avg wind speed,max wind speed,avg ghr,max ghr,avg dnr,max dnr,avg dhr,max dhr
0,TX,Kenedy County,G4802610,2080-2099,26.56249376116278,41.23040008544922,2.284080266952514,334.067908581106,3349.8781314050902,58.73044543462257,16.994462979505663,30.33180402484169,-0.4408004641880919,4.862894961972759,8.739949226379395,191.39383561643837,1004,202.94206361456025,969.7125854492188,80.26803652968036,669
