,state,county,gisjoin,year range,avg temp,max temp,min temp,hdd,cdd,avg rh,average dp,max dp,min dp,avg wind speed,max wind speed,avg ghr,max ghr,avg dnr,max dnr,avg dhr,max dhr
0,ID,Payette County,G1600750,1980-1999,10.466440985182315,37.744285583496094,-22.07857131958008,3459.9983201305727,600.7492797216012,45.953824988347755,-2.8106238478508367,10.258293813507384,-22.078572728612546,2.2943342550160133,5.706845760345459,193.59497716894978,996,200.61172731630333,945.8338012695312,53.73573059360731,433
