,state,county,gisjoin,year range,avg temp,max temp,min temp,hdd,cdd,avg rh,average dp,max dp,min dp,avg wind speed,max wind speed,avg ghr,max ghr,avg dnr,max dnr,avg dhr,max dhr
0,ID,Payette County,G1600750,2000-2019,11.507156628383044,38.32285690307617,-19.8700008392334,3198.024597360473,718.6367667198475,46.821023280435504,-1.4327054652637663,10.784620314629858,-20.307339584787822,2.26924500461991,6.016361236572266,193.59497716894978,996,198.9224121725708,924.7177124023438,53.73573059360731,433
