,state,county,gisjoin,year range,avg temp,max temp,min temp,hdd,cdd,avg rh,average dp,max dp,min dp,avg wind speed,max wind speed,avg ghr,max ghr,avg dnr,max dnr,avg dhr,max dhr
0,ID,Payette County,G1600750,2060-2079,14.330361971181294,41.61740112304688,-14.91861629486084,2585.0749684491607,1136.1570879301,48.31137995393309,1.396458193834175,13.226232177238426,-15.96064144613478,2.160062283032561,5.388908386230469,193.59497716894978,996,197.4381932988715,924.3668823242188,53.73573059360731,433
