,state,county,gisjoin,year range,avg temp,max temp,min temp,hdd,cdd,avg rh,average dp,max dp,min dp,avg wind speed,max wind speed,avg ghr,max ghr,avg dnr,max dnr,avg dhr,max dhr
0,KS,Osborne County,G2001410,2000-2019,13.19666634590501,41.31949996948242,-21.48349952697754,2894.2059801409155,1031.489196395931,56.120619124038036,3.318474194425357,22.905890407387503,-21.483501732410343,4.298878305551669,9.474337577819824,179.32739726027398,1043,197.78151970065292,930.1591796875,65.21221461187214,551
