,state,county,gisjoin,year range,avg temp,max temp,min temp,hdd,cdd,avg rh,average dp,max dp,min dp,avg wind speed,max wind speed,avg ghr,max ghr,avg dnr,max dnr,avg dhr,max dhr
0,NE,Kearney County,G3100990,1980-1999,9.64091705654043,37.54750061035156,-20.434165954589844,3770.4694078103,609.9041334470384,60.2601760241539,1.2792133113995987,20.246226009069197,-23.44915911567865,4.859804334624173,10.68293571472168,178.5074200913242,982,195.12048261992976,926.7816772460938,63.34623287671233,569
