,state,county,gisjoin,year range,avg temp,max temp,min temp,hdd,cdd,avg rh,average dp,max dp,min dp,avg wind speed,max wind speed,avg ghr,max ghr,avg dnr,max dnr,avg dhr,max dhr
0,NE,Kearney County,G3100990,2020-2039,11.931396034921177,38.07859420776367,-20.19309425354004,3164.8758757941273,840.3354285399597,59.38249373947649,3.1248187554798603,21.79362959491016,-24.67385838132985,4.8519441714297695,10.82874870300293,178.5074200913242,982,194.2165782163448,949.0565795898438,63.34623287671233,569
