,state,county,gisjoin,year range,avg temp,max temp,min temp,hdd,cdd,avg rh,average dp,max dp,min dp,avg wind speed,max wind speed,avg ghr,max ghr,avg dnr,max dnr,avg dhr,max dhr
0,NE,Kearney County,G3100990,2040-2059,12.978051720103986,39.94211196899414,-20.845531463623047,2989.7981430205514,1047.2870208581894,59.811003647003,4.184420364405915,22.84706511761208,-20.84842898617059,4.835084576775494,10.806546211242676,178.5074200913242,982,190.63514235529783,938.5687255859376,63.34623287671233,569
