,state,county,gisjoin,year range,avg temp,max temp,min temp,hdd,cdd,avg rh,average dp,max dp,min dp,avg wind speed,max wind speed,avg ghr,max ghr,avg dnr,max dnr,avg dhr,max dhr
0,ND,Divide County,G3800230,2000-2019,5.137897726515593,35.74399948120117,-38.12066650390625,5167.531690886158,363.3643610636365,53.98389688953417,-4.85320248192545,16.60204707970136,-38.1206681664821,4.461020453716522,9.345808029174805,157.27191780821917,938,178.21988950338047,889.7136840820312,56.653196347031965,571
