,state,county,gisjoin,year range,avg temp,max temp,min temp,hdd,cdd,avg rh,average dp,max dp,min dp,avg wind speed,max wind speed,avg ghr,max ghr,avg dnr,max dnr,avg dhr,max dhr
0,MT,Fallon County,G3000250,1980-1999,6.618487653230263,37.964168548583984,-32.459999084472656,4648.982305806015,385.23029923439145,52.5820782809497,-3.763642585469748,15.340153071624746,-32.459999841943905,4.626353762710475,10.506136894226074,154.88949771689497,950,186.9549559296955,908.638671875,58.3777397260274,574
