,state,county,gisjoin,year range,avg temp,max temp,min temp,hdd,cdd,avg rh,average dp,max dp,min dp,avg wind speed,max wind speed,avg ghr,max ghr,avg dnr,max dnr,avg dhr,max dhr
0,MT,Fallon County,G3000250,2020-2039,7.972028817998173,36.47111129760742,-34.12799072265625,4300.552652026468,530.8431705951864,53.78925981782887,-2.090031436145231,17.64090677256038,-34.12799112085542,4.523742401953702,11.370217323303224,154.88949771689497,950,185.2977493744317,911.1096801757812,58.3777397260274,574
