,state,county,gisjoin,year range,avg temp,max temp,min temp,hdd,cdd,avg rh,average dp,max dp,min dp,avg wind speed,max wind speed,avg ghr,max ghr,avg dnr,max dnr,avg dhr,max dhr
0,MT,Fallon County,G3000250,2060-2079,10.248536585980522,39.97932815551758,-25.657737731933597,3792.077477168504,853.2933310509101,53.653170036072055,0.0749063714216837,20.030596724874577,-25.82663721697737,4.5304937586936775,11.458086967468262,154.88949771689497,950,183.73226141080056,884.6708984375,58.3777397260274,574
