,state,county,gisjoin,year range,avg temp,max temp,min temp,hdd,cdd,avg rh,average dp,max dp,min dp,avg wind speed,max wind speed,avg ghr,max ghr,avg dnr,max dnr,avg dhr,max dhr
0,MS,Humphreys County,G2800530,1980-1999,17.308688963035834,36.19066619873047,-6.741333484649658,1642.540224051719,1280.711695559902,71.45776061162557,11.450066460678627,24.58025849787881,-6.741334158686295,3.407869769612404,8.977921485900879,189.82305936073058,984,194.59055494410157,915.0512084960938,74.35810502283105,477
