,state,county,gisjoin,year range,avg temp,max temp,min temp,hdd,cdd,avg rh,average dp,max dp,min dp,avg wind speed,max wind speed,avg ghr,max ghr,avg dnr,max dnr,avg dhr,max dhr
0,KS,Meade County,G2001190,2000-2019,14.020632851526559,40.15812301635742,-18.02312469482422,2623.3122356100343,1061.3432264169662,53.88017618797686,3.5143899648626085,20.9958059200459,-18.611273000408666,4.941884103948123,10.78986930847168,202.22785388127855,1036,211.97447080103848,961.1248168945312,69.20730593607306,554
