,state,county,gisjoin,year range,avg temp,max temp,min temp,hdd,cdd,avg rh,average dp,max dp,min dp,avg wind speed,max wind speed,avg ghr,max ghr,avg dnr,max dnr,avg dhr,max dhr
0,KS,Meade County,G2001190,2060-2079,16.88613545263511,42.32890701293945,-9.39970874786377,2134.3078041940275,1618.2472444056978,52.84395986648455,5.831981368592253,22.598662911720822,-13.725302644668158,4.938101971040577,10.957310676574709,202.22785388127855,1036,209.28732605993974,967.1505126953124,69.20730593607306,554
