,state,county,gisjoin,year range,avg temp,max temp,min temp,hdd,cdd,avg rh,average dp,max dp,min dp,avg wind speed,max wind speed,avg ghr,max ghr,avg dnr,max dnr,avg dhr,max dhr
0,TN,Smith County,G4701590,2020-2039,16.00163805240224,36.65691375732422,-15.146656036376951,1976.828388431267,1137.9262775580798,69.36493318984498,9.601117307416901,23.752187542247466,-15.146656570929109,2.941877061958727,8.153188705444336,179.75730593607307,1031,190.34610848175467,968.1650390625,80.23436073059361,603
