,state,county,gisjoin,year range,avg temp,max temp,min temp,hdd,cdd,avg rh,average dp,max dp,min dp,avg wind speed,max wind speed,avg ghr,max ghr,avg dnr,max dnr,avg dhr,max dhr
0,MI,Wexford County,G2601650,1980-1999,5.84745536934636,31.60599899291992,-27.18000030517578,4813.516097070233,268.337306880944,67.77695957993808,-0.43499013728932023,19.10143473401453,-27.180000396289863,4.862302634814014,11.928149223327637,148.54429223744293,947,174.41414357918018,926.4839477539062,69.20502283105023,626
