,state,county,gisjoin,year range,avg temp,max temp,min temp,hdd,cdd,avg rh,average dp,max dp,min dp,avg wind speed,max wind speed,avg ghr,max ghr,avg dnr,max dnr,avg dhr,max dhr
0,MI,Wexford County,G2601650,2000-2019,7.108242158304722,34.689998626708984,-22.27400016784668,4455.8551031506195,370.86349093119156,69.82759604715321,1.2244160757266715,21.448949412461488,-22.27400208112008,4.8582256637479615,10.589285850524902,148.54429223744293,947,172.3609107016878,947.823974609375,69.20502283105023,626
