,state,county,gisjoin,year range,avg temp,max temp,min temp,hdd,cdd,avg rh,average dp,max dp,min dp,avg wind speed,max wind speed,avg ghr,max ghr,avg dnr,max dnr,avg dhr,max dhr
0,TX,Gonzales County,G4801770,2000-2019,21.364534391855823,39.21125030517578,-4.911250114440918,925.4183787346237,2043.9734317618859,62.88185298976288,13.151364478868057,29.067680258903696,-5.574687550908633,4.018294437018704,7.852097511291504,202.06700913242008,1041,208.62602304651247,964.6476440429688,76.99566210045663,512
