,state,county,gisjoin,year range,avg temp,max temp,min temp,hdd,cdd,avg rh,average dp,max dp,min dp,avg wind speed,max wind speed,avg ghr,max ghr,avg dnr,max dnr,avg dhr,max dhr
0,TX,Gonzales County,G4801770,2060-2079,23.107041832864642,40.94392776489258,-3.523285388946533,683.8292130002709,2438.3994819956306,63.539226915629484,14.994183869867282,26.069325561146467,-5.043664704702025,4.0904067523131085,8.257465362548828,202.06700913242008,1041,204.56717532919305,943.9310913085938,76.99566210045663,512
