,state,county,gisjoin,year range,avg temp,max temp,min temp,hdd,cdd,avg rh,average dp,max dp,min dp,avg wind speed,max wind speed,avg ghr,max ghr,avg dnr,max dnr,avg dhr,max dhr
0,VA,Manassas Park city,G5106850,1980-1999,12.49316652407427,34.70600128173828,-15.765999794006348,2813.042236151552,693.548017438291,68.46083555156237,6.118290974254928,22.85853764943824,-15.766000970552293,3.860360184107741,10.10562229156494,191.30639269406393,1011,184.43283808518035,946.5305786132812,67.29543378995434,682
