,state,county,gisjoin,year range,avg temp,max temp,min temp,hdd,cdd,avg rh,average dp,max dp,min dp,avg wind speed,max wind speed,avg ghr,max ghr,avg dnr,max dnr,avg dhr,max dhr
0,VA,Manassas Park city,G5106850,2020-2039,14.386350703460895,36.95652389526367,-14.093682289123535,2392.7233617056586,964.2413684686611,68.85893595011811,8.052703736214484,23.94159320459641,-14.093683609843628,3.8788988136265377,9.44262409210205,191.30639269406393,1011,182.2849375042666,930.8743286132812,67.29543378995434,682
