,state,county,gisjoin,year range,avg temp,max temp,min temp,hdd,cdd,avg rh,average dp,max dp,min dp,avg wind speed,max wind speed,avg ghr,max ghr,avg dnr,max dnr,avg dhr,max dhr
0,VA,Rockingham County,G5101650,2000-2019,12.246785833808161,36.79249954223633,-16.352500915527344,2862.9335757399895,653.5104050795579,66.62208638539597,5.366862987741277,21.354474002341423,-16.954788906410354,3.7942752054292863,8.666157722473145,175.60091324200914,1016,190.19823983501632,959.8453369140624,71.70285388127854,634
