,state,county,gisjoin,year range,avg temp,max temp,min temp,hdd,cdd,avg rh,average dp,max dp,min dp,avg wind speed,max wind speed,avg ghr,max ghr,avg dnr,max dnr,avg dhr,max dhr
0,VA,Rockingham County,G5101650,2060-2079,14.445116795202246,37.39512634277344,-17.717384338378906,2322.412120146241,915.3797503948791,68.69615465516914,7.976792409637549,23.34458955477753,-17.71738562973553,3.9908690416649595,9.668462753295898,175.60091324200914,1016,186.25562343241512,933.7288208007812,71.70285388127854,634
