,state,county,gisjoin,year range,avg temp,max temp,min temp,hdd,cdd,avg rh,average dp,max dp,min dp,avg wind speed,max wind speed,avg ghr,max ghr,avg dnr,max dnr,avg dhr,max dhr
0,TN,Crockett County,G4700330,2000-2019,16.041326432922837,37.14312362670898,-12.753125190734863,2029.1803929416594,1204.764540958477,70.94807226973582,10.100418935986264,24.07601592054038,-13.267905897910538,3.7964503812463315,9.67839527130127,176.80559360730592,1006,187.38781705258253,926.3410034179688,74.55479452054794,583
