,state,county,gisjoin,year range,avg temp,max temp,min temp,hdd,cdd,avg rh,average dp,max dp,min dp,avg wind speed,max wind speed,avg ghr,max ghr,avg dnr,max dnr,avg dhr,max dhr
0,TN,Crockett County,G4700330,2020-2039,16.607336040315236,36.76535034179688,-11.298362731933594,1871.5059614463223,1253.6836161614226,71.16461490604975,10.693644007470468,24.703416188675835,-11.298363911245168,3.7243859320878983,9.99487018585205,176.80559360730592,1006,187.622336893605,924.08740234375,74.55479452054794,583
