,state,county,gisjoin,year range,avg temp,max temp,min temp,hdd,cdd,avg rh,average dp,max dp,min dp,avg wind speed,max wind speed,avg ghr,max ghr,avg dnr,max dnr,avg dhr,max dhr
0,TX,Hudspeth County,G4802290,2040-2059,17.93855710457277,38.09867477416992,-7.473590850830078,1514.5199333156977,1382.5932764848749,37.31797556713836,1.3407361417078463,17.7508529856345,-18.05843185101713,3.394689988763365,9.420225143432615,235.71050228310503,1062,245.9489131742816,1036.3453369140625,65.48013698630137,489
