,state,county,gisjoin,year range,avg temp,max temp,min temp,hdd,cdd,avg rh,average dp,max dp,min dp,avg wind speed,max wind speed,avg ghr,max ghr,avg dnr,max dnr,avg dhr,max dhr
0,GA,Cook County,G1300750,1980-1999,18.555625893600652,37.008888244628906,-6.498332977294922,1256.703238177534,1350.0066893419585,68.09539352856815,11.781668332434382,23.53896964718964,-6.498333405913089,3.6986178638456075,9.304491996765137,185.89029680365297,999,207.5355698340352,962.0018920898438,85.33755707762558,674
