,state,county,gisjoin,year range,avg temp,max temp,min temp,hdd,cdd,avg rh,average dp,max dp,min dp,avg wind speed,max wind speed,avg ghr,max ghr,avg dnr,max dnr,avg dhr,max dhr
0,TN,Perry County,G4701350,1980-1999,14.381395338117606,36.269287109375,-21.2549991607666,2336.9252817544416,906.6345801671902,68.45688499860023,7.815677607910306,23.47218354634354,-21.25500055424846,4.0218736061766815,10.456491470336914,159.93972602739726,1004,197.8250627278957,956.90966796875,76.63470319634703,608
