,state,county,gisjoin,year range,avg temp,max temp,min temp,hdd,cdd,avg rh,average dp,max dp,min dp,avg wind speed,max wind speed,avg ghr,max ghr,avg dnr,max dnr,avg dhr,max dhr
0,TN,Perry County,G4701350,2000-2019,15.448804651730743,36.269287109375,-14.904999732971191,2113.8902555593777,1073.2039534410512,68.77391434456115,8.937717154027542,24.24209963912311,-15.440154102401948,4.129172857126145,9.889318466186523,159.93972602739726,1004,194.4246102802711,938.8377075195312,76.63470319634703,608
