,state,county,gisjoin,year range,avg temp,max temp,min temp,hdd,cdd,avg rh,average dp,max dp,min dp,avg wind speed,max wind speed,avg ghr,max ghr,avg dnr,max dnr,avg dhr,max dhr
0,MN,Scott County,G2701390,2080-2099,13.066081645321793,39.30058670043945,-21.98978805541992,3187.2123972830755,1276.8321978251815,69.64551735207371,6.930277832558935,28.444633922954257,-23.290426563711204,3.9684070678606425,9.571378707885742,152.2896118721461,955,163.6741984356244,869.2966918945312,66.28447488584474,496
