,state,county,gisjoin,year range,avg temp,max temp,min temp,hdd,cdd,avg rh,average dp,max dp,min dp,avg wind speed,max wind speed,avg ghr,max ghr,avg dnr,max dnr,avg dhr,max dhr
0,AR,Crawford County,G0500330,2000-2019,16.201777268238644,38.28499984741211,-17.61642837524414,2021.7873544221438,1255.9360573292513,67.75330320667459,9.433955516926801,23.14399439503274,-17.886175100390606,3.0770728875512945,7.398520469665527,191.69554794520548,1007,195.04604763348414,927.1607666015624,74.12180365296804,633
