,state,county,gisjoin,year range,avg temp,max temp,min temp,hdd,cdd,avg rh,average dp,max dp,min dp,avg wind speed,max wind speed,avg ghr,max ghr,avg dnr,max dnr,avg dhr,max dhr
0,AR,Crawford County,G0500330,2080-2099,20.606834115114566,42.324100494384766,-7.644961357116699,1276.1428324686028,2118.1372844853,69.12584180592403,14.001917843181616,28.31750750738464,-8.286989042456542,2.983225249101038,7.609280109405518,191.69554794520548,1007,186.32269606925277,932.3855590820312,74.12180365296804,633
