,state,county,gisjoin,year range,avg temp,max temp,min temp,hdd,cdd,avg rh,average dp,max dp,min dp,avg wind speed,max wind speed,avg ghr,max ghr,avg dnr,max dnr,avg dhr,max dhr
0,GA,Dodge County,G1300910,2080-2099,22.56899930722331,42.12624740600586,-4.097051620483398,804.2259576510149,2362.4107047873144,68.8584486525897,15.854049864948731,27.907939212407147,-4.097051979174863,3.6887177442170715,8.411028861999512,185.44771689497716,1055,194.182866733753,912.6641235351562,80.47340182648402,686
