,state,county,gisjoin,year range,avg temp,max temp,min temp,hdd,cdd,avg rh,average dp,max dp,min dp,avg wind speed,max wind speed,avg ghr,max ghr,avg dnr,max dnr,avg dhr,max dhr
0,TX,Fisher County,G4801510,2040-2059,20.096662322047685,47.41957092285156,-6.08919095993042,1301.3858710450916,1957.167618592428,54.59478014212221,9.498154310634746,25.577944198982745,-7.997905815779247,4.251697686790876,9.290105819702148,223.54954337899542,1017,219.0370081382002,973.0703125,63.56141552511416,551
