,state,county,gisjoin,year range,avg temp,max temp,min temp,hdd,cdd,avg rh,average dp,max dp,min dp,avg wind speed,max wind speed,avg ghr,max ghr,avg dnr,max dnr,avg dhr,max dhr
0,TX,Fisher County,G4801510,2060-2079,20.42712383415512,42.08641815185547,-12.22734546661377,1279.3532795531032,2055.75347901963,56.30278617225281,10.218075132028831,25.019678477558667,-13.07509983769585,4.227792846258373,8.712662696838379,223.54954337899542,1017,215.00423806106042,970.824462890625,63.56141552511416,551
