,state,county,gisjoin,year range,avg temp,max temp,min temp,hdd,cdd,avg rh,average dp,max dp,min dp,avg wind speed,max wind speed,avg ghr,max ghr,avg dnr,max dnr,avg dhr,max dhr
0,MS,Lowndes County,G2800870,2020-2039,18.226151224975816,39.28064727783203,-10.521974563598633,1540.5921328118548,1513.6373299280592,69.1179223086736,11.707287233771504,24.78577298785414,-11.00138864373325,3.1625974236830183,8.287318229675293,182.22842465753425,1011,195.70284372974052,957.9816284179688,79.82146118721461,621
