,state,county,gisjoin,year range,avg temp,max temp,min temp,hdd,cdd,avg rh,average dp,max dp,min dp,avg wind speed,max wind speed,avg ghr,max ghr,avg dnr,max dnr,avg dhr,max dhr
0,WV,Tucker County,G5400930,2000-2019,8.594789445078156,31.228124618530277,-23.151874542236328,3849.2421694943914,306.8403169472922,71.7359956715205,3.0935399157470065,19.730270472241703,-23.1518751047228,4.901030307273342,11.691143035888672,154.68687214611873,1009,187.25879659102603,1028.787109375,79.69874429223745,498
