,state,county,gisjoin,year range,avg temp,max temp,min temp,hdd,cdd,avg rh,average dp,max dp,min dp,avg wind speed,max wind speed,avg ghr,max ghr,avg dnr,max dnr,avg dhr,max dhr
0,WV,Tucker County,G5400930,2080-2099,12.147362946319186,32.08885955810547,-17.523691177368164,2904.8838948935813,659.1713702996965,71.86873617694802,6.530577322203264,22.047784212897685,-17.523692399829088,5.5962079753614455,14.425806999206545,154.68687214611873,1009,177.09873855387497,968.0150146484376,79.69874429223745,498
