,state,county,gisjoin,year range,avg temp,max temp,min temp,hdd,cdd,avg rh,average dp,max dp,min dp,avg wind speed,max wind speed,avg ghr,max ghr,avg dnr,max dnr,avg dhr,max dhr
0,NM,Bernalillo County,G3500010,2000-2019,14.513450605535166,39.18999862670898,-10.698749542236328,2389.4490981886815,1007.358569208839,38.37093818590521,-1.3067017705677257,15.559607725635145,-17.343548334728094,3.8613608605241123,8.895240783691406,226.07305936073058,1088,236.6368133719328,1027.4996337890625,60.84452054794521,564
