,state,county,gisjoin,year range,avg temp,max temp,min temp,hdd,cdd,avg rh,average dp,max dp,min dp,avg wind speed,max wind speed,avg ghr,max ghr,avg dnr,max dnr,avg dhr,max dhr
0,NM,Bernalillo County,G3500010,2020-2039,15.14779566400517,38.16061019897461,-9.389116287231444,2267.89983108313,1117.3452484449413,37.98484905920072,-1.0297505888614864,13.7150729325976,-14.62342606955287,3.749904185288573,8.842903137207031,226.07305936073058,1088,236.91388229500157,1032.9058837890625,60.84452054794521,564
