,state,county,gisjoin,year range,avg temp,max temp,min temp,hdd,cdd,avg rh,average dp,max dp,min dp,avg wind speed,max wind speed,avg ghr,max ghr,avg dnr,max dnr,avg dhr,max dhr
0,SC,Greenville County,G4500450,2000-2019,16.392102135948626,37.74250030517578,-11.7681245803833,1827.182383715849,1130.7996633371458,68.5259171943142,9.842183211512786,22.444524639200203,-11.768125622714104,3.3548702093019878,9.331258773803713,174.1530821917808,1018,193.63445615034618,951.6574096679688,77.23607305936073,666
