,state,county,gisjoin,year range,avg temp,max temp,min temp,hdd,cdd,avg rh,average dp,max dp,min dp,avg wind speed,max wind speed,avg ghr,max ghr,avg dnr,max dnr,avg dhr,max dhr
0,SC,Greenville County,G4500450,2040-2059,18.319265539239673,37.83464813232422,-11.765019416809082,1478.0760761671174,1485.1079979896388,69.3459246082393,11.892606128967346,24.955331566178028,-11.765020051857716,3.4998897234054462,10.030735969543455,174.1530821917808,1018,189.23314004176862,920.4756469726562,77.23607305936073,666
