,state,county,gisjoin,year range,avg temp,max temp,min temp,hdd,cdd,avg rh,average dp,max dp,min dp,avg wind speed,max wind speed,avg ghr,max ghr,avg dnr,max dnr,avg dhr,max dhr
0,SC,Greenville County,G4500450,2060-2079,18.36388193102847,40.47922134399414,-7.544998168945312,1476.0737575903747,1499.390662415802,69.81788838029452,12.027627381492652,26.19312864603947,-7.544998787159506,3.5857414268467522,10.204523086547852,174.1530821917808,1018,191.7977718834264,933.1627197265624,77.23607305936073,666
