,state,county,gisjoin,year range,avg temp,max temp,min temp,hdd,cdd,avg rh,average dp,max dp,min dp,avg wind speed,max wind speed,avg ghr,max ghr,avg dnr,max dnr,avg dhr,max dhr
0,VA,Southampton County,G5101750,2000-2019,15.830462344325484,36.359375,-9.578749656677246,1998.747058260069,1097.3658139388472,69.04384023696865,9.414522021687796,23.985387556115192,-9.57874998597855,4.017151673199379,9.239158630371094,177.25034246575342,986,187.73554073237952,935.8291625976562,70.07488584474886,494
