,state,county,gisjoin,year range,avg temp,max temp,min temp,hdd,cdd,avg rh,average dp,max dp,min dp,avg wind speed,max wind speed,avg ghr,max ghr,avg dnr,max dnr,avg dhr,max dhr
0,VA,Southampton County,G5101750,2080-2099,19.545737496242523,41.89339447021485,-5.440086841583252,1375.216081669507,1829.9102677979745,70.86354587480902,13.464398027680229,27.90136839727053,-5.440087209133618,3.8587448485910074,10.26309871673584,177.25034246575342,986,178.18213352078118,912.8729248046876,70.07488584474886,494
