,state,county,gisjoin,year range,avg temp,max temp,min temp,hdd,cdd,avg rh,average dp,max dp,min dp,avg wind speed,max wind speed,avg ghr,max ghr,avg dnr,max dnr,avg dhr,max dhr
0,TX,Castro County,G4800690,2020-2039,15.327180462165831,39.58576965332031,-12.80580711364746,2228.5488039736088,1143.4696726640766,49.27499514769202,3.195365742376215,19.216723816069564,-17.343930863895284,4.612463203576057,10.10185718536377,210.44908675799087,1029,223.92789096360457,989.4462890625,64.29440639269406,496
