,state,county,gisjoin,year range,avg temp,max temp,min temp,hdd,cdd,avg rh,average dp,max dp,min dp,avg wind speed,max wind speed,avg ghr,max ghr,avg dnr,max dnr,avg dhr,max dhr
0,WV,Summers County,G5400890,1980-1999,10.76359222026819,31.85624885559082,-21.295625686645508,3239.125659426192,488.33681982360116,67.80775637561328,4.2624476421189454,19.169341377634037,-21.29562722909444,4.866414310180978,11.45985221862793,154.16095890410958,1004,190.55433115587445,960.9287719726562,77.9296803652968,649
