,state,county,gisjoin,year range,avg temp,max temp,min temp,hdd,cdd,avg rh,average dp,max dp,min dp,avg wind speed,max wind speed,avg ghr,max ghr,avg dnr,max dnr,avg dhr,max dhr
0,VA,Nelson County,G5101250,2020-2039,14.196048063595782,36.361549377441406,-13.072155952453612,2347.133920003955,849.1914632161985,67.9140599189828,7.5639014385348835,21.96413084604653,-13.072156955150245,4.409520130778012,9.626213073730469,175.60091324200914,1016,191.70097880843812,922.1630249023438,71.70285388127854,634
