,state,county,gisjoin,year range,avg temp,max temp,min temp,hdd,cdd,avg rh,average dp,max dp,min dp,avg wind speed,max wind speed,avg ghr,max ghr,avg dnr,max dnr,avg dhr,max dhr
0,VA,Nelson County,G5101250,2060-2079,15.61215664439555,37.31040954589844,-8.3064603805542,2103.6060330610367,1122.543208265375,68.37855470801053,9.022234423699931,23.79010439185404,-8.933704856331044,4.575329104188371,11.084868431091309,175.60091324200914,1016,188.19438406497318,914.0147705078124,71.70285388127854,634
