,state,county,gisjoin,year range,avg temp,max temp,min temp,hdd,cdd,avg rh,average dp,max dp,min dp,avg wind speed,max wind speed,avg ghr,max ghr,avg dnr,max dnr,avg dhr,max dhr
0,NC,Duplin County,G3700610,2000-2019,17.156598861299997,37.0847053527832,-12.002941131591797,1671.0182738440037,1253.676858218593,69.64215725829068,10.848973525656017,25.270334056154184,-12.002942092809915,3.978817590295452,9.365991592407228,189.93344748858448,987,190.78689420476695,948.1470336914062,71.01529680365297,638
