,state,county,gisjoin,year range,avg temp,max temp,min temp,hdd,cdd,avg rh,average dp,max dp,min dp,avg wind speed,max wind speed,avg ghr,max ghr,avg dnr,max dnr,avg dhr,max dhr
0,NE,Cass County,G3100250,2060-2079,14.20760967827953,39.10802459716797,-17.534900665283203,2723.907462062261,1230.1849946340599,65.53397826092429,7.0103639416430426,27.66027243978425,-17.534901656728096,4.669707034385367,10.20893383026123,161.78561643835616,973,176.59450160574735,916.8623046875,72.83287671232877,615
