,state,county,gisjoin,year range,avg temp,max temp,min temp,hdd,cdd,avg rh,average dp,max dp,min dp,avg wind speed,max wind speed,avg ghr,max ghr,avg dnr,max dnr,avg dhr,max dhr
0,IL,Edgar County,G1700450,2060-2079,14.936182175351604,39.22090148925781,-15.683664321899414,2470.159147177625,1242.3656411807467,70.05239227503947,8.842930176110023,25.971843274080268,-15.683667082620758,4.18093332566627,9.917498588562012,148.1025114155251,978,178.74424386559966,916.8696899414062,74.19315068493151,597
