,state,county,gisjoin,year range,avg temp,max temp,min temp,hdd,cdd,avg rh,average dp,max dp,min dp,avg wind speed,max wind speed,avg ghr,max ghr,avg dnr,max dnr,avg dhr,max dhr
0,WY,Laramie County,G5600210,2020-2039,9.089798529472704,37.50178909301758,-22.96515464782715,3841.16935731303,479.4458205700057,49.56494134169191,-2.410717232186196,15.463694892274296,-28.299682836294764,4.450039799545453,11.295421600341797,183.25079908675798,1037,210.01576579723675,975.4083251953124,63.72579908675799,504
