,state,county,gisjoin,year range,avg temp,max temp,min temp,hdd,cdd,avg rh,average dp,max dp,min dp,avg wind speed,max wind speed,avg ghr,max ghr,avg dnr,max dnr,avg dhr,max dhr
0,MO,Stoddard County,G2902070,2040-2059,16.966922961178046,37.803001403808594,-9.198866844177246,1921.6904002573192,1435.1172810872638,69.02999283146096,10.533317397973411,25.39422476506765,-9.709755327390164,3.4607161789724272,7.472316741943359,175.54052511415526,981,187.17280997917553,924.1049194335938,71.22020547945205,570
