,state,county,gisjoin,year range,avg temp,max temp,min temp,hdd,cdd,avg rh,average dp,max dp,min dp,avg wind speed,max wind speed,avg ghr,max ghr,avg dnr,max dnr,avg dhr,max dhr
0,MT,McCone County,G3000550,2000-2019,7.3855480977517605,38.1341667175293,-31.059165954589844,4495.836135005894,512.0611906846497,50.123616381268526,-3.8533797785150488,17.296257571497744,-33.38433227162944,4.285659140103484,9.079513549804688,151.57146118721462,939,187.70512365256653,899.0245361328125,61.375,519
