,state,county,gisjoin,year range,avg temp,max temp,min temp,hdd,cdd,avg rh,average dp,max dp,min dp,avg wind speed,max wind speed,avg ghr,max ghr,avg dnr,max dnr,avg dhr,max dhr
0,IN,Whitley County,G1801830,1980-1999,9.432935685325004,34.51856994628906,-27.705713272094727,3719.8053575054196,483.3268826484825,67.95664053507592,3.112819261312706,20.37325113243891,-27.70571465972199,4.565789517991619,11.768271446228027,161.35730593607306,996,180.62333909371873,944.23046875,77.8406392694064,499
