,state,county,gisjoin,year range,avg temp,max temp,min temp,hdd,cdd,avg rh,average dp,max dp,min dp,avg wind speed,max wind speed,avg ghr,max ghr,avg dnr,max dnr,avg dhr,max dhr
0,IN,Whitley County,G1801830,2020-2039,11.236853545769112,36.9427490234375,-23.689001083374023,3258.1827402115996,680.1342844168689,69.83079068671623,5.256935455988563,23.787297598443363,-23.68900132663786,4.3968921657838775,10.472282409667969,161.35730593607306,996,177.871616986102,930.5067138671876,77.8406392694064,499
