,state,county,gisjoin,year range,avg temp,max temp,min temp,hdd,cdd,avg rh,average dp,max dp,min dp,avg wind speed,max wind speed,avg ghr,max ghr,avg dnr,max dnr,avg dhr,max dhr
0,IN,Whitley County,G1801830,2040-2059,12.65675191116986,38.37977600097656,-19.91073989868164,2935.4913222801915,875.7057698568213,70.15200818967601,6.702294118220788,24.889152747852677,-19.91074051008368,4.355063363188478,10.187421798706056,161.35730593607306,996,175.4703082700904,929.0160522460938,77.8406392694064,499
