,state,county,gisjoin,year range,avg temp,max temp,min temp,hdd,cdd,avg rh,average dp,max dp,min dp,avg wind speed,max wind speed,avg ghr,max ghr,avg dnr,max dnr,avg dhr,max dhr
0,IN,Whitley County,G1801830,2080-2099,14.836387980281183,38.584808349609375,-13.372024536132812,2464.490452789487,1200.2720655918818,70.79513099966528,8.953361250406234,27.19442705582987,-13.372024954084363,4.427098585808114,10.09953784942627,161.35730593607306,996,170.4043007867907,908.1517944335938,77.8406392694064,499
