,state,county,gisjoin,year range,avg temp,max temp,min temp,hdd,cdd,avg rh,average dp,max dp,min dp,avg wind speed,max wind speed,avg ghr,max ghr,avg dnr,max dnr,avg dhr,max dhr
0,WI,Chippewa County,G5500170,1980-1999,5.720940349442785,32.488460540771484,-33.4492301940918,4944.479328155013,353.1225557009312,66.97867719637205,-0.7390118979347046,20.85120735519861,-33.44923374835557,4.423608003903742,10.828207015991213,147.90559360730595,960,176.28280137863422,899.4705200195312,67.14874429223744,628
