,state,county,gisjoin,year range,avg temp,max temp,min temp,hdd,cdd,avg rh,average dp,max dp,min dp,avg wind speed,max wind speed,avg ghr,max ghr,avg dnr,max dnr,avg dhr,max dhr
0,WI,Chippewa County,G5500170,2080-2099,12.406787737955241,40.54205703735352,-18.94771194458008,3233.416634010118,1082.394158363399,68.4269885363644,5.978199518427119,26.795817191955525,-18.947712535875667,4.579612074486197,11.32485008239746,147.90559360730595,960,166.44324574094324,897.9527587890625,67.14874429223744,628
