,state,county,gisjoin,year range,avg temp,max temp,min temp,hdd,cdd,avg rh,average dp,max dp,min dp,avg wind speed,max wind speed,avg ghr,max ghr,avg dnr,max dnr,avg dhr,max dhr
0,AL,Crenshaw County,G0100410,2000-2019,18.931831791030017,37.584999084472656,-10.246110916137695,1270.0276929658528,1500.6462966918834,69.73513747132532,12.547733062734723,25.31624978033521,-10.246111550258728,3.50834682691315,8.845917701721191,183.5310502283105,1010,200.2368777913951,945.0488891601562,78.89235159817352,592
