,state,county,gisjoin,year range,avg temp,max temp,min temp,hdd,cdd,avg rh,average dp,max dp,min dp,avg wind speed,max wind speed,avg ghr,max ghr,avg dnr,max dnr,avg dhr,max dhr
0,TX,Llano County,G4802990,2000-2019,19.900381047056815,40.61650085449219,-10.064000129699709,1264.6807598766434,1848.819842052327,61.13983541906696,11.12678575424421,24.289184765310868,-10.064001268477602,3.9777181658978877,7.477217197418213,210.91541095890412,1016,209.8518618203496,984.8715209960938,72.94566210045662,659
