,state,county,gisjoin,year range,avg temp,max temp,min temp,hdd,cdd,avg rh,average dp,max dp,min dp,avg wind speed,max wind speed,avg ghr,max ghr,avg dnr,max dnr,avg dhr,max dhr
0,PA,McKean County,G4200830,1980-1999,5.935233338587555,29.03499984741211,-25.783571243286133,4725.745501391531,212.60566997527565,69.23836623087321,-0.07352770769646888,18.981309217347984,-25.783572100194924,5.117617130606142,13.86800765991211,153.51118721461188,991,184.2510143813903,976.0067138671876,82.74714611872146,487
