,state,county,gisjoin,year range,avg temp,max temp,min temp,hdd,cdd,avg rh,average dp,max dp,min dp,avg wind speed,max wind speed,avg ghr,max ghr,avg dnr,max dnr,avg dhr,max dhr
0,TX,Jack County,G4802370,2040-2059,19.809435003805923,46.2255744934082,-6.427384376525879,1345.8243719694133,1896.7681483585282,63.91273023156815,11.86319081941052,26.17525373199329,-6.741612732041149,4.602689656955467,10.219332695007324,195.66723744292239,1025,203.84583508688377,965.9343872070312,70.31438356164384,612
