,state,county,gisjoin,year range,avg temp,max temp,min temp,hdd,cdd,avg rh,average dp,max dp,min dp,avg wind speed,max wind speed,avg ghr,max ghr,avg dnr,max dnr,avg dhr,max dhr
0,TX,Jack County,G4802370,2060-2079,20.59320412883673,42.8266830444336,-9.276375770568848,1295.0635718834349,2132.083078908735,63.72431739127799,12.509756459606688,26.548064563321866,-9.276377146922448,4.629632680410664,9.239510536193848,195.66723744292239,1025,202.59513603511573,922.94189453125,70.31438356164384,612
