,state,county,gisjoin,year range,avg temp,max temp,min temp,hdd,cdd,avg rh,average dp,max dp,min dp,avg wind speed,max wind speed,avg ghr,max ghr,avg dnr,max dnr,avg dhr,max dhr
0,TN,Stewart County,G4701610,2040-2059,16.941996911970726,40.9094123840332,-10.58813190460205,1866.4266503355373,1370.7555232048746,70.67493179116619,10.913170817568615,26.398340806452637,-10.588132986461806,3.938418208028628,9.154666900634766,163.6527397260274,1001,184.4772898100342,912.84765625,79.13356164383562,628
