,state,county,gisjoin,year range,avg temp,max temp,min temp,hdd,cdd,avg rh,average dp,max dp,min dp,avg wind speed,max wind speed,avg ghr,max ghr,avg dnr,max dnr,avg dhr,max dhr
0,MT,Garfield County,G3000330,2000-2019,9.142142161405829,38.88266754150391,-32.39533233642578,3895.6548355595037,553.0367244720645,49.80303233595199,-2.289332674774461,17.768777800397835,-32.39533308842146,3.976969420746581,9.41219997406006,171.48527397260273,981,187.28893078883448,907.5912475585938,62.8662100456621,577
