,state,county,gisjoin,year range,avg temp,max temp,min temp,hdd,cdd,avg rh,average dp,max dp,min dp,avg wind speed,max wind speed,avg ghr,max ghr,avg dnr,max dnr,avg dhr,max dhr
0,GA,Glascock County,G1301250,2000-2019,18.269552044759813,37.31117630004883,-9.597058296203612,1438.5955690064518,1427.482065343894,66.0445820412135,10.98226926282651,22.54858216635884,-9.59705912780481,3.4857554850104737,8.466906547546387,193.16130136986303,1021,201.83971326303393,956.788330078125,78.90251141552511,537
