,state,county,gisjoin,year range,avg temp,max temp,min temp,hdd,cdd,avg rh,average dp,max dp,min dp,avg wind speed,max wind speed,avg ghr,max ghr,avg dnr,max dnr,avg dhr,max dhr
0,GA,Glascock County,G1301250,2060-2079,19.715958142219055,39.068695068359375,-8.472074508666992,1204.7670833096156,1721.5918052195454,68.62347736119135,12.997323402918985,25.055124978409637,-8.472075105681684,3.497698515830519,10.405540466308594,193.16130136986303,1021,198.29876528642183,931.6761474609376,78.90251141552511,537
