,state,county,gisjoin,year range,avg temp,max temp,min temp,hdd,cdd,avg rh,average dp,max dp,min dp,avg wind speed,max wind speed,avg ghr,max ghr,avg dnr,max dnr,avg dhr,max dhr
0,VA,Sussex County,G5101830,2000-2019,15.585120167651004,36.17437362670898,-11.108124732971191,2069.6349998692417,1078.7038610618013,69.21494964268653,9.216203910452592,24.622747277928863,-11.108125432638252,3.6466926738007426,8.628945350646973,171.7329908675799,986,187.51333541983158,935.218505859375,72.65821917808219,448
