,state,county,gisjoin,year range,avg temp,max temp,min temp,hdd,cdd,avg rh,average dp,max dp,min dp,avg wind speed,max wind speed,avg ghr,max ghr,avg dnr,max dnr,avg dhr,max dhr
0,AR,Cross County,G0500370,2000-2019,16.67438519560497,37.19235229492188,-10.56882381439209,1873.3657380743532,1280.0163344701903,70.51260132942025,10.6346920986213,24.350303038822727,-10.56882464231266,3.6294830573748236,8.312714576721191,176.91803652968036,1007,190.07460874110845,922.3618774414062,74.57408675799087,638
