,state,county,gisjoin,year range,avg temp,max temp,min temp,hdd,cdd,avg rh,average dp,max dp,min dp,avg wind speed,max wind speed,avg ghr,max ghr,avg dnr,max dnr,avg dhr,max dhr
0,AR,Cross County,G0500370,2060-2079,18.906912730543407,39.87762451171875,-7.629767417907715,1492.5370509751665,1714.0601976234702,71.24859152079718,12.947370423539141,27.835719105130437,-7.719182686755505,3.595773043861128,7.909207820892334,176.91803652968036,1007,184.98440784092767,905.4573974609376,74.57408675799087,638
