,state,county,gisjoin,year range,avg temp,max temp,min temp,hdd,cdd,avg rh,average dp,max dp,min dp,avg wind speed,max wind speed,avg ghr,max ghr,avg dnr,max dnr,avg dhr,max dhr
0,NC,Alamance County,G3700010,1980-1999,14.594100490843608,35.21062469482422,-13.040624618530272,2256.1140424940145,903.4607216517737,66.2343046963487,7.57049112064608,22.337600933320573,-13.918507052366394,3.768819466029128,10.09012222290039,163.42043378995433,991,193.36623517617682,937.5079956054688,76.73219178082192,633
