,state,county,gisjoin,year range,avg temp,max temp,min temp,hdd,cdd,avg rh,average dp,max dp,min dp,avg wind speed,max wind speed,avg ghr,max ghr,avg dnr,max dnr,avg dhr,max dhr
0,NC,Alamance County,G3700010,2020-2039,16.36738146866045,39.17577362060547,-10.317028999328612,1893.0722998092142,1187.6665358703103,68.21540088348738,9.697577633174575,23.610391187571505,-10.317029366915762,3.7347779051898278,8.463797569274902,163.42043378995433,991,190.6517240443013,933.4476318359376,76.73219178082192,633
