,state,county,gisjoin,year range,avg temp,max temp,min temp,hdd,cdd,avg rh,average dp,max dp,min dp,avg wind speed,max wind speed,avg ghr,max ghr,avg dnr,max dnr,avg dhr,max dhr
0,NC,Alamance County,G3700010,2080-2099,19.60132533310382,39.92642974853516,-5.576785564422607,1345.0754027935702,1820.0591493764234,69.44370367102427,13.146743101003228,26.82409862388329,-5.576786204565704,3.8514448685188816,8.741609573364258,163.42043378995433,991,181.27488689989843,925.911376953125,76.73219178082192,633
