,state,county,gisjoin,year range,avg temp,max temp,min temp,hdd,cdd,avg rh,average dp,max dp,min dp,avg wind speed,max wind speed,avg ghr,max ghr,avg dnr,max dnr,avg dhr,max dhr
0,MD,Calvert County,G2400090,2020-2039,15.118883640397677,36.15657043457031,-14.591334342956545,2151.483665922847,990.3761946678769,70.62670139656764,9.252311863938319,24.80358333337565,-14.591336570978608,3.8165458969873924,9.51389980316162,173.77739726027397,973,179.08342536125897,896.53125,72.64577625570776,493
