,state,county,gisjoin,year range,avg temp,max temp,min temp,hdd,cdd,avg rh,average dp,max dp,min dp,avg wind speed,max wind speed,avg ghr,max ghr,avg dnr,max dnr,avg dhr,max dhr
0,IA,Chickasaw County,G1900370,2040-2059,10.655468362192678,36.75090408325195,-24.33333778381348,3635.9773264816017,845.7232786814839,68.704575929903,4.443708463007981,25.94604605014469,-24.333338648926777,4.722676585145193,11.411298751831056,152.75433789954337,980,176.00502842212921,901.9169921875,69.0195205479452,593
