,state,county,gisjoin,year range,avg temp,max temp,min temp,hdd,cdd,avg rh,average dp,max dp,min dp,avg wind speed,max wind speed,avg ghr,max ghr,avg dnr,max dnr,avg dhr,max dhr
0,MI,Roscommon County,G2601430,1980-1999,5.495581521269372,32.961334228515625,-29.62800025939941,4937.095000927381,263.48225618997554,66.94131165291077,-1.0205137826355142,22.445850236508527,-29.62800414980069,4.55238214052159,10.638327598571776,146.93812785388127,936,178.94668921480877,928.353515625,69.96940639269407,489
