,state,county,gisjoin,year range,avg temp,max temp,min temp,hdd,cdd,avg rh,average dp,max dp,min dp,avg wind speed,max wind speed,avg ghr,max ghr,avg dnr,max dnr,avg dhr,max dhr
0,MI,Roscommon County,G2601430,2020-2039,7.881901233766792,35.92962646484375,-31.12018585205078,4226.004123619212,423.3980739434614,67.29714843584522,1.3311043395593407,24.509451896282687,-31.12018742570692,4.539426479328713,10.688262939453123,146.93812785388127,936,176.28987705513697,922.9556884765624,69.96940639269407,489
