,state,county,gisjoin,year range,avg temp,max temp,min temp,hdd,cdd,avg rh,average dp,max dp,min dp,avg wind speed,max wind speed,avg ghr,max ghr,avg dnr,max dnr,avg dhr,max dhr
0,IN,Tipton County,G1801590,2040-2059,13.268913494009878,37.37080764770508,-15.214444160461426,2766.1061842429813,929.7596095562513,70.44691194181573,7.338892154324073,25.659799172002465,-15.44628730928028,3.99434427039264,8.854873657226562,156.0728310502283,966,176.19579753562186,919.4718017578124,77.29200913242009,634
