,state,county,gisjoin,year range,avg temp,max temp,min temp,hdd,cdd,avg rh,average dp,max dp,min dp,avg wind speed,max wind speed,avg ghr,max ghr,avg dnr,max dnr,avg dhr,max dhr
0,IN,Tipton County,G1801590,2060-2079,13.67183103596273,37.02132797241211,-19.497791290283203,2704.2227356595085,1014.9410637856143,70.31877146050266,7.685475671779364,24.970679290017262,-19.49779115468232,3.918846917982515,8.623408317565918,156.0728310502283,966,176.32870986427326,921.434326171875,77.29200913242009,634
