,state,county,gisjoin,year range,avg temp,max temp,min temp,hdd,cdd,avg rh,average dp,max dp,min dp,avg wind speed,max wind speed,avg ghr,max ghr,avg dnr,max dnr,avg dhr,max dhr
0,IN,Tipton County,G1801590,2080-2099,15.593873750322818,40.66798782348633,-19.848358154296875,2310.183186063303,1322.4471049309568,70.39141833314068,9.580674042966324,27.14674141612731,-19.848360027712065,4.014400139206076,9.48318099975586,156.0728310502283,966,172.62855233028458,913.857666015625,77.29200913242009,634
