,state,county,gisjoin,year range,avg temp,max temp,min temp,hdd,cdd,avg rh,average dp,max dp,min dp,avg wind speed,max wind speed,avg ghr,max ghr,avg dnr,max dnr,avg dhr,max dhr
0,OH,Portage County,G3901330,2040-2059,12.602310311225548,37.10819625854492,-15.697455406188965,2879.6117559407053,799.9550195376565,71.02545154802331,6.838687363699002,24.16162870953845,-15.697456387523593,4.478178122598831,11.212505340576172,153.82751141552512,1000,172.41263121788467,933.7647094726562,81.43139269406393,531
