,state,county,gisjoin,year range,avg temp,max temp,min temp,hdd,cdd,avg rh,average dp,max dp,min dp,avg wind speed,max wind speed,avg ghr,max ghr,avg dnr,max dnr,avg dhr,max dhr
0,TN,White County,G4701850,2000-2019,14.969179973117694,36.61133193969727,-16.663999557495117,2174.435039824468,958.6857300123198,69.48905133438981,8.666571387161992,22.102423587328367,-16.664000397687413,3.696507493777362,9.095943450927734,161.43550228310502,982,190.87459346039452,951.99951171875,76.61883561643836,593
