,state,county,gisjoin,year range,avg temp,max temp,min temp,hdd,cdd,avg rh,average dp,max dp,min dp,avg wind speed,max wind speed,avg ghr,max ghr,avg dnr,max dnr,avg dhr,max dhr
0,TN,White County,G4701850,2060-2079,17.220552720060493,36.82785034179688,-7.690608978271484,1733.3584517020627,1339.3601945242146,70.13068858042155,10.99201946891145,24.27041872670186,-7.690609148082798,3.7288087280373596,9.208374977111816,161.43550228310502,982,185.84957765456605,943.33349609375,76.61883561643836,593
