,state,county,gisjoin,year range,avg temp,max temp,min temp,hdd,cdd,avg rh,average dp,max dp,min dp,avg wind speed,max wind speed,avg ghr,max ghr,avg dnr,max dnr,avg dhr,max dhr
0,AL,Baldwin County,G0100030,2040-2059,21.672571837951214,37.686805725097656,-5.897684574127197,739.6520796556268,1970.6408005076735,74.71211028273247,16.516138466270206,29.68498463777686,-5.897684905548133,4.481066102755668,10.83665943145752,196.8392694063927,1004,188.04531831292124,890.0562744140625,79.81187214611872,667
