,state,county,gisjoin,year range,avg temp,max temp,min temp,hdd,cdd,avg rh,average dp,max dp,min dp,avg wind speed,max wind speed,avg ghr,max ghr,avg dnr,max dnr,avg dhr,max dhr
0,MI,Shiawassee County,G2601550,2000-2019,8.98131889716217,34.07714080810547,-22.281429290771484,3881.937793292882,480.6191907564934,69.0527660485272,2.9490248944715254,23.332286623730774,-22.79480944615377,4.475939119909996,10.588668823242188,155.63196347031965,963,175.88709551409528,942.8960571289062,70.67990867579908,448
