,state,county,gisjoin,year range,avg temp,max temp,min temp,hdd,cdd,avg rh,average dp,max dp,min dp,avg wind speed,max wind speed,avg ghr,max ghr,avg dnr,max dnr,avg dhr,max dhr
0,FL,Santa Rosa County,G1201130,2080-2099,23.79174975101245,41.10848617553711,-2.579031467437744,567.8478077014655,2572.3364668207364,74.37477056098311,18.4591209058626,32.288131266663925,-2.5790315143532325,4.167583366371181,9.963505744934082,182.32180365296804,1013,180.38541647433618,914.8235473632812,81.05764840182648,612
