,state,county,gisjoin,year range,avg temp,max temp,min temp,hdd,cdd,avg rh,average dp,max dp,min dp,avg wind speed,max wind speed,avg ghr,max ghr,avg dnr,max dnr,avg dhr,max dhr
0,TN,Dickson County,G4700430,2060-2079,17.22317668582333,37.40914916992188,-9.076093673706056,1773.1728999193085,1380.1323902448685,70.24872119459387,10.977720923041955,25.64171351293593,-9.076094331343434,3.4998544583717983,9.472047805786133,163.6527397260274,1001,186.0431070525702,929.9921264648438,79.18755707762557,628
