,state,county,gisjoin,year range,avg temp,max temp,min temp,hdd,cdd,avg rh,average dp,max dp,min dp,avg wind speed,max wind speed,avg ghr,max ghr,avg dnr,max dnr,avg dhr,max dhr
0,NE,Frontier County,G3100630,2040-2059,13.408121040150137,41.88490676879883,-19.021032333374023,2912.7470351263505,1127.2112147808684,54.69923756601604,2.981097439837211,20.80408922402639,-20.21545328090537,4.306602173744271,9.93643283843994,168.5865296803653,973,199.0251175459661,956.9095458984376,64.99360730593607,569
