,state,county,gisjoin,year range,avg temp,max temp,min temp,hdd,cdd,avg rh,average dp,max dp,min dp,avg wind speed,max wind speed,avg ghr,max ghr,avg dnr,max dnr,avg dhr,max dhr
0,NE,Frontier County,G3100630,2060-2079,14.04387272470864,40.93365478515625,-18.19597053527832,2745.290728006179,1191.8042725245807,55.01497883720485,3.7789162387601802,22.927535238078324,-21.31950673247972,4.155056626761341,9.311559677124023,168.5865296803653,973,195.08649733055782,941.706298828125,64.99360730593607,569
