,state,county,gisjoin,year range,avg temp,max temp,min temp,hdd,cdd,avg rh,average dp,max dp,min dp,avg wind speed,max wind speed,avg ghr,max ghr,avg dnr,max dnr,avg dhr,max dhr
0,NE,Frontier County,G3100630,2080-2099,15.876028176331356,43.62551498413086,-17.985736846923828,2380.293514292525,1495.5437986532888,54.41874507671078,5.222003939751975,22.796332043430304,-17.985737072962156,4.3068640893997125,10.122743606567385,168.5865296803653,973,195.1803682564292,938.4495849609376,64.99360730593607,569
