,state,county,gisjoin,year range,avg temp,max temp,min temp,hdd,cdd,avg rh,average dp,max dp,min dp,avg wind speed,max wind speed,avg ghr,max ghr,avg dnr,max dnr,avg dhr,max dhr
0,MS,Copiah County,G2800290,2000-2019,18.919449595844195,38.55210494995117,-7.739473342895508,1322.8251192072769,1548.9242216904643,70.66106326873988,12.748663080957867,25.164739754348247,-7.739473916012171,3.6874170451948087,8.980817794799805,191.8788812785388,1032,198.46510527691424,925.638916015625,80.42671232876712,569
