,state,county,gisjoin,year range,avg temp,max temp,min temp,hdd,cdd,avg rh,average dp,max dp,min dp,avg wind speed,max wind speed,avg ghr,max ghr,avg dnr,max dnr,avg dhr,max dhr
0,WI,St. Croix County,G5501090,2000-2019,7.814708786848805,37.96916580200195,-31.194168090820312,4365.094281320468,537.9629885196911,65.63905449936924,0.9574619605976432,22.368763228291016,-31.19417074362449,3.8889592320951696,9.98227310180664,146.90388127853882,963,174.2628983467011,899.0704956054688,64.78116438356165,637
