,state,county,gisjoin,year range,avg temp,max temp,min temp,hdd,cdd,avg rh,average dp,max dp,min dp,avg wind speed,max wind speed,avg ghr,max ghr,avg dnr,max dnr,avg dhr,max dhr
0,TX,Hale County,G4801890,2000-2019,15.46878701463835,38.602500915527344,-13.696999549865724,2197.8772437051543,1164.4845040481027,48.98045948553303,3.4107897744690385,19.140155335246146,-16.065895810719855,4.475122572774212,8.91767406463623,210.74920091324202,1043,223.00212123184278,1002.2703857421876,65.40582191780823,643
