,state,county,gisjoin,year range,avg temp,max temp,min temp,hdd,cdd,avg rh,average dp,max dp,min dp,avg wind speed,max wind speed,avg ghr,max ghr,avg dnr,max dnr,avg dhr,max dhr
0,TX,Hale County,G4801890,2020-2039,16.04993342188769,39.17073822021485,-13.1852388381958,2016.2385678357875,1194.9642668247975,51.37962068575158,4.548039487585918,20.244400752134812,-13.76543196457269,4.458838139630888,10.173840522766112,210.74920091324202,1043,220.67566727494207,998.3526000976562,65.40582191780823,643
