,state,county,gisjoin,year range,avg temp,max temp,min temp,hdd,cdd,avg rh,average dp,max dp,min dp,avg wind speed,max wind speed,avg ghr,max ghr,avg dnr,max dnr,avg dhr,max dhr
0,TX,Hale County,G4801890,2040-2059,17.61114554069203,42.397220611572266,-12.199678421020508,1794.3252752011842,1542.893397553743,50.506883550016845,5.722226314935838,21.32266258934322,-14.810470293810916,4.510732410433086,8.694472312927246,210.74920091324202,1043,219.1522939803903,977.592529296875,65.40582191780823,643
