,state,county,gisjoin,year range,avg temp,max temp,min temp,hdd,cdd,avg rh,average dp,max dp,min dp,avg wind speed,max wind speed,avg ghr,max ghr,avg dnr,max dnr,avg dhr,max dhr
0,NE,Cherry County,G3100310,2000-2019,8.88066978102125,36.82389068603516,-28.267778396606445,4034.291952705014,596.2364227771989,58.71259160749444,0.0434418441180549,19.207298141677537,-28.26777970532212,4.1739628474734145,10.522635459899902,173.03824200913243,988,195.90301686035258,938.7951049804688,61.17728310502283,566
