,state,county,gisjoin,year range,avg temp,max temp,min temp,hdd,cdd,avg rh,average dp,max dp,min dp,avg wind speed,max wind speed,avg ghr,max ghr,avg dnr,max dnr,avg dhr,max dhr
0,NV,Elko County,G3200070,2000-2019,8.197097913262494,35.94499969482422,-25.71500015258789,4167.861357629334,480.3020959695294,45.542246397935095,-5.03142013170464,10.06354609324372,-25.71500119670533,4.03317279339381,10.54040241241455,139.31917808219177,944,224.74080843809463,991.327392578125,61.86061643835617,552
