,state,county,gisjoin,year range,avg temp,max temp,min temp,hdd,cdd,avg rh,average dp,max dp,min dp,avg wind speed,max wind speed,avg ghr,max ghr,avg dnr,max dnr,avg dhr,max dhr
0,KY,Ohio County,G2101830,2000-2019,14.760284952956281,36.89666748046875,-16.312000274658203,2364.265808077098,1072.2698159059546,69.5754320830515,8.484702229348521,23.483483419640613,-16.312000523288063,3.724072624790614,8.5553617477417,154.85513698630137,1017,189.49932256215288,942.7603759765624,75.48458904109589,668
