,state,county,gisjoin,year range,avg temp,max temp,min temp,hdd,cdd,avg rh,average dp,max dp,min dp,avg wind speed,max wind speed,avg ghr,max ghr,avg dnr,max dnr,avg dhr,max dhr
0,MN,Pennington County,G2701130,2060-2079,7.501053114213078,35.41111373901367,-30.107322692871094,4545.070909892817,603.4552965800217,63.968742313341465,0.19391884127535927,21.78688194593611,-30.107324081539872,4.139735210105164,11.97836971282959,145.7058219178082,936,167.84823286883864,871.9752807617188,61.72979452054795,430
