,state,county,gisjoin,year range,avg temp,max temp,min temp,hdd,cdd,avg rh,average dp,max dp,min dp,avg wind speed,max wind speed,avg ghr,max ghr,avg dnr,max dnr,avg dhr,max dhr
0,VT,Washington County,G5000230,2080-2099,11.873610216805128,35.86001205444336,-17.690547943115234,3124.0399202088215,778.4076493422605,69.89845650794844,5.786163549192729,25.611523521893528,-17.69054909502128,3.946738985779623,10.45706558227539,137.9804794520548,958,166.38286034829196,914.9591064453124,65.95582191780822,595
