,state,county,gisjoin,year range,avg temp,max temp,min temp,hdd,cdd,avg rh,average dp,max dp,min dp,avg wind speed,max wind speed,avg ghr,max ghr,avg dnr,max dnr,avg dhr,max dhr
0,CA,Butte County,G0600070,2040-2059,19.021449564648876,43.5273323059082,-2.1237661838531494,1227.7169325897828,1491.0460236867232,55.44987652127601,7.677852141299254,22.524456751064527,-4.869246878665766,3.6278515874523007,11.578662872314451,205.80045662100457,998,201.0371518947336,923.8843383789062,66.01529680365297,436
