,state,county,gisjoin,year range,avg temp,max temp,min temp,hdd,cdd,avg rh,average dp,max dp,min dp,avg wind speed,max wind speed,avg ghr,max ghr,avg dnr,max dnr,avg dhr,max dhr
0,CA,Butte County,G0600070,2080-2099,21.189587960148987,46.6240119934082,-0.4096348583698272,922.2280014937622,1976.9276069480604,55.22399118338546,9.642412311929668,22.89347673001258,-1.6138412383302856,3.565995366605994,11.403132438659668,205.80045662100457,998,198.1101717554839,912.6725463867188,66.01529680365297,436
