,state,county,gisjoin,year range,avg temp,max temp,min temp,hdd,cdd,avg rh,average dp,max dp,min dp,avg wind speed,max wind speed,avg ghr,max ghr,avg dnr,max dnr,avg dhr,max dhr
0,OR,Klamath County,G4100350,2020-2039,8.057400131550565,38.032020568847656,-16.292139053344727,4082.7899894488023,344.24103746413635,54.69211001733667,-2.455969766817445,10.220166207445178,-16.292140609861388,3.7490231393134756,8.667925834655762,135.94098173515982,947,209.49329989540618,986.599853515625,71.53082191780823,548
