,state,county,gisjoin,year range,avg temp,max temp,min temp,hdd,cdd,avg rh,average dp,max dp,min dp,avg wind speed,max wind speed,avg ghr,max ghr,avg dnr,max dnr,avg dhr,max dhr
0,OR,Klamath County,G4100350,2040-2059,9.00352421228325,33.987648010253906,-16.992599487304688,3802.5890803695984,409.3754178524073,55.57596382212965,-1.2186975308920207,11.038159980387205,-16.992599709106972,3.77620231223433,9.031534194946287,135.94098173515982,947,207.72022451730516,961.9766235351562,71.53082191780823,548
