,state,county,gisjoin,year range,avg temp,max temp,min temp,hdd,cdd,avg rh,average dp,max dp,min dp,avg wind speed,max wind speed,avg ghr,max ghr,avg dnr,max dnr,avg dhr,max dhr
0,OR,Klamath County,G4100350,2080-2099,10.891352196716234,38.04995727539063,-12.878128051757812,3311.624742215597,607.4682940165437,55.630196174421265,0.3973132901642671,11.763824833483223,-13.249264840575735,3.694641717166117,7.791971206665039,135.94098173515982,947,207.69814030823807,958.5626220703124,71.53082191780823,548
