,state,county,gisjoin,year range,avg temp,max temp,min temp,hdd,cdd,avg rh,average dp,max dp,min dp,avg wind speed,max wind speed,avg ghr,max ghr,avg dnr,max dnr,avg dhr,max dhr
0,MI,Van Buren County,G2601590,2020-2039,10.641219924597896,35.80388259887695,-18.24261474609375,3418.2985507485814,622.8438232263235,70.629075239347,4.878256175438868,23.65840728634235,-18.24261491017637,4.912702792978178,13.10434627532959,149.7763698630137,971,174.15502314580115,896.4690551757812,69.96655251141553,572
