,state,county,gisjoin,year range,avg temp,max temp,min temp,hdd,cdd,avg rh,average dp,max dp,min dp,avg wind speed,max wind speed,avg ghr,max ghr,avg dnr,max dnr,avg dhr,max dhr
0,NJ,Bergen County,G3400030,2020-2039,13.478120180177099,36.3614501953125,-14.984993934631348,2603.566040953648,843.579906717985,71.76624461439647,7.892385066134084,24.942128801554603,-14.984995704812388,4.533896277320983,12.318964958190918,149.53344748858447,969,172.0633956373169,900.8214111328124,74.1263698630137,619
