,state,county,gisjoin,year range,avg temp,max temp,min temp,hdd,cdd,avg rh,average dp,max dp,min dp,avg wind speed,max wind speed,avg ghr,max ghr,avg dnr,max dnr,avg dhr,max dhr
0,NJ,Bergen County,G3400030,2040-2059,14.749510243173251,39.80013656616211,-14.516683578491213,2380.7329359196005,1084.8041746775934,73.18363414812306,9.4745673757039,27.131706174931274,-14.516685042838487,4.570607356665886,15.40330982208252,149.53344748858447,969,167.0163118579648,901.37060546875,74.1263698630137,619
