,state,county,gisjoin,year range,avg temp,max temp,min temp,hdd,cdd,avg rh,average dp,max dp,min dp,avg wind speed,max wind speed,avg ghr,max ghr,avg dnr,max dnr,avg dhr,max dhr
0,MO,Benton County,G2900150,1980-1999,12.600344553866533,37.502220153808594,-20.863889694213867,2848.6395104882363,768.2652726491729,66.9429275260124,5.912946615407242,22.4277590645485,-21.797885300771995,4.232478307044669,9.751405715942385,176.2837899543379,995,186.14563576625528,938.41015625,71.51221461187215,651
