,state,county,gisjoin,year range,avg temp,max temp,min temp,hdd,cdd,avg rh,average dp,max dp,min dp,avg wind speed,max wind speed,avg ghr,max ghr,avg dnr,max dnr,avg dhr,max dhr
0,MO,Benton County,G2900150,2000-2019,13.979839365964397,38.44166564941406,-15.504444122314451,2559.7108474922125,982.8522160689612,68.45352708542184,7.535742888757084,23.91380414928419,-16.03647332824324,4.0949708256002975,10.183832168579102,176.2837899543379,995,184.91024570608099,934.5416870117188,71.51221461187215,651
