,state,county,gisjoin,year range,avg temp,max temp,min temp,hdd,cdd,avg rh,average dp,max dp,min dp,avg wind speed,max wind speed,avg ghr,max ghr,avg dnr,max dnr,avg dhr,max dhr
0,OR,Benton County,G4100030,1980-1999,11.374952631364055,35.22214126586914,-6.985000133514404,2839.5581892266714,311.91589967409055,64.8310617662456,3.7774233454459005,12.851371517658956,-10.262956860785948,4.435455412080843,11.880325317382812,159.1224885844749,964,171.30000426960416,906.2120361328124,68.62020547945205,432
