,state,county,gisjoin,year range,avg temp,max temp,min temp,hdd,cdd,avg rh,average dp,max dp,min dp,avg wind speed,max wind speed,avg ghr,max ghr,avg dnr,max dnr,avg dhr,max dhr
0,OR,Benton County,G4100030,2060-2079,13.35806602655876,39.58253860473633,-7.848660945892334,2342.0027248251595,538.1968245188576,64.76656626936507,5.454282645194966,13.69526524315231,-7.848661211959823,4.415769571147553,10.625832557678224,159.1224885844749,964,172.95211341592966,891.6694946289062,68.62020547945205,432
