,state,county,gisjoin,year range,avg temp,max temp,min temp,hdd,cdd,avg rh,average dp,max dp,min dp,avg wind speed,max wind speed,avg ghr,max ghr,avg dnr,max dnr,avg dhr,max dhr
0,PA,Chester County,G4200290,2020-2039,13.349982473724424,36.95756149291992,-15.340222358703612,2630.9390306498635,824.182633558958,69.72907792139272,7.2418197255835715,23.010453978002964,-15.340223848207488,4.183843919022443,9.368270874023438,168.7845890410959,996,179.576375525505,926.36962890625,75.07157534246575,513
