,state,county,gisjoin,year range,avg temp,max temp,min temp,hdd,cdd,avg rh,average dp,max dp,min dp,avg wind speed,max wind speed,avg ghr,max ghr,avg dnr,max dnr,avg dhr,max dhr
0,AL,Lawrence County,G0100790,2020-2039,17.20432331409061,38.90415191650391,-12.186922073364258,1660.587030547925,1260.6650401910954,70.02728905220555,10.968558904187514,24.800664826835693,-12.186923123523185,3.0171108797941035,7.827394962310791,159.93972602739726,1004,192.5976329012811,935.5571899414062,76.7527397260274,608
