,state,county,gisjoin,year range,avg temp,max temp,min temp,hdd,cdd,avg rh,average dp,max dp,min dp,avg wind speed,max wind speed,avg ghr,max ghr,avg dnr,max dnr,avg dhr,max dhr
0,AL,Lawrence County,G0100790,2040-2059,18.18914587450535,39.11790084838867,-8.229161262512207,1562.935315804971,1522.4735599994558,70.33607432678954,11.989740362488917,25.91756306143891,-8.264484505592053,2.9345127936775826,7.608940601348877,159.93972602739726,1004,190.08875424858118,919.8926391601562,76.7527397260274,608
