,state,county,gisjoin,year range,avg temp,max temp,min temp,hdd,cdd,avg rh,average dp,max dp,min dp,avg wind speed,max wind speed,avg ghr,max ghr,avg dnr,max dnr,avg dhr,max dhr
0,MO,Clark County,G2900450,1980-1999,10.53847662512028,35.810001373291016,-24.55666732788086,3460.6945100789435,627.7384782473529,68.64366969844522,4.335766350255247,22.10853608465386,-24.63288532877564,4.193986243417818,9.587201118469238,174.77899543378996,972,183.4360525678872,913.7239990234376,67.20479452054795,509
