,state,county,gisjoin,year range,avg temp,max temp,min temp,hdd,cdd,avg rh,average dp,max dp,min dp,avg wind speed,max wind speed,avg ghr,max ghr,avg dnr,max dnr,avg dhr,max dhr
0,KS,Rice County,G2001590,2040-2059,15.597921938637482,43.45574951171875,-18.0871639251709,2400.1239604704565,1413.8654680729242,60.993348372254744,7.003775406745867,25.378230016142545,-18.087164055145266,4.855509750347704,12.693358421325684,190.04041095890412,1004,196.7778333691389,937.446044921875,65.58972602739726,565
