,state,county,gisjoin,year range,avg temp,max temp,min temp,hdd,cdd,avg rh,average dp,max dp,min dp,avg wind speed,max wind speed,avg ghr,max ghr,avg dnr,max dnr,avg dhr,max dhr
0,TX,Bell County,G4800270,1980-1999,18.715359645023874,38.39368438720703,-6.351578712463379,1376.8630085693392,1528.469279003128,65.37988722596539,11.280212234148914,28.637547307271166,-7.06498449870223,4.5531337024822625,9.55343532562256,203.1511415525114,1036,208.16929597484557,951.2791748046876,72.00947488584475,585
