,state,county,gisjoin,year range,avg temp,max temp,min temp,hdd,cdd,avg rh,average dp,max dp,min dp,avg wind speed,max wind speed,avg ghr,max ghr,avg dnr,max dnr,avg dhr,max dhr
0,TX,Bell County,G4800270,2040-2059,21.469555362225393,40.19077682495117,-7.683529376983643,973.0661316923674,2129.9538389045024,64.98799421939675,13.7686515023975,27.62328044438356,-7.683529962471885,4.749362621446179,9.775394439697266,203.1511415525114,1036,203.94474886132886,925.2291870117188,72.00947488584475,585
