,state,county,gisjoin,year range,avg temp,max temp,min temp,hdd,cdd,avg rh,average dp,max dp,min dp,avg wind speed,max wind speed,avg ghr,max ghr,avg dnr,max dnr,avg dhr,max dhr
0,TX,Bell County,G4800270,2080-2099,23.44899573147751,43.00167465209961,-3.639176845550537,751.4267990899917,2630.810241079056,64.07172482460057,15.476636318039533,29.284934673895304,-3.639177203647866,4.716489966812471,9.560879707336426,203.1511415525114,1036,199.55325982131612,929.22314453125,72.00947488584475,585
