,state,county,gisjoin,year range,avg temp,max temp,min temp,hdd,cdd,avg rh,average dp,max dp,min dp,avg wind speed,max wind speed,avg ghr,max ghr,avg dnr,max dnr,avg dhr,max dhr
0,TN,Blount County,G4700090,1980-1999,14.295639271505621,34.123748779296875,-13.642499923706056,2270.973090597858,809.3814246972888,68.08032213563789,7.7159675296004275,21.294375712742543,-13.642500418442015,3.1862405724857497,7.750646114349365,178.29326484018264,1001,193.56629177309784,960.0637817382812,79.80707762557077,584
