,state,county,gisjoin,year range,avg temp,max temp,min temp,hdd,cdd,avg rh,average dp,max dp,min dp,avg wind speed,max wind speed,avg ghr,max ghr,avg dnr,max dnr,avg dhr,max dhr
0,TN,Blount County,G4700090,2020-2039,15.866035534662295,35.34885025024414,-9.306166648864746,1908.880006793546,1020.4829769453091,69.6025040678782,9.571733044750477,22.154320155705456,-9.306167855721217,3.122764727405217,8.069417953491211,178.29326484018264,1001,191.06356404997751,944.9684448242188,79.80707762557077,584
