,state,county,gisjoin,year range,avg temp,max temp,min temp,hdd,cdd,avg rh,average dp,max dp,min dp,avg wind speed,max wind speed,avg ghr,max ghr,avg dnr,max dnr,avg dhr,max dhr
0,TN,Blount County,G4700090,2080-2099,19.108647965606817,39.86103820800781,-9.835926055908203,1457.9826535521145,1753.139160998555,69.99903025648909,12.77054315590163,28.34045264786913,-9.835926331773132,3.3218215539439084,10.011763572692873,178.29326484018264,1001,181.58111833690646,949.8048706054688,79.80707762557077,584
