,state,county,gisjoin,year range,avg temp,max temp,min temp,hdd,cdd,avg rh,average dp,max dp,min dp,avg wind speed,max wind speed,avg ghr,max ghr,avg dnr,max dnr,avg dhr,max dhr
0,WA,Pierce County,G5300530,2000-2019,11.23904828797913,34.84928512573242,-5.401428699493408,2807.225015246711,229.97764035860123,69.93255182597191,5.253563753255585,13.418101135386872,-5.401429134159907,3.498776413316596,11.889233589172363,131.97420091324202,920,157.08335850171866,873.8076782226562,71.20776255707763,572
