,state,county,gisjoin,year range,avg temp,max temp,min temp,hdd,cdd,avg rh,average dp,max dp,min dp,avg wind speed,max wind speed,avg ghr,max ghr,avg dnr,max dnr,avg dhr,max dhr
0,NY,Putnam County,G3600790,1980-1999,9.496595876284749,35.069332122802734,-21.72933387756348,3637.429872993287,424.18736783664264,69.91676969898346,3.6039595342432262,22.083881209418685,-21.72933521630291,4.096483601636538,9.23508644104004,159.35821917808218,950,181.86045895595814,914.4584350585938,72.87705479452055,568
