,state,county,gisjoin,year range,avg temp,max temp,min temp,hdd,cdd,avg rh,average dp,max dp,min dp,avg wind speed,max wind speed,avg ghr,max ghr,avg dnr,max dnr,avg dhr,max dhr
0,NY,Putnam County,G3600790,2000-2019,10.544525779504674,35.035335540771484,-21.437334060668945,3374.0118616656036,543.2637711843097,70.11922275094682,4.670127087905401,23.441979335405275,-22.58582748707813,4.032531703348574,10.993518829345703,159.35821917808218,950,177.04228720186862,913.9471435546876,72.87705479452055,568
