,state,county,gisjoin,year range,avg temp,max temp,min temp,hdd,cdd,avg rh,average dp,max dp,min dp,avg wind speed,max wind speed,avg ghr,max ghr,avg dnr,max dnr,avg dhr,max dhr
0,NY,Putnam County,G3600790,2060-2079,13.191030769045577,35.81155014038086,-14.057069778442385,2705.5343944068304,840.760625108132,72.06566014333403,7.659620058576386,25.76003123688143,-14.057070727307512,4.5888786115738895,15.788080215454102,159.35821917808218,950,173.1775476712384,914.1911010742188,72.87705479452055,568
