,state,county,gisjoin,year range,avg temp,max temp,min temp,hdd,cdd,avg rh,average dp,max dp,min dp,avg wind speed,max wind speed,avg ghr,max ghr,avg dnr,max dnr,avg dhr,max dhr
0,PA,Delaware County,G4200450,2000-2019,13.406387224356664,35.31800079345703,-16.07266616821289,2632.629125283014,846.4604621728789,70.85839086907094,7.629061301917808,24.156323169129205,-16.470918830991245,3.990522090049639,11.281561851501465,167.69577625570776,978,175.88323250433012,895.1029663085938,74.33424657534246,495
