,state,county,gisjoin,year range,avg temp,max temp,min temp,hdd,cdd,avg rh,average dp,max dp,min dp,avg wind speed,max wind speed,avg ghr,max ghr,avg dnr,max dnr,avg dhr,max dhr
0,MO,Montgomery County,G2901390,2040-2059,14.94699788850806,40.07509231567383,-13.10507583618164,2425.18801274498,1201.3422420502413,68.77811704596428,8.491065644324047,26.44019194342985,-13.788182029893983,4.575345108933645,11.33497714996338,180.13698630136986,1025,185.6697864015859,906.8587646484376,76.10810502283105,664
