,state,county,gisjoin,year range,avg temp,max temp,min temp,hdd,cdd,avg rh,average dp,max dp,min dp,avg wind speed,max wind speed,avg ghr,max ghr,avg dnr,max dnr,avg dhr,max dhr
0,OK,Adair County,G4000010,2060-2079,18.374024921105686,41.26315689086914,-10.76628589630127,1564.9564629038414,1591.9755591074108,70.1151963789169,12.128677769236763,25.69561942254368,-10.766286191466811,4.405486822128296,11.234344482421877,183.3884703196347,1000,187.14535497264654,930.4542236328124,67.0318493150685,525
