,state,county,gisjoin,year range,avg temp,max temp,min temp,hdd,cdd,avg rh,average dp,max dp,min dp,avg wind speed,max wind speed,avg ghr,max ghr,avg dnr,max dnr,avg dhr,max dhr
0,NE,Rock County,G3101490,1980-1999,8.502046569246245,37.10533142089844,-24.814666748046875,4091.1713866187733,514.9183843930712,58.10001372235006,-0.3677432577223661,19.88930425425373,-26.75152443651878,4.517880439377267,11.036826133728027,182.5165525114155,994,191.4037822852958,936.9502563476562,60.789840182648405,438
