,state,county,gisjoin,year range,avg temp,max temp,min temp,hdd,cdd,avg rh,average dp,max dp,min dp,avg wind speed,max wind speed,avg ghr,max ghr,avg dnr,max dnr,avg dhr,max dhr
0,NE,Rock County,G3101490,2000-2019,9.486830267244665,39.22466659545898,-27.76133346557617,3874.761179395138,657.9542269389118,60.14783260386828,1.0667412498028654,21.245586694262247,-27.76133535019964,4.491748996575674,12.74964714050293,182.5165525114155,994,190.2181977667597,922.8196411132812,60.789840182648405,438
