,state,county,gisjoin,year range,avg temp,max temp,min temp,hdd,cdd,avg rh,average dp,max dp,min dp,avg wind speed,max wind speed,avg ghr,max ghr,avg dnr,max dnr,avg dhr,max dhr
0,OH,Mercer County,G3901070,2040-2059,13.396013859746223,38.84069442749024,-13.88377571105957,2749.6227914489664,959.667850256023,70.12074225721838,7.452771552909356,24.46174490437144,-14.829394095854932,3.9977105095234093,8.908125877380371,162.5189497716895,990,173.67717163608128,920.6102294921876,77.8433789954338,498
