,state,county,gisjoin,year range,avg temp,max temp,min temp,hdd,cdd,avg rh,average dp,max dp,min dp,avg wind speed,max wind speed,avg ghr,max ghr,avg dnr,max dnr,avg dhr,max dhr
0,OH,Mercer County,G3901070,2060-2079,14.215739006803405,37.131446838378906,-14.272602081298828,2549.6024943978978,1058.8472318808876,70.88577024751602,8.379884472249072,26.220790979240835,-15.162837201633442,3.85764836096056,10.141386032104492,162.5189497716895,990,174.36906977434847,919.9711303710938,77.8433789954338,498
