,state,county,gisjoin,year range,avg temp,max temp,min temp,hdd,cdd,avg rh,average dp,max dp,min dp,avg wind speed,max wind speed,avg ghr,max ghr,avg dnr,max dnr,avg dhr,max dhr
0,OH,Mercer County,G3901070,2080-2099,15.499424690261087,37.84497833251953,-16.879505157470703,2321.112129196842,1298.9021411419656,71.1185242929415,9.642946231287922,26.32963206461227,-16.879506809615744,3.8876398223039765,10.29590892791748,162.5189497716895,990,171.0259761267949,907.080322265625,77.8433789954338,498
