,state,county,gisjoin,year range,avg temp,max temp,min temp,hdd,cdd,avg rh,average dp,max dp,min dp,avg wind speed,max wind speed,avg ghr,max ghr,avg dnr,max dnr,avg dhr,max dhr
0,MI,Huron County,G2600630,2020-2039,9.060232360744779,34.705718994140625,-19.595155715942383,3826.2536904020394,453.738502073299,68.72566680995297,2.9393024376891135,21.81182527235925,-21.158485537758843,5.010278675871897,11.58647346496582,149.70947488584474,956,172.1251764908484,923.18408203125,68.0095890410959,489
