,state,county,gisjoin,year range,avg temp,max temp,min temp,hdd,cdd,avg rh,average dp,max dp,min dp,avg wind speed,max wind speed,avg ghr,max ghr,avg dnr,max dnr,avg dhr,max dhr
0,MS,Lafayette County,G2800710,2000-2019,16.717438218832086,37.88071441650391,-13.050714492797852,1856.493625581664,1278.858575455429,69.83402918963672,10.40977643471856,24.691523067539883,-13.050715852591123,3.728898602969026,8.696711540222168,181.76803652968036,1007,192.02560300555493,933.744140625,74.16917808219178,558
