,state,county,gisjoin,year range,avg temp,max temp,min temp,hdd,cdd,avg rh,average dp,max dp,min dp,avg wind speed,max wind speed,avg ghr,max ghr,avg dnr,max dnr,avg dhr,max dhr
0,MS,Lafayette County,G2800710,2040-2059,18.640251864902073,39.75466537475586,-11.075372695922852,1484.200358949214,1608.392289638469,70.6952214543678,12.49813582146707,26.79630986397049,-11.07537362599004,3.6555218830500564,8.780421257019043,181.76803652968036,1007,189.7819507177266,916.8536376953124,74.16917808219178,558
