,state,county,gisjoin,year range,avg temp,max temp,min temp,hdd,cdd,avg rh,average dp,max dp,min dp,avg wind speed,max wind speed,avg ghr,max ghr,avg dnr,max dnr,avg dhr,max dhr
0,FL,Levy County,G1200750,1980-1999,20.34779362124965,36.27999877929688,-5.471579074859619,841.3451692440591,1588.7898410001856,68.42240924922298,13.592680740208124,24.567385366162068,-5.471579210925404,3.7884397434181274,9.791899681091309,207.5562785388128,1024,204.73719629650773,955.6537475585938,77.47340182648402,618
