,state,county,gisjoin,year range,avg temp,max temp,min temp,hdd,cdd,avg rh,average dp,max dp,min dp,avg wind speed,max wind speed,avg ghr,max ghr,avg dnr,max dnr,avg dhr,max dhr
0,FL,Levy County,G1200750,2040-2059,22.80519988291969,37.76477813720703,-5.651300430297852,557.6684033986556,2202.0663606641187,70.02434848062524,16.369922697806587,26.660009288332063,-5.65130101349216,3.80594391081159,9.035024642944336,207.5562785388128,1024,195.95645052898803,938.8587646484376,77.47340182648402,618
