,state,county,gisjoin,year range,avg temp,max temp,min temp,hdd,cdd,avg rh,average dp,max dp,min dp,avg wind speed,max wind speed,avg ghr,max ghr,avg dnr,max dnr,avg dhr,max dhr
0,WY,Hot Springs County,G5600170,2080-2099,13.563492044827957,43.80860900878906,-24.507434844970703,2978.676594380042,1249.851190741918,44.438592279882734,-0.07607103174357868,19.347383393713933,-25.130681751581243,3.031427796899456,5.797751426696777,182.79018264840184,1008,205.26626770075316,936.5283203125,62.77340182648402,506
