,state,county,gisjoin,year range,avg temp,max temp,min temp,hdd,cdd,avg rh,average dp,max dp,min dp,avg wind speed,max wind speed,avg ghr,max ghr,avg dnr,max dnr,avg dhr,max dhr
0,VA,Frederick County,G5100690,2040-2059,14.241513708352482,37.24208831787109,-13.836566925048828,2458.9964122511046,977.6489157995173,68.00451527207954,7.636743497967144,25.149681480860004,-13.836568041945744,3.864729628824208,8.758628845214844,172.51221461187214,1037,181.76047041723658,930.3598022460938,71.65308219178083,619
