,state,county,gisjoin,year range,avg temp,max temp,min temp,hdd,cdd,avg rh,average dp,max dp,min dp,avg wind speed,max wind speed,avg ghr,max ghr,avg dnr,max dnr,avg dhr,max dhr
0,MO,Bollinger County,G2900170,1980-1999,12.840234775309394,36.665000915527344,-17.285625457763672,2812.3612848821253,819.5469778697162,69.3289205444458,6.582932804303437,23.56794180496321,-18.08122072805773,4.120651505472453,9.778752326965332,169.3714611872146,996,194.20049118703886,921.3140869140624,69.95764840182649,612
