,state,county,gisjoin,year range,avg temp,max temp,min temp,hdd,cdd,avg rh,average dp,max dp,min dp,avg wind speed,max wind speed,avg ghr,max ghr,avg dnr,max dnr,avg dhr,max dhr
0,MO,Bollinger County,G2900170,2020-2039,15.019717281047072,37.56307601928711,-17.10498046875,2298.5099362624064,1101.206743844417,69.11452228533078,8.655913753912506,23.75816890178683,-17.104981134121665,4.040079158816708,9.657061576843262,169.3714611872146,996,189.43796589952726,928.6277465820312,69.95764840182649,612
