,state,county,gisjoin,year range,avg temp,max temp,min temp,hdd,cdd,avg rh,average dp,max dp,min dp,avg wind speed,max wind speed,avg ghr,max ghr,avg dnr,max dnr,avg dhr,max dhr
0,MT,Treasure County,G3001030,1980-1999,7.574495881944831,36.84933471679688,-28.884666442871094,4358.3648613055,443.5558582147053,51.4904014176974,-3.141826106946193,14.182811400350204,-30.180511314563876,3.4702761986484267,6.806814193725586,171.48527397260273,981,190.2475924307162,916.6358642578124,62.87031963470319,577
