,state,county,gisjoin,year range,avg temp,max temp,min temp,hdd,cdd,avg rh,average dp,max dp,min dp,avg wind speed,max wind speed,avg ghr,max ghr,avg dnr,max dnr,avg dhr,max dhr
0,MT,Treasure County,G3001030,2060-2079,11.492668227933759,40.87477111816406,-24.244739532470703,3430.4274228569943,945.7513260523928,52.668172454180784,0.7310347385072464,19.550231295155317,-25.684691408264055,3.4436627639483097,8.299110412597656,171.48527397260273,981,186.1534410183741,896.3197021484375,62.87031963470319,577
