,state,county,gisjoin,year range,avg temp,max temp,min temp,hdd,cdd,avg rh,average dp,max dp,min dp,avg wind speed,max wind speed,avg ghr,max ghr,avg dnr,max dnr,avg dhr,max dhr
0,VA,Staunton city,G5107900,1980-1999,11.187375453659403,34.098751068115234,-18.279375076293945,3116.9332746200653,520.8253152052758,66.69879354712081,4.374944539991413,20.203341737139013,-18.34095729291716,5.127417406970507,15.125049591064451,175.60091324200914,1016,194.60306121268988,960.049072265625,71.70296803652968,634
