,state,county,gisjoin,year range,avg temp,max temp,min temp,hdd,cdd,avg rh,average dp,max dp,min dp,avg wind speed,max wind speed,avg ghr,max ghr,avg dnr,max dnr,avg dhr,max dhr
0,VA,Staunton city,G5107900,2040-2059,13.866675281880628,35.88736343383789,-12.867606163024902,2453.2099892909396,835.0464671771247,67.66012371315804,7.16850861139554,21.91273944541833,-12.867606782409108,5.005054069545171,13.65326690673828,175.60091324200914,1016,188.45412384446445,940.565673828125,71.70296803652968,634
