,state,county,gisjoin,year range,avg temp,max temp,min temp,hdd,cdd,avg rh,average dp,max dp,min dp,avg wind speed,max wind speed,avg ghr,max ghr,avg dnr,max dnr,avg dhr,max dhr
0,OH,Richland County,G3901390,2020-2039,10.929887812802749,34.378658294677734,-19.804616928100582,3334.560837380192,644.4698890527424,69.87188512941474,4.94872182790547,22.64644625212559,-20.588354154374585,4.204453893257603,12.224287033081056,157.24417808219178,998,177.77909145882208,928.37060546875,81.60148401826484,542
