,state,county,gisjoin,year range,avg temp,max temp,min temp,hdd,cdd,avg rh,average dp,max dp,min dp,avg wind speed,max wind speed,avg ghr,max ghr,avg dnr,max dnr,avg dhr,max dhr
0,CA,Glenn County,G0600210,2020-2039,17.96422164980875,42.929141998291016,-4.022218704223633,1433.4031527093882,1310.8440548897531,49.91394889746627,4.825238359809842,13.824369279003006,-5.68768119020922,4.6732107080825385,12.841045379638672,202.92488584474887,998,207.1181960200647,941.6536254882812,61.70296803652968,457
