,state,county,gisjoin,year range,avg temp,max temp,min temp,hdd,cdd,avg rh,average dp,max dp,min dp,avg wind speed,max wind speed,avg ghr,max ghr,avg dnr,max dnr,avg dhr,max dhr
0,CA,Glenn County,G0600210,2060-2079,19.281338928849117,45.767520904541016,-3.13640570640564,1226.9257681116721,1585.1144771416696,50.61473526998198,6.248334323028294,17.40981764988095,-3.650652720982559,4.538344387485556,12.90300178527832,202.92488584474887,998,205.98282091463713,927.3350830078124,61.70296803652968,457
