,state,county,gisjoin,year range,avg temp,max temp,min temp,hdd,cdd,avg rh,average dp,max dp,min dp,avg wind speed,max wind speed,avg ghr,max ghr,avg dnr,max dnr,avg dhr,max dhr
0,MA,Norfolk County,G2500210,1980-1999,9.417579206322069,32.87214279174805,-17.872142791748047,3625.7832695922643,383.6996798992181,69.71093622146677,3.4879224349091014,22.27606476282692,-18.10005663983476,4.47876952181668,10.77005386352539,146.37180365296803,948,177.41114306298726,918.9104614257812,73.3634703196347,602
