,state,county,gisjoin,year range,avg temp,max temp,min temp,hdd,cdd,avg rh,average dp,max dp,min dp,avg wind speed,max wind speed,avg ghr,max ghr,avg dnr,max dnr,avg dhr,max dhr
0,MA,Norfolk County,G2500210,2000-2019,10.90530713336692,33.80214309692383,-17.77857208251953,3239.641286156948,540.5783898353816,70.57189423613352,5.141854740539807,24.362466951945034,-17.778572896184112,4.397723586483089,10.516249656677246,146.37180365296803,948,173.78550695623844,915.4745483398438,73.3634703196347,602
