,state,county,gisjoin,year range,avg temp,max temp,min temp,hdd,cdd,avg rh,average dp,max dp,min dp,avg wind speed,max wind speed,avg ghr,max ghr,avg dnr,max dnr,avg dhr,max dhr
0,MA,Norfolk County,G2500210,2060-2079,13.242654453633131,35.51175308227539,-13.66193389892578,2676.4341925694016,830.5030681451659,71.00854100897976,7.469102512458673,24.09141480230412,-13.66193471004119,4.6785565870129355,10.934690475463867,146.37180365296803,948,169.16217118923345,907.0089111328124,73.3634703196347,602
