,state,county,gisjoin,year range,avg temp,max temp,min temp,hdd,cdd,avg rh,average dp,max dp,min dp,avg wind speed,max wind speed,avg ghr,max ghr,avg dnr,max dnr,avg dhr,max dhr
0,OH,Defiance County,G3900390,2080-2099,15.537278248619534,40.3942985534668,-18.853710174560547,2337.204473122905,1328.811033868865,69.4182394722281,9.236552446895754,25.51784604315123,-18.85371119049606,4.105789871901682,10.038583755493164,162.75228310502283,957,170.48263973909803,921.9708251953124,77.5783105022831,483
