,state,county,gisjoin,year range,avg temp,max temp,min temp,hdd,cdd,avg rh,average dp,max dp,min dp,avg wind speed,max wind speed,avg ghr,max ghr,avg dnr,max dnr,avg dhr,max dhr
0,AR,Nevada County,G0500990,2020-2039,18.032670811762486,39.55354690551758,-10.556108474731444,1562.7466176889056,1465.1714639822676,67.91056965910681,11.221354157818697,24.95723337020107,-10.556109420519745,3.4323404677926677,7.02268648147583,181.84657534246574,1007,196.5700322410311,931.0306396484376,72.51495433789954,584
