,state,county,gisjoin,year range,avg temp,max temp,min temp,hdd,cdd,avg rh,average dp,max dp,min dp,avg wind speed,max wind speed,avg ghr,max ghr,avg dnr,max dnr,avg dhr,max dhr
0,AR,Nevada County,G0500990,2060-2079,19.884154183027967,40.38352966308594,-5.470887660980225,1287.0942341638713,1865.3105109690368,69.62657828614047,13.420272132427419,26.36228542980689,-5.470888079747421,3.4882099076493147,8.0234375,181.84657534246574,1007,192.3085831731324,895.3110961914062,72.51495433789954,584
