,state,county,gisjoin,year range,avg temp,max temp,min temp,hdd,cdd,avg rh,average dp,max dp,min dp,avg wind speed,max wind speed,avg ghr,max ghr,avg dnr,max dnr,avg dhr,max dhr
0,TX,Lamar County,G4802770,1980-1999,16.868694536516667,37.21549987792969,-10.498000144958496,1761.132825567525,1238.7063313961805,68.29320598105862,10.208223545857157,23.035920888702236,-10.894041157812635,4.127616445005756,8.888474464416504,193.21518264840182,1005,200.16594191974602,956.5347900390624,70.93401826484018,605
