,state,county,gisjoin,year range,avg temp,max temp,min temp,hdd,cdd,avg rh,average dp,max dp,min dp,avg wind speed,max wind speed,avg ghr,max ghr,avg dnr,max dnr,avg dhr,max dhr
0,NY,Seneca County,G3600990,2040-2059,11.7240006657523,36.982791900634766,-16.218631744384766,3146.252999770127,746.0132427692834,70.63088669820463,5.9299588348905194,24.668969801490515,-16.218632117897805,4.28987693753961,9.948287963867188,137.06963470319636,968,166.43499588227937,899.2752685546875,71.33173515981736,542
