,state,county,gisjoin,year range,avg temp,max temp,min temp,hdd,cdd,avg rh,average dp,max dp,min dp,avg wind speed,max wind speed,avg ghr,max ghr,avg dnr,max dnr,avg dhr,max dhr
0,NY,Seneca County,G3600990,2080-2099,14.369643093618913,37.85050201416016,-12.563984870910645,2550.6348230825165,1116.0545522531522,70.96860562894986,8.534263646515287,25.66578489134389,-12.88549060597746,4.372222589793271,12.336858749389648,137.06963470319636,968,162.01236709570082,895.0140380859375,71.33173515981736,542
