,state,county,gisjoin,year range,avg temp,max temp,min temp,hdd,cdd,avg rh,average dp,max dp,min dp,avg wind speed,max wind speed,avg ghr,max ghr,avg dnr,max dnr,avg dhr,max dhr
0,NC,Burke County,G3700230,1980-1999,13.952609541481223,33.69562530517578,-9.85124969482422,2348.399646850791,761.6021294912172,67.72387472570759,7.259052534542526,20.37206265500852,-9.851250757709517,3.8679954051971435,10.175025939941406,178.3134703196347,1004,196.92738403465034,951.6282348632812,76.83470319634704,610
