,state,county,gisjoin,year range,avg temp,max temp,min temp,hdd,cdd,avg rh,average dp,max dp,min dp,avg wind speed,max wind speed,avg ghr,max ghr,avg dnr,max dnr,avg dhr,max dhr
0,NC,Burke County,G3700230,2020-2039,15.910496538129346,38.63424301147461,-10.999930381774902,1915.7589753875336,1043.5902118047773,68.01972519578455,9.171796024339407,22.22194804153327,-11.202224999529042,4.105033544971518,9.340068817138672,178.3134703196347,1004,194.24475716155322,945.787841796875,76.83470319634704,610
