,state,county,gisjoin,year range,avg temp,max temp,min temp,hdd,cdd,avg rh,average dp,max dp,min dp,avg wind speed,max wind speed,avg ghr,max ghr,avg dnr,max dnr,avg dhr,max dhr
0,KS,Rooks County,G2001630,2080-2099,17.713337455167473,45.6899299621582,-14.330148696899414,2067.3209794993513,1853.1891506352933,54.883611671347595,7.1553090416566345,25.736029451325884,-16.054111720858856,4.5032584905080055,9.820691108703612,191.88824200913243,1014,194.9710433749989,935.4887084960938,64.59600456621004,594
