,state,county,gisjoin,year range,avg temp,max temp,min temp,hdd,cdd,avg rh,average dp,max dp,min dp,avg wind speed,max wind speed,avg ghr,max ghr,avg dnr,max dnr,avg dhr,max dhr
0,GA,Butts County,G1300350,2080-2099,21.30009947636822,41.624755859375,-4.130330562591553,1022.0763678572786,2117.112676731536,68.99490569040655,14.646364629586746,27.918156166390208,-4.130330959726282,3.4195662226442876,8.578307151794434,192.45045662100458,1018,190.90457815607675,911.0382080078124,82.3466894977169,551
