,state,county,gisjoin,year range,avg temp,max temp,min temp,hdd,cdd,avg rh,average dp,max dp,min dp,avg wind speed,max wind speed,avg ghr,max ghr,avg dnr,max dnr,avg dhr,max dhr
0,MN,Blue Earth County,G2700130,2040-2059,10.21584968841157,36.72187805175781,-26.337482452392575,3763.884169611156,813.1693058809075,68.16697870106458,3.9363519097831143,26.590956233832006,-26.85489250365553,3.8367796545159325,9.836644172668455,152.062100456621,988,169.3047502762842,884.1210327148438,67.28321917808219,528
