,state,county,gisjoin,year range,avg temp,max temp,min temp,hdd,cdd,avg rh,average dp,max dp,min dp,avg wind speed,max wind speed,avg ghr,max ghr,avg dnr,max dnr,avg dhr,max dhr
0,MN,Blue Earth County,G2700130,2080-2099,13.185296577383438,40.34902572631836,-21.90740776062012,3118.149784660931,1251.2830354055438,68.78925699599802,6.901218252193079,30.250191134985705,-23.863893702828747,3.8384213392048667,9.226499557495115,152.062100456621,988,165.04352025957064,896.12548828125,67.28321917808219,528
