,state,county,gisjoin,year range,avg temp,max temp,min temp,hdd,cdd,avg rh,average dp,max dp,min dp,avg wind speed,max wind speed,avg ghr,max ghr,avg dnr,max dnr,avg dhr,max dhr
0,IL,Gallatin County,G1700590,2020-2039,14.900164003144168,36.68410110473633,-18.18286895751953,2286.1145269751496,1045.1743881226218,70.16516363914698,8.812083130994992,23.541966582798995,-18.1828691971938,3.550273873245335,8.097578048706055,176.99851598173515,978,186.64586876776298,924.1044311523438,73.45102739726028,587
