,state,county,gisjoin,year range,avg temp,max temp,min temp,hdd,cdd,avg rh,average dp,max dp,min dp,avg wind speed,max wind speed,avg ghr,max ghr,avg dnr,max dnr,avg dhr,max dhr
0,IL,Gallatin County,G1700590,2040-2059,16.369368132593305,39.070438385009766,-11.039231300354004,2049.791460162157,1345.1108285586818,69.60595717190607,10.132880518369143,25.53370642689971,-11.690303815912534,3.6727481178905323,8.58094596862793,176.99851598173515,978,183.10226342026021,919.4274291992188,73.45102739726028,587
