,state,county,gisjoin,year range,avg temp,max temp,min temp,hdd,cdd,avg rh,average dp,max dp,min dp,avg wind speed,max wind speed,avg ghr,max ghr,avg dnr,max dnr,avg dhr,max dhr
0,WI,Walworth County,G5501270,2020-2039,9.837831850195267,38.74601364135742,-25.94488525390625,3727.677835253753,638.9864605744984,69.51004244508265,3.8351409747055487,23.729911733810145,-25.944886808179128,4.423117598972908,10.423295021057127,147.90559360730595,960,176.41984540160388,905.3753051757812,66.81164383561644,628
