,state,county,gisjoin,year range,avg temp,max temp,min temp,hdd,cdd,avg rh,average dp,max dp,min dp,avg wind speed,max wind speed,avg ghr,max ghr,avg dnr,max dnr,avg dhr,max dhr
0,WV,Doddridge County,G5400170,2020-2039,12.16733383020635,34.50585174560547,-15.545906066894531,2925.2171683999236,686.7940164248511,69.01062661893836,5.77917408846765,22.218993547467186,-16.598871864943426,3.50216339875574,9.892898559570312,152.77431506849314,988,182.9476319001574,959.3846435546876,76.34977168949771,668
