,state,county,gisjoin,year range,avg temp,max temp,min temp,hdd,cdd,avg rh,average dp,max dp,min dp,avg wind speed,max wind speed,avg ghr,max ghr,avg dnr,max dnr,avg dhr,max dhr
0,WV,Doddridge County,G5400170,2060-2079,14.25195253161703,35.9316291809082,-14.099406242370604,2449.6730986492494,972.1357726892435,69.6609122075991,7.968141583796839,23.877357760705213,-14.099406827651224,3.7296505785968206,8.610340118408203,152.77431506849314,988,177.19532835333618,923.7927856445312,76.34977168949771,668
