,state,county,gisjoin,year range,avg temp,max temp,min temp,hdd,cdd,avg rh,average dp,max dp,min dp,avg wind speed,max wind speed,avg ghr,max ghr,avg dnr,max dnr,avg dhr,max dhr
0,WV,Doddridge County,G5400170,2080-2099,15.812818479086761,37.063720703125,-12.247868537902832,2158.1143904744904,1250.293135341083,69.47501305118543,9.395212777852596,25.764548457506315,-12.247869117760931,3.708838406164352,8.086734771728516,152.77431506849314,988,176.03516360969357,942.781005859375,76.34977168949771,668
