,state,county,gisjoin,year range,avg temp,max temp,min temp,hdd,cdd,avg rh,average dp,max dp,min dp,avg wind speed,max wind speed,avg ghr,max ghr,avg dnr,max dnr,avg dhr,max dhr
0,MN,Otter Tail County,G2701110,2000-2019,6.1823850695408,35.32133483886719,-29.46199989318848,4822.952859255091,400.02340963681894,64.04695119509414,-0.9359539520822904,20.265335316083387,-29.46200253638898,4.0482875023802665,9.647438049316406,155.862100456621,954,174.24853543122535,881.2265014648438,61.671004566210044,530
