,state,county,gisjoin,year range,avg temp,max temp,min temp,hdd,cdd,avg rh,average dp,max dp,min dp,avg wind speed,max wind speed,avg ghr,max ghr,avg dnr,max dnr,avg dhr,max dhr
0,OK,Cleveland County,G4000270,2060-2079,19.01603049066975,42.28242492675781,-7.088588237762451,1565.9199147465515,1827.2710438409285,67.52561001472822,12.105138668640725,29.330930157142465,-7.270978270262948,4.869410252571106,10.182249069213867,189.50045662100456,1003,192.05204450903426,924.2396240234376,72.06301369863014,597
