,state,county,gisjoin,year range,avg temp,max temp,min temp,hdd,cdd,avg rh,average dp,max dp,min dp,avg wind speed,max wind speed,avg ghr,max ghr,avg dnr,max dnr,avg dhr,max dhr
0,AL,Bullock County,G0100110,2060-2079,20.31642523780614,38.34978103637695,-6.2075676918029785,1065.2027288363702,1801.197940635565,69.06971353265249,13.69840581001596,26.094557838349065,-6.207568055647946,3.368834699098378,8.357245445251465,183.5310502283105,1010,198.36467850525017,930.799560546875,78.91552511415524,592
