,state,county,gisjoin,year range,avg temp,max temp,min temp,hdd,cdd,avg rh,average dp,max dp,min dp,avg wind speed,max wind speed,avg ghr,max ghr,avg dnr,max dnr,avg dhr,max dhr
0,MO,Audrain County,G2900070,1980-1999,11.379295733025609,35.9288215637207,-23.769411087036133,3215.5793742993205,689.5223168532417,68.24041064906882,5.033283692406174,22.457407544576853,-23.769412716861925,4.7465406773841545,10.29660701751709,180.13698630136986,1025,185.47077039279347,915.9656372070312,76.10776255707762,664
