,state,county,gisjoin,year range,avg temp,max temp,min temp,hdd,cdd,avg rh,average dp,max dp,min dp,avg wind speed,max wind speed,avg ghr,max ghr,avg dnr,max dnr,avg dhr,max dhr
0,FL,Taylor County,G1201230,2060-2079,22.244765834763463,37.70685958862305,-6.368021965026856,694.558273570195,2134.3978032586706,70.40958952228773,15.932815933853252,27.538704467543184,-6.368022500495672,4.675800721122794,10.74046516418457,183.9345890410959,1004,196.1788463133739,942.8916625976562,84.0933789954338,634
