,state,county,gisjoin,year range,avg temp,max temp,min temp,hdd,cdd,avg rh,average dp,max dp,min dp,avg wind speed,max wind speed,avg ghr,max ghr,avg dnr,max dnr,avg dhr,max dhr
0,KY,Wayne County,G2102310,2060-2079,16.285048589358766,36.43254852294922,-9.428258895874023,1930.7834554352212,1195.326190551196,70.42192405021353,10.17060042610098,23.73771303996707,-9.428259396436845,3.427529015987431,7.779950141906738,164.45856164383562,1000,184.9268122406744,947.2635498046876,77.09246575342466,660
