,state,county,gisjoin,year range,avg temp,max temp,min temp,hdd,cdd,avg rh,average dp,max dp,min dp,avg wind speed,max wind speed,avg ghr,max ghr,avg dnr,max dnr,avg dhr,max dhr
0,WI,Waupaca County,G5501350,1980-1999,6.396955667704781,30.597143173217773,-35.07500076293945,4699.413304564818,354.80212327638736,66.10488287825562,-0.21735337354332876,21.23012384467897,-35.07500142663613,4.622629065627921,11.6434326171875,151.376598173516,953,174.55585168029125,908.3851928710938,68.09360730593608,586
