,state,county,gisjoin,year range,avg temp,max temp,min temp,hdd,cdd,avg rh,average dp,max dp,min dp,avg wind speed,max wind speed,avg ghr,max ghr,avg dnr,max dnr,avg dhr,max dhr
0,WI,Waupaca County,G5501350,2000-2019,7.579875516698464,35.095001220703125,-26.658571243286133,4379.667141921868,466.82170551619174,66.78987477968816,1.0128570875269203,21.328947608794746,-26.65857260036744,4.472660438818474,10.560355186462402,151.376598173516,953,175.495646455325,900.8734130859376,68.09360730593608,586
