,state,county,gisjoin,year range,avg temp,max temp,min temp,hdd,cdd,avg rh,average dp,max dp,min dp,avg wind speed,max wind speed,avg ghr,max ghr,avg dnr,max dnr,avg dhr,max dhr
0,WI,Waupaca County,G5501350,2020-2039,8.354002024848642,34.63712310791016,-28.626935958862305,4140.413736680185,510.12447574935067,68.22632302715354,2.1208448551633077,22.562680937617014,-28.64139601587015,4.54701933825397,10.442301750183104,151.376598173516,953,174.22448824093982,897.8121337890625,68.09360730593608,586
