,state,county,gisjoin,year range,avg temp,max temp,min temp,hdd,cdd,avg rh,average dp,max dp,min dp,avg wind speed,max wind speed,avg ghr,max ghr,avg dnr,max dnr,avg dhr,max dhr
0,NH,Merrimack County,G3300130,2020-2039,9.266769921368063,34.670318603515625,-23.170482635498047,3788.734288505517,491.6053098042974,67.80046521670198,2.794775449730247,21.838130468817848,-23.460027553352244,4.307930960448365,12.183568954467772,158.06038812785388,1008,178.23654023448987,915.5175170898438,72.28413242009132,475
