,state,county,gisjoin,year range,avg temp,max temp,min temp,hdd,cdd,avg rh,average dp,max dp,min dp,avg wind speed,max wind speed,avg ghr,max ghr,avg dnr,max dnr,avg dhr,max dhr
0,NH,Merrimack County,G3300130,2080-2099,13.274181897575929,37.77092361450195,-15.423644065856934,2797.4383390307735,963.0147316456388,68.78207324019306,6.852620516359785,27.218157961066765,-15.423644787169025,4.923704009159515,17.72632598876953,158.06038812785388,1008,171.4827364599094,905.0626831054688,72.28413242009132,475
