,state,county,gisjoin,year range,avg temp,max temp,min temp,hdd,cdd,avg rh,average dp,max dp,min dp,avg wind speed,max wind speed,avg ghr,max ghr,avg dnr,max dnr,avg dhr,max dhr
0,TX,Lipscomb County,G4802950,2020-2039,15.031075270813096,41.22234725952149,-21.700176239013672,2388.4907890261215,1195.3332628727646,54.08031222373928,4.484551487493476,21.302678505037505,-21.70017806334405,4.613803809336876,9.4572172164917,200.7283105022831,1017,211.97113361319592,970.3408813476562,65.18778538812785,457
