,state,county,gisjoin,year range,avg temp,max temp,min temp,hdd,cdd,avg rh,average dp,max dp,min dp,avg wind speed,max wind speed,avg ghr,max ghr,avg dnr,max dnr,avg dhr,max dhr
0,TX,Lipscomb County,G4802950,2040-2059,16.330754695688963,40.94335174560547,-12.22403335571289,2216.4691434109795,1497.6946073373147,55.73579484621684,6.147779034302471,22.110595204256818,-12.914655351894426,4.663268211007662,9.608233451843262,200.7283105022831,1017,211.98106836304822,982.0202026367188,65.18778538812785,457
