,state,county,gisjoin,year range,avg temp,max temp,min temp,hdd,cdd,avg rh,average dp,max dp,min dp,avg wind speed,max wind speed,avg ghr,max ghr,avg dnr,max dnr,avg dhr,max dhr
0,TX,Lipscomb County,G4802950,2080-2099,18.627213652225926,43.89472198486328,-12.992768287658691,1797.1628805659427,1916.5958636282542,55.38117515997255,8.247502956916819,26.80111063186865,-13.105235966113982,4.764858737846488,11.36245059967041,200.7283105022831,1017,209.56624674730304,963.6421508789062,65.18778538812785,457
