,state,county,gisjoin,year range,avg temp,max temp,min temp,hdd,cdd,avg rh,average dp,max dp,min dp,avg wind speed,max wind speed,avg ghr,max ghr,avg dnr,max dnr,avg dhr,max dhr
0,KY,Campbell County,G2100370,2020-2039,13.530027866296896,35.41105651855469,-11.908425331115724,2607.5357806452407,866.4959518433151,70.75116346023943,7.650821575187063,23.88700138638663,-11.959512567040036,3.990986342762159,9.93936824798584,154.52865296803654,985,182.1442785370086,938.377197265625,75.48207762557078,596
