,state,county,gisjoin,year range,avg temp,max temp,min temp,hdd,cdd,avg rh,average dp,max dp,min dp,avg wind speed,max wind speed,avg ghr,max ghr,avg dnr,max dnr,avg dhr,max dhr
0,WV,McDowell County,G5400470,2000-2019,12.442076072920768,33.34333419799805,-17.31533432006836,2783.289377193305,645.1471438090354,69.03520850547372,6.143211179795065,20.156009524001327,-17.315334676129194,3.533683174277005,10.112235069274902,157.74988584474886,1002,188.2705648628861,963.3499145507812,74.00102739726027,672
