,state,county,gisjoin,year range,avg temp,max temp,min temp,hdd,cdd,avg rh,average dp,max dp,min dp,avg wind speed,max wind speed,avg ghr,max ghr,avg dnr,max dnr,avg dhr,max dhr
0,WV,McDowell County,G5400470,2020-2039,12.722059917260271,34.18620300292969,-16.976533889770508,2711.314864450771,675.366734250425,69.10703231820233,6.423352790155383,21.44978329328188,-17.160652014432486,3.5875637340219053,9.741454124450684,157.74988584474886,1002,189.34914865893253,954.814453125,74.00102739726027,672
