,state,county,gisjoin,year range,avg temp,max temp,min temp,hdd,cdd,avg rh,average dp,max dp,min dp,avg wind speed,max wind speed,avg ghr,max ghr,avg dnr,max dnr,avg dhr,max dhr
0,GA,Brantley County,G1300250,1980-1999,18.91486465610738,36.380001068115234,-5.43055534362793,1186.8723279003295,1411.2979273796536,68.27577235862,12.208907553303474,23.012303720234456,-5.430555441379211,3.5424705959346197,7.996368885040283,191.6326484018265,1003,204.83239337520257,950.4432373046876,81.71449771689498,611
