,state,county,gisjoin,year range,avg temp,max temp,min temp,hdd,cdd,avg rh,average dp,max dp,min dp,avg wind speed,max wind speed,avg ghr,max ghr,avg dnr,max dnr,avg dhr,max dhr
0,GA,Brantley County,G1300250,2000-2019,20.295889769008355,37.18999862670898,-8.17722225189209,970.0064435423063,1698.506209230319,67.7287364336998,13.399847809986488,24.81396008359199,-8.1772221124645,3.581011177742318,9.686054229736328,191.6326484018265,1003,201.19294927033795,954.9136962890624,81.71449771689498,611
