,state,county,gisjoin,year range,avg temp,max temp,min temp,hdd,cdd,avg rh,average dp,max dp,min dp,avg wind speed,max wind speed,avg ghr,max ghr,avg dnr,max dnr,avg dhr,max dhr
0,GA,Brantley County,G1300250,2020-2039,20.469545490584085,37.75857162475586,-7.799518585205078,939.4891532717729,1731.3732573349162,68.31309960204172,13.70850401591359,24.839688801423133,-7.799518933270921,3.5855783054273425,9.355425834655762,191.6326484018265,1003,200.66851406793197,928.7979736328124,81.71449771689498,611
