,state,county,gisjoin,year range,avg temp,max temp,min temp,hdd,cdd,avg rh,average dp,max dp,min dp,avg wind speed,max wind speed,avg ghr,max ghr,avg dnr,max dnr,avg dhr,max dhr
0,GA,Brantley County,G1300250,2040-2059,21.637018813198587,37.76541519165039,-5.663104057312012,810.6464530054132,2028.6583198227524,69.191256004708,15.054389142841398,26.934442483047995,-5.66310443717145,3.768642220758412,10.154699325561523,191.6326484018265,1003,197.5684242333271,937.4007568359376,81.71449771689498,611
