,state,county,gisjoin,year range,avg temp,max temp,min temp,hdd,cdd,avg rh,average dp,max dp,min dp,avg wind speed,max wind speed,avg ghr,max ghr,avg dnr,max dnr,avg dhr,max dhr
0,ID,Elmore County,G1600390,2000-2019,10.668764021517772,43.347145080566406,-22.195714950561523,3444.7199951569364,659.3188630104322,48.53521150301581,-1.8838584709710668,12.664204078648591,-22.19571481294505,3.1034155407180526,7.957615375518799,191.4568493150685,1010,207.0526365687943,947.39794921875,60.18504566210046,525
