,state,county,gisjoin,year range,avg temp,max temp,min temp,hdd,cdd,avg rh,average dp,max dp,min dp,avg wind speed,max wind speed,avg ghr,max ghr,avg dnr,max dnr,avg dhr,max dhr
0,ID,Elmore County,G1600390,2020-2039,11.336315316135975,40.64942932128906,-16.308042526245117,3289.5309055075068,747.7859958966898,48.307110829549295,-1.3923868794923833,11.78379719351141,-17.417638544165282,3.1307506671915317,6.819189071655273,191.4568493150685,1010,205.46805600344297,965.8565673828124,60.18504566210046,525
