,state,county,gisjoin,year range,avg temp,max temp,min temp,hdd,cdd,avg rh,average dp,max dp,min dp,avg wind speed,max wind speed,avg ghr,max ghr,avg dnr,max dnr,avg dhr,max dhr
0,LA,Calcasieu Parish,G2200190,2060-2079,22.505479456561716,37.80965042114258,-0.8225762844085693,648.5095010837209,2183.50950272855,72.68814874762269,16.826662332318076,27.712333121281628,-0.8225762844436598,3.046644385546854,7.124119281768799,189.24406392694064,1023,188.16093192021592,911.735107421875,85.51118721461187,581
