,state,county,gisjoin,year range,avg temp,max temp,min temp,hdd,cdd,avg rh,average dp,max dp,min dp,avg wind speed,max wind speed,avg ghr,max ghr,avg dnr,max dnr,avg dhr,max dhr
0,GA,Hancock County,G1301410,2060-2079,19.857832412649856,39.5069580078125,-5.953453063964844,1187.6362230873062,1756.245053704467,68.57092733622686,13.125355014964386,25.250374439440684,-5.95345385824693,3.580867429288555,8.487997055053711,188.32614155251142,1016,196.83812655362536,950.718017578125,77.41404109589041,525
