,state,county,gisjoin,year range,avg temp,max temp,min temp,hdd,cdd,avg rh,average dp,max dp,min dp,avg wind speed,max wind speed,avg ghr,max ghr,avg dnr,max dnr,avg dhr,max dhr
0,TN,Coffee County,G4700310,1980-1999,14.06681071518576,36.42625045776367,-20.53062438964844,2356.7137532799793,811.5996643225826,69.65132137411806,7.8343959814276305,21.983445466682515,-20.530626049605846,4.498105409197067,11.78916358947754,179.75730593607307,1031,193.13640861570886,960.9179077148438,80.22374429223744,603
