,state,county,gisjoin,year range,avg temp,max temp,min temp,hdd,cdd,avg rh,average dp,max dp,min dp,avg wind speed,max wind speed,avg ghr,max ghr,avg dnr,max dnr,avg dhr,max dhr
0,TN,Coffee County,G4700310,2040-2059,17.01940170225678,37.55986785888672,-10.295646667480469,1789.3793612533125,1321.9609825770895,70.24074799197994,10.819430910701614,25.528975613190745,-10.295647835093662,4.562234329741839,12.697883605957031,179.75730593607307,1031,188.01405798787974,951.4732666015624,80.22374429223744,603
