,state,county,gisjoin,year range,avg temp,max temp,min temp,hdd,cdd,avg rh,average dp,max dp,min dp,avg wind speed,max wind speed,avg ghr,max ghr,avg dnr,max dnr,avg dhr,max dhr
0,NY,Ontario County,G3600690,2040-2059,11.508448281776548,35.867095947265625,-16.248577117919922,3174.9576901803634,696.0413130283747,71.02670345502356,5.8240249144472855,24.443055279112308,-16.248578929187794,4.587582103520224,11.24775218963623,154.09634703196346,981,166.38214021434158,898.4683227539062,74.59566210045662,486
