,state,county,gisjoin,year range,avg temp,max temp,min temp,hdd,cdd,avg rh,average dp,max dp,min dp,avg wind speed,max wind speed,avg ghr,max ghr,avg dnr,max dnr,avg dhr,max dhr
0,CA,Placer County,G0600610,2040-2059,18.060914609151876,43.74604797363281,-2.8683953285217285,1398.634290205345,1311.3681225459507,54.115162238573916,6.257895365276514,17.453902941354063,-6.615897488323623,3.057526001211715,8.351534843444824,194.76381278538813,1001,207.51979397381868,923.5059814453124,68.34189497716895,568
