,state,county,gisjoin,year range,avg temp,max temp,min temp,hdd,cdd,avg rh,average dp,max dp,min dp,avg wind speed,max wind speed,avg ghr,max ghr,avg dnr,max dnr,avg dhr,max dhr
0,CA,Merced County,G0600470,2040-2059,19.10204241071747,43.7183723449707,-1.9689010381698608,1199.6937741176137,1492.439254029584,44.09352783743105,4.068958098700042,13.083198254898878,-6.1897915607379534,3.7804067611694334,8.607807159423828,214.01974885844749,1002,220.62898199223903,962.1026611328124,67.65422374429224,464
