,state,county,gisjoin,year range,avg temp,max temp,min temp,hdd,cdd,avg rh,average dp,max dp,min dp,avg wind speed,max wind speed,avg ghr,max ghr,avg dnr,max dnr,avg dhr,max dhr
0,MS,Monroe County,G2800950,2020-2039,18.005010160976454,38.38950347900391,-12.7013578414917,1561.0282882089612,1453.3569969654127,69.09004610923871,11.473807439681595,24.34713901927773,-12.701359240319189,3.389442534982886,8.651558876037598,182.22842465753425,1011,193.74338808488352,960.4108276367188,79.77808219178083,621
