,state,county,gisjoin,year range,avg temp,max temp,min temp,hdd,cdd,avg rh,average dp,max dp,min dp,avg wind speed,max wind speed,avg ghr,max ghr,avg dnr,max dnr,avg dhr,max dhr
0,MS,Monroe County,G2800950,2080-2099,21.241008618732778,43.46820831298828,-8.212291717529297,1109.8047955451918,2183.272941382516,70.6552090577339,14.960495025333568,28.15807364140641,-8.212292768504607,3.3390291594207016,8.898199081420898,182.22842465753425,1011,186.15492038575962,943.8880004882812,79.77808219178083,621
