,state,county,gisjoin,year range,avg temp,max temp,min temp,hdd,cdd,avg rh,average dp,max dp,min dp,avg wind speed,max wind speed,avg ghr,max ghr,avg dnr,max dnr,avg dhr,max dhr
0,MS,George County,G2800390,2080-2099,23.199087317404498,41.044315338134766,-2.8238844871521,641.6280447916564,2429.794915644056,72.35316180072418,17.339838766772484,29.838220993174208,-2.823884640485003,3.713290241904999,9.30325984954834,187.186301369863,1027,187.43647509830816,922.3123168945312,77.92933789954338,546
