,state,county,gisjoin,year range,avg temp,max temp,min temp,hdd,cdd,avg rh,average dp,max dp,min dp,avg wind speed,max wind speed,avg ghr,max ghr,avg dnr,max dnr,avg dhr,max dhr
0,MN,Mahnomen County,G2700870,1980-1999,3.962692505609046,32.48866653442383,-37.87133407592773,5511.536382944866,278.41914749144786,62.08967669423857,-3.5726925751204726,19.929366550168996,-37.8713363960018,4.906161795903558,11.439094543457031,147.42568493150685,947,174.41262720070816,891.9082641601562,61.282876712328765,533
