,state,county,gisjoin,year range,avg temp,max temp,min temp,hdd,cdd,avg rh,average dp,max dp,min dp,avg wind speed,max wind speed,avg ghr,max ghr,avg dnr,max dnr,avg dhr,max dhr
0,MN,Mahnomen County,G2700870,2020-2039,5.922704760854151,32.85483932495117,-34.96314239501953,4954.996338586675,437.28357629776696,63.2570981647326,-1.4458802197988192,20.167509415552964,-34.96314428594426,4.806907529373691,12.410903930664062,147.42568493150685,947,172.7146211209052,905.8602905273438,61.282876712328765,533
