,state,county,gisjoin,year range,avg temp,max temp,min temp,hdd,cdd,avg rh,average dp,max dp,min dp,avg wind speed,max wind speed,avg ghr,max ghr,avg dnr,max dnr,avg dhr,max dhr
0,OR,Hood River County,G4100270,2040-2059,12.153957525124033,39.60791397094727,-13.54902458190918,2758.411234435956,515.1057311058196,64.85931093638347,4.474882297106916,15.960125179620215,-13.549025366443054,4.1602215188823335,9.411506652832031,152.9307077625571,971,172.5898557265961,895.1083984375,65.61027397260274,543
