,state,county,gisjoin,year range,avg temp,max temp,min temp,hdd,cdd,avg rh,average dp,max dp,min dp,avg wind speed,max wind speed,avg ghr,max ghr,avg dnr,max dnr,avg dhr,max dhr
0,ID,Madison County,G1600650,2020-2039,7.915126547114662,33.93254852294922,-23.85636711120605,4239.62099877335,449.1421884695785,50.71107403948971,-3.256117353569903,10.41470616720639,-23.856369162240547,3.7038498891543035,8.41761302947998,184.7304794520548,1024,205.5347421152669,958.1533813476562,59.16860730593607,517
