,state,county,gisjoin,year range,avg temp,max temp,min temp,hdd,cdd,avg rh,average dp,max dp,min dp,avg wind speed,max wind speed,avg ghr,max ghr,avg dnr,max dnr,avg dhr,max dhr
0,MS,Lincoln County,G2800850,2040-2059,20.579082602276742,37.69672393798828,-6.336978912353516,1027.4191426760951,1859.2842925070327,71.00713092551383,14.452705742814398,26.26788698450546,-6.336979450211582,3.8634166139445894,9.423345565795898,182.13036529680366,1009,196.83082964904298,931.2864990234376,80.48150684931507,618
