,state,county,gisjoin,year range,avg temp,max temp,min temp,hdd,cdd,avg rh,average dp,max dp,min dp,avg wind speed,max wind speed,avg ghr,max ghr,avg dnr,max dnr,avg dhr,max dhr
0,IA,O'Brien County,G1901410,1980-1999,6.762861587861489,34.890525817871094,-28.489473342895508,4664.764644153916,453.7091237227228,66.59745736971293,0.2261485127782942,22.81467153382352,-28.583716262856097,4.182911027947517,8.960806846618652,149.51849315068492,965,182.0847480919685,921.6378173828124,64.61495433789955,587
