,state,county,gisjoin,year range,avg temp,max temp,min temp,hdd,cdd,avg rh,average dp,max dp,min dp,avg wind speed,max wind speed,avg ghr,max ghr,avg dnr,max dnr,avg dhr,max dhr
0,IA,O'Brien County,G1901410,2000-2019,8.338479733911527,36.44736862182617,-29.729999542236328,4224.824797333578,588.8699002107253,65.78420398540149,1.5092799522084999,23.159866509723084,-29.72999847695605,4.1272695858184605,11.420169830322266,149.51849315068492,965,181.8012413947128,919.0057983398438,64.61495433789955,587
