,state,county,gisjoin,year range,avg temp,max temp,min temp,hdd,cdd,avg rh,average dp,max dp,min dp,avg wind speed,max wind speed,avg ghr,max ghr,avg dnr,max dnr,avg dhr,max dhr
0,IA,O'Brien County,G1901410,2080-2099,13.324734448823206,39.30906295776367,-21.17845344543457,3036.6990900033725,1220.7271638235109,66.9085516012967,6.542411324507975,29.36202750903048,-21.178455063024117,4.046296236939626,9.567505836486816,149.51849315068492,965,171.54826951933038,881.1378173828125,64.61495433789955,587
