,state,county,gisjoin,year range,avg temp,max temp,min temp,hdd,cdd,avg rh,average dp,max dp,min dp,avg wind speed,max wind speed,avg ghr,max ghr,avg dnr,max dnr,avg dhr,max dhr
0,NC,Harnett County,G3700850,2020-2039,17.115104525911097,37.41111373901367,-7.618944644927978,1699.1789223413089,1266.692074298942,69.68414032339506,10.79498440252488,23.95750858345457,-7.618944649979179,3.5659196651145204,8.783967971801758,172.83059360730593,1000,189.48704475588917,957.2491455078124,80.15490867579909,657
