,state,county,gisjoin,year range,avg temp,max temp,min temp,hdd,cdd,avg rh,average dp,max dp,min dp,avg wind speed,max wind speed,avg ghr,max ghr,avg dnr,max dnr,avg dhr,max dhr
0,AZ,Mohave County,G0400150,2020-2039,20.662618757738386,44.31364440917969,-1.3616188764572144,1160.1505105548206,2022.5063571292465,37.27299330114774,3.7144106839983992,16.43650867245675,-8.879923329032914,3.6583172549259717,9.2775239944458,237.1865296803653,1056,229.84672052428098,989.9138793945312,50.29680365296804,494
