,state,county,gisjoin,year range,avg temp,max temp,min temp,hdd,cdd,avg rh,average dp,max dp,min dp,avg wind speed,max wind speed,avg ghr,max ghr,avg dnr,max dnr,avg dhr,max dhr
0,MI,Bay County,G2600170,1980-1999,7.995914157388238,36.44230651855469,-23.66923141479492,4200.816859347721,439.8255267938082,66.36406546923668,1.3297204082647704,19.44930753203525,-24.05791110679601,3.9736078005675313,10.18628978729248,153.45947488584474,977,176.66902022541834,914.0169677734376,71.1189497716895,603
