,state,county,gisjoin,year range,avg temp,max temp,min temp,hdd,cdd,avg rh,average dp,max dp,min dp,avg wind speed,max wind speed,avg ghr,max ghr,avg dnr,max dnr,avg dhr,max dhr
0,MI,Bay County,G2600170,2020-2039,10.186945425125513,36.76364135742188,-25.93242835998535,3550.1414079908204,588.8764881611139,67.77007950517141,3.733977137679445,23.831737280130103,-25.932430345157613,3.97410996606633,9.13255214691162,153.45947488584474,977,173.42144111905458,917.4148559570312,71.1189497716895,603
