,state,county,gisjoin,year range,avg temp,max temp,min temp,hdd,cdd,avg rh,average dp,max dp,min dp,avg wind speed,max wind speed,avg ghr,max ghr,avg dnr,max dnr,avg dhr,max dhr
0,MI,Bay County,G2600170,2060-2079,11.505307856931902,36.29139709472656,-18.01838111877441,3247.102172829073,767.0395406087658,69.56870492016344,5.491021772626931,24.453741439096746,-18.38426372324927,3.9815910638195193,11.68844985961914,153.45947488584474,977,168.8567822430369,896.3802490234375,71.1189497716895,603
