,state,county,gisjoin,year range,avg temp,max temp,min temp,hdd,cdd,avg rh,average dp,max dp,min dp,avg wind speed,max wind speed,avg ghr,max ghr,avg dnr,max dnr,avg dhr,max dhr
0,MI,Bay County,G2600170,2080-2099,13.972319510708282,40.06517028808594,-10.52476406097412,2710.983646863614,1131.3802682718263,68.88039238855718,7.639388971928384,25.0991380279166,-10.524765055457609,3.816079138743279,9.178287506103516,153.45947488584474,977,167.86310829605824,908.9459838867188,71.1189497716895,603
