,state,county,gisjoin,year range,avg temp,max temp,min temp,hdd,cdd,avg rh,average dp,max dp,min dp,avg wind speed,max wind speed,avg ghr,max ghr,avg dnr,max dnr,avg dhr,max dhr
0,MN,Isanti County,G2700590,2060-2079,10.019197397549732,37.681861877441406,-25.60957145690918,3773.7199055947917,751.2269556999648,67.03689541751392,3.441637163972557,24.93380277483254,-25.60957406989641,4.037900473810222,10.105093002319336,154.19486301369864,941,172.79028962876006,890.7410888671875,64.32260273972602,603
