,state,county,gisjoin,year range,avg temp,max temp,min temp,hdd,cdd,avg rh,average dp,max dp,min dp,avg wind speed,max wind speed,avg ghr,max ghr,avg dnr,max dnr,avg dhr,max dhr
0,TX,Collin County,G4800850,2060-2079,21.02446295661739,41.04030990600586,-7.8236799240112305,1130.046488548254,2124.4754677134865,67.81185168414355,14.06646544931518,28.03779184128855,-7.823680120881587,4.049587981178336,8.619242668151855,178.30456621004566,1020,195.964461664765,884.1180419921875,76.1203196347032,657
