,state,county,gisjoin,year range,avg temp,max temp,min temp,hdd,cdd,avg rh,average dp,max dp,min dp,avg wind speed,max wind speed,avg ghr,max ghr,avg dnr,max dnr,avg dhr,max dhr
0,IN,Owen County,G1801190,1980-1999,11.038902814344441,34.16071319580078,-23.01142883300781,3267.8065625156946,617.5060897509562,69.41768367911038,4.931344317886658,21.602312247599976,-23.14207475206461,3.969996411070976,10.405224800109863,145.4203196347032,987,183.5088100638642,941.0922241210938,74.32477168949772,663
