,state,county,gisjoin,year range,avg temp,max temp,min temp,hdd,cdd,avg rh,average dp,max dp,min dp,avg wind speed,max wind speed,avg ghr,max ghr,avg dnr,max dnr,avg dhr,max dhr
0,IN,Owen County,G1801190,2000-2019,12.49926174307491,35.646427154541016,-21.75428581237793,2935.6785328234732,818.4090690454321,69.80501440583843,6.417150467751725,24.84090155571684,-21.75428744361833,4.010742318847952,9.195984840393066,145.4203196347032,987,183.79970247451266,953.7337646484376,74.32477168949772,663
