,state,county,gisjoin,year range,avg temp,max temp,min temp,hdd,cdd,avg rh,average dp,max dp,min dp,avg wind speed,max wind speed,avg ghr,max ghr,avg dnr,max dnr,avg dhr,max dhr
0,KS,Cherokee County,G2000210,1980-1999,13.262991192825638,35.43647003173828,-16.947059631347656,2675.0803891363125,836.5721745173619,69.45561141902454,7.074035647416514,23.96510180425085,-17.663517183376097,4.240589984149149,10.25000286102295,179.15787671232877,994,190.83102906793184,955.0486450195312,66.51815068493151,456
