,state,county,gisjoin,year range,avg temp,max temp,min temp,hdd,cdd,avg rh,average dp,max dp,min dp,avg wind speed,max wind speed,avg ghr,max ghr,avg dnr,max dnr,avg dhr,max dhr
0,KS,Cherokee County,G2000210,2060-2079,17.46723043811954,42.910526275634766,-10.695428848266602,1914.4452412445678,1610.484351158079,69.31422409336317,11.047333520520446,27.59700585512364,-10.695429896730984,4.330024974966703,9.971341133117676,179.15787671232877,994,184.43997167906306,924.6063842773438,66.51815068493151,456
