,state,county,gisjoin,year range,avg temp,max temp,min temp,hdd,cdd,avg rh,average dp,max dp,min dp,avg wind speed,max wind speed,avg ghr,max ghr,avg dnr,max dnr,avg dhr,max dhr
0,KS,Cherokee County,G2000210,2080-2099,19.102658180245818,42.017356872558594,-11.582758903503418,1629.3010814220418,1922.271317211651,69.19271009784855,12.59626892745213,28.28627165237493,-11.69264860944943,4.163367740422079,10.808634757995604,179.15787671232877,994,181.8006074896476,915.0700073242188,66.51815068493151,456
