,state,county,gisjoin,year range,avg temp,max temp,min temp,hdd,cdd,avg rh,average dp,max dp,min dp,avg wind speed,max wind speed,avg ghr,max ghr,avg dnr,max dnr,avg dhr,max dhr
0,GA,Meriwether County,G1301990,2040-2059,19.090144953360678,38.545745849609375,-8.95839786529541,1303.507089438808,1591.9099974154826,67.86520950979293,12.227380354019534,24.92900029423728,-8.958399038557571,3.8124623164738694,8.699345588684082,191.31278538812785,1025,198.56639747708317,962.2710571289062,83.53527397260274,516
