,state,county,gisjoin,year range,avg temp,max temp,min temp,hdd,cdd,avg rh,average dp,max dp,min dp,avg wind speed,max wind speed,avg ghr,max ghr,avg dnr,max dnr,avg dhr,max dhr
0,ID,Camas County,G1600250,1980-1999,6.206998475310239,33.46500015258789,-24.06357192993164,4719.138434170674,305.192877658202,50.74215569234874,-5.104042701889951,8.645292899002744,-24.06357245125212,3.854283155480476,8.28170394897461,182.66301369863012,1025,218.41910329429993,981.5138549804688,59.26404109589041,540
