,state,county,gisjoin,year range,avg temp,max temp,min temp,hdd,cdd,avg rh,average dp,max dp,min dp,avg wind speed,max wind speed,avg ghr,max ghr,avg dnr,max dnr,avg dhr,max dhr
0,ID,Camas County,G1600250,2080-2099,11.466552562044749,40.83651351928711,-22.784711837768555,3309.032475366454,814.8241605123239,51.830347428800856,-0.08249700260506893,13.182239016670298,-22.784713789288457,3.6992778622260376,8.162918090820312,182.66301369863012,1025,208.71553731580534,954.1181640625,59.26404109589041,540
