,state,county,gisjoin,year range,avg temp,max temp,min temp,hdd,cdd,avg rh,average dp,max dp,min dp,avg wind speed,max wind speed,avg ghr,max ghr,avg dnr,max dnr,avg dhr,max dhr
0,IL,Clark County,G1700230,2020-2039,13.76917269554794,42.70161437988281,-18.333738327026367,2629.6826138641095,975.9306477388327,69.52695740934921,7.601289381091182,26.221414799853516,-18.33374042513916,4.04672337911989,10.293139457702637,148.1025114155251,978,183.0234232725022,921.1824951171876,74.19315068493151,597
