,state,county,gisjoin,year range,avg temp,max temp,min temp,hdd,cdd,avg rh,average dp,max dp,min dp,avg wind speed,max wind speed,avg ghr,max ghr,avg dnr,max dnr,avg dhr,max dhr
0,IL,Clark County,G1700230,2080-2099,17.3661832966812,39.97966003417969,-17.9542179107666,1925.058243316599,1584.2151466051334,70.97278970017281,11.37888878062386,27.86926239590236,-17.954219734191692,4.0323355935888205,10.20348834991455,148.1025114155251,978,174.9889756467709,913.169189453125,74.19315068493151,597
