,state,county,gisjoin,year range,avg temp,max temp,min temp,hdd,cdd,avg rh,average dp,max dp,min dp,avg wind speed,max wind speed,avg ghr,max ghr,avg dnr,max dnr,avg dhr,max dhr
0,MI,Saginaw County,G2601450,1980-1999,8.045030959269306,34.21357345581055,-27.505714416503903,4150.784738049913,407.72103818258387,67.6273442322805,1.717642654332324,20.38295148818537,-27.50571608376761,3.747324919278763,8.53459644317627,153.45947488584474,977,176.9483533017698,920.7344970703124,71.1189497716895,603
