,state,county,gisjoin,year range,avg temp,max temp,min temp,hdd,cdd,avg rh,average dp,max dp,min dp,avg wind speed,max wind speed,avg ghr,max ghr,avg dnr,max dnr,avg dhr,max dhr
0,MI,Saginaw County,G2601450,2060-2079,12.058445206692456,36.75634765625,-17.84868621826172,3075.3605864997485,797.1930869420838,69.31912170697565,5.959397467028184,24.401593927464507,-18.365029568044157,3.744505072905593,8.871238708496094,153.45947488584474,977,169.90155806996867,909.0947875976562,71.1189497716895,603
