,state,county,gisjoin,year range,avg temp,max temp,min temp,hdd,cdd,avg rh,average dp,max dp,min dp,avg wind speed,max wind speed,avg ghr,max ghr,avg dnr,max dnr,avg dhr,max dhr
0,KS,Wabaunsee County,G2001970,2000-2019,13.059343746072926,37.77666473388672,-20.4739990234375,2833.955282154164,921.1157494704471,65.31302083877668,5.848224324910935,23.62092665060384,-20.47400066038064,4.499902447935653,9.868658065795898,179.55399543378996,977,189.51766787706788,940.6162109375,66.17111872146118,450
