,state,county,gisjoin,year range,avg temp,max temp,min temp,hdd,cdd,avg rh,average dp,max dp,min dp,avg wind speed,max wind speed,avg ghr,max ghr,avg dnr,max dnr,avg dhr,max dhr
0,MS,Hinds County,G2800490,2000-2019,18.540812941063482,37.237060546875,-6.433529376983643,1395.5655408429327,1483.4622643311766,70.4083864268647,12.360533883841988,25.58455668733802,-6.486791948468744,3.60450877098188,8.35961627960205,191.8788812785388,1032,196.02058005672885,922.2072143554688,80.42511415525114,569
