,state,county,gisjoin,year range,avg temp,max temp,min temp,hdd,cdd,avg rh,average dp,max dp,min dp,avg wind speed,max wind speed,avg ghr,max ghr,avg dnr,max dnr,avg dhr,max dhr
0,MS,Hinds County,G2800490,2020-2039,19.24609345315709,41.58097839355469,-6.5050153732299805,1262.199226914091,1607.5233373164604,69.86254413900855,12.883656538053703,24.88032745925804,-6.505015864984467,3.6118389644034923,8.653351783752441,191.8788812785388,1032,196.1263377472854,926.7316284179688,80.42511415525114,569
