,state,county,gisjoin,year range,avg temp,max temp,min temp,hdd,cdd,avg rh,average dp,max dp,min dp,avg wind speed,max wind speed,avg ghr,max ghr,avg dnr,max dnr,avg dhr,max dhr
0,MS,Hinds County,G2800490,2040-2059,20.38692401539009,39.49429702758789,-7.411855697631836,1079.6196371821522,1841.3469027994797,70.3196698711343,14.114961746902859,26.59402873272746,-7.411856605228827,3.6797482985339753,9.170745849609377,191.8788812785388,1032,193.1202101230651,915.6251831054688,80.42511415525114,569
