,state,county,gisjoin,year range,avg temp,max temp,min temp,hdd,cdd,avg rh,average dp,max dp,min dp,avg wind speed,max wind speed,avg ghr,max ghr,avg dnr,max dnr,avg dhr,max dhr
0,NH,Strafford County,G3300170,2020-2039,9.596737720396213,34.799312591552734,-20.94579696655273,3655.3879444500303,478.6972123940959,68.88389859580558,3.3532018063876867,21.178055987168047,-20.94579945058206,4.791546483045299,12.200443267822266,146.3554794520548,952,177.3869827876749,910.4002075195312,69.56244292237443,581
