Measure,Output Type,Training RMSE,Testing RMSE,Training R2,Testing R2
2022_1_8,electricity,4.296737300623532,4.785819472021293,0.9860582249345465,0.9597400573949959
