,state,county,gisjoin,year range,avg temp,max temp,min temp,hdd,cdd,avg rh,average dp,max dp,min dp,avg wind speed,max wind speed,avg ghr,max ghr,avg dnr,max dnr,avg dhr,max dhr
0,UT,Daggett County,G4900090,1980-1999,6.764876977012271,31.684616088867188,-25.68922996520996,4552.416808209412,342.0969048182103,42.226664851463006,-6.872138879167081,9.754519550543147,-28.60924787533398,3.8182635349770115,11.33216667175293,197.97785388127855,1041,225.93888836334077,1010.9755249023438,60.770776255707766,469
