,state,county,gisjoin,year range,avg temp,max temp,min temp,hdd,cdd,avg rh,average dp,max dp,min dp,avg wind speed,max wind speed,avg ghr,max ghr,avg dnr,max dnr,avg dhr,max dhr
0,UT,Daggett County,G4900090,2000-2019,8.019756543725268,32.84000015258789,-19.956153869628903,4221.48744946713,469.19858792624,44.18279734267492,-5.011881496077848,11.389363870836268,-22.848278305370325,3.798522841767089,8.342759132385254,197.97785388127855,1041,225.62053231756005,999.1055297851562,60.770776255707766,469
