,state,county,gisjoin,year range,avg temp,max temp,min temp,hdd,cdd,avg rh,average dp,max dp,min dp,avg wind speed,max wind speed,avg ghr,max ghr,avg dnr,max dnr,avg dhr,max dhr
0,AL,Butler County,G0100130,1980-1999,17.60754613939069,35.641876220703125,-8.498749732971191,1474.0791794076138,1221.3335202853755,69.38710418378926,11.15565497319758,24.439943887335097,-8.498750064510896,3.4159519570194967,9.55967617034912,192.75022831050228,1022,202.64368730497895,953.8482666015624,86.22203196347031,575
