,state,county,gisjoin,year range,avg temp,max temp,min temp,hdd,cdd,avg rh,average dp,max dp,min dp,avg wind speed,max wind speed,avg ghr,max ghr,avg dnr,max dnr,avg dhr,max dhr
0,IL,Vermilion County,G1701830,2000-2019,11.764956703600655,33.858665466308594,-20.62800025939941,3112.4538213333813,727.163018147191,69.134767520591,5.609491283999685,23.282531230403062,-20.62800330373244,4.193024596435839,10.159612655639648,155.4920091324201,961,180.78808316779853,935.7489624023438,74.34189497716895,616
