,state,county,gisjoin,year range,avg temp,max temp,min temp,hdd,cdd,avg rh,average dp,max dp,min dp,avg wind speed,max wind speed,avg ghr,max ghr,avg dnr,max dnr,avg dhr,max dhr
0,IL,Vermilion County,G1701830,2020-2039,12.467963985965792,40.36427688598633,-24.954639434814453,3030.9726151374957,902.2794700146269,69.34247574153012,6.304021202741514,24.94098010149754,-24.954639694549623,4.062059955373747,9.39661979675293,155.4920091324201,961,181.4669839157482,929.4701538085938,74.34189497716895,616
