,state,county,gisjoin,year range,avg temp,max temp,min temp,hdd,cdd,avg rh,average dp,max dp,min dp,avg wind speed,max wind speed,avg ghr,max ghr,avg dnr,max dnr,avg dhr,max dhr
0,NC,Anson County,G3700070,2020-2039,17.78888821695203,39.04896545410156,-8.648377418518066,1547.7141355445128,1361.158334732144,67.61040148495539,10.911765571824233,23.398829064268316,-8.648377507547645,3.5454376648550165,8.928340911865234,194.97271689497717,1018,193.0734369854961,929.2344970703124,69.0123287671233,628
