,state,county,gisjoin,year range,avg temp,max temp,min temp,hdd,cdd,avg rh,average dp,max dp,min dp,avg wind speed,max wind speed,avg ghr,max ghr,avg dnr,max dnr,avg dhr,max dhr
0,TX,Potter County,G4803750,2000-2019,14.360123003858963,40.67749786376953,-15.07900047302246,2443.778051252812,1005.7229476611416,51.67140843356581,3.0708818058590683,20.033512468980916,-18.146320527430067,4.4213559771237305,8.850293159484863,210.44908675799087,1029,222.30692462258972,989.2352294921876,64.29383561643836,496
