,state,county,gisjoin,year range,avg temp,max temp,min temp,hdd,cdd,avg rh,average dp,max dp,min dp,avg wind speed,max wind speed,avg ghr,max ghr,avg dnr,max dnr,avg dhr,max dhr
0,TX,Potter County,G4803750,2040-2059,16.728026520311815,40.41757583618164,-9.705303192138672,1949.831908341809,1376.061588255637,49.747627525895695,4.715658636270169,20.53883378158533,-16.633324566364827,4.40646763218048,9.178088188171388,210.44908675799087,1029,220.9036562820477,1006.6947021484376,64.29383561643836,496
