,state,county,gisjoin,year range,avg temp,max temp,min temp,hdd,cdd,avg rh,average dp,max dp,min dp,avg wind speed,max wind speed,avg ghr,max ghr,avg dnr,max dnr,avg dhr,max dhr
0,WI,Shawano County,G5501150,2000-2019,6.983109569469133,33.39214324951172,-33.05714416503906,4557.665204109949,427.00019696554386,66.15907764761415,0.27436501109190103,22.22762734901128,-33.05714698999697,4.236277376775328,9.791380882263184,151.376598173516,953,174.80222364587522,920.1862182617188,68.11780821917809,586
