,state,county,gisjoin,year range,avg temp,max temp,min temp,hdd,cdd,avg rh,average dp,max dp,min dp,avg wind speed,max wind speed,avg ghr,max ghr,avg dnr,max dnr,avg dhr,max dhr
0,NC,Stokes County,G3701690,1980-1999,13.122448930786854,33.70933151245117,-17.32933235168457,2583.832040579374,694.0259003162778,68.37416179060392,6.600675496205894,20.97925048153539,-17.329334015181953,3.9014742113139533,9.765740394592283,174.61712328767123,994,196.05819326164166,949.2554321289062,75.29611872146118,656
