,state,county,gisjoin,year range,avg temp,max temp,min temp,hdd,cdd,avg rh,average dp,max dp,min dp,avg wind speed,max wind speed,avg ghr,max ghr,avg dnr,max dnr,avg dhr,max dhr
0,WA,Kitsap County,G5300350,1980-1999,10.55485341552763,30.574615478515625,-7.325029373168945,2988.1130008006203,161.1344974676737,71.30320223346693,4.937950478830518,11.610169512040413,-10.716270550390496,3.5561223278306935,9.251680374145508,139.53470319634704,938,156.07172871727593,866.0493774414062,68.30331050228311,463
