,state,county,gisjoin,year range,avg temp,max temp,min temp,hdd,cdd,avg rh,average dp,max dp,min dp,avg wind speed,max wind speed,avg ghr,max ghr,avg dnr,max dnr,avg dhr,max dhr
0,WA,Kitsap County,G5300350,2020-2039,11.38440428164497,31.66549491882324,-6.9438252449035645,2767.10878400436,242.9163468042948,69.86851213903732,5.374782779925126,13.120543659418884,-6.943825870321072,3.5766499391973836,11.01255226135254,139.53470319634704,938,155.0210078249785,863.2615356445312,68.30331050228311,463
