,state,county,gisjoin,year range,avg temp,max temp,min temp,hdd,cdd,avg rh,average dp,max dp,min dp,avg wind speed,max wind speed,avg ghr,max ghr,avg dnr,max dnr,avg dhr,max dhr
0,VA,Clarke County,G5100430,2020-2039,13.801400745004818,35.57281494140625,-14.86660861968994,2493.244379245573,851.2556511720553,67.66153784821567,7.128430104517838,22.70223165192336,-14.976131254529546,3.8807001081231522,9.22034740447998,172.51221461187214,1037,184.7053376394407,946.123291015625,71.6533105022831,619
