,state,county,gisjoin,year range,avg temp,max temp,min temp,hdd,cdd,avg rh,average dp,max dp,min dp,avg wind speed,max wind speed,avg ghr,max ghr,avg dnr,max dnr,avg dhr,max dhr
0,VA,Clarke County,G5100430,2040-2059,14.748646454194462,37.36992263793945,-12.169140815734863,2345.163890754001,1048.919846534792,68.30053705603021,8.206728470982014,24.341034298293152,-12.16914179628867,3.891019928618653,8.997050285339355,172.51221461187214,1037,181.00222043808722,922.5031127929688,71.6533105022831,619
