,state,county,gisjoin,year range,avg temp,max temp,min temp,hdd,cdd,avg rh,average dp,max dp,min dp,avg wind speed,max wind speed,avg ghr,max ghr,avg dnr,max dnr,avg dhr,max dhr
0,MD,Talbot County,G2400410,2020-2039,15.085354248643773,34.90530776977539,-11.226556777954102,2167.3525576099623,994.006858364805,71.18703071886002,9.349073064933172,24.558242193412745,-11.635230240542793,3.1315953181214526,8.120988845825195,173.77739726027397,973,178.06470856448766,910.2049560546876,72.64577625570776,493
