,state,county,gisjoin,year range,avg temp,max temp,min temp,hdd,cdd,avg rh,average dp,max dp,min dp,avg wind speed,max wind speed,avg ghr,max ghr,avg dnr,max dnr,avg dhr,max dhr
0,NC,Franklin County,G3700690,1980-1999,14.387061025576026,37.536251068115234,-11.731249809265137,2278.837690324981,850.614964660063,68.49973554284605,7.875152761227428,22.843580428777543,-11.731250337790806,3.9349102167234027,12.99644660949707,181.42796803652968,1003,193.78817602457715,944.2984008789062,80.32111872146119,635
