,state,county,gisjoin,year range,avg temp,max temp,min temp,hdd,cdd,avg rh,average dp,max dp,min dp,avg wind speed,max wind speed,avg ghr,max ghr,avg dnr,max dnr,avg dhr,max dhr
0,WI,Racine County,G5501010,2040-2059,11.504621728295266,37.14607620239258,-19.405536651611328,3238.6440342784063,758.330965105732,70.86016631191724,5.842228863783024,24.218472996385923,-19.40553756830591,4.779898701628594,10.898844718933104,160.59737442922375,971,169.65672484547224,880.65380859375,73.15205479452055,481
