,state,county,gisjoin,year range,avg temp,max temp,min temp,hdd,cdd,avg rh,average dp,max dp,min dp,avg wind speed,max wind speed,avg ghr,max ghr,avg dnr,max dnr,avg dhr,max dhr
0,OH,Hamilton County,G3900610,1980-1999,11.67724613538457,34.834999084472656,-25.76625061035156,3115.5968732347487,698.291712649701,68.65947347188104,5.3174073789733916,21.250363181881617,-25.76625134776257,4.1050722366326475,9.32252311706543,154.52865296803654,985,184.42423750645165,920.53173828125,75.48207762557078,596
