,state,county,gisjoin,year range,avg temp,max temp,min temp,hdd,cdd,avg rh,average dp,max dp,min dp,avg wind speed,max wind speed,avg ghr,max ghr,avg dnr,max dnr,avg dhr,max dhr
0,OH,Hamilton County,G3900610,2020-2039,13.731823560824582,39.8285026550293,-12.07979965209961,2603.1511908165417,935.7667905172275,70.43727889561762,7.757631810539722,24.693135828293084,-12.665547525764506,3.9524242178898423,9.982428550720217,154.52865296803654,985,181.07274701910055,935.8822021484376,75.48207762557078,596
