,state,county,gisjoin,year range,avg temp,max temp,min temp,hdd,cdd,avg rh,average dp,max dp,min dp,avg wind speed,max wind speed,avg ghr,max ghr,avg dnr,max dnr,avg dhr,max dhr
0,IL,Ford County,G1700530,2080-2099,15.710979653642934,41.13277816772461,-17.875913619995117,2360.4501726243266,1415.4577462037794,69.71884245720084,9.462689312922468,27.72854413210593,-17.875914390189653,4.212607322599245,10.105207443237305,155.4920091324201,961,175.31935649386196,881.1565551757812,74.29452054794521,616
