,state,county,gisjoin,year range,avg temp,max temp,min temp,hdd,cdd,avg rh,average dp,max dp,min dp,avg wind speed,max wind speed,avg ghr,max ghr,avg dnr,max dnr,avg dhr,max dhr
0,NC,Pamlico County,G3701370,2000-2019,17.981800073856576,35.760623931884766,-7.585624694824219,1406.5491055495895,1290.4061325074108,72.76683174573124,12.502267950934419,25.569458087676345,-7.585624815264132,4.176204527894112,9.536712646484377,176.5175799086758,1017,181.92528317287756,930.3411865234376,79.22283105022831,639
