,state,county,gisjoin,year range,avg temp,max temp,min temp,hdd,cdd,avg rh,average dp,max dp,min dp,avg wind speed,max wind speed,avg ghr,max ghr,avg dnr,max dnr,avg dhr,max dhr
0,NC,Pamlico County,G3701370,2020-2039,18.21427112560222,35.31428909301758,-8.126883506774902,1377.0871343038232,1345.796095148812,71.88812387109347,12.48708409840703,26.701425246789235,-9.857020299928836,4.1635571626767724,9.562627792358398,176.5175799086758,1017,184.29935331597957,935.9522705078124,79.22283105022831,639
