,state,county,gisjoin,year range,avg temp,max temp,min temp,hdd,cdd,avg rh,average dp,max dp,min dp,avg wind speed,max wind speed,avg ghr,max ghr,avg dnr,max dnr,avg dhr,max dhr
0,NC,Pamlico County,G3701370,2040-2059,19.31425970867861,37.55901336669922,-6.860176086425781,1228.8246568282607,1599.0294504959677,72.75359183098084,13.796284660519131,26.80152106181328,-6.860176147762665,4.14417756289652,9.844123840332031,176.5175799086758,1017,180.3134963243969,913.0586547851562,79.22283105022831,639
