,state,county,gisjoin,year range,avg temp,max temp,min temp,hdd,cdd,avg rh,average dp,max dp,min dp,avg wind speed,max wind speed,avg ghr,max ghr,avg dnr,max dnr,avg dhr,max dhr
0,FL,Sumter County,G1201190,2040-2059,23.42774869338758,37.589622497558594,-2.8774664402008057,467.23075328198485,2338.859026368183,68.94410140547033,16.750028005643614,27.14480495639276,-2.8774667667704312,3.4246206851854715,8.11467456817627,207.5562785388128,1024,198.1449889136036,933.159912109375,77.47454337899543,618
