,state,county,gisjoin,year range,avg temp,max temp,min temp,hdd,cdd,avg rh,average dp,max dp,min dp,avg wind speed,max wind speed,avg ghr,max ghr,avg dnr,max dnr,avg dhr,max dhr
0,NM,Catron County,G3500030,2040-2059,11.43056118247684,34.178104400634766,-17.707738876342773,3078.259115676659,570.9139472802755,42.6048386784449,-3.034224384753578,12.825301983538209,-18.389140161518508,3.7775081918664175,9.339920043945312,240.72979452054796,1069,250.48173068225412,1067.0916748046875,55.87260273972603,462
