,state,county,gisjoin,year range,avg temp,max temp,min temp,hdd,cdd,avg rh,average dp,max dp,min dp,avg wind speed,max wind speed,avg ghr,max ghr,avg dnr,max dnr,avg dhr,max dhr
0,NM,Catron County,G3500030,2060-2079,12.00583955691988,35.37120056152344,-14.906492233276367,2915.3056592582107,617.9370975335752,43.51837421998586,-2.238101677472343,13.942860948205482,-15.694137344180712,3.8037210647373985,9.066880226135254,240.72979452054796,1069,247.39256907218592,1064.54541015625,55.87260273972603,462
