,state,county,gisjoin,year range,avg temp,max temp,min temp,hdd,cdd,avg rh,average dp,max dp,min dp,avg wind speed,max wind speed,avg ghr,max ghr,avg dnr,max dnr,avg dhr,max dhr
0,IN,Orange County,G1801170,1980-1999,12.069676660701736,34.595001220703125,-22.636249542236328,2984.3883077567366,710.3202889124924,69.03041644793123,5.7934202084969595,21.66428492449437,-22.788194665153327,4.375861564319428,9.581130981445312,175.93367579908676,994,189.46658214773285,939.4949340820312,72.70422374429224,623
