,state,county,gisjoin,year range,avg temp,max temp,min temp,hdd,cdd,avg rh,average dp,max dp,min dp,avg wind speed,max wind speed,avg ghr,max ghr,avg dnr,max dnr,avg dhr,max dhr
0,MI,Oscoda County,G2601350,1980-1999,5.602303040162327,33.91866683959961,-29.170000076293945,4907.426397310916,272.76700696944505,65.2265653529668,-1.2982547539415807,18.51947007146792,-29.170001307201957,4.6583575176049585,10.266125679016112,146.93812785388127,936,180.16131114552667,948.0359497070312,69.96689497716895,489
