,state,county,gisjoin,year range,avg temp,max temp,min temp,hdd,cdd,avg rh,average dp,max dp,min dp,avg wind speed,max wind speed,avg ghr,max ghr,avg dnr,max dnr,avg dhr,max dhr
0,MI,Oscoda County,G2601350,2000-2019,6.882082835403677,33.95600128173828,-27.32266616821289,4562.575636218486,395.0358711401646,65.656295917241,-0.017221099348996145,21.26237951156201,-27.32266834627063,4.662447715241071,9.41415786743164,146.93812785388127,936,179.66631153477798,931.3013305664062,69.96689497716895,489
