,state,county,gisjoin,year range,avg temp,max temp,min temp,hdd,cdd,avg rh,average dp,max dp,min dp,avg wind speed,max wind speed,avg ghr,max ghr,avg dnr,max dnr,avg dhr,max dhr
0,MI,Oscoda County,G2601350,2020-2039,7.665542518164533,33.81973648071289,-31.53705596923828,4277.666315247246,396.08933437665564,67.55356719199925,1.1838326497671583,21.0855078662324,-31.5370561325334,4.727051465614745,11.03762435913086,146.93812785388127,936,176.8164939016611,917.1681518554688,69.96689497716895,489
