,state,county,gisjoin,year range,avg temp,max temp,min temp,hdd,cdd,avg rh,average dp,max dp,min dp,avg wind speed,max wind speed,avg ghr,max ghr,avg dnr,max dnr,avg dhr,max dhr
0,VA,Halifax County,G5100830,2020-2039,15.32967755468727,40.03568649291992,-11.601363182067873,2103.845582108874,1019.6778895696633,67.28452374249288,8.417878440525945,23.708962722896644,-11.601364449061665,3.6463359653133236,8.022499084472656,163.42043378995433,991,191.36855245446344,946.0446166992188,76.73219178082192,633
