,state,county,gisjoin,year range,avg temp,max temp,min temp,hdd,cdd,avg rh,average dp,max dp,min dp,avg wind speed,max wind speed,avg ghr,max ghr,avg dnr,max dnr,avg dhr,max dhr
0,NY,Delaware County,G3600250,2020-2039,8.433514887555946,32.89679718017578,-26.294166564941406,3969.65761772105,368.39055167833726,69.42578691227796,2.3564507376873927,20.910162358908696,-26.294166632752,5.208467205909834,13.674185752868652,151.28367579908675,961,178.33585934805652,937.60107421875,69.67340182648402,543
