,state,county,gisjoin,year range,avg temp,max temp,min temp,hdd,cdd,avg rh,average dp,max dp,min dp,avg wind speed,max wind speed,avg ghr,max ghr,avg dnr,max dnr,avg dhr,max dhr
0,MS,Lee County,G2800810,2000-2019,16.985677098599105,37.989376068115234,-14.44937515258789,1769.8020044714885,1290.0741454602105,70.07906383118129,10.764462225415354,23.98613734001694,-14.449375613357846,3.6618066050282354,9.50134563446045,181.76803652968036,1007,192.6703490839221,956.7076416015624,74.27260273972603,558
