,state,county,gisjoin,year range,avg temp,max temp,min temp,hdd,cdd,avg rh,average dp,max dp,min dp,avg wind speed,max wind speed,avg ghr,max ghr,avg dnr,max dnr,avg dhr,max dhr
0,MS,Lee County,G2800810,2020-2039,17.862254778264287,37.40182876586914,-13.09714412689209,1560.3233397233334,1400.5463337898698,69.59859475893516,11.469239644876437,24.34737954830713,-13.097144806503348,3.650044866811195,8.866257667541504,181.76803652968036,1007,192.973435918964,958.8603515625,74.27260273972603,558
