,state,county,gisjoin,year range,avg temp,max temp,min temp,hdd,cdd,avg rh,average dp,max dp,min dp,avg wind speed,max wind speed,avg ghr,max ghr,avg dnr,max dnr,avg dhr,max dhr
0,MS,Lee County,G2800810,2040-2059,18.926792147055856,39.436668395996094,-11.270047187805176,1458.0100478907837,1686.789181566159,70.87066244077465,12.826113776442226,26.76459391321692,-11.366152395799528,3.664450134479836,9.699328422546388,181.76803652968036,1007,189.09688887047858,926.5699462890624,74.27260273972603,558
