,state,county,gisjoin,year range,avg temp,max temp,min temp,hdd,cdd,avg rh,average dp,max dp,min dp,avg wind speed,max wind speed,avg ghr,max ghr,avg dnr,max dnr,avg dhr,max dhr
0,MS,Lee County,G2800810,2080-2099,21.14018800702503,42.36444854736328,-8.633524894714355,1142.898902234502,2179.567524798513,70.23475753117914,14.811423172168173,29.494613744650664,-8.63352502692591,3.5014096029272905,9.335445404052734,181.76803652968036,1007,183.958773584095,945.3566284179688,74.27260273972603,558
