,state,county,gisjoin,year range,avg temp,max temp,min temp,hdd,cdd,avg rh,average dp,max dp,min dp,avg wind speed,max wind speed,avg ghr,max ghr,avg dnr,max dnr,avg dhr,max dhr
0,OK,Jackson County,G4000650,2020-2039,17.917065110663152,41.521705627441406,-16.859146118164062,1780.1136760237384,1640.3424414157216,59.31928797432277,8.830559789978857,24.81789386822081,-16.859146392902616,4.1197204245279915,7.578810214996338,203.4216894977169,1028,205.42145888651828,953.9612426757812,69.5939497716895,593
