,state,county,gisjoin,year range,avg temp,max temp,min temp,hdd,cdd,avg rh,average dp,max dp,min dp,avg wind speed,max wind speed,avg ghr,max ghr,avg dnr,max dnr,avg dhr,max dhr
0,VA,Winchester city,G5108400,2000-2019,12.811988932361452,35.22666549682617,-14.600666999816896,2769.004711030686,765.8806713422555,67.18500791227436,6.060827991349954,22.6169603910319,-14.600668035386922,3.7650500343270497,9.089869499206545,172.51221461187214,1037,185.3965425497905,954.009765625,71.65308219178083,619
