,state,county,gisjoin,year range,avg temp,max temp,min temp,hdd,cdd,avg rh,average dp,max dp,min dp,avg wind speed,max wind speed,avg ghr,max ghr,avg dnr,max dnr,avg dhr,max dhr
0,IA,Crawford County,G1900470,2020-2039,10.555925421197829,36.209716796875,-28.84844017028809,3560.4094423675997,733.8222211043429,65.5755761809545,3.5334493177900272,23.4021672843462,-28.84844220330528,4.471843069873444,10.844303131103516,159.56952054794522,966,179.7223551482113,929.1842041015624,65.92465753424658,469
