,state,county,gisjoin,year range,avg temp,max temp,min temp,hdd,cdd,avg rh,average dp,max dp,min dp,avg wind speed,max wind speed,avg ghr,max ghr,avg dnr,max dnr,avg dhr,max dhr
0,IA,Crawford County,G1900470,2080-2099,14.446919256341513,40.6615104675293,-19.323122024536133,2742.9200861550767,1336.5456147194627,65.5289103819355,7.290743921148692,27.714316518259118,-19.32312216884549,4.366272295011233,9.66839599609375,159.56952054794522,966,172.31378304692092,909.2910766601562,65.92465753424658,469
