,state,county,gisjoin,year range,avg temp,max temp,min temp,hdd,cdd,avg rh,average dp,max dp,min dp,avg wind speed,max wind speed,avg ghr,max ghr,avg dnr,max dnr,avg dhr,max dhr
0,WV,Berkeley County,G5400030,1980-1999,11.385004012650274,35.29199981689453,-19.149333953857425,3119.110969277597,595.1374338945028,67.59478449930339,4.814205208682677,23.14047390523344,-19.149335947156004,3.5488456412537457,9.297470092773438,154.7043378995434,969,185.4131158477004,916.885986328125,75.33082191780822,582
