,state,county,gisjoin,year range,avg temp,max temp,min temp,hdd,cdd,avg rh,average dp,max dp,min dp,avg wind speed,max wind speed,avg ghr,max ghr,avg dnr,max dnr,avg dhr,max dhr
0,VT,Bennington County,G5000030,2000-2019,7.533156012636266,31.6778564453125,-29.75,4241.108940642959,311.2108852545338,69.76151200451262,1.6243275508272967,19.994931940388582,-29.749999998337447,3.535622927206292,7.645424365997314,145.3093607305936,967,181.77625418275102,930.093505859375,69.2236301369863,438
