,state,county,gisjoin,year range,avg temp,max temp,min temp,hdd,cdd,avg rh,average dp,max dp,min dp,avg wind speed,max wind speed,avg ghr,max ghr,avg dnr,max dnr,avg dhr,max dhr
0,VT,Bennington County,G5000030,2040-2059,9.454920220122059,35.38045883178711,-20.34750366210937,3733.5586216822535,505.10450202625856,70.27380056250585,3.5894030044962077,22.32220497654182,-20.347505623363087,4.044498725310309,12.001855850219728,145.3093607305936,967,177.43788099046503,922.9205932617188,69.2236301369863,438
