,state,county,gisjoin,year range,avg temp,max temp,min temp,hdd,cdd,avg rh,average dp,max dp,min dp,avg wind speed,max wind speed,avg ghr,max ghr,avg dnr,max dnr,avg dhr,max dhr
0,NY,Oswego County,G3600750,2060-2079,11.601608203954411,34.21242141723633,-18.613264083862305,3135.338006924036,690.425001366969,72.54797433674608,6.254368851693158,24.115387239998785,-18.61326553275103,4.381629067904329,10.84266185760498,155.7310502283105,972,164.09518200247808,881.4124755859375,74.64132420091325,505
