,state,county,gisjoin,year range,avg temp,max temp,min temp,hdd,cdd,avg rh,average dp,max dp,min dp,avg wind speed,max wind speed,avg ghr,max ghr,avg dnr,max dnr,avg dhr,max dhr
0,NY,Oswego County,G3600750,2080-2099,13.786026765963145,36.60149383544922,-18.59990692138672,2626.9172978880174,979.317067464253,73.03028615359302,8.465466387695729,26.98605836776578,-18.599908922037315,4.170294736182853,10.565988540649414,155.7310502283105,972,160.05778004993,876.8812255859375,74.64132420091325,505
