,state,county,gisjoin,year range,avg temp,max temp,min temp,hdd,cdd,avg rh,average dp,max dp,min dp,avg wind speed,max wind speed,avg ghr,max ghr,avg dnr,max dnr,avg dhr,max dhr
0,TX,Titus County,G4804490,2020-2039,19.063799953294176,38.48179244995117,-8.877694129943848,1358.7962933511433,1637.5832763035357,67.92357735241929,12.2331277673103,25.052845591254176,-8.877694404203712,4.004001917904371,9.07006549835205,193.21518264840182,1005,200.10605223124412,939.866943359375,70.93390410958904,605
