,state,county,gisjoin,year range,avg temp,max temp,min temp,hdd,cdd,avg rh,average dp,max dp,min dp,avg wind speed,max wind speed,avg ghr,max ghr,avg dnr,max dnr,avg dhr,max dhr
0,MO,Cass County,G2900370,2020-2039,14.139584029215808,41.17636489868164,-23.65812492370605,2601.90630307046,1083.3544737339616,68.40904941166917,7.698604863725416,25.160436533919825,-23.658126523630106,4.145938348933442,9.896357536315918,177.62157534246575,976,185.57246454666824,913.6991577148438,65.10958904109589,608
