,state,county,gisjoin,year range,avg temp,max temp,min temp,hdd,cdd,avg rh,average dp,max dp,min dp,avg wind speed,max wind speed,avg ghr,max ghr,avg dnr,max dnr,avg dhr,max dhr
0,MO,Cass County,G2900370,2060-2079,16.14817152068826,39.07603073120117,-17.64349937438965,2195.9198367366257,1410.5024417877582,69.08643292335614,9.792850063488073,26.60588318633504,-18.04815963366474,4.183385346033802,9.35212516784668,177.62157534246575,976,180.36275417073594,910.8659057617188,65.10958904109589,608
