,state,county,gisjoin,year range,avg temp,max temp,min temp,hdd,cdd,avg rh,average dp,max dp,min dp,avg wind speed,max wind speed,avg ghr,max ghr,avg dnr,max dnr,avg dhr,max dhr
0,MO,Cass County,G2900370,2080-2099,17.99001082516215,45.25271987915039,-19.04186248779297,1911.4390685715532,1798.2930197555754,69.84717098719453,11.690867108666811,29.41085000050748,-19.21918183940576,4.201726137122063,10.375642776489258,177.62157534246575,976,177.75694652941857,897.3890991210938,65.10958904109589,608
