,state,county,gisjoin,year range,avg temp,max temp,min temp,hdd,cdd,avg rh,average dp,max dp,min dp,avg wind speed,max wind speed,avg ghr,max ghr,avg dnr,max dnr,avg dhr,max dhr
0,NV,White Pine County,G3200330,1980-1999,7.43385023497676,33.592498779296875,-22.913124084472656,4329.845352945929,363.70068871180115,43.450723584384136,-5.915562476392303,8.334664465466181,-24.97296928745893,4.838671740032222,12.420727729797363,203.53892694063927,1054,232.46776190134347,1029.0772705078125,61.886986301369866,489
