,state,county,gisjoin,year range,avg temp,max temp,min temp,hdd,cdd,avg rh,average dp,max dp,min dp,avg wind speed,max wind speed,avg ghr,max ghr,avg dnr,max dnr,avg dhr,max dhr
0,IL,Alexander County,G1700030,2040-2059,16.75767077471719,41.753211975097656,-10.185935974121094,1952.9776263887882,1390.0274591605312,70.47450054355953,10.746715800141263,26.01517114058908,-10.906966107160724,3.5751229120443946,9.484930038452148,169.3714611872146,996,183.7952048259049,908.5079956054688,70.02853881278538,612
