,state,county,gisjoin,year range,avg temp,max temp,min temp,hdd,cdd,avg rh,average dp,max dp,min dp,avg wind speed,max wind speed,avg ghr,max ghr,avg dnr,max dnr,avg dhr,max dhr
0,WV,Jefferson County,G5400370,1980-1999,11.455078361065024,36.78533554077149,-19.30066680908203,3123.677063053081,625.2806648413645,68.0451013902551,5.012272465280852,21.915334063486707,-19.30066765227592,3.6601607342288918,9.197386741638184,154.7043378995434,969,186.1374889080157,935.1903076171876,75.3310502283105,582
