,state,county,gisjoin,year range,avg temp,max temp,min temp,hdd,cdd,avg rh,average dp,max dp,min dp,avg wind speed,max wind speed,avg ghr,max ghr,avg dnr,max dnr,avg dhr,max dhr
0,WV,Jefferson County,G5400370,2060-2079,15.207525185412901,38.98330307006836,-11.790675163269045,2251.4293809551523,1122.6760736307194,70.03062362300751,9.077359321124094,24.616065601507767,-11.790676119843567,3.8240864910491523,10.181471824645996,154.7043378995434,969,179.6019180060969,914.0228881835938,75.3310502283105,582
