,state,county,gisjoin,year range,avg temp,max temp,min temp,hdd,cdd,avg rh,average dp,max dp,min dp,avg wind speed,max wind speed,avg ghr,max ghr,avg dnr,max dnr,avg dhr,max dhr
0,KS,Smith County,G2001830,2040-2059,14.242551271463162,41.62895584106445,-18.9253044128418,2748.835132847733,1267.8663469315272,59.4439486202584,5.142573834657753,24.322054653451744,-21.52445929245596,4.2192196926842,10.018966674804688,167.76495433789955,1001,194.2399428605962,940.748779296875,60.294292237442924,592
