,state,county,gisjoin,year range,avg temp,max temp,min temp,hdd,cdd,avg rh,average dp,max dp,min dp,avg wind speed,max wind speed,avg ghr,max ghr,avg dnr,max dnr,avg dhr,max dhr
0,KY,Boyd County,G2100190,2020-2039,13.619831314731426,37.04850006103516,-16.36372184753418,2562.155702864652,853.8941327413439,68.67469461519424,7.160519164847884,23.145564101525075,-18.3409601270547,3.8056234700222538,9.619712829589844,165.1150684931507,991,184.1258803807455,933.6187133789062,80.55936073059361,679
