,state,county,gisjoin,year range,avg temp,max temp,min temp,hdd,cdd,avg rh,average dp,max dp,min dp,avg wind speed,max wind speed,avg ghr,max ghr,avg dnr,max dnr,avg dhr,max dhr
0,KY,Boyd County,G2100190,2040-2059,15.064769570394812,37.28323745727539,-13.01377296447754,2286.5841552845573,1105.725048478514,68.61632068734191,8.478914776459586,24.721406048395195,-13.0400053440451,3.6956232786722922,8.847198486328125,165.1150684931507,991,180.60764717892425,939.5136108398438,80.55936073059361,679
