,state,county,gisjoin,year range,avg temp,max temp,min temp,hdd,cdd,avg rh,average dp,max dp,min dp,avg wind speed,max wind speed,avg ghr,max ghr,avg dnr,max dnr,avg dhr,max dhr
0,KY,Boyd County,G2100190,2060-2079,15.395922028187188,38.495487213134766,-9.235427856445312,2189.8002346491407,1129.811774937381,69.21654082912288,8.97088754757388,24.45151357904569,-9.235428117701725,3.829469514505504,8.561603546142578,165.1150684931507,991,180.27244505681927,928.5557250976562,80.55936073059361,679
