,state,county,gisjoin,year range,avg temp,max temp,min temp,hdd,cdd,avg rh,average dp,max dp,min dp,avg wind speed,max wind speed,avg ghr,max ghr,avg dnr,max dnr,avg dhr,max dhr
0,KY,Boyd County,G2100190,2080-2099,17.007113142358406,39.34856414794922,-12.780202865600586,1971.931495588398,1500.0277925491266,70.06525199924974,10.72740899355416,27.02417174401803,-12.780203305242324,3.757143450436527,8.84227466583252,165.1150684931507,991,177.77477195967356,949.6475830078124,80.55936073059361,679
