,state,county,gisjoin,year range,avg temp,max temp,min temp,hdd,cdd,avg rh,average dp,max dp,min dp,avg wind speed,max wind speed,avg ghr,max ghr,avg dnr,max dnr,avg dhr,max dhr
0,KS,Ford County,G2000570,2020-2039,14.096517402633305,41.959693908691406,-23.01740455627441,2688.8411850703387,1154.5700370312366,56.863350183016635,4.414755858136712,23.26245683850001,-23.017406555255786,4.711505390329448,10.33549690246582,202.22785388127855,1036,204.7300715199268,942.0382080078124,69.20673515981736,554
