,state,county,gisjoin,year range,avg temp,max temp,min temp,hdd,cdd,avg rh,average dp,max dp,min dp,avg wind speed,max wind speed,avg ghr,max ghr,avg dnr,max dnr,avg dhr,max dhr
0,TX,Travis County,G4804530,1980-1999,19.532691961748313,38.32749938964844,-5.041500091552734,1200.6168420797144,1650.5494081178585,64.63431033783307,11.849546637721971,24.251212627663715,-5.187479466409283,4.249058349219632,8.34749984741211,202.53150684931506,1072,206.69582949557963,985.3258666992188,78.67134703196346,519
