,state,county,gisjoin,year range,avg temp,max temp,min temp,hdd,cdd,avg rh,average dp,max dp,min dp,avg wind speed,max wind speed,avg ghr,max ghr,avg dnr,max dnr,avg dhr,max dhr
0,IN,Vanderburgh County,G1801630,2000-2019,14.794063734705984,34.967498779296875,-15.343124389648438,2343.555346893561,1063.8886100610723,70.41040594784637,8.800950404578847,24.581006886799624,-15.866323404487169,3.719529323844605,9.245272636413574,176.53789954337898,1021,184.715099482,916.83251953125,72.31506849315069,605
