,state,county,gisjoin,year range,avg temp,max temp,min temp,hdd,cdd,avg rh,average dp,max dp,min dp,avg wind speed,max wind speed,avg ghr,max ghr,avg dnr,max dnr,avg dhr,max dhr
0,OK,Logan County,G4000830,2020-2039,17.347997206416885,42.94781494140625,-9.949151992797852,1878.5162575900752,1531.0352379321748,64.50231006613605,9.70558089357882,25.661853582809368,-9.949152640950546,4.021913910565311,8.478038787841797,184.8329908675799,1021,197.11500475598328,952.7564697265624,67.58892694063927,611
