,state,county,gisjoin,year range,avg temp,max temp,min temp,hdd,cdd,avg rh,average dp,max dp,min dp,avg wind speed,max wind speed,avg ghr,max ghr,avg dnr,max dnr,avg dhr,max dhr
0,KS,Bourbon County,G2000110,1980-1999,12.976385613581108,35.332000732421875,-18.748666763305664,2766.931119122774,823.811868079552,68.18425875798752,6.518824169011856,24.708848372464505,-18.748669190429595,4.28036723594143,9.550861358642578,173.68333333333334,972,188.10208662129244,956.2401123046876,68.73630136986301,579
