,state,county,gisjoin,year range,avg temp,max temp,min temp,hdd,cdd,avg rh,average dp,max dp,min dp,avg wind speed,max wind speed,avg ghr,max ghr,avg dnr,max dnr,avg dhr,max dhr
0,KS,Bourbon County,G2000110,2040-2059,16.26508835586529,40.37165069580078,-11.588298797607422,2181.227005121179,1438.484255011893,68.50486959453043,9.71915568661559,25.943197598196733,-11.588300187589706,4.182402237147501,10.754755020141602,173.68333333333334,972,184.71586534189177,912.4144897460938,68.73630136986301,579
