,state,county,gisjoin,year range,avg temp,max temp,min temp,hdd,cdd,avg rh,average dp,max dp,min dp,avg wind speed,max wind speed,avg ghr,max ghr,avg dnr,max dnr,avg dhr,max dhr
0,WI,Oconto County,G5500830,1980-1999,5.7525116055676255,30.43428611755371,-32.41285705566406,4859.714567247122,279.8813032785977,65.79985771963041,-0.991961009394813,20.570364926857646,-32.41285884849313,4.131649639508495,9.843329429626465,157.12865296803653,955,175.59081791872066,921.9541015625,71.03230593607306,543
