,state,county,gisjoin,year range,avg temp,max temp,min temp,hdd,cdd,avg rh,average dp,max dp,min dp,avg wind speed,max wind speed,avg ghr,max ghr,avg dnr,max dnr,avg dhr,max dhr
0,WI,Oconto County,G5500830,2060-2079,10.193731040507023,37.657657623291016,-25.14155387878418,3711.468574004355,752.6804037889201,68.31263172463196,3.8678751996500527,24.20322958540224,-25.14155579473968,4.170353432115355,9.941998481750488,157.12865296803653,955,169.86650431334775,915.2395629882812,71.03230593607306,543
