,state,county,gisjoin,year range,avg temp,max temp,min temp,hdd,cdd,avg rh,average dp,max dp,min dp,avg wind speed,max wind speed,avg ghr,max ghr,avg dnr,max dnr,avg dhr,max dhr
0,UT,Sanpete County,G4900390,1980-1999,8.502381513683073,34.27153778076172,-21.81999969482422,4029.5271763774485,453.39642887116514,47.31430846980717,-3.913294913088652,9.140656835271267,-22.44486206763869,3.566492830563898,9.163444519042969,197.80844748858448,1037,227.64524106667994,1016.367431640625,60.666324200913245,447
