,state,county,gisjoin,year range,avg temp,max temp,min temp,hdd,cdd,avg rh,average dp,max dp,min dp,avg wind speed,max wind speed,avg ghr,max ghr,avg dnr,max dnr,avg dhr,max dhr
0,UT,Sanpete County,G4900390,2040-2059,11.38187849582102,37.9590072631836,-19.34350204467773,3328.060723235534,802.9463742097605,50.151082248883704,-0.572129653480215,12.203568444917046,-19.34350282593224,3.528060519205381,8.861021041870117,197.80844748858448,1037,225.25210454913082,998.526611328125,60.666324200913245,447
