,state,county,gisjoin,year range,avg temp,max temp,min temp,hdd,cdd,avg rh,average dp,max dp,min dp,avg wind speed,max wind speed,avg ghr,max ghr,avg dnr,max dnr,avg dhr,max dhr
0,VA,Montgomery County,G5101210,2020-2039,12.923536057517671,33.2477912902832,-14.156508445739746,2604.7846674359394,642.3753284295767,67.70225832407877,6.311836602074249,20.650941394727976,-14.239843745220668,4.748458474629546,11.884303092956545,165.1747716894977,1001,190.75432552518782,964.5878295898438,76.48904109589041,650
