,state,county,gisjoin,year range,avg temp,max temp,min temp,hdd,cdd,avg rh,average dp,max dp,min dp,avg wind speed,max wind speed,avg ghr,max ghr,avg dnr,max dnr,avg dhr,max dhr
0,VA,Montgomery County,G5101210,2060-2079,14.204408798516823,34.95635986328125,-17.730182647705078,2350.657188513251,855.7663999716997,68.32132637881797,7.682536976460654,23.37808540439514,-17.730183016449775,5.065341183910631,17.708683013916016,165.1747716894977,1001,188.1648279138468,961.2994384765624,76.48904109589041,650
