,state,county,gisjoin,year range,avg temp,max temp,min temp,hdd,cdd,avg rh,average dp,max dp,min dp,avg wind speed,max wind speed,avg ghr,max ghr,avg dnr,max dnr,avg dhr,max dhr
0,VA,Montgomery County,G5101210,2080-2099,15.899028946115708,36.763465881347656,-10.460163116455078,1981.9706396925687,1105.6162050247895,68.6535804149767,9.408783535960392,23.94577383449561,-10.460164281385444,5.065072846086058,14.77090072631836,165.1747716894977,1001,186.30039257915104,963.0337524414062,76.48904109589041,650
