,state,county,gisjoin,year range,avg temp,max temp,min temp,hdd,cdd,avg rh,average dp,max dp,min dp,avg wind speed,max wind speed,avg ghr,max ghr,avg dnr,max dnr,avg dhr,max dhr
0,MS,Clay County,G2800250,2080-2099,21.599164376539704,42.098270416259766,-8.207740783691406,1032.7430099494673,2236.938007386304,71.27564529392818,15.478236111142726,29.012520080828192,-8.207741162571608,3.0575729317316727,8.479107856750488,189.47420091324202,1002,187.55701231437774,940.377197265625,73.99155251141552,623
