,state,county,gisjoin,year range,avg temp,max temp,min temp,hdd,cdd,avg rh,average dp,max dp,min dp,avg wind speed,max wind speed,avg ghr,max ghr,avg dnr,max dnr,avg dhr,max dhr
0,WI,Vernon County,G5501230,2000-2019,7.756282593297972,34.257999420166016,-27.57999992370605,4264.964544655399,416.5076912085296,69.46584667985297,1.8761705061451335,22.08376524763069,-27.58000146282801,4.190045849264485,9.461443901062012,160.9150684931507,964,177.1005689678362,903.8174438476562,71.25251141552512,497
