,state,county,gisjoin,year range,avg temp,max temp,min temp,hdd,cdd,avg rh,average dp,max dp,min dp,avg wind speed,max wind speed,avg ghr,max ghr,avg dnr,max dnr,avg dhr,max dhr
0,IA,Marshall County,G1901270,2080-2099,14.477722455190014,42.07036209106445,-17.888410568237305,2705.487488259086,1310.3561844031747,67.60690284112817,7.75883962070011,27.876132089484305,-18.768282297527087,4.051771959539962,9.475337028503418,144.1203196347032,973,171.25959589652007,950.7011108398438,68.28721461187214,630
