,state,county,gisjoin,year range,avg temp,max temp,min temp,hdd,cdd,avg rh,average dp,max dp,min dp,avg wind speed,max wind speed,avg ghr,max ghr,avg dnr,max dnr,avg dhr,max dhr
0,WY,Big Horn County,G5600030,2060-2079,10.408568574683331,39.72860336303711,-22.704864501953125,3670.70665868652,790.3341884454459,40.05846169746086,-4.2592668222711705,15.555818225852216,-24.904028524301346,2.564927948092761,6.7883124351501465,158.06038812785388,1008,203.8770474868559,949.64990234375,72.76712328767124,475
