,state,county,gisjoin,year range,avg temp,max temp,min temp,hdd,cdd,avg rh,average dp,max dp,min dp,avg wind speed,max wind speed,avg ghr,max ghr,avg dnr,max dnr,avg dhr,max dhr
0,LA,St. Mary Parish,G2201010,1980-1999,19.713802859868714,34.00333404541016,-2.035555601119995,981.3017196302636,1497.3397634824123,73.90045719821704,14.469709972600171,26.16368531646169,-2.035555794313243,3.258697422889814,7.361092567443848,191.8357305936073,989,191.4576873739367,893.8609008789062,78.23835616438356,609
