,state,county,gisjoin,year range,avg temp,max temp,min temp,hdd,cdd,avg rh,average dp,max dp,min dp,avg wind speed,max wind speed,avg ghr,max ghr,avg dnr,max dnr,avg dhr,max dhr
0,LA,St. Mary Parish,G2201010,2040-2059,22.1641712630427,35.96512985229492,-2.385301113128662,664.0628201114591,2074.485331121881,73.64078765416254,16.787038397139444,28.534688936575133,-2.3853012537023037,3.2459638798073547,7.429933547973633,191.8357305936073,989,184.56901787554014,900.7257690429688,78.23835616438356,609
