,state,county,gisjoin,year range,avg temp,max temp,min temp,hdd,cdd,avg rh,average dp,max dp,min dp,avg wind speed,max wind speed,avg ghr,max ghr,avg dnr,max dnr,avg dhr,max dhr
0,IA,Madison County,G1901210,2020-2039,11.561810278355384,39.01207733154297,-25.30698776245117,3282.4112009503556,822.9719525496636,67.91994484897073,5.111539430068786,25.453161229618992,-25.306990577380333,4.363075713588767,10.040311813354492,174.6994292237443,987,181.9557992608213,932.7901611328124,69.44383561643835,495
