,state,county,gisjoin,year range,avg temp,max temp,min temp,hdd,cdd,avg rh,average dp,max dp,min dp,avg wind speed,max wind speed,avg ghr,max ghr,avg dnr,max dnr,avg dhr,max dhr
0,IA,Madison County,G1901210,2060-2079,13.535035817009014,37.08446502685547,-20.140932083129883,2839.4428321182877,1100.230905326269,66.9930691801794,6.772588537041535,27.49511399347521,-21.304970161886907,4.404700305690504,10.284396171569824,174.6994292237443,987,177.25114719400324,926.5355834960938,69.44383561643835,495
