,state,county,gisjoin,year range,avg temp,max temp,min temp,hdd,cdd,avg rh,average dp,max dp,min dp,avg wind speed,max wind speed,avg ghr,max ghr,avg dnr,max dnr,avg dhr,max dhr
0,LA,Washington Parish,G2201170,1980-1999,18.5464443871761,35.43333435058594,-5.390555381774902,1288.1814781023782,1378.1336794218196,71.08584671717256,12.544113195886931,25.93840806341265,-5.390555501102603,3.616106383005778,8.558455467224121,182.13036529680366,1009,200.44693514222067,938.0695190429688,80.19748858447488,618
