,state,county,gisjoin,year range,avg temp,max temp,min temp,hdd,cdd,avg rh,average dp,max dp,min dp,avg wind speed,max wind speed,avg ghr,max ghr,avg dnr,max dnr,avg dhr,max dhr
0,SD,Miner County,G4600970,2040-2059,10.227139907004764,37.42878723144531,-23.34016227722168,3769.1018170156735,822.5078830719407,63.26029157997811,2.6940788457950027,25.2414173493367,-24.914522068418503,3.679523876391045,9.678617477416992,155.47716894977168,1000,179.32438093573876,892.6472778320312,64.0648401826484,526
