,state,county,gisjoin,year range,avg temp,max temp,min temp,hdd,cdd,avg rh,average dp,max dp,min dp,avg wind speed,max wind speed,avg ghr,max ghr,avg dnr,max dnr,avg dhr,max dhr
0,TN,Jefferson County,G4700890,2000-2019,14.919607709000976,35.0099983215332,-14.100555419921877,2170.578365003284,936.7351787885644,68.7320106623924,8.436641811471134,22.081428791668387,-14.100556983296372,3.5793878998930597,9.055083274841309,178.29326484018264,1001,191.6674991924587,945.1150512695312,79.80559360730594,584
