,state,county,gisjoin,year range,avg temp,max temp,min temp,hdd,cdd,avg rh,average dp,max dp,min dp,avg wind speed,max wind speed,avg ghr,max ghr,avg dnr,max dnr,avg dhr,max dhr
0,TN,Jefferson County,G4700890,2080-2099,18.491974613463086,37.87814712524414,-6.53737735748291,1511.3088431504366,1581.3795770644754,69.8781743374045,12.162853206259513,25.73670096337433,-6.537377760184346,3.645659800111975,10.057897567749023,178.29326484018264,1001,183.32775302149088,950.8043212890624,79.80559360730594,584
