,state,county,gisjoin,year range,avg temp,max temp,min temp,hdd,cdd,avg rh,average dp,max dp,min dp,avg wind speed,max wind speed,avg ghr,max ghr,avg dnr,max dnr,avg dhr,max dhr
0,NE,Garfield County,G3100710,2080-2099,14.47996738887203,40.457786560058594,-21.00931930541992,2663.114831048785,1268.8029279868492,60.04655937277563,5.631784267982205,24.807942569325945,-21.009321432053145,4.906499416425348,12.700387954711914,174.85970319634703,993,188.98974939290386,924.0359497070312,67.4708904109589,611
