,state,county,gisjoin,year range,avg temp,max temp,min temp,hdd,cdd,avg rh,average dp,max dp,min dp,avg wind speed,max wind speed,avg ghr,max ghr,avg dnr,max dnr,avg dhr,max dhr
0,OR,Multnomah County,G4100510,1980-1999,11.516034357798876,35.96615219116211,-9.93345069885254,2788.8537710112214,312.7063116073535,68.86241591466616,5.150612903920553,12.761854625008,-12.85057948708246,3.9864850387181323,11.099557876586914,146.7746575342466,1008,162.5732796742458,881.55615234375,70.48139269406393,509
