,state,county,gisjoin,year range,avg temp,max temp,min temp,hdd,cdd,avg rh,average dp,max dp,min dp,avg wind speed,max wind speed,avg ghr,max ghr,avg dnr,max dnr,avg dhr,max dhr
0,OR,Multnomah County,G4100510,2080-2099,15.319344256451293,40.56108474731445,-3.833659410476685,1826.799226540684,738.8598801454312,67.87562181448827,8.445625175921403,18.642031881532443,-3.8336597673504063,4.010621529082729,11.072158813476562,146.7746575342466,1008,161.86740752048271,866.9456787109375,70.48139269406393,509
