,state,county,gisjoin,year range,avg temp,max temp,min temp,hdd,cdd,avg rh,average dp,max dp,min dp,avg wind speed,max wind speed,avg ghr,max ghr,avg dnr,max dnr,avg dhr,max dhr
0,WI,Taylor County,G5501190,2020-2039,6.8239313956082706,32.21299362182617,-34.16606521606445,4620.861924472802,432.096883869179,67.26141971779741,0.36373453910732045,20.835898353461744,-34.166067168065425,4.973686715021525,11.019326210021973,153.5461187214612,958,173.97076477824206,901.5628051757812,63.71643835616438,559
