,state,county,gisjoin,year range,avg temp,max temp,min temp,hdd,cdd,avg rh,average dp,max dp,min dp,avg wind speed,max wind speed,avg ghr,max ghr,avg dnr,max dnr,avg dhr,max dhr
0,SC,Barnwell County,G4500110,2060-2079,20.483054684049804,40.63229370117188,-6.584441661834717,1075.158224764271,1871.973184442373,68.17780168764124,13.615875031774586,25.41806760713842,-6.5844422301730265,3.5743993252924042,11.190951347351074,193.16130136986303,1021,196.0175901201549,910.6184692382812,78.90376712328766,537
