,state,county,gisjoin,year range,avg temp,max temp,min temp,hdd,cdd,avg rh,average dp,max dp,min dp,avg wind speed,max wind speed,avg ghr,max ghr,avg dnr,max dnr,avg dhr,max dhr
0,NY,Dutchess County,G3600270,2080-2099,14.792981471122083,38.27040481567383,-11.740022659301758,2369.8203562661997,1089.7585932255436,70.76613764501597,8.856437556380264,26.591730860624065,-12.085315531782248,4.804207710370625,12.737934112548828,144.5722602739726,967,171.72796640664782,893.9371337890625,73.7060502283105,570
