,state,county,gisjoin,year range,avg temp,max temp,min temp,hdd,cdd,avg rh,average dp,max dp,min dp,avg wind speed,max wind speed,avg ghr,max ghr,avg dnr,max dnr,avg dhr,max dhr
0,MO,Morgan County,G2901410,2000-2019,13.74985016842744,37.666873931884766,-24.538124084472656,2585.797187653276,924.9924991290324,69.48211510714874,7.581712418795133,24.223614230188687,-24.538124842934497,4.132852869817655,9.181154251098633,170.561301369863,986,186.49946837217115,931.3367919921876,68.75068493150685,457
