,state,county,gisjoin,year range,avg temp,max temp,min temp,hdd,cdd,avg rh,average dp,max dp,min dp,avg wind speed,max wind speed,avg ghr,max ghr,avg dnr,max dnr,avg dhr,max dhr
0,GA,Appling County,G1300010,2040-2059,21.425775533768277,39.16301345825195,-6.064518928527832,859.5913327770382,2000.4994026023178,67.89435843985919,14.502056128836209,26.173379948042346,-6.0645190567359535,3.6045399425780937,8.642218589782715,195.40970319634704,997,197.54417668021483,935.724853515625,80.53070776255707,631
