,state,county,gisjoin,year range,avg temp,max temp,min temp,hdd,cdd,avg rh,average dp,max dp,min dp,avg wind speed,max wind speed,avg ghr,max ghr,avg dnr,max dnr,avg dhr,max dhr
0,GA,Appling County,G1300010,2060-2079,21.21420404780869,38.873077392578125,-4.483099460601807,876.1637897871161,1939.8482672371763,70.27503243951493,14.892437815861115,26.28728963847787,-4.483099920516959,3.694811425143725,7.54295015335083,195.40970319634704,997,197.1900179288907,927.6188354492188,80.53070776255707,631
