,state,county,gisjoin,year range,avg temp,max temp,min temp,hdd,cdd,avg rh,average dp,max dp,min dp,avg wind speed,max wind speed,avg ghr,max ghr,avg dnr,max dnr,avg dhr,max dhr
0,GA,Appling County,G1300010,2080-2099,22.91917904951109,42.84743118286133,-10.544159889221191,765.2134528423334,2451.2138059136423,69.7945441929717,16.3822793454862,28.8085479549701,-10.544160495411523,3.645001755022023,9.50871753692627,195.40970319634704,997,191.07966739350923,913.4793701171876,80.53070776255707,631
