,state,county,gisjoin,year range,avg temp,max temp,min temp,hdd,cdd,avg rh,average dp,max dp,min dp,avg wind speed,max wind speed,avg ghr,max ghr,avg dnr,max dnr,avg dhr,max dhr
0,KS,Scott County,G2001710,2040-2059,14.815084918134326,43.51039505004883,-15.43299388885498,2570.0876039305035,1298.0935990493242,53.38986913809493,3.908907112817631,21.395500696405477,-17.30742821391485,4.577047005009978,10.230707168579102,196.9972602739726,1014,206.52517793403368,936.84521484375,61.29520547945206,519
