,state,county,gisjoin,year range,avg temp,max temp,min temp,hdd,cdd,avg rh,average dp,max dp,min dp,avg wind speed,max wind speed,avg ghr,max ghr,avg dnr,max dnr,avg dhr,max dhr
0,NC,Perquimans County,G3701430,2020-2039,17.01058936515285,36.25796890258789,-12.951923370361328,1677.120725027973,1206.4858433088461,70.70540471055192,11.05005210167405,26.20140460791272,-12.951923974235088,3.198007996604867,8.842448234558105,181.76232876712328,985,186.6410458728704,920.4423828125,69.69851598173516,553
