,state,county,gisjoin,year range,avg temp,max temp,min temp,hdd,cdd,avg rh,average dp,max dp,min dp,avg wind speed,max wind speed,avg ghr,max ghr,avg dnr,max dnr,avg dhr,max dhr
0,OK,Garvin County,G4000490,2080-2099,21.258871412537854,43.96598052978516,-8.566205978393555,1227.1161631585794,2307.1042287347577,65.46771649007928,13.640778677922926,28.91283300221517,-8.765955306480707,5.155616666192878,11.047430038452148,189.50045662100456,1003,193.77533226240547,909.0587768554688,72.06324200913242,597
