,state,county,gisjoin,year range,avg temp,max temp,min temp,hdd,cdd,avg rh,average dp,max dp,min dp,avg wind speed,max wind speed,avg ghr,max ghr,avg dnr,max dnr,avg dhr,max dhr
0,OK,Texas County,G4001390,1980-1999,12.765356313003902,37.86000061035156,-18.9233341217041,2926.9968013657763,906.8518556118493,50.40604959579363,1.2548948884351923,18.00507965289079,-21.50490205565693,4.69188521980695,10.22738265991211,169.18561643835616,983,215.56335590410742,968.980712890625,64.4480593607306,662
