,state,county,gisjoin,year range,avg temp,max temp,min temp,hdd,cdd,avg rh,average dp,max dp,min dp,avg wind speed,max wind speed,avg ghr,max ghr,avg dnr,max dnr,avg dhr,max dhr
0,IL,Coles County,G1700290,2040-2059,14.846206539101619,39.36319732666016,-13.199466705322266,2419.2653707666645,1158.6307575385479,69.97537033938926,8.790113658429876,26.599419074552102,-14.686973726719174,4.255525899450529,9.053081512451172,155.4920091324201,961,178.7181979633385,913.0562133789062,74.30045662100457,616
