,state,county,gisjoin,year range,avg temp,max temp,min temp,hdd,cdd,avg rh,average dp,max dp,min dp,avg wind speed,max wind speed,avg ghr,max ghr,avg dnr,max dnr,avg dhr,max dhr
0,IL,Coles County,G1700290,2060-2079,15.347371089102827,38.85434341430664,-15.028586387634276,2333.0573936133446,1255.3478411357337,70.02896729038186,9.234176986278014,26.130693811032632,-15.028587883484944,4.08959865423098,10.630558013916016,155.4920091324201,961,178.14680049669536,899.608642578125,74.30045662100457,616
