,state,county,gisjoin,year range,avg temp,max temp,min temp,hdd,cdd,avg rh,average dp,max dp,min dp,avg wind speed,max wind speed,avg ghr,max ghr,avg dnr,max dnr,avg dhr,max dhr
0,IL,Coles County,G1700290,2080-2099,17.16292099950784,39.88409423828125,-15.94826889038086,1982.3148872922848,1567.2810521125411,70.58193997857778,11.106055080058162,27.54292789297177,-15.948270654680837,4.0264664487343405,8.715706825256348,155.4920091324201,961,172.79360174470708,910.356201171875,74.30045662100457,616
