,state,county,gisjoin,year range,avg temp,max temp,min temp,hdd,cdd,avg rh,average dp,max dp,min dp,avg wind speed,max wind speed,avg ghr,max ghr,avg dnr,max dnr,avg dhr,max dhr
0,MO,Lafayette County,G2901070,1980-1999,11.971998179531294,34.439998626708984,-22.73642921447754,3021.225521375855,711.5048569043869,64.78833497670144,4.781681906702057,23.643067464429464,-24.294416512407867,4.134521522587293,9.864627838134766,176.2837899543379,995,185.1355898004462,919.675537109375,71.51130136986302,651
