,state,county,gisjoin,year range,avg temp,max temp,min temp,hdd,cdd,avg rh,average dp,max dp,min dp,avg wind speed,max wind speed,avg ghr,max ghr,avg dnr,max dnr,avg dhr,max dhr
0,MO,Lafayette County,G2901070,2080-2099,17.406346424291076,43.343238830566406,-19.04277229309082,2032.329440728533,1706.1458855945964,69.574851400776,11.065257920764921,28.82789807852908,-19.15165057530896,3.9475978825190294,9.885112762451172,176.2837899543379,995,176.73118533127177,907.3610229492188,71.51130136986302,651
