,state,county,gisjoin,year range,avg temp,max temp,min temp,hdd,cdd,avg rh,average dp,max dp,min dp,avg wind speed,max wind speed,avg ghr,max ghr,avg dnr,max dnr,avg dhr,max dhr
0,VA,Roanoke County,G5101610,2020-2039,14.773129745270976,37.67224884033203,-12.47614574432373,2206.0054959216127,918.6978529453842,67.1406010303323,7.940600300683189,23.02454726690165,-12.476146475399164,4.072113615192779,9.219155311584473,175.96141552511415,1025,188.05048328732857,949.109619140625,76.01518264840183,485
