Measure,Output Type,Training RMSE,Testing RMSE,Training R2,Testing R2
2022_1_10,electricity,4.950392537574635,5.509999929312727,0.9849187801556011,0.955173942910642
