,state,county,gisjoin,year range,avg temp,max temp,min temp,hdd,cdd,avg rh,average dp,max dp,min dp,avg wind speed,max wind speed,avg ghr,max ghr,avg dnr,max dnr,avg dhr,max dhr
0,TN,Unicoi County,G4701710,2000-2019,13.307737578220875,33.781333923339844,-16.578001022338867,2499.7492722169704,677.573488267301,68.24468027206316,6.789084582192709,19.736995648620468,-16.578002742701308,3.6780378596423424,9.344088554382324,174.4488584474886,1002,193.9336144570228,965.1785888671876,78.19634703196347,505
