,state,county,gisjoin,year range,avg temp,max temp,min temp,hdd,cdd,avg rh,average dp,max dp,min dp,avg wind speed,max wind speed,avg ghr,max ghr,avg dnr,max dnr,avg dhr,max dhr
0,TN,Unicoi County,G4701710,2080-2099,17.024579917304706,36.11138534545898,-13.029956817626951,1730.2360418009375,1264.7077116172325,69.08423270787279,10.580374060493387,24.036770486436637,-13.029957293747646,4.037177048643974,13.87924098968506,174.4488584474886,1002,187.35570794644272,943.36083984375,78.19634703196347,505
