,state,county,gisjoin,year range,avg temp,max temp,min temp,hdd,cdd,avg rh,average dp,max dp,min dp,avg wind speed,max wind speed,avg ghr,max ghr,avg dnr,max dnr,avg dhr,max dhr
0,LA,Union Parish,G2201110,2020-2039,18.92679475130966,37.50833511352539,-8.781330108642578,1357.4107206189658,1586.1908048470307,69.6506924433251,12.506414207659983,26.326010150483647,-8.781331024241382,3.4499765825598208,8.763744354248047,184.10011415525113,996,197.5275748626568,932.4760131835938,77.17762557077626,631
