,state,county,gisjoin,year range,avg temp,max temp,min temp,hdd,cdd,avg rh,average dp,max dp,min dp,avg wind speed,max wind speed,avg ghr,max ghr,avg dnr,max dnr,avg dhr,max dhr
0,LA,Union Parish,G2201110,2080-2099,22.11009513812467,42.10245132446289,-6.318909168243408,930.5991741142143,2321.2838995295365,69.65822356759685,15.565917083970211,29.153231545045767,-6.318909604300279,3.40290602690553,7.801148891448975,184.10011415525113,996,188.51943461806619,901.2589111328124,77.17762557077626,631
