,state,county,gisjoin,year range,avg temp,max temp,min temp,hdd,cdd,avg rh,average dp,max dp,min dp,avg wind speed,max wind speed,avg ghr,max ghr,avg dnr,max dnr,avg dhr,max dhr
0,MO,Lawrence County,G2901090,2020-2039,14.996109250812424,40.16344451904297,-17.87323570251465,2338.479429741455,1132.55930628783,68.66970518778449,8.475227495316696,23.56214797345822,-17.873236068144497,4.109127081257023,8.941370010375977,181.0912100456621,995,191.0246957562488,940.1609497070312,72.91586757990868,668
