,state,county,gisjoin,year range,avg temp,max temp,min temp,hdd,cdd,avg rh,average dp,max dp,min dp,avg wind speed,max wind speed,avg ghr,max ghr,avg dnr,max dnr,avg dhr,max dhr
0,MO,Lawrence County,G2901090,2040-2059,16.27885879399279,40.03651809692383,-12.670116424560549,2058.8760371994636,1321.15949700681,67.19100701754496,9.363436621040986,25.939239299632984,-13.793588640122366,4.113136325143788,9.75409984588623,181.0912100456621,995,188.5175626174543,918.0105590820312,72.91586757990868,668
