,state,county,gisjoin,year range,avg temp,max temp,min temp,hdd,cdd,avg rh,average dp,max dp,min dp,avg wind speed,max wind speed,avg ghr,max ghr,avg dnr,max dnr,avg dhr,max dhr
0,MO,Camden County,G2900290,2020-2039,14.897498235579466,40.947715759277344,-18.77849769592285,2350.063257198994,1108.1501131853104,68.99635094115723,8.580954007805673,24.16467532833625,-18.778499552918007,3.8986697801171917,9.17868995666504,170.561301369863,986,186.0136907108268,954.0161743164062,68.7513698630137,457
