,state,county,gisjoin,year range,avg temp,max temp,min temp,hdd,cdd,avg rh,average dp,max dp,min dp,avg wind speed,max wind speed,avg ghr,max ghr,avg dnr,max dnr,avg dhr,max dhr
0,MO,Camden County,G2900290,2080-2099,18.46259770336825,41.5982551574707,-15.888558387756348,1762.7279215810534,1822.0760833103432,69.37082351135881,11.98738946452768,27.46961815896917,-16.055318140330026,3.879710468200788,9.337546348571776,170.561301369863,986,179.71701625175703,902.6846923828124,68.7513698630137,457
