,state,county,gisjoin,year range,avg temp,max temp,min temp,hdd,cdd,avg rh,average dp,max dp,min dp,avg wind speed,max wind speed,avg ghr,max ghr,avg dnr,max dnr,avg dhr,max dhr
0,KS,Hamilton County,G2000750,2020-2039,13.736646990014982,41.24613952636719,-26.12334632873535,2736.9281728267215,1071.3043241819335,48.528589282623706,1.1650801956889663,19.179506549604422,-26.123349434112672,4.224897250710013,8.483046531677246,204.29748858447488,1027,213.66931722009232,973.9818725585938,61.83264840182648,456
