,state,county,gisjoin,year range,avg temp,max temp,min temp,hdd,cdd,avg rh,average dp,max dp,min dp,avg wind speed,max wind speed,avg ghr,max ghr,avg dnr,max dnr,avg dhr,max dhr
0,KS,Hamilton County,G2000750,2060-2079,15.370076638386323,42.47261047363281,-19.842214584350582,2455.7137844457047,1386.291757456516,49.99680667124927,3.3317607077014277,21.801240611813213,-21.37771548385878,4.230387650668349,9.035432815551758,204.29748858447488,1027,210.54298685028456,975.840087890625,61.83264840182648,456
