,state,county,gisjoin,year range,avg temp,max temp,min temp,hdd,cdd,avg rh,average dp,max dp,min dp,avg wind speed,max wind speed,avg ghr,max ghr,avg dnr,max dnr,avg dhr,max dhr
0,KS,Hamilton County,G2000750,2080-2099,17.46072769443129,44.37422180175781,-9.52192211151123,2065.1600174132286,1758.8256258804752,47.648799649493334,4.56893075478896,22.54606636972541,-18.68219719949709,4.241910383118887,8.271007537841797,204.29748858447488,1027,211.0699758740172,947.7928466796876,61.83264840182648,456
