,state,county,gisjoin,year range,avg temp,max temp,min temp,hdd,cdd,avg rh,average dp,max dp,min dp,avg wind speed,max wind speed,avg ghr,max ghr,avg dnr,max dnr,avg dhr,max dhr
0,MN,Dodge County,G2700390,2060-2079,10.331306708090354,35.15876388549805,-30.606990814208984,3683.9011188025456,775.3280672550609,68.87068357130164,4.1780866532956855,25.86116770544459,-30.60699505037813,4.734510315281071,9.575235366821287,156.6470319634703,955,168.7085811112874,922.8359985351562,70.3642694063927,461
