,state,county,gisjoin,year range,avg temp,max temp,min temp,hdd,cdd,avg rh,average dp,max dp,min dp,avg wind speed,max wind speed,avg ghr,max ghr,avg dnr,max dnr,avg dhr,max dhr
0,WY,Carbon County,G5600070,2040-2059,8.33925760960654,35.147247314453125,-24.99918365478516,4129.2323524832145,493.56137998900357,48.3230207585853,-3.4696526281437445,11.004952594043276,-25.66870984516381,5.973162649429008,14.19981288909912,201.87180365296803,1011,219.40794165095448,990.7840576171876,67.68150684931507,527
