,state,county,gisjoin,year range,avg temp,max temp,min temp,hdd,cdd,avg rh,average dp,max dp,min dp,avg wind speed,max wind speed,avg ghr,max ghr,avg dnr,max dnr,avg dhr,max dhr
0,NM,San Miguel County,G3500470,2020-2039,11.468404455053392,34.78174591064453,-18.097198486328125,3067.1478377985554,573.6154638926432,45.453550569270845,-1.8860280231694129,14.228377954858392,-20.08464046582769,4.901021297663858,12.903524398803713,216.68801369863013,1061,239.35099478853664,1040.1400146484375,58.481963470319634,521
