,state,county,gisjoin,year range,avg temp,max temp,min temp,hdd,cdd,avg rh,average dp,max dp,min dp,avg wind speed,max wind speed,avg ghr,max ghr,avg dnr,max dnr,avg dhr,max dhr
0,NM,San Miguel County,G3500470,2040-2059,12.498641271367786,36.2135009765625,-15.548184394836426,2848.169843485455,730.673907534318,44.85260607896875,-1.0062327751478086,13.783337065201769,-19.0492738073073,4.754526775503812,11.489078521728516,216.68801369863013,1061,239.61714516709438,1037.675048828125,58.481963470319634,521
