,state,county,gisjoin,year range,avg temp,max temp,min temp,hdd,cdd,avg rh,average dp,max dp,min dp,avg wind speed,max wind speed,avg ghr,max ghr,avg dnr,max dnr,avg dhr,max dhr
0,NM,San Miguel County,G3500470,2060-2079,13.185874852266128,35.70280838012695,-12.777765274047852,2684.3365528417603,817.6808739185775,46.70651465496516,-0.06031525058606992,14.895684071155635,-19.98122226579214,4.709507488551205,12.180964469909668,216.68801369863013,1061,236.81559932500247,1029.4176025390625,58.481963470319634,521
