,state,county,gisjoin,year range,avg temp,max temp,min temp,hdd,cdd,avg rh,average dp,max dp,min dp,avg wind speed,max wind speed,avg ghr,max ghr,avg dnr,max dnr,avg dhr,max dhr
0,TX,Young County,G4805030,1980-1999,16.837193395066745,39.638946533203125,-13.613683700561523,1903.7396020060287,1369.8151912054163,62.472172863189485,8.66704177014689,23.7258317205836,-13.61368507098826,4.388967791920927,8.708243370056152,195.66723744292239,1025,211.3480349752135,962.5033569335938,70.31438356164384,612
