,state,county,gisjoin,year range,avg temp,max temp,min temp,hdd,cdd,avg rh,average dp,max dp,min dp,avg wind speed,max wind speed,avg ghr,max ghr,avg dnr,max dnr,avg dhr,max dhr
0,NE,Gage County,G3100670,2040-2059,14.067824495471676,41.1530876159668,-21.208786010742188,2772.578233245785,1227.8341740926783,63.17245308656126,6.12797607635779,27.03350897574237,-22.470689838048845,4.31257271929963,9.26117706298828,179.72328767123287,994,184.0692449482583,938.7909545898438,64.42385844748858,557
