,state,county,gisjoin,year range,avg temp,max temp,min temp,hdd,cdd,avg rh,average dp,max dp,min dp,avg wind speed,max wind speed,avg ghr,max ghr,avg dnr,max dnr,avg dhr,max dhr
0,TX,Colorado County,G4800890,1980-1999,19.89262655905382,37.7066650390625,-4.675000190734863,1071.9116040765898,1653.2202981312323,66.86231756907075,12.795801573203882,25.322145797543737,-4.675000423124053,4.150871752712825,8.669764518737793,191.83721461187216,1049,208.0635733693855,965.3609619140624,89.82705479452055,513
