,state,county,gisjoin,year range,avg temp,max temp,min temp,hdd,cdd,avg rh,average dp,max dp,min dp,avg wind speed,max wind speed,avg ghr,max ghr,avg dnr,max dnr,avg dhr,max dhr
0,VA,Nottoway County,G5101350,1980-1999,13.517369907038654,34.04624938964844,-10.788750648498535,2500.862879206956,755.202895275796,67.62163082061838,6.823665606225739,21.675572884409505,-10.78875151359379,4.040239489568423,9.4219388961792,169.7662100456621,981,193.39870569967655,937.2365112304688,71.44874429223745,585
