,state,county,gisjoin,year range,avg temp,max temp,min temp,hdd,cdd,avg rh,average dp,max dp,min dp,avg wind speed,max wind speed,avg ghr,max ghr,avg dnr,max dnr,avg dhr,max dhr
0,TX,Coleman County,G4800830,1980-1999,17.381384940501558,37.19100189208984,-11.07800006866455,1654.9192941405938,1319.6247974237667,59.99457285186472,8.507301818826303,21.804931834299968,-11.103010046690272,4.134847132188,7.947320938110352,213.3353881278539,1039,216.38801469618156,978.4088745117188,70.37888127853881,547
