,state,county,gisjoin,year range,avg temp,max temp,min temp,hdd,cdd,avg rh,average dp,max dp,min dp,avg wind speed,max wind speed,avg ghr,max ghr,avg dnr,max dnr,avg dhr,max dhr
0,TX,Coleman County,G4800830,2080-2099,22.401375043412592,44.897796630859375,-5.260171890258789,960.6709890091793,2457.672879854586,58.004299708915084,12.706545273492363,27.83640702912082,-5.964641258220373,4.1554021668216405,8.210421562194824,213.3353881278539,1039,209.08785097202104,958.3961791992188,70.37888127853881,547
