,state,county,gisjoin,year range,avg temp,max temp,min temp,hdd,cdd,avg rh,average dp,max dp,min dp,avg wind speed,max wind speed,avg ghr,max ghr,avg dnr,max dnr,avg dhr,max dhr
0,VA,Augusta County,G5100150,2000-2019,12.461007778544218,33.48066711425781,-15.59333324432373,2761.0051517578777,629.7729909261385,67.92246087566359,5.937901985576649,21.807106136858376,-15.59333458482556,5.054526990080533,12.289884567260742,175.60091324200914,1016,191.1471630218861,950.0975952148438,71.70285388127854,634
