,state,county,gisjoin,year range,avg temp,max temp,min temp,hdd,cdd,avg rh,average dp,max dp,min dp,avg wind speed,max wind speed,avg ghr,max ghr,avg dnr,max dnr,avg dhr,max dhr
0,WI,Marinette County,G5500750,2020-2039,7.557143267755265,34.89826202392578,-31.763118743896484,4350.100280731514,428.9575734615401,66.94895590222589,1.052483704877779,22.550251220992106,-31.76312204278914,4.668167756341364,10.72494411468506,144.5345890410959,954,173.78004988844503,913.8233032226562,66.55022831050228,469
