,state,county,gisjoin,year range,avg temp,max temp,min temp,hdd,cdd,avg rh,average dp,max dp,min dp,avg wind speed,max wind speed,avg ghr,max ghr,avg dnr,max dnr,avg dhr,max dhr
0,NC,Watauga County,G3701890,2020-2039,11.682104133409007,33.33934020996094,-18.93465232849121,2800.458751010134,384.92675970395726,70.2824435493173,5.832455120136184,18.13759937945352,-19.07494047542408,5.3464249868915505,14.934151649475098,178.3134703196347,1004,194.6432189280494,972.9149169921876,76.83470319634704,610
