,state,county,gisjoin,year range,avg temp,max temp,min temp,hdd,cdd,avg rh,average dp,max dp,min dp,avg wind speed,max wind speed,avg ghr,max ghr,avg dnr,max dnr,avg dhr,max dhr
0,NC,Watauga County,G3701890,2040-2059,12.74949593277498,30.55686378479004,-12.651432991027832,2537.446455148421,511.5124706109589,71.17021022757439,7.034158683008827,19.619619216690023,-13.109776490169438,5.304280185046261,14.31266975402832,178.3134703196347,1004,190.88034900425922,978.1121215820312,76.83470319634704,610
