,state,county,gisjoin,year range,avg temp,max temp,min temp,hdd,cdd,avg rh,average dp,max dp,min dp,avg wind speed,max wind speed,avg ghr,max ghr,avg dnr,max dnr,avg dhr,max dhr
0,TN,Sevier County,G4701550,2040-2059,17.25428989559851,37.678321838378906,-7.599701881408691,1694.2870545336493,1312.6028664271896,68.47869857587771,10.590170823487464,24.43821757209862,-7.819723052774198,3.2577018304910834,7.9191741943359375,178.29326484018264,1001,187.30716307856932,936.0751342773438,79.80650684931507,584
