,state,county,gisjoin,year range,avg temp,max temp,min temp,hdd,cdd,avg rh,average dp,max dp,min dp,avg wind speed,max wind speed,avg ghr,max ghr,avg dnr,max dnr,avg dhr,max dhr
0,TN,Sevier County,G4701550,2060-2079,17.536068712388534,38.67150115966797,-6.732741355895996,1608.8595562626613,1330.0246362845955,68.92833496577119,10.973935583629144,24.699751520939955,-6.732741516443795,3.393909154308441,9.160070419311523,178.29326484018264,1001,185.7658221737929,937.69873046875,79.80650684931507,584
