,state,county,gisjoin,year range,avg temp,max temp,min temp,hdd,cdd,avg rh,average dp,max dp,min dp,avg wind speed,max wind speed,avg ghr,max ghr,avg dnr,max dnr,avg dhr,max dhr
0,TN,Carter County,G4700190,2060-2079,14.853884395505073,33.42844009399414,-9.574298858642578,2116.8990633737726,859.0668677330576,69.79780219156449,8.65627807120001,21.463619726232643,-9.574299750917644,3.230472276308765,10.92941951751709,174.4488584474886,1002,187.5295193851102,950.646728515625,78.19589041095891,505
