,state,county,gisjoin,year range,avg temp,max temp,min temp,hdd,cdd,avg rh,average dp,max dp,min dp,avg wind speed,max wind speed,avg ghr,max ghr,avg dnr,max dnr,avg dhr,max dhr
0,TN,Carter County,G4700190,2080-2099,16.267214586452653,34.71397018432617,-9.3608980178833,1869.9725023544815,1128.0058264097333,70.21714858224946,10.137260379951133,22.7931351819441,-9.688542663156127,3.358806831216159,9.488077163696287,174.4488584474886,1002,184.1648291404888,973.0599365234376,78.19589041095891,505
