,state,county,gisjoin,year range,avg temp,max temp,min temp,hdd,cdd,avg rh,average dp,max dp,min dp,avg wind speed,max wind speed,avg ghr,max ghr,avg dnr,max dnr,avg dhr,max dhr
0,IA,Buena Vista County,G1900210,2020-2039,9.648330613655412,36.55571746826172,-30.43070602416992,3844.09979992252,686.2404739062343,65.66799561661672,2.809349855445469,24.26420562798676,-30.430710626476053,4.399030923190182,9.897553443908691,155.99155251141553,977,179.36556697117712,910.932861328125,65.48869863013698,593
