,state,county,gisjoin,year range,avg temp,max temp,min temp,hdd,cdd,avg rh,average dp,max dp,min dp,avg wind speed,max wind speed,avg ghr,max ghr,avg dnr,max dnr,avg dhr,max dhr
0,ME,Piscataquis County,G2300210,1980-1999,4.768305925547372,32.40142822265625,-31.07857131958008,5158.379969713802,219.31163253783689,67.98746612180858,-1.4941052525388494,19.167602519736167,-31.078570844411303,4.870674328199804,11.07942008972168,139.5853881278539,942,179.68327895372252,955.019775390625,63.12431506849315,574
