,state,county,gisjoin,year range,avg temp,max temp,min temp,hdd,cdd,avg rh,average dp,max dp,min dp,avg wind speed,max wind speed,avg ghr,max ghr,avg dnr,max dnr,avg dhr,max dhr
0,ME,Piscataquis County,G2300210,2000-2019,6.3423213312537055,32.08142852783203,-29.61214256286621,4679.291830284947,314.7391161918564,67.95134949292222,-0.006190768346434122,21.13910890425215,-29.61214324596967,4.657801425647518,11.373651504516602,139.5853881278539,942,176.6993310876657,922.27880859375,63.12431506849315,574
