,state,county,gisjoin,year range,avg temp,max temp,min temp,hdd,cdd,avg rh,average dp,max dp,min dp,avg wind speed,max wind speed,avg ghr,max ghr,avg dnr,max dnr,avg dhr,max dhr
0,LA,St. John the Baptist Parish,G2200950,2040-2059,22.480079968074882,38.03755187988281,-3.220874071121216,647.0612594440521,2172.7904477911943,73.34383634345173,16.99771375585237,28.651064283135103,-3.2208741853405654,2.9469730664605964,7.396780014038086,185.97431506849315,1012,187.73259969014555,910.0496215820312,81.7535388127854,569
