,state,county,gisjoin,year range,avg temp,max temp,min temp,hdd,cdd,avg rh,average dp,max dp,min dp,avg wind speed,max wind speed,avg ghr,max ghr,avg dnr,max dnr,avg dhr,max dhr
0,LA,St. John the Baptist Parish,G2200950,2080-2099,24.10745837656126,39.88813018798828,-2.2729926109313965,522.2138766912002,2641.9361841357613,74.31159390205661,18.794283046275005,30.89691105714743,-2.272992793680796,2.9634265236658592,7.0363383293151855,185.97431506849315,1012,180.29394533370996,897.1524047851562,81.7535388127854,569
