,state,county,gisjoin,year range,avg temp,max temp,min temp,hdd,cdd,avg rh,average dp,max dp,min dp,avg wind speed,max wind speed,avg ghr,max ghr,avg dnr,max dnr,avg dhr,max dhr
0,UT,Davis County,G4900110,2020-2039,12.730407644216196,39.77047729492188,-16.9835147857666,2940.973367371607,908.0721575101679,59.84986481666565,4.08058702914576,22.788792574335208,-19.43080951749283,2.861210491232676,5.801931858062744,194.78310502283105,1030,200.06288589899918,938.193115234375,59.199657534246576,451
