,state,county,gisjoin,year range,avg temp,max temp,min temp,hdd,cdd,avg rh,average dp,max dp,min dp,avg wind speed,max wind speed,avg ghr,max ghr,avg dnr,max dnr,avg dhr,max dhr
0,UT,Davis County,G4900110,2040-2059,14.338698140271186,40.59368515014648,-10.037283897399902,2544.6022205385466,1098.7270417372958,60.8455188328817,5.735266305253779,22.495225037891284,-11.142664151668594,2.8482089078589663,6.677992343902588,194.78310502283105,1030,197.70875869825,919.3969116210938,59.199657534246576,451
