,state,county,gisjoin,year range,avg temp,max temp,min temp,hdd,cdd,avg rh,average dp,max dp,min dp,avg wind speed,max wind speed,avg ghr,max ghr,avg dnr,max dnr,avg dhr,max dhr
0,KS,Stafford County,G2001850,2060-2079,16.977123923402118,42.57288360595703,-13.38875961303711,2131.8370899550073,1648.9873219966294,59.069509160246476,7.766540266516308,25.87334177923186,-14.357224674625074,4.376813203708767,9.772855758666992,198.03082191780823,1007,198.83008878211018,925.4088745117188,61.66826484018265,578
