,state,county,gisjoin,year range,avg temp,max temp,min temp,hdd,cdd,avg rh,average dp,max dp,min dp,avg wind speed,max wind speed,avg ghr,max ghr,avg dnr,max dnr,avg dhr,max dhr
0,MT,Yellowstone County,G3001110,2000-2019,9.507063936549727,36.82357025146485,-28.06999969482422,3804.079669700835,594.6580065409552,52.71387950481345,-1.0508095460040936,16.849014727912778,-28.070002788223555,2.9849923096291007,6.79434871673584,171.48527397260273,981,190.2773947817049,920.7324829101562,62.87568493150685,577
