,state,county,gisjoin,year range,avg temp,max temp,min temp,hdd,cdd,avg rh,average dp,max dp,min dp,avg wind speed,max wind speed,avg ghr,max ghr,avg dnr,max dnr,avg dhr,max dhr
0,OK,Muskogee County,G4001010,2000-2019,16.689806531544363,38.79249954223633,-17.511499404907227,1931.560471561913,1343.8398555756396,67.5184927491837,9.866441046163757,24.984559806623214,-18.093804956719936,4.563558477571566,12.362850189208984,189.2763698630137,1000,194.30415595930558,952.3388061523438,70.9013698630137,625
