,state,county,gisjoin,year range,avg temp,max temp,min temp,hdd,cdd,avg rh,average dp,max dp,min dp,avg wind speed,max wind speed,avg ghr,max ghr,avg dnr,max dnr,avg dhr,max dhr
0,MO,Reynolds County,G2901790,2000-2019,14.367470035359862,39.57555770874024,-15.739999771118164,2427.7473062904987,992.3738691966327,67.56125173481632,7.5471141083010895,22.94466721733539,-15.74000125392858,4.388728369752021,9.062529563903809,186.26997716894977,981,194.8800286676527,954.3142700195312,70.59691780821917,630
