,state,county,gisjoin,year range,avg temp,max temp,min temp,hdd,cdd,avg rh,average dp,max dp,min dp,avg wind speed,max wind speed,avg ghr,max ghr,avg dnr,max dnr,avg dhr,max dhr
0,MO,Reynolds County,G2901790,2040-2059,15.971542123182395,41.41539001464844,-15.108409881591797,2154.67686936802,1304.7897443295299,66.81662710964952,8.991301518181118,24.44604740436617,-15.712034125944095,4.419816817649424,11.557519912719728,186.26997716894977,981,192.2835762808409,920.1321411132812,70.59691780821917,630
