,state,county,gisjoin,year range,avg temp,max temp,min temp,hdd,cdd,avg rh,average dp,max dp,min dp,avg wind speed,max wind speed,avg ghr,max ghr,avg dnr,max dnr,avg dhr,max dhr
0,MO,Reynolds County,G2901790,2080-2099,18.309339767507677,41.92910385131836,-11.024691581726074,1775.5896971132913,1778.9987122534756,67.6025621867071,11.35572614421695,27.0661650825782,-11.024692807694985,4.4810759044673345,10.215755462646484,186.26997716894977,981,187.91469909110052,926.2570190429688,70.59691780821917,630
