,state,county,gisjoin,year range,avg temp,max temp,min temp,hdd,cdd,avg rh,average dp,max dp,min dp,avg wind speed,max wind speed,avg ghr,max ghr,avg dnr,max dnr,avg dhr,max dhr
0,WA,Chelan County,G5300070,2020-2039,8.87722369478412,36.028717041015625,-14.789480209350586,3824.695252605021,385.38190120061466,58.38833553573312,-0.353498268365126,9.305863965205637,-14.789481959477804,3.5737050507166614,8.848766326904297,165.83093607305935,951,181.96755447999243,896.6121215820312,62.634360730593606,442
