,state,county,gisjoin,year range,avg temp,max temp,min temp,hdd,cdd,avg rh,average dp,max dp,min dp,avg wind speed,max wind speed,avg ghr,max ghr,avg dnr,max dnr,avg dhr,max dhr
0,WA,Chelan County,G5300070,2040-2059,9.664722719755826,36.16960144042969,-20.02577018737793,3581.9222036854485,430.0459963957512,58.355429438695516,0.4372858472109989,12.3649559685056,-20.02577139597332,3.5328767221267907,8.157713890075684,165.83093607305935,951,180.1746097281839,896.9959106445312,62.634360730593606,442
