,state,county,gisjoin,year range,avg temp,max temp,min temp,hdd,cdd,avg rh,average dp,max dp,min dp,avg wind speed,max wind speed,avg ghr,max ghr,avg dnr,max dnr,avg dhr,max dhr
0,WA,Chelan County,G5300070,2060-2079,9.986080615449099,37.69880676269531,-12.565840721130373,3498.3932449885087,463.81266962688227,58.13071223198007,0.6350396899581491,12.629331346455515,-12.877135258005463,3.5360403234011506,7.020772457122803,165.83093607305935,951,181.1388864319762,894.1953735351562,62.634360730593606,442
