,state,county,gisjoin,year range,avg temp,max temp,min temp,hdd,cdd,avg rh,average dp,max dp,min dp,avg wind speed,max wind speed,avg ghr,max ghr,avg dnr,max dnr,avg dhr,max dhr
0,KS,Graham County,G2000650,2020-2039,13.58290025770391,41.68346786499024,-17.03504180908203,2776.7040145619358,1054.9626086235633,54.92714065373216,3.178092139063338,23.013277676993265,-17.752504955212864,4.720978400968526,9.955081939697266,184.16997716894977,994,203.7092557691635,949.9324951171876,65.25753424657535,489
