,state,county,gisjoin,year range,avg temp,max temp,min temp,hdd,cdd,avg rh,average dp,max dp,min dp,avg wind speed,max wind speed,avg ghr,max ghr,avg dnr,max dnr,avg dhr,max dhr
0,NE,Red Willow County,G3101450,2040-2059,13.361083949465739,40.13741683959961,-17.989459991455078,2944.455937300876,1141.7515788555756,56.13688104794994,3.285952412902601,21.118819732733385,-18.63479869113642,4.207898478094301,9.49666976928711,168.5865296803653,973,199.35167527472623,948.8723754882812,64.99360730593607,569
