,state,county,gisjoin,year range,avg temp,max temp,min temp,hdd,cdd,avg rh,average dp,max dp,min dp,avg wind speed,max wind speed,avg ghr,max ghr,avg dnr,max dnr,avg dhr,max dhr
0,NE,Red Willow County,G3101450,2060-2079,14.485887337986062,41.664817810058594,-14.72354507446289,2671.0359194627817,1278.8847978274712,53.58458821974933,3.6870345897040746,22.66021684200681,-18.099570523482683,4.167778601330709,9.320728302001951,168.5865296803653,973,196.34544631801106,939.6489868164062,64.99360730593607,569
