,state,county,gisjoin,year range,avg temp,max temp,min temp,hdd,cdd,avg rh,average dp,max dp,min dp,avg wind speed,max wind speed,avg ghr,max ghr,avg dnr,max dnr,avg dhr,max dhr
0,MN,Lyon County,G2700830,2000-2019,7.895320255456464,36.50733184814453,-28.893333435058597,4366.454021695064,568.7459149360884,65.13686132670537,0.9187470040379051,24.13083680370377,-28.893337150270664,4.143277664707131,12.277897834777832,155.56506849315068,954,178.00361276836077,902.32421875,65.79440639269406,635
