,state,county,gisjoin,year range,avg temp,max temp,min temp,hdd,cdd,avg rh,average dp,max dp,min dp,avg wind speed,max wind speed,avg ghr,max ghr,avg dnr,max dnr,avg dhr,max dhr
0,MS,Carroll County,G2800150,2060-2079,19.603449733697353,39.055641174316406,-7.709074020385742,1299.6085617325991,1775.3677145320996,69.61993350873799,13.164518701994979,26.76673586678429,-7.709074417479078,3.7308931887013728,8.8253755569458,190.79714611872146,999,191.8623678749373,922.822509765625,75.41746575342465,626
