,state,county,gisjoin,year range,avg temp,max temp,min temp,hdd,cdd,avg rh,average dp,max dp,min dp,avg wind speed,max wind speed,avg ghr,max ghr,avg dnr,max dnr,avg dhr,max dhr
0,TX,Culberson County,G4801090,2020-2039,18.89936005997687,40.67936325073242,-4.56208610534668,1404.0962545381096,1622.8626764297012,38.03068032874364,2.2163033263036214,17.8156689196527,-15.654358625145234,5.675235525658142,14.479023933410645,237.71210045662102,1087,245.93805372778505,1025.37890625,58.29052511415525,590
