,state,county,gisjoin,year range,avg temp,max temp,min temp,hdd,cdd,avg rh,average dp,max dp,min dp,avg wind speed,max wind speed,avg ghr,max ghr,avg dnr,max dnr,avg dhr,max dhr
0,TX,Culberson County,G4801090,2080-2099,21.875526141379265,42.66928482055664,-4.952474117279053,1027.8764256320708,2332.9434672353214,36.91270614753575,4.58947182282892,20.73779082945904,-16.467349211955778,5.450315362868244,14.115316390991213,237.71210045662102,1087,243.20830786868288,998.492431640625,58.29052511415525,590
