,state,county,gisjoin,year range,avg temp,max temp,min temp,hdd,cdd,avg rh,average dp,max dp,min dp,avg wind speed,max wind speed,avg ghr,max ghr,avg dnr,max dnr,avg dhr,max dhr
0,TN,Hawkins County,G4700730,1980-1999,13.204763170747144,34.70124816894531,-16.227500915527344,2586.2638278965564,726.502385218981,67.6458116801362,6.5256153777691726,20.271880222800775,-16.227503100035367,2.848111044013337,8.04096508026123,174.4488584474886,1002,196.48071615235693,956.07275390625,78.19668949771689,505
