,state,county,gisjoin,year range,avg temp,max temp,min temp,hdd,cdd,avg rh,average dp,max dp,min dp,avg wind speed,max wind speed,avg ghr,max ghr,avg dnr,max dnr,avg dhr,max dhr
0,TN,Hawkins County,G4700730,2040-2059,15.981971882836314,35.60200500488281,-10.129660606384276,1983.3283448145119,1137.2480820497626,68.66050971762775,9.469960739309638,23.083439038902807,-10.129661358323135,2.9014076739549637,9.649718284606934,174.4488584474886,1002,190.39689661723054,955.3560180664062,78.19668949771689,505
