,state,county,gisjoin,year range,avg temp,max temp,min temp,hdd,cdd,avg rh,average dp,max dp,min dp,avg wind speed,max wind speed,avg ghr,max ghr,avg dnr,max dnr,avg dhr,max dhr
0,TN,Hawkins County,G4700730,2060-2079,16.308863858994425,36.966888427734375,-10.819266319274902,1923.1581723560969,1196.3934808890801,68.94806845830456,9.811108977739725,24.35484754988994,-10.819267166793692,3.091575678475371,8.539902687072754,174.4488584474886,1002,188.86768238209243,944.0218505859376,78.19668949771689,505
