,state,county,gisjoin,year range,avg temp,max temp,min temp,hdd,cdd,avg rh,average dp,max dp,min dp,avg wind speed,max wind speed,avg ghr,max ghr,avg dnr,max dnr,avg dhr,max dhr
0,MD,Harford County,G2400250,1980-1999,12.084591296870931,34.83714294433594,-19.020713806152344,2933.8530784102895,665.2289017677654,70.14496196002176,6.172748207755794,22.54311522208552,-19.0207158823526,3.9261210572229674,9.7858304977417,169.90319634703195,987,181.92959607187692,908.1270751953124,72.49463470319635,480
