,state,county,gisjoin,year range,avg temp,max temp,min temp,hdd,cdd,avg rh,average dp,max dp,min dp,avg wind speed,max wind speed,avg ghr,max ghr,avg dnr,max dnr,avg dhr,max dhr
0,VA,Campbell County,G5100310,2040-2059,15.838342133547513,37.635963439941406,-11.67284107208252,2050.3521370175936,1151.8470157624035,68.20561773091147,9.203353272872494,24.10046141422024,-11.672841975838086,4.138821040767513,9.953614234924316,182.35730593607306,1009,188.04136348287207,935.3025512695312,73.56632420091324,577
