,state,county,gisjoin,year range,avg temp,max temp,min temp,hdd,cdd,avg rh,average dp,max dp,min dp,avg wind speed,max wind speed,avg ghr,max ghr,avg dnr,max dnr,avg dhr,max dhr
0,VA,Campbell County,G5100310,2060-2079,16.284584629954292,37.73922348022461,-8.447090148925781,1911.9225792668667,1176.2959692002084,68.5598518595848,9.74747436747257,22.964140666764745,-8.447090605302547,4.31939990814418,10.913044929504396,182.35730593607306,1009,187.4358854014983,931.8706665039062,73.56632420091324,577
