,state,county,gisjoin,year range,avg temp,max temp,min temp,hdd,cdd,avg rh,average dp,max dp,min dp,avg wind speed,max wind speed,avg ghr,max ghr,avg dnr,max dnr,avg dhr,max dhr
0,MO,Grundy County,G2900790,2020-2039,12.969908455504005,41.2795295715332,-20.91459846496582,2903.222364788708,957.7389510473125,67.22028027887214,6.254421553340768,25.802291218657203,-20.914598487197253,4.336957896245669,9.549154281616213,152.75433789954337,980,181.9201930776845,929.1175537109376,69.0195205479452,593
