,state,county,gisjoin,year range,avg temp,max temp,min temp,hdd,cdd,avg rh,average dp,max dp,min dp,avg wind speed,max wind speed,avg ghr,max ghr,avg dnr,max dnr,avg dhr,max dhr
0,MO,Grundy County,G2900790,2060-2079,15.111741496642622,39.50996017456055,-17.92630958557129,2520.575035529744,1356.860681804094,68.63017360108084,8.626573545567997,25.93630302889543,-17.926312006063196,4.288755157222487,9.86379623413086,152.75433789954337,980,177.71851620709106,901.1323852539062,69.0195205479452,593
