,state,county,gisjoin,year range,avg temp,max temp,min temp,hdd,cdd,avg rh,average dp,max dp,min dp,avg wind speed,max wind speed,avg ghr,max ghr,avg dnr,max dnr,avg dhr,max dhr
0,TX,Randall County,G4803810,1980-1999,13.06429837849154,39.079498291015625,-17.06800079345703,2730.8004962463474,819.769404395468,51.207827276018655,1.635775544212249,17.679950162331803,-22.169296460222167,4.512263056404515,9.608081817626951,210.44908675799087,1029,223.41971235542758,1002.7174072265624,64.29303652968036,496
