,state,county,gisjoin,year range,avg temp,max temp,min temp,hdd,cdd,avg rh,average dp,max dp,min dp,avg wind speed,max wind speed,avg ghr,max ghr,avg dnr,max dnr,avg dhr,max dhr
0,TX,Randall County,G4803810,2000-2019,14.544913962303095,38.01000213623047,-17.484500885009766,2426.632145734158,1056.0257419745767,50.03898826048255,2.7728603404257486,20.18167215065606,-19.42762808834322,4.5442553946416675,8.664640426635742,210.44908675799087,1029,223.47322928508544,994.0209350585938,64.29303652968036,496
