,state,county,gisjoin,year range,avg temp,max temp,min temp,hdd,cdd,avg rh,average dp,max dp,min dp,avg wind speed,max wind speed,avg ghr,max ghr,avg dnr,max dnr,avg dhr,max dhr
0,TX,Randall County,G4803810,2040-2059,16.868380141867654,40.583282470703125,-9.801725387573242,1921.9381923438461,1399.3969441255447,49.87048273217188,4.861758701143033,20.475672841524947,-15.495388083104556,4.511734593976034,9.48819065093994,210.44908675799087,1029,221.5251050391447,1004.1868896484376,64.29303652968036,496
