,state,county,gisjoin,year range,avg temp,max temp,min temp,hdd,cdd,avg rh,average dp,max dp,min dp,avg wind speed,max wind speed,avg ghr,max ghr,avg dnr,max dnr,avg dhr,max dhr
0,MA,Essex County,G2500090,2020-2039,11.308622556813534,36.59558868408203,-16.60838508605957,3124.6344781034986,572.781711339977,71.442321359077,5.716534624600092,24.269166770511845,-16.60838591398922,4.57593801945584,12.377246856689451,147.43013698630136,947,171.26383778292163,900.9263916015624,70.037899543379,590
