,state,county,gisjoin,year range,avg temp,max temp,min temp,hdd,cdd,avg rh,average dp,max dp,min dp,avg wind speed,max wind speed,avg ghr,max ghr,avg dnr,max dnr,avg dhr,max dhr
0,AL,Blount County,G0100090,1980-1999,15.965630477258392,35.04312515258789,-11.651249885559082,1898.0114261827039,1045.9665503820472,68.53854798443241,9.4099638292186,22.70759009146145,-11.651250304673848,3.115753919049485,10.437664985656738,238.67431506849314,1072,198.16529012588225,952.2715454101562,58.771004566210046,466
