,state,county,gisjoin,year range,avg temp,max temp,min temp,hdd,cdd,avg rh,average dp,max dp,min dp,avg wind speed,max wind speed,avg ghr,max ghr,avg dnr,max dnr,avg dhr,max dhr
0,AL,Blount County,G0100090,2000-2019,16.94899187361392,37.883750915527344,-12.379375457763672,1760.4381441946414,1267.3201780637917,69.19056626781482,10.496009173141214,23.885964998127704,-12.37937622167437,3.163247500121866,7.24043607711792,238.67431506849314,1072,195.50019895028765,953.9801635742188,58.771004566210046,466
