,state,county,gisjoin,year range,avg temp,max temp,min temp,hdd,cdd,avg rh,average dp,max dp,min dp,avg wind speed,max wind speed,avg ghr,max ghr,avg dnr,max dnr,avg dhr,max dhr
0,AL,Blount County,G0100090,2020-2039,17.860513964796347,38.709903717041016,-7.50373649597168,1537.9896149445594,1377.5772120953327,69.04331025402296,11.363123768976175,24.3650651145936,-7.503737702820422,3.2663040973552286,8.437637329101562,238.67431506849314,1072,195.08089505850307,931.5962524414062,58.771004566210046,466
