,state,county,gisjoin,year range,avg temp,max temp,min temp,hdd,cdd,avg rh,average dp,max dp,min dp,avg wind speed,max wind speed,avg ghr,max ghr,avg dnr,max dnr,avg dhr,max dhr
0,FL,Suwannee County,G1201210,2020-2039,20.946374872923492,36.2270622253418,-5.162368297576904,797.4659890390726,1763.3928176560785,69.54723232325898,14.475197198640704,25.72206969452074,-5.16236879825861,3.323925481920373,8.571046829223633,183.9345890410959,1004,201.48369720647716,935.737548828125,84.0933789954338,634
