,state,county,gisjoin,year range,avg temp,max temp,min temp,hdd,cdd,avg rh,average dp,max dp,min dp,avg wind speed,max wind speed,avg ghr,max ghr,avg dnr,max dnr,avg dhr,max dhr
0,WA,Stevens County,G5300650,2000-2019,8.706563725936794,38.68846130371094,-20.94076919555664,3918.744788771525,417.1405487378488,61.8241631986888,0.505233811773299,12.823304763437626,-20.94077046581671,3.686799120712498,10.081212043762209,157.3318493150685,950,177.56754703756857,885.3892822265625,62.194063926940636,547
