,state,county,gisjoin,year range,avg temp,max temp,min temp,hdd,cdd,avg rh,average dp,max dp,min dp,avg wind speed,max wind speed,avg ghr,max ghr,avg dnr,max dnr,avg dhr,max dhr
0,WA,Stevens County,G5300650,2040-2059,10.304972385620532,40.03060150146485,-17.87081527709961,3476.3288775844394,558.1437983354082,62.249797284548684,2.0894076343784014,13.349352123401143,-17.870817475903227,3.6395691508571852,10.672356605529783,157.3318493150685,950,174.86828618398962,878.470947265625,62.194063926940636,547
