,state,county,gisjoin,year range,avg temp,max temp,min temp,hdd,cdd,avg rh,average dp,max dp,min dp,avg wind speed,max wind speed,avg ghr,max ghr,avg dnr,max dnr,avg dhr,max dhr
0,WA,Stevens County,G5300650,2080-2099,12.328152617897103,42.16637420654297,-12.369589805603027,2975.5448619646063,795.8205674966507,62.497469967141,3.968940056378262,16.941321171693797,-14.396307172261794,3.7727695366563316,10.234625816345217,157.3318493150685,950,174.19448545831236,882.9461059570312,62.194063926940636,547
