,state,county,gisjoin,year range,avg temp,max temp,min temp,hdd,cdd,avg rh,average dp,max dp,min dp,avg wind speed,max wind speed,avg ghr,max ghr,avg dnr,max dnr,avg dhr,max dhr
0,MS,Jones County,G2800670,2040-2059,20.65468996431156,39.556129455566406,-7.3643975257873535,1044.8819267114418,1904.3437636850738,69.36347527416874,14.083868214631405,26.41978648980401,-7.364398550952238,3.4730906731053572,8.608139038085938,192.10856164383563,1002,196.87241783850905,931.2216796875,76.94748858447488,623
