,state,county,gisjoin,year range,avg temp,max temp,min temp,hdd,cdd,avg rh,average dp,max dp,min dp,avg wind speed,max wind speed,avg ghr,max ghr,avg dnr,max dnr,avg dhr,max dhr
0,MS,Jones County,G2800670,2060-2079,21.022041694138153,38.66671371459961,-6.670698165893555,980.800241434512,1974.3454597948237,69.2424768319413,14.39674387105757,27.619502061975343,-6.670698441625699,3.5963859980236994,7.628537178039551,192.10856164383563,1002,195.52983014124806,918.66064453125,76.94748858447488,623
