,state,county,gisjoin,year range,avg temp,max temp,min temp,hdd,cdd,avg rh,average dp,max dp,min dp,avg wind speed,max wind speed,avg ghr,max ghr,avg dnr,max dnr,avg dhr,max dhr
0,TX,Hunt County,G4802310,1980-1999,17.38396988245148,38.871578216552734,-14.69631576538086,1673.5494733364358,1339.1984804313217,67.79032926167527,10.60780007156139,23.5698827834192,-14.696316275378338,4.4047603102579505,9.464612007141112,188.05479452054794,1012,200.7888978513318,956.17431640625,74.51461187214612,621
