,state,county,gisjoin,year range,avg temp,max temp,min temp,hdd,cdd,avg rh,average dp,max dp,min dp,avg wind speed,max wind speed,avg ghr,max ghr,avg dnr,max dnr,avg dhr,max dhr
0,TX,Hunt County,G4802310,2000-2019,18.406882638400038,39.92789459228516,-12.241052627563477,1531.4315789730751,1570.4437419890935,68.01831235537246,11.634389273897266,24.752747807074588,-12.241053933424718,4.314269491417767,9.010711669921877,188.05479452054794,1012,200.3818547800339,950.9956665039062,74.51461187214612,621
