,state,county,gisjoin,year range,avg temp,max temp,min temp,hdd,cdd,avg rh,average dp,max dp,min dp,avg wind speed,max wind speed,avg ghr,max ghr,avg dnr,max dnr,avg dhr,max dhr
0,TX,Hunt County,G4802310,2020-2039,19.069156485785662,38.99605178833008,-8.60469913482666,1336.9547773656257,1617.6968946774134,67.33538342197191,12.130858698382683,25.167319625778763,-8.604699802413972,4.340537351124907,9.74129581451416,188.05479452054794,1012,198.70417226730717,942.171142578125,74.51461187214612,621
