,state,county,gisjoin,year range,avg temp,max temp,min temp,hdd,cdd,avg rh,average dp,max dp,min dp,avg wind speed,max wind speed,avg ghr,max ghr,avg dnr,max dnr,avg dhr,max dhr
0,SD,Hanson County,G4600610,1980-1999,7.711138272554472,37.12538528442383,-30.81384658813477,4404.818935511307,539.884404993077,62.16454722848657,0.028501527200825428,24.06775618416689,-30.81384827459246,3.7274803429841996,8.388561248779297,155.47716894977168,1000,183.58631226927636,915.1043090820312,64.06506849315069,526
