,state,county,gisjoin,year range,avg temp,max temp,min temp,hdd,cdd,avg rh,average dp,max dp,min dp,avg wind speed,max wind speed,avg ghr,max ghr,avg dnr,max dnr,avg dhr,max dhr
0,SD,Bennett County,G4600070,2020-2039,9.749252154360065,40.75808334350586,-31.977075576782227,3825.4119769018594,704.3890132427514,56.7005858137183,0.2967801935706516,21.272944880167827,-31.97707899714773,4.282881962463736,12.08452606201172,173.03824200913243,988,194.02562008235554,945.1688232421876,61.176826484018264,566
