,state,county,gisjoin,year range,avg temp,max temp,min temp,hdd,cdd,avg rh,average dp,max dp,min dp,avg wind speed,max wind speed,avg ghr,max ghr,avg dnr,max dnr,avg dhr,max dhr
0,SD,Bennett County,G4600070,2040-2059,11.287603032546011,39.744136810302734,-24.89807891845703,3456.326046113439,896.8011529922898,57.446721414017354,1.938286480399197,22.8049449867514,-26.20046274392811,4.288112775675238,9.326492309570312,173.03824200913243,988,193.71824090174647,933.7174682617188,61.176826484018264,566
