,state,county,gisjoin,year range,avg temp,max temp,min temp,hdd,cdd,avg rh,average dp,max dp,min dp,avg wind speed,max wind speed,avg ghr,max ghr,avg dnr,max dnr,avg dhr,max dhr
0,NC,Alleghany County,G3700050,2040-2059,13.008473768341833,32.9482307434082,-12.17013931274414,2537.743130835713,606.3360562801672,69.75482271251069,6.882339583906761,20.405041379188027,-12.354193158971857,4.667636499666187,12.39089584350586,185.45559360730593,1017,193.53370437599307,969.9435424804688,69.17819634703196,617
