,state,county,gisjoin,year range,avg temp,max temp,min temp,hdd,cdd,avg rh,average dp,max dp,min dp,avg wind speed,max wind speed,avg ghr,max ghr,avg dnr,max dnr,avg dhr,max dhr
0,WI,Wood County,G5501410,1980-1999,6.025891659347331,32.38800048828125,-31.269332885742188,4799.933761267401,319.88421692847345,66.84325846602383,-0.4756844229980274,20.570480700587485,-31.26933640685008,4.433015221452604,11.422460556030272,150.56940639269408,968,176.9158672907177,912.2227172851562,65.96004566210046,562
