,state,county,gisjoin,year range,avg temp,max temp,min temp,hdd,cdd,avg rh,average dp,max dp,min dp,avg wind speed,max wind speed,avg ghr,max ghr,avg dnr,max dnr,avg dhr,max dhr
0,WI,Wood County,G5501410,2080-2099,12.688332686431789,39.00689697265625,-19.147300720214844,3126.9356557266424,1078.6770862738895,68.8625806257605,6.367438457691705,27.039667297328204,-19.14730204863977,4.543027062666471,10.07424545288086,150.56940639269408,968,167.9805620039455,884.1295776367188,65.96004566210046,562
