,state,county,gisjoin,year range,avg temp,max temp,min temp,hdd,cdd,avg rh,average dp,max dp,min dp,avg wind speed,max wind speed,avg ghr,max ghr,avg dnr,max dnr,avg dhr,max dhr
0,AL,Jackson County,G0100710,2040-2059,17.70565809739335,38.19652557373047,-7.806378841400146,1628.9218788401379,1411.98708438878,70.247011247182,11.456080895688618,26.1310745549786,-7.806379270397845,4.07132278992433,11.957033157348633,238.67431506849314,1072,189.72427333097684,932.6057739257812,58.77716894977169,466
