,state,county,gisjoin,year range,avg temp,max temp,min temp,hdd,cdd,avg rh,average dp,max dp,min dp,avg wind speed,max wind speed,avg ghr,max ghr,avg dnr,max dnr,avg dhr,max dhr
0,MN,Dakota County,G2700370,2080-2099,12.855109199414137,40.37584686279297,-22.72675895690918,3230.0433152190494,1242.6581730048513,70.53495231523905,6.9707196346407505,29.0694086930338,-23.60254858425622,3.9258148519960168,9.26095485687256,157.78778538812784,957,162.60638230554213,890.5888061523438,64.46678082191781,537
