,state,county,gisjoin,year range,avg temp,max temp,min temp,hdd,cdd,avg rh,average dp,max dp,min dp,avg wind speed,max wind speed,avg ghr,max ghr,avg dnr,max dnr,avg dhr,max dhr
0,TX,Hansford County,G4801950,2020-2039,15.430741651052637,40.72144317626953,-19.87292861938477,2252.7626122297565,1205.483314863912,52.215659891633685,4.208552871938777,21.233404525493324,-19.94883591727116,4.831434255021892,10.674409866333008,169.18561643835616,983,216.67545695990148,977.880859375,64.4480593607306,662
