,state,county,gisjoin,year range,avg temp,max temp,min temp,hdd,cdd,avg rh,average dp,max dp,min dp,avg wind speed,max wind speed,avg ghr,max ghr,avg dnr,max dnr,avg dhr,max dhr
0,AR,Montgomery County,G0500970,2020-2039,16.285700982510907,40.62260437011719,-14.029973983764648,1944.6066464221788,1209.387505038655,69.61004095121062,9.939332263366161,24.07642711125395,-14.029974710211974,4.458743503975541,9.474618911743164,169.04406392694065,993,194.5342583403089,954.9412231445312,73.38002283105023,538
