,state,county,gisjoin,year range,avg temp,max temp,min temp,hdd,cdd,avg rh,average dp,max dp,min dp,avg wind speed,max wind speed,avg ghr,max ghr,avg dnr,max dnr,avg dhr,max dhr
0,AR,Montgomery County,G0500970,2060-2079,18.043521609644568,39.59860229492188,-7.515320301055908,1619.5526883718383,1525.9380758921077,70.33098673319708,11.787732682057474,27.337494750985563,-7.5153206244717055,4.465906574301524,9.806715965270996,169.04406392694065,993,191.35458328608834,941.2775268554688,73.38002283105023,538
