,state,county,gisjoin,year range,avg temp,max temp,min temp,hdd,cdd,avg rh,average dp,max dp,min dp,avg wind speed,max wind speed,avg ghr,max ghr,avg dnr,max dnr,avg dhr,max dhr
0,AR,Montgomery County,G0500970,2080-2099,19.836507372458392,43.98719024658203,-11.487823486328123,1355.3783024728866,1916.20349342013,70.74486561975523,13.637180283096487,27.648517808705822,-11.48782483470896,4.411409076109324,10.409334182739258,169.04406392694065,993,186.5941814649758,937.0257568359376,73.38002283105023,538
