,state,county,gisjoin,year range,avg temp,max temp,min temp,hdd,cdd,avg rh,average dp,max dp,min dp,avg wind speed,max wind speed,avg ghr,max ghr,avg dnr,max dnr,avg dhr,max dhr
0,IN,Steuben County,G1801510,2020-2039,10.595842111845087,34.25634765625,-25.08552360534668,3427.0157232907354,614.9980941136969,69.14156208147197,4.449991498578211,23.04957422172231,-25.085525980452378,4.155766063955821,10.126421928405762,161.35730593607306,996,176.67609622636724,923.5829467773438,77.83926940639269,499
