,state,county,gisjoin,year range,avg temp,max temp,min temp,hdd,cdd,avg rh,average dp,max dp,min dp,avg wind speed,max wind speed,avg ghr,max ghr,avg dnr,max dnr,avg dhr,max dhr
0,OK,Harper County,G4000590,1980-1999,13.4283553852932,40.63124847412109,-18.545625686645508,2775.9545213207984,997.80423695252,57.04644606385601,3.93442830857709,22.61689225513714,-19.03334623098716,4.065844970342775,9.688538551330566,200.7283105022831,1017,208.2391133699916,981.77001953125,65.18778538812785,457
