,state,county,gisjoin,year range,avg temp,max temp,min temp,hdd,cdd,avg rh,average dp,max dp,min dp,avg wind speed,max wind speed,avg ghr,max ghr,avg dnr,max dnr,avg dhr,max dhr
0,OK,Harper County,G4000590,2000-2019,14.952285802365406,41.532501220703125,-16.806875228881836,2465.2934285123065,1243.3777463754707,55.93059954948077,4.976634562242561,22.68626381876809,-18.49227919063108,4.113017859905278,10.389994621276855,200.7283105022831,1017,208.87229496513856,963.4053955078124,65.18778538812785,457
