,state,county,gisjoin,year range,avg temp,max temp,min temp,hdd,cdd,avg rh,average dp,max dp,min dp,avg wind speed,max wind speed,avg ghr,max ghr,avg dnr,max dnr,avg dhr,max dhr
0,OK,Harper County,G4000590,2060-2079,17.87196275380694,42.43691635131836,-14.675116539001465,1948.065319679049,1791.8317248184492,55.21321366606238,7.4560381311628054,26.37557029696592,-15.212650792500575,4.1025861634511385,9.911979675292969,200.7283105022831,1017,204.29661005086544,935.6401977539062,65.18778538812785,457
