,state,county,gisjoin,year range,avg temp,max temp,min temp,hdd,cdd,avg rh,average dp,max dp,min dp,avg wind speed,max wind speed,avg ghr,max ghr,avg dnr,max dnr,avg dhr,max dhr
0,OK,Harper County,G4000590,2080-2099,20.264018661435536,45.56525802612305,-10.545782089233398,1448.3989884957193,2165.265799919588,53.79272370719474,9.273676812019284,26.63940377832828,-13.247824413189177,4.138017220774742,8.943100929260254,200.7283105022831,1017,202.53712537497532,950.1249389648438,65.18778538812785,457
