,state,county,gisjoin,year range,avg temp,max temp,min temp,hdd,cdd,avg rh,average dp,max dp,min dp,avg wind speed,max wind speed,avg ghr,max ghr,avg dnr,max dnr,avg dhr,max dhr
0,GA,Oconee County,G1302190,2000-2019,17.189523223537705,37.102352142333984,-10.922941207885742,1639.2509103169268,1233.9268869082964,68.17627996331481,10.519857802236785,24.02471432058938,-10.92294214892561,3.4811432300365133,8.14850902557373,188.32614155251142,1016,197.5490329302219,944.6398315429688,77.41255707762556,525
