,state,county,gisjoin,year range,avg temp,max temp,min temp,hdd,cdd,avg rh,average dp,max dp,min dp,avg wind speed,max wind speed,avg ghr,max ghr,avg dnr,max dnr,avg dhr,max dhr
0,GA,Oconee County,G1302190,2040-2059,18.920701056290483,38.35881423950195,-9.066948890686035,1352.0642641139953,1578.6201496600625,68.2946579473748,12.196726287228916,25.171900674097557,-9.06694953552462,3.4480972316031044,8.681123733520508,188.32614155251142,1016,193.3508913870715,949.6467895507812,77.41255707762556,525
