,state,county,gisjoin,year range,avg temp,max temp,min temp,hdd,cdd,avg rh,average dp,max dp,min dp,avg wind speed,max wind speed,avg ghr,max ghr,avg dnr,max dnr,avg dhr,max dhr
0,WI,Crawford County,G5500230,2040-2059,10.989334019426295,38.26674270629883,-25.447813034057617,3500.683026461911,832.2899435520612,69.00512398051345,4.833987295149424,26.17694301226445,-25.68987519348485,3.6287302582231287,7.755250453948975,160.9150684931507,964,174.54707883405015,893.37255859375,71.25365296803653,497
