,state,county,gisjoin,year range,avg temp,max temp,min temp,hdd,cdd,avg rh,average dp,max dp,min dp,avg wind speed,max wind speed,avg ghr,max ghr,avg dnr,max dnr,avg dhr,max dhr
0,MT,Toole County,G3001010,1980-1999,5.385638715296912,36.133331298828125,-39.9658317565918,4951.0892210088305,237.34735209146686,48.88902513910102,-5.870152486424026,9.89497478584097,-39.96583586836862,4.4574683627037155,9.500338554382324,164.68858447488586,962,185.484123812352,914.966552734375,61.55559360730594,537
