,state,county,gisjoin,year range,avg temp,max temp,min temp,hdd,cdd,avg rh,average dp,max dp,min dp,avg wind speed,max wind speed,avg ghr,max ghr,avg dnr,max dnr,avg dhr,max dhr
0,IA,Adair County,G1900010,2060-2079,12.98373435455321,37.712799072265625,-20.73513984680176,3016.662989889142,1076.2260293007496,66.76777761494188,6.194896876162838,27.26474516327773,-22.78842682441464,4.4671060398833395,9.335527420043944,161.50125570776257,982,178.55610595588436,921.7626342773438,69.0560502283105,568
