,state,county,gisjoin,year range,avg temp,max temp,min temp,hdd,cdd,avg rh,average dp,max dp,min dp,avg wind speed,max wind speed,avg ghr,max ghr,avg dnr,max dnr,avg dhr,max dhr
0,NE,Arthur County,G3100050,2020-2039,10.549367774919912,40.81312561035156,-21.116512298583984,3536.513151223342,707.5323890686383,53.69265981482589,0.293467051495829,19.334954949503263,-25.33705944208249,4.449098334056601,9.706506729125977,188.1711187214612,1013,199.99960461585664,965.3206176757812,62.80833333333333,506
