,state,county,gisjoin,year range,avg temp,max temp,min temp,hdd,cdd,avg rh,average dp,max dp,min dp,avg wind speed,max wind speed,avg ghr,max ghr,avg dnr,max dnr,avg dhr,max dhr
0,NE,Arthur County,G3100050,2040-2059,11.973339873194327,38.07700347900391,-22.149911880493164,3176.9016096253886,867.6706633409317,52.649528147749706,1.243506593504799,19.63617336000836,-23.72507725643889,4.6201578788833535,10.036550521850586,188.1711187214612,1013,198.74535647078835,949.805419921875,62.80833333333333,506
