,state,county,gisjoin,year range,avg temp,max temp,min temp,hdd,cdd,avg rh,average dp,max dp,min dp,avg wind speed,max wind speed,avg ghr,max ghr,avg dnr,max dnr,avg dhr,max dhr
0,MI,Wayne County,G2601630,1980-1999,9.210754496456014,34.74214172363281,-20.730714797973636,3806.383252818663,488.8086440245483,69.43230541851968,3.2855048847813535,22.94992709381539,-20.92891550191467,4.111420801839872,9.175591468811035,157.78002283105022,974,173.81256934747233,906.4219970703124,76.25924657534246,486
