,state,county,gisjoin,year range,avg temp,max temp,min temp,hdd,cdd,avg rh,average dp,max dp,min dp,avg wind speed,max wind speed,avg ghr,max ghr,avg dnr,max dnr,avg dhr,max dhr
0,MI,Wayne County,G2601630,2020-2039,11.60721311063958,36.44688034057617,-17.45423698425293,3136.782820082613,693.9156054656083,70.73134728436057,5.875062189259158,24.173736074176222,-17.45423815866653,4.192962778199753,9.48732089996338,157.78002283105022,974,169.71555524481315,905.4874877929688,76.25924657534246,486
