,state,county,gisjoin,year range,avg temp,max temp,min temp,hdd,cdd,avg rh,average dp,max dp,min dp,avg wind speed,max wind speed,avg ghr,max ghr,avg dnr,max dnr,avg dhr,max dhr
0,MI,Wayne County,G2601630,2080-2099,15.383981409823013,41.1057243347168,-13.525834083557127,2407.2950881448073,1342.948302729999,70.7688218147243,9.479074761007663,27.05168460941172,-13.779551429714118,4.154392446121669,9.639141082763672,157.78002283105022,974,163.19129660749462,883.677001953125,76.25924657534246,486
