,state,county,gisjoin,year range,avg temp,max temp,min temp,hdd,cdd,avg rh,average dp,max dp,min dp,avg wind speed,max wind speed,avg ghr,max ghr,avg dnr,max dnr,avg dhr,max dhr
0,MO,DeKalb County,G2900630,2040-2059,14.167600333462516,39.67026901245117,-20.02423667907715,2671.980738671777,1163.6548603853246,68.70385381424263,7.743655146966189,26.71380058178903,-20.02423676864745,4.409057082868602,8.961026191711426,171.59075342465752,985,182.58101069353077,913.8956909179688,68.28858447488585,529
