,state,county,gisjoin,year range,avg temp,max temp,min temp,hdd,cdd,avg rh,average dp,max dp,min dp,avg wind speed,max wind speed,avg ghr,max ghr,avg dnr,max dnr,avg dhr,max dhr
0,WI,Waukesha County,G5501330,2000-2019,8.720697101206195,33.7783317565918,-25.3799991607666,3982.0746387214767,485.6290806611527,68.9732462917833,2.649199663482356,23.034684934024565,-25.38000147892237,4.6041724978788805,11.395416259765623,160.59737442922375,971,175.03520296435798,917.9259643554688,73.13447488584475,481
