,state,county,gisjoin,year range,avg temp,max temp,min temp,hdd,cdd,avg rh,average dp,max dp,min dp,avg wind speed,max wind speed,avg ghr,max ghr,avg dnr,max dnr,avg dhr,max dhr
0,WI,Waukesha County,G5501330,2040-2059,10.784472272877036,36.45343780517578,-25.29397201538086,3474.8943413374855,731.7267209371303,69.2613411209899,4.702665110758557,23.112312147361006,-29.273225501068016,4.529034980315052,10.096807479858398,160.59737442922375,971,171.31034203196415,886.3681030273438,73.13447488584475,481
