,state,county,gisjoin,year range,avg temp,max temp,min temp,hdd,cdd,avg rh,average dp,max dp,min dp,avg wind speed,max wind speed,avg ghr,max ghr,avg dnr,max dnr,avg dhr,max dhr
0,SD,Pennington County,G4601030,2000-2019,9.559673618161709,37.80933380126953,-27.423999786376957,3756.5739399591134,566.3548105875855,52.20049948458258,-1.154463315094741,18.99885404411361,-31.71387963908616,5.20943021082987,17.653228759765625,163.99988584474886,991,188.76140381879398,934.4852905273438,64.28949771689497,568
