,state,county,gisjoin,year range,avg temp,max temp,min temp,hdd,cdd,avg rh,average dp,max dp,min dp,avg wind speed,max wind speed,avg ghr,max ghr,avg dnr,max dnr,avg dhr,max dhr
0,OR,Curry County,G4100150,2000-2019,12.284733570828028,29.208572387695312,-0.8928571939468384,2347.061626133583,151.48937948544508,73.39290128385639,7.10385543241711,16.265002870700528,-1.0042807191306835,5.499579432892473,19.18626976013184,164.82294520547944,981,170.80878581719688,911.9591064453124,71.29840182648402,450
