,state,county,gisjoin,year range,avg temp,max temp,min temp,hdd,cdd,avg rh,average dp,max dp,min dp,avg wind speed,max wind speed,avg ghr,max ghr,avg dnr,max dnr,avg dhr,max dhr
0,OR,Curry County,G4100150,2060-2079,13.07869365171303,27.82908058166504,-0.0906422287225723,2087.926952896422,182.15013577142813,72.61997574301071,7.669033938369562,16.33449935058289,-1.8722947102532823,5.42047146313811,14.755523681640623,164.82294520547944,981,170.20553844436253,890.1539306640625,71.29840182648402,450
