,state,county,gisjoin,year range,avg temp,max temp,min temp,hdd,cdd,avg rh,average dp,max dp,min dp,avg wind speed,max wind speed,avg ghr,max ghr,avg dnr,max dnr,avg dhr,max dhr
0,OR,Curry County,G4100150,2080-2099,14.423331757342298,32.43030548095703,0.3818648755550384,1736.1336338006083,321.1497252305253,72.87344566436663,8.97133791601226,19.397182654193017,-2.344831200665828,5.673828254333914,19.659835815429688,164.82294520547944,981,167.077817362177,872.9183959960938,71.29840182648402,450
