,state,county,gisjoin,year range,avg temp,max temp,min temp,hdd,cdd,avg rh,average dp,max dp,min dp,avg wind speed,max wind speed,avg ghr,max ghr,avg dnr,max dnr,avg dhr,max dhr
0,KS,McPherson County,G2001130,2000-2019,13.79531643883188,40.268333435058594,-19.36000061035156,2678.8298607256525,1034.620360899031,62.098211699098215,5.64598509053127,23.650551920023613,-19.663087968619877,4.721531634039531,11.302754402160645,190.04041095890412,1004,195.36826356472255,940.3059692382812,65.58972602739726,565
