,state,county,gisjoin,year range,avg temp,max temp,min temp,hdd,cdd,avg rh,average dp,max dp,min dp,avg wind speed,max wind speed,avg ghr,max ghr,avg dnr,max dnr,avg dhr,max dhr
0,KS,McPherson County,G2001130,2020-2039,14.509172501366853,40.66683197021485,-17.757793426513672,2616.582640950644,1232.9306039492956,62.450430057364514,6.457482142871755,23.86817627262439,-18.668954516618257,4.8062910294015655,10.201393127441406,190.04041095890412,1004,191.79816564138127,942.2337036132812,65.58972602739726,565
