,state,county,gisjoin,year range,avg temp,max temp,min temp,hdd,cdd,avg rh,average dp,max dp,min dp,avg wind speed,max wind speed,avg ghr,max ghr,avg dnr,max dnr,avg dhr,max dhr
0,SD,Union County,G4601270,2060-2079,12.275633373561393,38.123313903808594,-24.44766616821289,3270.3262763201133,1071.4324576696354,64.18141133981209,4.81390119428506,26.49320039944384,-24.649422469206847,4.174964474651912,9.863086700439451,162.0818493150685,978,178.89406919457252,895.8858032226562,63.68527397260274,542
