,state,county,gisjoin,year range,avg temp,max temp,min temp,hdd,cdd,avg rh,average dp,max dp,min dp,avg wind speed,max wind speed,avg ghr,max ghr,avg dnr,max dnr,avg dhr,max dhr
0,VA,Carroll County,G5100350,2000-2019,11.995851715615064,31.856874465942383,-13.41812515258789,2829.052659268711,528.0385354678066,67.46608587835478,5.380758153440976,20.305828114920363,-13.418126843359888,4.451260979861429,10.789691925048828,185.45559360730593,1017,194.8478746952013,973.6624755859376,69.17796803652968,617
