,state,county,gisjoin,year range,avg temp,max temp,min temp,hdd,cdd,avg rh,average dp,max dp,min dp,avg wind speed,max wind speed,avg ghr,max ghr,avg dnr,max dnr,avg dhr,max dhr
0,VA,Carroll County,G5100350,2020-2039,12.349113852567012,33.61869812011719,-15.44603443145752,2707.1960471504067,535.1226033369954,68.34691239100069,5.901114718933015,20.426341589415262,-15.446035744165384,4.660324837410287,10.655823707580566,185.45559360730593,1017,195.4968022447031,974.2648315429688,69.17796803652968,617
