,state,county,gisjoin,year range,avg temp,max temp,min temp,hdd,cdd,avg rh,average dp,max dp,min dp,avg wind speed,max wind speed,avg ghr,max ghr,avg dnr,max dnr,avg dhr,max dhr
0,VA,Carroll County,G5100350,2080-2099,15.494987658698662,35.12682342529297,-12.273240089416504,2034.6864042974923,1010.8568997224844,69.5054100543941,9.173830379874605,22.76741499963552,-12.27324099824398,4.852044565873603,12.517070770263672,185.45559360730593,1017,188.53385727310962,970.2882080078124,69.17796803652968,617
