,state,county,gisjoin,year range,avg temp,max temp,min temp,hdd,cdd,avg rh,average dp,max dp,min dp,avg wind speed,max wind speed,avg ghr,max ghr,avg dnr,max dnr,avg dhr,max dhr
0,NC,Mitchell County,G3701210,2040-2059,14.126783983261095,32.81703186035156,-14.009805679321287,2234.1305397432784,710.9066936334419,69.69469011385146,7.931646047693409,20.004629142771865,-14.040659473432472,3.895178638092459,10.074220657348633,174.4488584474886,1002,191.1357925310058,971.8142700195312,78.19577625570776,505
