,state,county,gisjoin,year range,avg temp,max temp,min temp,hdd,cdd,avg rh,average dp,max dp,min dp,avg wind speed,max wind speed,avg ghr,max ghr,avg dnr,max dnr,avg dhr,max dhr
0,NC,Mitchell County,G3701210,2060-2079,14.107949840862965,32.798824310302734,-12.136797904968262,2240.801002390044,710.7026943048286,70.86176752543341,8.203623294948352,21.39341140664803,-12.281145551407109,4.14757348935898,11.187379837036133,174.4488584474886,1002,190.2664482667474,962.7623291015624,78.19577625570776,505
