,state,county,gisjoin,year range,avg temp,max temp,min temp,hdd,cdd,avg rh,average dp,max dp,min dp,avg wind speed,max wind speed,avg ghr,max ghr,avg dnr,max dnr,avg dhr,max dhr
0,MT,Beaverhead County,G3000010,2000-2019,3.9111628093011994,28.246152877807617,-26.24461555480957,5396.0319265377175,144.10635193188753,58.755240042351154,-4.532694844195694,12.039245314836831,-26.30240061812101,4.293373614467987,9.44394874572754,184.7304794520548,1024,212.2233917763266,1017.6153564453124,59.16849315068493,517
