,state,county,gisjoin,year range,avg temp,max temp,min temp,hdd,cdd,avg rh,average dp,max dp,min dp,avg wind speed,max wind speed,avg ghr,max ghr,avg dnr,max dnr,avg dhr,max dhr
0,VA,Charlotte County,G5100370,1980-1999,13.214984839164586,35.208126068115234,-20.734375,2595.966994438683,739.9364607334574,67.31360644445027,6.458631963218802,21.42166143067683,-20.734376254712966,3.6191570389760686,9.12435245513916,169.7662100456621,981,196.41136826179124,945.4900512695312,71.44874429223745,585
