,state,county,gisjoin,year range,avg temp,max temp,min temp,hdd,cdd,avg rh,average dp,max dp,min dp,avg wind speed,max wind speed,avg ghr,max ghr,avg dnr,max dnr,avg dhr,max dhr
0,WV,Lincoln County,G5400430,2000-2019,12.998966557689368,35.814666748046875,-19.426666259765625,2727.4775381316745,792.600331687972,69.05760372871677,6.61046544757826,22.59131407664213,-20.06110187675318,3.4120776558575563,8.594375610351562,168.07157534246576,1012,182.9512993390393,946.2224731445312,79.01415525114155,481
