,state,county,gisjoin,year range,avg temp,max temp,min temp,hdd,cdd,avg rh,average dp,max dp,min dp,avg wind speed,max wind speed,avg ghr,max ghr,avg dnr,max dnr,avg dhr,max dhr
0,WV,Lincoln County,G5400430,2040-2059,15.053962464184126,36.75625991821289,-11.857151985168455,2263.4733651466768,1078.6696645737375,68.92018990930357,8.571214242354545,23.70355513961188,-11.85715301190228,3.431556547177981,8.854134559631348,168.07157534246576,1012,179.82445310146903,955.5978393554688,79.01415525114155,481
