,state,county,gisjoin,year range,avg temp,max temp,min temp,hdd,cdd,avg rh,average dp,max dp,min dp,avg wind speed,max wind speed,avg ghr,max ghr,avg dnr,max dnr,avg dhr,max dhr
0,OH,Lake County,G3900850,2000-2019,10.74363242312689,34.18866729736328,-20.381999969482425,3313.8267661178143,555.752600558624,72.33568730680909,5.428225320330473,23.565737673643092,-20.734946272602656,5.282166838319334,13.258871078491213,144.3343607305936,966,166.546156472035,923.7774658203124,74.9222602739726,591
