,state,county,gisjoin,year range,avg temp,max temp,min temp,hdd,cdd,avg rh,average dp,max dp,min dp,avg wind speed,max wind speed,avg ghr,max ghr,avg dnr,max dnr,avg dhr,max dhr
0,OH,Williams County,G3901710,2040-2059,12.114889777055879,40.687294006347656,-20.897216796875,3083.8117097578,826.2464783827941,69.72961029070153,6.025021179384908,25.378347675106404,-20.89721853584417,4.35660083191852,9.840585708618164,146.5865296803653,971,174.9652992598395,923.9027709960938,73.99063926940639,611
