,state,county,gisjoin,year range,avg temp,max temp,min temp,hdd,cdd,avg rh,average dp,max dp,min dp,avg wind speed,max wind speed,avg ghr,max ghr,avg dnr,max dnr,avg dhr,max dhr
0,OH,Williams County,G3901710,2080-2099,14.666623849142608,39.27751541137695,-19.005674362182617,2530.1203278970056,1203.9380328338034,69.20942556694763,8.342391683802258,25.82661649577723,-19.00567593818212,4.378465798687717,9.941747665405272,146.5865296803653,971,170.98356591276942,901.638427734375,73.99063926940639,611
