,state,county,gisjoin,year range,avg temp,max temp,min temp,hdd,cdd,avg rh,average dp,max dp,min dp,avg wind speed,max wind speed,avg ghr,max ghr,avg dnr,max dnr,avg dhr,max dhr
0,KY,Wolfe County,G2102370,1980-1999,12.135469202936077,34.44571304321289,-23.364999771118164,2896.183797786822,646.1300568580966,68.07240771115099,5.5917339567398745,21.027372947925706,-23.36500218364094,3.5272276066890047,8.709349632263184,167.09063926940638,986,190.99682059753616,953.3138427734376,74.89372146118721,524
