,state,county,gisjoin,year range,avg temp,max temp,min temp,hdd,cdd,avg rh,average dp,max dp,min dp,avg wind speed,max wind speed,avg ghr,max ghr,avg dnr,max dnr,avg dhr,max dhr
0,AL,Talladega County,G0101210,2020-2039,17.789456134575158,37.39175415039063,-8.945897102355957,1515.0482942846902,1328.6997834047559,69.0148180460821,11.203769616241964,23.35549369305634,-8.945896995004771,3.1999167025497517,8.827324867248535,166.86575342465753,991,198.8920841103441,949.4139404296876,82.27351598173516,594
