,state,county,gisjoin,year range,avg temp,max temp,min temp,hdd,cdd,avg rh,average dp,max dp,min dp,avg wind speed,max wind speed,avg ghr,max ghr,avg dnr,max dnr,avg dhr,max dhr
0,AL,Talladega County,G0101210,2080-2099,21.12206844625225,41.10126876831055,-6.8725690841674805,1046.175952611966,2076.2309354939184,70.21151566157057,14.727434979960112,28.553001548976614,-6.872569504280585,3.1748555367259677,9.144281387329102,166.86575342465753,991,190.16684228364977,917.9519653320312,82.27351598173516,594
