,state,county,gisjoin,year range,avg temp,max temp,min temp,hdd,cdd,avg rh,average dp,max dp,min dp,avg wind speed,max wind speed,avg ghr,max ghr,avg dnr,max dnr,avg dhr,max dhr
0,TX,Carson County,G4800650,2080-2099,19.16081052221008,43.53878021240234,-7.370356559753418,1537.2113669617602,1851.4072075683562,52.491618604855994,7.9464105892559465,25.488771466868897,-11.944089421114269,5.088533729450888,10.665356636047363,210.44908675799087,1029,215.74380598053375,960.9697875976562,64.29246575342465,496
