,state,county,gisjoin,year range,avg temp,max temp,min temp,hdd,cdd,avg rh,average dp,max dp,min dp,avg wind speed,max wind speed,avg ghr,max ghr,avg dnr,max dnr,avg dhr,max dhr
0,IN,Wayne County,G1801770,2040-2059,13.321754798686294,37.57456588745117,-15.480287551879885,2743.803912125931,926.7444136461135,70.17108850174299,7.2958800619057325,24.571691434700156,-15.783209185282676,4.404235083762914,10.45921230316162,150.63915525114155,973,176.96258090441057,928.623046875,75.52602739726028,650
