,state,county,gisjoin,year range,avg temp,max temp,min temp,hdd,cdd,avg rh,average dp,max dp,min dp,avg wind speed,max wind speed,avg ghr,max ghr,avg dnr,max dnr,avg dhr,max dhr
0,OR,Wasco County,G4100650,1980-1999,9.946706901207012,35.63142776489258,-18.86886215209961,3389.28325469523,340.3312736352213,57.43280922473838,0.23598981332179356,9.061851912227953,-22.16876174419655,3.7246781656186876,8.758846282958984,152.9307077625571,971,184.13157336150815,919.5349731445312,65.60981735159817,543
