,state,county,gisjoin,year range,avg temp,max temp,min temp,hdd,cdd,avg rh,average dp,max dp,min dp,avg wind speed,max wind speed,avg ghr,max ghr,avg dnr,max dnr,avg dhr,max dhr
0,OR,Wasco County,G4100650,2020-2039,11.229686215617566,37.61222076416016,-13.215166091918944,3061.840043709295,481.17551240922324,57.17569572729607,1.3061817125919435,12.54759960074604,-13.21516766692611,3.6274446856485656,9.588542938232422,152.9307077625571,971,182.86246607005407,917.5632934570312,65.60981735159817,543
