,state,county,gisjoin,year range,avg temp,max temp,min temp,hdd,cdd,avg rh,average dp,max dp,min dp,avg wind speed,max wind speed,avg ghr,max ghr,avg dnr,max dnr,avg dhr,max dhr
0,SD,Spink County,G4601150,2020-2039,8.147237974869103,34.021121978759766,-30.0439567565918,4305.710640724684,599.9525015513376,60.98389212029166,0.18543631691329487,24.007916551010297,-30.31905327055785,3.6063754829777976,8.908859252929688,170.18299086757992,958,178.8333379581323,915.7874145507812,69.36872146118722,567
