,state,county,gisjoin,year range,avg temp,max temp,min temp,hdd,cdd,avg rh,average dp,max dp,min dp,avg wind speed,max wind speed,avg ghr,max ghr,avg dnr,max dnr,avg dhr,max dhr
0,MD,Kent County,G2400290,2080-2099,18.357705047819717,41.11924362182617,-7.670538425445557,1666.447423234379,1687.5097656884916,72.29039038893295,12.734677104823605,28.53550680038334,-7.670538908114523,4.177475747343612,12.515923500061035,160.6812785388128,985,169.1620111002713,894.791259765625,76.5140410958904,645
