,state,county,gisjoin,year range,avg temp,max temp,min temp,hdd,cdd,avg rh,average dp,max dp,min dp,avg wind speed,max wind speed,avg ghr,max ghr,avg dnr,max dnr,avg dhr,max dhr
0,KS,Elk County,G2000490,2020-2039,15.14744346869613,40.7734489440918,-13.982402801513672,2385.9803025147917,1235.2971685887067,64.82049881747868,7.6910766966932504,24.56084279880796,-15.373155810245889,4.440384836719461,10.957393646240234,175.05388127853882,1002,191.29031589560623,953.39892578125,72.03424657534246,616
