,state,county,gisjoin,year range,avg temp,max temp,min temp,hdd,cdd,avg rh,average dp,max dp,min dp,avg wind speed,max wind speed,avg ghr,max ghr,avg dnr,max dnr,avg dhr,max dhr
0,SD,Lawrence County,G4600810,2000-2019,8.683715200095946,36.53777694702149,-27.320554733276367,4000.4005064419975,490.456554476432,58.97145832161925,0.047914910712625006,17.51847106469163,-27.32055598836359,4.94880664642543,16.50926971435547,163.99988584474886,991,192.22457007309825,927.0360717773438,64.25091324200913,568
