,state,county,gisjoin,year range,avg temp,max temp,min temp,hdd,cdd,avg rh,average dp,max dp,min dp,avg wind speed,max wind speed,avg ghr,max ghr,avg dnr,max dnr,avg dhr,max dhr
0,SD,Lawrence County,G4600810,2020-2039,9.15353563630885,36.80226135253906,-28.14493751525879,3891.9658686487614,553.5063759009225,59.342160533661165,0.5994386156219436,18.38174473792808,-28.49370647200144,4.75368637907995,13.294960975646973,163.99988584474886,991,190.14923274614358,913.8427734375,64.25091324200913,568
