,state,county,gisjoin,year range,avg temp,max temp,min temp,hdd,cdd,avg rh,average dp,max dp,min dp,avg wind speed,max wind speed,avg ghr,max ghr,avg dnr,max dnr,avg dhr,max dhr
0,SD,Lawrence County,G4600810,2040-2059,10.49727873811683,41.15768814086914,-19.803804397583008,3548.0209189073375,700.027658319504,60.8706504832664,2.2297459847290173,21.81440915776083,-21.428916902250403,4.814534329959791,13.610093116760254,163.99988584474886,991,188.91143444848575,920.4652709960938,64.25091324200913,568
