,state,county,gisjoin,year range,avg temp,max temp,min temp,hdd,cdd,avg rh,average dp,max dp,min dp,avg wind speed,max wind speed,avg ghr,max ghr,avg dnr,max dnr,avg dhr,max dhr
0,TN,Wayne County,G4701810,2020-2039,15.66101418331257,37.88970947265625,-17.523408889770508,2049.0049945775318,1085.7751714866074,69.37655732185328,9.263299885602041,23.73466730716181,-17.523410560820906,3.8467791382988836,9.600052833557127,159.93972602739726,1004,195.38246612380263,933.42626953125,76.66027397260274,608
