,state,county,gisjoin,year range,avg temp,max temp,min temp,hdd,cdd,avg rh,average dp,max dp,min dp,avg wind speed,max wind speed,avg ghr,max ghr,avg dnr,max dnr,avg dhr,max dhr
0,TN,Wayne County,G4701810,2080-2099,18.99964157429268,39.61918640136719,-10.77322769165039,1481.4631731417305,1736.8323477585225,70.12569039444945,12.654774836869453,27.013406797035536,-10.773228529202118,3.754177674984551,10.04482078552246,159.93972602739726,1004,188.36412922929804,959.7063598632812,76.66027397260274,608
