,state,county,gisjoin,year range,avg temp,max temp,min temp,hdd,cdd,avg rh,average dp,max dp,min dp,avg wind speed,max wind speed,avg ghr,max ghr,avg dnr,max dnr,avg dhr,max dhr
0,AR,Lincoln County,G0500790,2000-2019,17.761658512126242,37.61466598510742,-6.286666393280029,1609.7751492556145,1413.2805061817492,71.17366317026146,11.813960537173894,25.181705194427348,-6.286666630087402,3.5778628439119418,8.370607376098633,177.8398401826484,986,193.34391750151804,937.7554931640624,73.81392694063926,551
