,state,county,gisjoin,year range,avg temp,max temp,min temp,hdd,cdd,avg rh,average dp,max dp,min dp,avg wind speed,max wind speed,avg ghr,max ghr,avg dnr,max dnr,avg dhr,max dhr
0,AR,Lincoln County,G0500790,2020-2039,18.083303464911175,38.50473785400391,-10.667497634887695,1543.0613436524,1463.967108345031,70.7528300128571,12.024713003246195,24.21840974137695,-10.667498109295783,3.5987783208285293,8.122509956359863,177.8398401826484,986,193.68440614651155,919.7197265625,73.81392694063926,551
