,state,county,gisjoin,year range,avg temp,max temp,min temp,hdd,cdd,avg rh,average dp,max dp,min dp,avg wind speed,max wind speed,avg ghr,max ghr,avg dnr,max dnr,avg dhr,max dhr
0,AR,Lincoln County,G0500790,2040-2059,19.618669921169484,39.986473083496094,-7.60225248336792,1282.4422089480674,1763.756730174925,69.94371550573062,13.344439359701349,25.66434713373997,-7.602252724010476,3.62809411385288,9.844808578491213,177.8398401826484,986,190.94256101988228,899.4883422851562,73.81392694063926,551
