,state,county,gisjoin,year range,avg temp,max temp,min temp,hdd,cdd,avg rh,average dp,max dp,min dp,avg wind speed,max wind speed,avg ghr,max ghr,avg dnr,max dnr,avg dhr,max dhr
0,TN,Obion County,G4701310,2040-2059,17.313419828085298,40.11720275878906,-8.90042495727539,1793.9910904021435,1433.889327653276,71.17596683828798,11.38440406547035,25.76220911189349,-8.900425636247206,3.4331440692214663,8.156448364257812,185.08858447488583,1023,182.487346235423,927.614013671875,74.53424657534246,578
