,state,county,gisjoin,year range,avg temp,max temp,min temp,hdd,cdd,avg rh,average dp,max dp,min dp,avg wind speed,max wind speed,avg ghr,max ghr,avg dnr,max dnr,avg dhr,max dhr
0,TN,Obion County,G4701310,2080-2099,19.34775992829656,41.27604293823242,-11.546914100646973,1513.9932098044965,1896.4255836326577,72.03572211156697,13.557423624080588,29.767680981742327,-11.546915323240086,3.406083025398864,8.410573959350586,185.08858447488583,1023,176.85501632619687,928.3380126953124,74.53424657534246,578
