,state,county,gisjoin,year range,avg temp,max temp,min temp,hdd,cdd,avg rh,average dp,max dp,min dp,avg wind speed,max wind speed,avg ghr,max ghr,avg dnr,max dnr,avg dhr,max dhr
0,AR,Randolph County,G0501210,2080-2099,19.41776443161926,41.72007751464844,-10.919337272644045,1530.4624930281777,1938.4465105691236,69.42745549863876,12.933008486799931,27.438958912681223,-10.919338216184164,3.9162184209039768,10.859993934631348,178.83219178082192,984,183.61309302770792,892.5738525390625,73.89292237442922,529
