,state,county,gisjoin,year range,avg temp,max temp,min temp,hdd,cdd,avg rh,average dp,max dp,min dp,avg wind speed,max wind speed,avg ghr,max ghr,avg dnr,max dnr,avg dhr,max dhr
0,TN,Cumberland County,G4700350,2060-2079,15.6696692859443,36.19044876098633,-10.729305267333984,2001.133771581635,1041.0630609513014,70.8406408479769,9.710549006897384,23.65915056441256,-10.729306483882684,4.483662801953756,10.899819374084473,161.43550228310502,982,186.56734664256518,942.9849853515624,76.64235159817352,593
