,state,county,gisjoin,year range,avg temp,max temp,min temp,hdd,cdd,avg rh,average dp,max dp,min dp,avg wind speed,max wind speed,avg ghr,max ghr,avg dnr,max dnr,avg dhr,max dhr
0,NC,Brunswick County,G3700190,2040-2059,19.48346345049848,37.43100738525391,-6.243946552276611,1227.120873841671,1659.0850332736072,70.93244351273802,13.478981723855712,26.432943219755483,-6.243946649739588,6.070020942818629,12.571192741394045,185.10365296803653,1010,184.5491449233706,933.2178955078124,75.37534246575342,555
