,state,county,gisjoin,year range,avg temp,max temp,min temp,hdd,cdd,avg rh,average dp,max dp,min dp,avg wind speed,max wind speed,avg ghr,max ghr,avg dnr,max dnr,avg dhr,max dhr
0,NC,Brunswick County,G3700190,2060-2079,19.931050336166322,37.16752624511719,-6.709957599639893,1130.786066074602,1726.1194387752705,70.5042862114841,13.783170157486483,27.701864460667608,-6.709958505623891,6.056520518211469,15.39996337890625,185.10365296803653,1010,184.36680729642265,924.938232421875,75.37534246575342,555
