,state,county,gisjoin,year range,avg temp,max temp,min temp,hdd,cdd,avg rh,average dp,max dp,min dp,avg wind speed,max wind speed,avg ghr,max ghr,avg dnr,max dnr,avg dhr,max dhr
0,WA,Pacific County,G5300490,2060-2079,11.568087108383597,28.973615646362305,-4.699402332305908,2559.6675035011754,102.51929806073458,75.42088741690057,6.924783283219506,14.716191534537057,-4.699402884442605,5.367941423719876,14.99124813079834,135.22271689497717,964,146.80274250047964,887.50634765625,70.33253424657535,465
