,state,county,gisjoin,year range,avg temp,max temp,min temp,hdd,cdd,avg rh,average dp,max dp,min dp,avg wind speed,max wind speed,avg ghr,max ghr,avg dnr,max dnr,avg dhr,max dhr
0,WI,Washburn County,G5501290,2020-2039,7.141301621513369,34.63754653930664,-36.494873046875,4526.265129219505,453.34022107125537,66.60433060273732,0.5412120582729637,22.303166306070448,-36.49487526027688,4.3834009911916025,9.456175804138184,149.9019406392694,956,174.11244999980173,907.4786987304688,67.59280821917808,542
