,state,county,gisjoin,year range,avg temp,max temp,min temp,hdd,cdd,avg rh,average dp,max dp,min dp,avg wind speed,max wind speed,avg ghr,max ghr,avg dnr,max dnr,avg dhr,max dhr
0,WI,Washburn County,G5501290,2060-2079,9.427697874961124,35.85685348510742,-36.27043914794922,3948.2081888223147,709.8179131826123,67.4358889029995,2.9760552905442585,24.06455742337736,-36.2704413205715,4.480650036628933,10.499956130981444,149.9019406392694,956,169.9213158388761,898.5823364257812,67.59280821917808,542
