,state,county,gisjoin,year range,avg temp,max temp,min temp,hdd,cdd,avg rh,average dp,max dp,min dp,avg wind speed,max wind speed,avg ghr,max ghr,avg dnr,max dnr,avg dhr,max dhr
0,KS,Jackson County,G2000850,2020-2039,13.734108762959453,39.470802307128906,-21.212909698486328,2701.6696346919894,1035.1193331719035,65.88562967831686,6.669284049833968,25.27075932201701,-21.2129105636122,4.402833554842701,9.844772338867188,178.83310502283106,982,186.4348774186127,932.0809326171876,67.95673515981736,549
