,state,county,gisjoin,year range,avg temp,max temp,min temp,hdd,cdd,avg rh,average dp,max dp,min dp,avg wind speed,max wind speed,avg ghr,max ghr,avg dnr,max dnr,avg dhr,max dhr
0,KS,Jackson County,G2000850,2080-2099,17.533421736374756,43.11862182617188,-14.348124504089355,2062.9693692202395,1783.168302996856,65.77936176099733,10.241786708851627,28.1694470478571,-14.348125935435313,4.573094536506966,10.09533405303955,178.83310502283106,982,180.49005212309262,923.3955688476562,67.95673515981736,549
