,state,county,gisjoin,year range,avg temp,max temp,min temp,hdd,cdd,avg rh,average dp,max dp,min dp,avg wind speed,max wind speed,avg ghr,max ghr,avg dnr,max dnr,avg dhr,max dhr
0,IL,Christian County,G1700210,2000-2019,12.673271300811294,36.36529541015625,-25.613529205322266,2898.4188996688486,844.6629244645901,69.2357443968455,6.469475619151184,24.518525538190264,-25.61352897163678,4.2471294052524655,10.036036491394045,151.6513698630137,985,185.9298511476933,912.4686889648438,71.92180365296804,636
