,state,county,gisjoin,year range,avg temp,max temp,min temp,hdd,cdd,avg rh,average dp,max dp,min dp,avg wind speed,max wind speed,avg ghr,max ghr,avg dnr,max dnr,avg dhr,max dhr
0,IL,Christian County,G1700210,2020-2039,13.345423123987429,37.06159591674805,-18.721885681152344,2740.67037099691,932.2498112520126,67.92414046727359,6.850288702491356,23.622606751821134,-19.558402364998745,4.278123732897789,9.872461318969728,151.6513698630137,985,183.22213663909787,934.1051025390624,71.92180365296804,636
