,state,county,gisjoin,year range,avg temp,max temp,min temp,hdd,cdd,avg rh,average dp,max dp,min dp,avg wind speed,max wind speed,avg ghr,max ghr,avg dnr,max dnr,avg dhr,max dhr
0,MO,Ozark County,G2901530,2000-2019,14.787248455966104,38.86000061035156,-16.631427764892578,2311.957461730946,1029.8031481584544,67.36167565546079,7.951154864264116,22.981967811964147,-17.09431338882787,3.77651108633982,10.794118881225586,177.43550228310502,986,196.69091563951255,955.84033203125,71.16004566210046,483
