,state,county,gisjoin,year range,avg temp,max temp,min temp,hdd,cdd,avg rh,average dp,max dp,min dp,avg wind speed,max wind speed,avg ghr,max ghr,avg dnr,max dnr,avg dhr,max dhr
0,MO,Ozark County,G2901530,2020-2039,15.208628968694024,38.22294998168945,-20.7044677734375,2202.0803893956445,1073.729962968891,67.87356950376676,8.509723421452204,22.766796367164968,-20.7044691012117,3.8122262118613883,8.806456565856934,177.43550228310502,986,195.46922355527755,941.3409423828124,71.16004566210046,483
