,state,county,gisjoin,year range,avg temp,max temp,min temp,hdd,cdd,avg rh,average dp,max dp,min dp,avg wind speed,max wind speed,avg ghr,max ghr,avg dnr,max dnr,avg dhr,max dhr
0,MO,Ozark County,G2901530,2040-2059,16.45773953029508,39.80170440673828,-9.340115547180176,1947.9638659916675,1275.5387945493837,67.84992255337163,9.73438773262001,25.547318730644708,-9.340116006354462,3.8779865676409577,8.838619232177734,177.43550228310502,986,192.71513187192224,929.3855590820312,71.16004566210046,483
