,state,county,gisjoin,year range,avg temp,max temp,min temp,hdd,cdd,avg rh,average dp,max dp,min dp,avg wind speed,max wind speed,avg ghr,max ghr,avg dnr,max dnr,avg dhr,max dhr
0,IL,Kankakee County,G1700910,2060-2079,13.541279045550898,36.46422576904297,-19.806947708129883,2816.230469646191,1079.2973212719583,70.01193715099875,7.514888567152138,26.959747888852725,-19.806948875823988,4.082100169612392,10.303610801696776,157.21929223744291,960,170.95687427500553,916.374267578125,71.23002283105023,479
