,state,county,gisjoin,year range,avg temp,max temp,min temp,hdd,cdd,avg rh,average dp,max dp,min dp,avg wind speed,max wind speed,avg ghr,max ghr,avg dnr,max dnr,avg dhr,max dhr
0,IA,Keokuk County,G1901070,2000-2019,10.971236279231253,37.10071563720703,-26.08357048034668,3375.171924340233,700.1731662591652,67.81923601453163,4.512756860189985,25.019974573587252,-26.08357281507193,4.530852222769227,10.184107780456545,156.76381278538813,957,180.13926970976414,914.2925415039062,70.3079908675799,573
