,state,county,gisjoin,year range,avg temp,max temp,min temp,hdd,cdd,avg rh,average dp,max dp,min dp,avg wind speed,max wind speed,avg ghr,max ghr,avg dnr,max dnr,avg dhr,max dhr
0,IA,Keokuk County,G1901070,2080-2099,15.487692618195698,43.91081619262695,-19.325855255126957,2467.333515398048,1440.841321039213,67.8166892426199,8.843986841765393,27.40000989591005,-19.32585532122448,4.383049138278177,10.49867820739746,156.76381278538813,957,173.3386483233351,900.4048461914062,70.3079908675799,573
