,state,county,gisjoin,year range,avg temp,max temp,min temp,hdd,cdd,avg rh,average dp,max dp,min dp,avg wind speed,max wind speed,avg ghr,max ghr,avg dnr,max dnr,avg dhr,max dhr
0,NY,Jefferson County,G3600450,2080-2099,13.141851622483191,36.43526458740234,-22.14945602416992,2810.524426746076,927.8002689521072,72.66229051237237,7.776634916089612,26.89145901504693,-22.14945770625754,4.776280115401908,13.222606658935549,134.76164383561644,950,160.8864581188624,871.3087158203125,68.14668949771689,565
