,state,county,gisjoin,year range,avg temp,max temp,min temp,hdd,cdd,avg rh,average dp,max dp,min dp,avg wind speed,max wind speed,avg ghr,max ghr,avg dnr,max dnr,avg dhr,max dhr
0,IN,Monroe County,G1801050,2020-2039,13.086022952636029,37.35105895996094,-15.22148609161377,2760.783368596219,857.6817463080606,70.11867249545442,7.042260155834274,23.61664490461269,-15.221486987688657,3.7973872197000946,9.727258682250977,145.4203196347032,987,181.3088982444034,935.9712524414062,74.32488584474886,663
