,state,county,gisjoin,year range,avg temp,max temp,min temp,hdd,cdd,avg rh,average dp,max dp,min dp,avg wind speed,max wind speed,avg ghr,max ghr,avg dnr,max dnr,avg dhr,max dhr
0,NE,Washington County,G3101770,2080-2099,15.610757324668407,41.90570068359375,-18.68043327331543,2483.701672123138,1502.1280956268183,64.9888258028248,8.256017690786381,30.022140208630702,-18.68043548066525,4.341855972433743,8.725469589233398,175.23938356164385,983,175.52395115853082,896.841552734375,72.67842465753425,671
