,state,county,gisjoin,year range,avg temp,max temp,min temp,hdd,cdd,avg rh,average dp,max dp,min dp,avg wind speed,max wind speed,avg ghr,max ghr,avg dnr,max dnr,avg dhr,max dhr
0,TN,Putnam County,G4701410,2040-2059,16.521702611807054,37.93072509765625,-13.467430114746094,1912.9702546194385,1263.8917079290559,69.67858285925703,10.198385434810456,25.34031943812884,-13.467431798285489,4.08702796244458,11.18929958343506,161.43550228310502,982,186.39279362939024,934.0261840820312,76.61883561643836,593
