,state,county,gisjoin,year range,avg temp,max temp,min temp,hdd,cdd,avg rh,average dp,max dp,min dp,avg wind speed,max wind speed,avg ghr,max ghr,avg dnr,max dnr,avg dhr,max dhr
0,MI,Hillsdale County,G2600590,2000-2019,9.39732046495977,35.96356964111328,-21.295713424682617,3798.287148449872,548.8091181596334,68.71191313996162,3.225538999083227,22.97691219629167,-21.29571486495089,4.367272935528733,10.864073753356934,146.5865296803653,971,178.64784583602267,948.5330810546876,73.99063926940639,611
