,state,county,gisjoin,year range,avg temp,max temp,min temp,hdd,cdd,avg rh,average dp,max dp,min dp,avg wind speed,max wind speed,avg ghr,max ghr,avg dnr,max dnr,avg dhr,max dhr
0,IN,LaGrange County,G1800870,2000-2019,9.989625959784313,36.900001525878906,-25.86250114440918,3594.27870404125,560.992179362003,70.16457926192784,4.17499357741387,24.66148272402805,-26.00343486415104,4.44788547668555,10.719559669494627,146.92853881278538,958,177.45844516439212,926.1111450195312,72.74794520547945,632
