,state,county,gisjoin,year range,avg temp,max temp,min temp,hdd,cdd,avg rh,average dp,max dp,min dp,avg wind speed,max wind speed,avg ghr,max ghr,avg dnr,max dnr,avg dhr,max dhr
0,IN,LaGrange County,G1800870,2020-2039,10.973382422117718,34.911651611328125,-23.44321632385254,3355.759404886528,681.5439889590313,69.49177494114393,4.935816827614389,23.62676138630186,-23.44321781365107,4.450602151868551,9.978184700012209,146.92853881278538,958,175.64342517374595,935.4096069335938,72.74794520547945,632
