,state,county,gisjoin,year range,avg temp,max temp,min temp,hdd,cdd,avg rh,average dp,max dp,min dp,avg wind speed,max wind speed,avg ghr,max ghr,avg dnr,max dnr,avg dhr,max dhr
0,VA,Bristol city,G5105200,2020-2039,13.804142093041632,34.14546585083008,-15.584128379821776,2385.0594305226005,744.0712944825955,67.78242531236448,7.154215588158779,21.54744783265158,-15.584128678696814,4.3479757517984465,11.11262035369873,168.6343607305936,1013,192.11594714670588,968.36962890625,76.73002283105023,668
