,state,county,gisjoin,year range,avg temp,max temp,min temp,hdd,cdd,avg rh,average dp,max dp,min dp,avg wind speed,max wind speed,avg ghr,max ghr,avg dnr,max dnr,avg dhr,max dhr
0,VA,Bristol city,G5105200,2080-2099,17.25112621905786,36.53273010253906,-7.868063926696777,1724.6812050911874,1341.842275047385,68.05394096091457,10.521382942389808,23.47690415040401,-7.86806426652701,4.73405971265819,12.058356285095217,168.6343607305936,1013,185.68627038596986,969.2883911132812,76.73002283105023,668
