,state,county,gisjoin,year range,avg temp,max temp,min temp,hdd,cdd,avg rh,average dp,max dp,min dp,avg wind speed,max wind speed,avg ghr,max ghr,avg dnr,max dnr,avg dhr,max dhr
0,MN,Clearwater County,G2700290,2000-2019,4.765046614306191,36.09600067138672,-34.2053337097168,5255.602032149139,315.3440463701805,63.04214309230787,-2.662138817339672,19.26688251077393,-34.20533662996462,4.9917691527980645,9.664502143859863,147.42568493150685,947,174.0526198377936,892.7236328125,61.282876712328765,533
