,state,county,gisjoin,year range,avg temp,max temp,min temp,hdd,cdd,avg rh,average dp,max dp,min dp,avg wind speed,max wind speed,avg ghr,max ghr,avg dnr,max dnr,avg dhr,max dhr
0,MN,Clearwater County,G2700290,2040-2059,6.606109955224429,33.78105545043945,-35.07119369506836,4777.017049777887,508.7471834341846,64.44544385796813,-0.5122799678304151,21.73791964866301,-35.07119762260664,4.937219028766841,11.360081672668455,147.42568493150685,947,173.31139699423815,909.2578125,61.282876712328765,533
