,state,county,gisjoin,year range,avg temp,max temp,min temp,hdd,cdd,avg rh,average dp,max dp,min dp,avg wind speed,max wind speed,avg ghr,max ghr,avg dnr,max dnr,avg dhr,max dhr
0,TX,Lavaca County,G4802850,2040-2059,22.8318676091014,40.42570877075195,-4.283018112182617,709.9396157935663,2364.071293115366,66.75651196693177,15.588741902104891,26.36202198076057,-4.4804415512145885,3.885255082012856,7.9919753074646,191.83721461187216,1049,201.53056455402864,977.6455688476562,89.82671232876713,513
