,state,county,gisjoin,year range,avg temp,max temp,min temp,hdd,cdd,avg rh,average dp,max dp,min dp,avg wind speed,max wind speed,avg ghr,max ghr,avg dnr,max dnr,avg dhr,max dhr
0,TX,Lavaca County,G4802850,2060-2079,23.061903008201146,40.19908142089844,-3.142896890640259,641.6850854852233,2379.7796834784112,66.18248687639628,15.705542407926748,26.593830841016462,-3.619127579683889,3.8817928186834676,7.573169231414795,191.83721461187216,1049,200.87016154727803,940.1466064453124,89.82671232876713,513
