,state,county,gisjoin,year range,avg temp,max temp,min temp,hdd,cdd,avg rh,average dp,max dp,min dp,avg wind speed,max wind speed,avg ghr,max ghr,avg dnr,max dnr,avg dhr,max dhr
0,OK,Roger Mills County,G4001290,1980-1999,13.999204178665753,37.93375015258789,-16.932498931884766,2593.217026939943,1023.4265521526926,59.112507908420476,4.97844581500027,20.43696322507173,-18.27411739825015,4.618146904745059,10.331302642822266,196.1054794520548,1051,212.057187018928,982.0171508789062,61.95616438356164,602
