,state,county,gisjoin,year range,avg temp,max temp,min temp,hdd,cdd,avg rh,average dp,max dp,min dp,avg wind speed,max wind speed,avg ghr,max ghr,avg dnr,max dnr,avg dhr,max dhr
0,OK,Roger Mills County,G4001290,2000-2019,15.576396728808296,39.55500030517578,-15.568750381469728,2258.3470255993248,1264.2318316142498,56.39261712091699,5.723333480748104,22.789582924758705,-16.483346588325713,4.727531623214348,11.420421600341797,196.1054794520548,1051,210.71605515720557,955.074951171875,61.95616438356164,602
