,state,county,gisjoin,year range,avg temp,max temp,min temp,hdd,cdd,avg rh,average dp,max dp,min dp,avg wind speed,max wind speed,avg ghr,max ghr,avg dnr,max dnr,avg dhr,max dhr
0,FL,Brevard County,G1200090,1980-1999,22.219245251601553,34.36684036254883,0.3973682224750519,422.1860257330033,1852.7105425674179,69.27570931486888,15.818710640447957,24.558721070418617,-0.292083615883902,4.388299938097392,9.515375137329102,196.18755707762557,1008,196.17179378122665,934.972412109375,81.41929223744292,672
