,state,county,gisjoin,year range,avg temp,max temp,min temp,hdd,cdd,avg rh,average dp,max dp,min dp,avg wind speed,max wind speed,avg ghr,max ghr,avg dnr,max dnr,avg dhr,max dhr
0,FL,Brevard County,G1200090,2020-2039,23.18042779066706,35.67222213745117,-1.6491944789886477,357.05918970934573,2138.415333302577,70.9279319695686,17.140106915436622,26.008855476789307,-1.8543258508184577,4.364019932812208,9.98762321472168,196.18755707762557,1008,192.4950491823642,938.962890625,81.41929223744292,672
