,state,county,gisjoin,year range,avg temp,max temp,min temp,hdd,cdd,avg rh,average dp,max dp,min dp,avg wind speed,max wind speed,avg ghr,max ghr,avg dnr,max dnr,avg dhr,max dhr
0,FL,Brevard County,G1200090,2040-2059,24.175975166615014,37.93009948730469,0.8796045184135437,308.8252674078033,2453.5562032219545,70.36131897952458,17.935565030901515,27.52613398586185,0.7617192137227993,4.341680192457487,8.75992488861084,196.18755707762557,1008,189.40922160211645,930.035888671875,81.41929223744292,672
