,state,county,gisjoin,year range,avg temp,max temp,min temp,hdd,cdd,avg rh,average dp,max dp,min dp,avg wind speed,max wind speed,avg ghr,max ghr,avg dnr,max dnr,avg dhr,max dhr
0,KY,Carroll County,G2100410,2000-2019,13.779677411943693,34.3849983215332,-17.863571166992188,2518.861135153334,868.9433905125185,69.55085332992414,7.582791100646552,23.89309951881548,-17.863572683616777,4.3164140058434715,9.86848258972168,165.93150684931507,993,183.91115564143814,930.57275390625,75.84075342465754,554
