,state,county,gisjoin,year range,avg temp,max temp,min temp,hdd,cdd,avg rh,average dp,max dp,min dp,avg wind speed,max wind speed,avg ghr,max ghr,avg dnr,max dnr,avg dhr,max dhr
0,TX,Comal County,G4800910,1980-1999,18.991828347100945,37.65312576293945,-6.860625267028809,1277.1780596337258,1529.6954063256292,63.73541318749728,11.130454509234285,23.084747135605195,-6.860625835455331,3.9892883848926246,7.747151851654053,202.06700913242008,1041,211.9853579041675,992.7559814453124,76.99691780821918,512
