,state,county,gisjoin,year range,avg temp,max temp,min temp,hdd,cdd,avg rh,average dp,max dp,min dp,avg wind speed,max wind speed,avg ghr,max ghr,avg dnr,max dnr,avg dhr,max dhr
0,TX,Comal County,G4800910,2020-2039,20.440008259047293,39.31477737426758,-6.624882221221924,1015.1964890601898,1796.299503612394,64.15392027619767,12.56167171886866,24.571817480597417,-6.624882700223321,4.044601269045922,8.301717758178711,202.06700913242008,1041,211.08539152262637,972.0045776367188,76.99691780821918,512
