,state,county,gisjoin,year range,avg temp,max temp,min temp,hdd,cdd,avg rh,average dp,max dp,min dp,avg wind speed,max wind speed,avg ghr,max ghr,avg dnr,max dnr,avg dhr,max dhr
0,TX,Comal County,G4800910,2060-2079,21.960627371638367,40.47554397583008,-5.5565924644470215,801.2107387246075,2137.3397293724524,65.13627383175506,14.312076219071347,25.39887017130911,-5.556593037689907,4.132481120887412,7.944601535797119,202.06700913242008,1041,205.95829096360612,964.5669555664062,76.99691780821918,512
