,state,county,gisjoin,year range,avg temp,max temp,min temp,hdd,cdd,avg rh,average dp,max dp,min dp,avg wind speed,max wind speed,avg ghr,max ghr,avg dnr,max dnr,avg dhr,max dhr
0,VA,Floyd County,G5100630,2000-2019,12.37468789659647,33.38399887084961,-15.251999855041504,2749.685790151884,586.9468724092147,68.40873413499632,5.945337164207978,20.349893002400684,-15.252001007543097,4.589528077595855,11.48184299468994,165.1747716894977,1001,193.28509427724177,963.6731567382812,76.48904109589041,650
