,state,county,gisjoin,year range,avg temp,max temp,min temp,hdd,cdd,avg rh,average dp,max dp,min dp,avg wind speed,max wind speed,avg ghr,max ghr,avg dnr,max dnr,avg dhr,max dhr
0,MI,Muskegon County,G2601210,2000-2019,9.483138818622736,34.54692459106445,-18.56077003479004,3696.080730068667,477.9263988653956,70.01698288046606,3.597728295880335,21.53277371160748,-18.77892349365219,5.802472933051793,14.244872093200684,159.36461187214613,976,175.5452924546925,916.0936889648438,74.8865296803653,558
