,state,county,gisjoin,year range,avg temp,max temp,min temp,hdd,cdd,avg rh,average dp,max dp,min dp,avg wind speed,max wind speed,avg ghr,max ghr,avg dnr,max dnr,avg dhr,max dhr
0,MI,Muskegon County,G2601210,2040-2059,11.601326184637013,34.51251602172852,-17.227094650268555,3189.7832244740493,744.7672818661117,69.6052893865054,5.548024585278972,22.651050979668486,-17.562017019571,5.7008768281980196,14.008170127868652,159.36461187214613,976,172.3415676950094,925.587646484375,74.8865296803653,558
