,state,county,gisjoin,year range,avg temp,max temp,min temp,hdd,cdd,avg rh,average dp,max dp,min dp,avg wind speed,max wind speed,avg ghr,max ghr,avg dnr,max dnr,avg dhr,max dhr
0,MI,Muskegon County,G2601210,2080-2099,13.921768151993259,37.03321075439453,-13.85891056060791,2646.5138332497168,1048.4592087269436,70.51011664921835,8.007975246638333,25.23098385471489,-13.858912393183452,5.7875995949250925,14.136656761169434,159.36461187214613,976,165.9588894099975,890.7262573242188,74.8865296803653,558
