,state,county,gisjoin,year range,avg temp,max temp,min temp,hdd,cdd,avg rh,average dp,max dp,min dp,avg wind speed,max wind speed,avg ghr,max ghr,avg dnr,max dnr,avg dhr,max dhr
0,PA,Beaver County,G4200070,2040-2059,13.263862270943461,39.64437484741211,-15.570611000061035,2683.2722653375445,845.0819942315943,70.35884662001101,7.302959937948553,23.19988969179795,-15.570612367288833,4.039762583252502,8.764226913452148,158.82305936073058,999,173.42933092027158,931.8516845703124,81.5310502283105,506
