,state,county,gisjoin,year range,avg temp,max temp,min temp,hdd,cdd,avg rh,average dp,max dp,min dp,avg wind speed,max wind speed,avg ghr,max ghr,avg dnr,max dnr,avg dhr,max dhr
0,PA,Beaver County,G4200070,2060-2079,13.830639459213378,34.64215850830078,-19.49918556213379,2549.687361197918,918.3707638105326,70.06963348671727,7.754828012540699,23.823214897214594,-19.499186917409943,4.053353267009944,10.610065460205078,158.82305936073058,999,171.88534618095008,910.1062622070312,81.5310502283105,506
