,state,county,gisjoin,year range,avg temp,max temp,min temp,hdd,cdd,avg rh,average dp,max dp,min dp,avg wind speed,max wind speed,avg ghr,max ghr,avg dnr,max dnr,avg dhr,max dhr
0,IA,Ida County,G1900930,1980-1999,7.9373910498255595,34.39706039428711,-27.86470603942871,4277.7149151900985,495.36264837584145,65.62515236460455,1.1179301541546052,21.12257954749608,-28.07205672573185,4.569724646333146,9.972980499267578,155.99155251141553,977,182.60151655651185,925.9435424804688,65.48869863013698,593
