,state,county,gisjoin,year range,avg temp,max temp,min temp,hdd,cdd,avg rh,average dp,max dp,min dp,avg wind speed,max wind speed,avg ghr,max ghr,avg dnr,max dnr,avg dhr,max dhr
0,MO,Lincoln County,G2901130,2000-2019,13.454278578549719,37.27812576293945,-17.51937484741211,2711.3538799017365,942.6655610720865,68.26559128717744,6.967025658565624,24.453297731678298,-17.519376928409574,4.174698102310912,12.566668510437012,170.02728310502283,982,187.43031215434272,935.2108764648438,71.99337899543379,645
