,state,county,gisjoin,year range,avg temp,max temp,min temp,hdd,cdd,avg rh,average dp,max dp,min dp,avg wind speed,max wind speed,avg ghr,max ghr,avg dnr,max dnr,avg dhr,max dhr
0,MT,Powder River County,G3000750,1980-1999,6.445029913091575,37.24692153930664,-27.72076988220215,4681.620879179004,354.5567974567378,55.74291757829658,-2.903422228972428,14.463467417412382,-27.72077293342281,4.04961302247766,9.001953125,172.92785388127854,963,193.72457858190882,922.6954345703124,61.53299086757991,446
