,state,county,gisjoin,year range,avg temp,max temp,min temp,hdd,cdd,avg rh,average dp,max dp,min dp,avg wind speed,max wind speed,avg ghr,max ghr,avg dnr,max dnr,avg dhr,max dhr
0,UT,Millard County,G4900270,2020-2039,12.416714224343108,40.03828811645508,-21.553377151489254,3130.2822422404515,982.8829341253135,45.2143060355426,-1.0460065310289155,14.533839712220992,-22.75043092338406,2.1959192279266984,6.17180061340332,197.43447488584474,1045,224.98742900419694,987.39990234375,61.406164383561645,601
