,state,county,gisjoin,year range,avg temp,max temp,min temp,hdd,cdd,avg rh,average dp,max dp,min dp,avg wind speed,max wind speed,avg ghr,max ghr,avg dnr,max dnr,avg dhr,max dhr
0,IL,Rock Island County,G1701610,2060-2079,13.653444964198275,37.6148567199707,-16.488325119018555,2832.5461486269505,1136.5535605590173,70.26900825805316,7.70529838225274,26.93258373731435,-17.5066833933437,3.804259699256453,10.7893705368042,168.07956621004567,979,172.69292928718457,891.6825561523438,71.69029680365297,593
