,state,county,gisjoin,year range,avg temp,max temp,min temp,hdd,cdd,avg rh,average dp,max dp,min dp,avg wind speed,max wind speed,avg ghr,max ghr,avg dnr,max dnr,avg dhr,max dhr
0,IL,Rock Island County,G1701610,2080-2099,15.680406654689415,40.73850631713867,-15.80163860321045,2405.6884888840045,1449.536917845415,70.54719807263379,9.733117402267279,27.609706750367128,-16.293610392823005,3.8936354356269316,10.955977439880373,168.07956621004567,979,170.02459874280763,880.077880859375,71.69029680365297,593
