,state,county,gisjoin,year range,avg temp,max temp,min temp,hdd,cdd,avg rh,average dp,max dp,min dp,avg wind speed,max wind speed,avg ghr,max ghr,avg dnr,max dnr,avg dhr,max dhr
0,OH,Pickaway County,G3901290,2000-2019,12.236790507565786,34.61466598510742,-24.74066734313965,2926.379680039152,713.30821530028,68.89260514925604,5.9774515658977405,23.860360283456064,-24.740667441273484,3.9384358108588007,8.617998123168945,158.8986301369863,997,182.50725038325618,930.9867553710938,79.0230593607306,522
