,state,county,gisjoin,year range,avg temp,max temp,min temp,hdd,cdd,avg rh,average dp,max dp,min dp,avg wind speed,max wind speed,avg ghr,max ghr,avg dnr,max dnr,avg dhr,max dhr
0,AL,Cleburne County,G0100290,2060-2079,18.547489871151097,37.52575302124024,-7.767920017242432,1396.1472431341926,1486.4810461044228,69.94407335634101,12.226505040175113,25.28997191567736,-7.767920314666974,3.9225016925705076,9.684285163879396,166.86575342465753,991,194.29975814067632,931.1337890625,82.30810502283104,594
