,state,county,gisjoin,year range,avg temp,max temp,min temp,hdd,cdd,avg rh,average dp,max dp,min dp,avg wind speed,max wind speed,avg ghr,max ghr,avg dnr,max dnr,avg dhr,max dhr
0,AL,Cleburne County,G0100290,2080-2099,20.018299838361028,40.070289611816406,-9.068516731262209,1234.728603638366,1861.9080446400783,70.42563346771345,13.763585283546357,27.113868624846333,-9.06851741800334,3.8957327761062204,10.827332496643066,166.86575342465753,991,189.6470171430142,928.5385131835938,82.30810502283104,594
