,state,county,gisjoin,year range,avg temp,max temp,min temp,hdd,cdd,avg rh,average dp,max dp,min dp,avg wind speed,max wind speed,avg ghr,max ghr,avg dnr,max dnr,avg dhr,max dhr
0,MS,Harrison County,G2800470,2000-2019,20.23542895039297,35.954376220703125,-6.111249923706055,953.4049440667656,1659.8365109601762,73.34185474321723,14.813535580612388,25.812340236285173,-6.111250508550834,4.474581450591349,9.99449634552002,178.2780821917808,1026,191.09438381311213,916.1439819335938,80.65433789954338,629
