,state,county,gisjoin,year range,avg temp,max temp,min temp,hdd,cdd,avg rh,average dp,max dp,min dp,avg wind speed,max wind speed,avg ghr,max ghr,avg dnr,max dnr,avg dhr,max dhr
0,MN,Lake County,G2700750,2020-2039,6.034639546947371,32.075767517089844,-29.928865432739254,4746.784439008147,269.92787364323243,67.98027989635729,-0.10069050747700496,19.505324459449785,-30.22527982612777,4.335544801084962,11.812858581542969,149.7857305936073,950,168.87532960982827,899.8497314453125,62.151712328767125,451
