,state,county,gisjoin,year range,avg temp,max temp,min temp,hdd,cdd,avg rh,average dp,max dp,min dp,avg wind speed,max wind speed,avg ghr,max ghr,avg dnr,max dnr,avg dhr,max dhr
0,NY,Cattaraugus County,G3600090,1980-1999,6.579620969788885,31.868000030517575,-28.12333297729492,4547.430516202658,269.49217017490975,68.58647224609166,0.3872187113191148,19.232931838192776,-28.12333372478725,5.208801229685953,12.317364692687988,153.51118721461188,991,178.53399545700225,942.7621459960938,82.74554794520547,487
