,state,county,gisjoin,year range,avg temp,max temp,min temp,hdd,cdd,avg rh,average dp,max dp,min dp,avg wind speed,max wind speed,avg ghr,max ghr,avg dnr,max dnr,avg dhr,max dhr
0,NY,Cattaraugus County,G3600090,2040-2059,9.7337708114943,33.24517822265625,-24.37181854248047,3613.522827509918,486.84917370480053,70.35858445668329,3.8111079819559004,21.983258093417994,-24.37182054526529,5.371032915213337,12.687965393066406,153.51118721461188,991,173.89535349680196,938.2623291015624,82.74554794520547,487
