,state,county,gisjoin,year range,avg temp,max temp,min temp,hdd,cdd,avg rh,average dp,max dp,min dp,avg wind speed,max wind speed,avg ghr,max ghr,avg dnr,max dnr,avg dhr,max dhr
0,NY,Cattaraugus County,G3600090,2080-2099,12.164076835371935,35.30843734741211,-17.31523895263672,3006.827170915722,767.2152158260789,70.4968778407737,6.160094393710496,21.659757079473597,-17.315239610327428,5.404089082757087,14.421128273010254,153.51118721461188,991,169.3737079965495,935.5067138671876,82.74554794520547,487
