,state,county,gisjoin,year range,avg temp,max temp,min temp,hdd,cdd,avg rh,average dp,max dp,min dp,avg wind speed,max wind speed,avg ghr,max ghr,avg dnr,max dnr,avg dhr,max dhr
0,NC,Randolph County,G3701510,2020-2039,16.615097033165497,35.91709899902344,-9.3014497756958,1782.5848719819076,1167.5952890873743,68.37592698232224,10.041691739644216,22.985276528377025,-9.301450871695138,3.5933956520198143,7.950212478637695,178.79029680365298,1013,190.0212449707797,929.8112182617188,77.87408675799087,511
