,state,county,gisjoin,year range,avg temp,max temp,min temp,hdd,cdd,avg rh,average dp,max dp,min dp,avg wind speed,max wind speed,avg ghr,max ghr,avg dnr,max dnr,avg dhr,max dhr
0,NC,Randolph County,G3701510,2040-2059,17.983557565651726,37.54655075073242,-8.508559226989746,1565.4009404604458,1449.8994519233868,68.75395291385041,11.443272369987612,25.313168151113626,-8.508559665932674,3.6384944816158242,8.063935279846191,178.79029680365298,1013,187.19109239854257,926.9523315429688,77.87408675799087,511
