,state,county,gisjoin,year range,avg temp,max temp,min temp,hdd,cdd,avg rh,average dp,max dp,min dp,avg wind speed,max wind speed,avg ghr,max ghr,avg dnr,max dnr,avg dhr,max dhr
0,NC,Randolph County,G3701510,2080-2099,19.81156716759406,39.75775909423828,-6.328463554382324,1298.8302244064203,1850.5522405781896,70.41558152573293,13.619850710899241,26.98038679282086,-6.3284638771745785,3.696573662104672,8.187355041503906,178.79029680365298,1013,182.7504372824197,919.30615234375,77.87408675799087,511
