,state,county,gisjoin,year range,avg temp,max temp,min temp,hdd,cdd,avg rh,average dp,max dp,min dp,avg wind speed,max wind speed,avg ghr,max ghr,avg dnr,max dnr,avg dhr,max dhr
0,MN,Lake of the Woods County,G2700770,1980-1999,2.795867628352439,32.97249984741211,-39.970001220703125,5879.826389767062,220.81807411511193,62.36857819132609,-4.665012335381312,18.53664451090894,-39.97000487588876,4.624741059460052,9.952591896057127,150.53550228310502,941,165.26574024523316,912.4765014648438,58.31792237442922,586
