,state,county,gisjoin,year range,avg temp,max temp,min temp,hdd,cdd,avg rh,average dp,max dp,min dp,avg wind speed,max wind speed,avg ghr,max ghr,avg dnr,max dnr,avg dhr,max dhr
0,MT,Stillwater County,G3000950,1980-1999,7.809977368831516,34.00312423706055,-27.896875381469727,4167.103717613118,338.2454572359648,51.08739279133,-2.951124345422613,12.99725347107627,-29.359981855658948,3.2767847652304662,8.131731986999512,171.48527397260273,981,192.26688106559854,932.7240600585938,62.87591324200913,577
