,state,county,gisjoin,year range,avg temp,max temp,min temp,hdd,cdd,avg rh,average dp,max dp,min dp,avg wind speed,max wind speed,avg ghr,max ghr,avg dnr,max dnr,avg dhr,max dhr
0,MT,Stillwater County,G3000950,2060-2079,11.547556585183347,38.82716751098633,-22.78105926513672,3266.9874522587793,802.3456058502561,53.590877036308044,1.0495645142278158,16.447488618141332,-23.58280345948396,3.175279086583281,7.369022846221924,171.48527397260273,981,190.46104733351783,917.8330078125,62.87591324200913,577
