,state,county,gisjoin,year range,avg temp,max temp,min temp,hdd,cdd,avg rh,average dp,max dp,min dp,avg wind speed,max wind speed,avg ghr,max ghr,avg dnr,max dnr,avg dhr,max dhr
0,KY,Menifee County,G2101650,1980-1999,11.863675075907269,34.69066619873047,-24.0853328704834,2985.9599537370527,636.7013564428023,68.41825184255974,5.424674875816533,21.605147390776555,-24.085333843540376,3.576672535957811,8.919122695922852,167.09063926940638,986,190.02127315071434,956.0228271484376,74.89349315068493,524
