,state,county,gisjoin,year range,avg temp,max temp,min temp,hdd,cdd,avg rh,average dp,max dp,min dp,avg wind speed,max wind speed,avg ghr,max ghr,avg dnr,max dnr,avg dhr,max dhr
0,GA,Rockdale County,G1302470,2080-2099,20.914095023324336,40.58487701416016,-6.291882991790772,1078.5002841855978,2032.644967698864,69.84590355446349,14.510768743966135,27.79153035257868,-6.291883362126191,3.574651552321704,9.380473136901855,164.0777397260274,1027,187.9091033597112,916.17431640625,78.95433789954338,661
