,state,county,gisjoin,year range,avg temp,max temp,min temp,hdd,cdd,avg rh,average dp,max dp,min dp,avg wind speed,max wind speed,avg ghr,max ghr,avg dnr,max dnr,avg dhr,max dhr
0,WV,Fayette County,G5400190,2080-2099,15.95328505646127,35.53425598144531,-9.226213455200195,1986.2677075407546,1129.7167531491077,70.42654924828167,9.861056146419454,23.77675913772182,-9.38811411300147,4.356577234072228,12.058093070983888,154.16095890410958,1004,176.76668672516016,952.8912353515624,77.92956621004566,649
