,state,county,gisjoin,year range,avg temp,max temp,min temp,hdd,cdd,avg rh,average dp,max dp,min dp,avg wind speed,max wind speed,avg ghr,max ghr,avg dnr,max dnr,avg dhr,max dhr
0,MS,Yazoo County,G2801630,2040-2059,20.231938927093964,38.36429977416992,-7.562103748321533,1141.0581902038955,1846.2158985931508,70.27248671980209,13.95392756602886,26.370714462470698,-7.562104159518332,3.5082113194139035,9.018877983093262,191.8788812785388,1032,193.48040178578194,912.342041015625,80.42180365296804,569
