,state,county,gisjoin,year range,avg temp,max temp,min temp,hdd,cdd,avg rh,average dp,max dp,min dp,avg wind speed,max wind speed,avg ghr,max ghr,avg dnr,max dnr,avg dhr,max dhr
0,PA,Bedford County,G4200090,2000-2019,11.10470765689707,34.69937515258789,-20.99187469482422,3227.096647656553,600.8149424235304,67.45204109927835,4.484977868723456,21.59042769182696,-21.12825290006886,4.734302518465747,12.466146469116213,154.90456621004566,981,185.10853451531625,959.1172485351562,76.99292237442923,504
