,state,county,gisjoin,year range,avg temp,max temp,min temp,hdd,cdd,avg rh,average dp,max dp,min dp,avg wind speed,max wind speed,avg ghr,max ghr,avg dnr,max dnr,avg dhr,max dhr
0,PA,Bedford County,G4200090,2040-2059,12.80057358125684,34.75611877441406,-15.703413009643556,2812.346524580311,805.0558817387108,68.73497321899623,6.426330384545707,23.148716564766108,-15.703414922542954,4.98900754190471,11.401189804077148,154.90456621004566,981,180.4052642819913,930.2431640625,76.99292237442923,504
