,state,county,gisjoin,year range,avg temp,max temp,min temp,hdd,cdd,avg rh,average dp,max dp,min dp,avg wind speed,max wind speed,avg ghr,max ghr,avg dnr,max dnr,avg dhr,max dhr
0,OK,Marshall County,G4000950,1980-1999,16.49592068047901,39.48799896240234,-11.454666137695312,1914.50255388198,1256.0136022568508,67.41572360796471,9.658594760715152,23.37456442713941,-11.45466638461154,4.055078333697907,8.86817741394043,178.30456621004566,1020,201.22527411314016,956.5938720703124,76.1203196347032,657
