,state,county,gisjoin,year range,avg temp,max temp,min temp,hdd,cdd,avg rh,average dp,max dp,min dp,avg wind speed,max wind speed,avg ghr,max ghr,avg dnr,max dnr,avg dhr,max dhr
0,OK,Marshall County,G4000950,2020-2039,18.395794410089703,39.829734802246094,-9.749347686767578,1516.2908213478468,1551.2557810306173,66.82331153813018,11.387018422235606,24.30284901406014,-9.74934818711547,4.105029636866425,8.66714859008789,178.30456621004566,1020,199.51568029197668,955.9107666015624,76.1203196347032,657
