,state,county,gisjoin,year range,avg temp,max temp,min temp,hdd,cdd,avg rh,average dp,max dp,min dp,avg wind speed,max wind speed,avg ghr,max ghr,avg dnr,max dnr,avg dhr,max dhr
0,OK,Marshall County,G4000950,2060-2079,19.787004971067965,41.057525634765625,-9.846959114074709,1353.8989737910003,1896.655788230758,69.31894601360304,13.25973587012902,27.32246563341201,-9.846960060821868,4.194546459472343,8.629249572753906,178.30456621004566,1020,196.47812132422877,933.6920776367188,76.1203196347032,657
