,state,county,gisjoin,year range,avg temp,max temp,min temp,hdd,cdd,avg rh,average dp,max dp,min dp,avg wind speed,max wind speed,avg ghr,max ghr,avg dnr,max dnr,avg dhr,max dhr
0,OK,Marshall County,G4000950,2080-2099,21.749127498358067,46.215576171875,-6.682845592498779,1067.3816575171923,2326.3131944177258,68.1268875248356,14.868201247464535,30.02906663678949,-7.128867047916287,4.101882689293117,8.999587059020996,178.30456621004566,1020,191.62661061303538,899.9664916992188,76.1203196347032,657
