,state,county,gisjoin,year range,avg temp,max temp,min temp,hdd,cdd,avg rh,average dp,max dp,min dp,avg wind speed,max wind speed,avg ghr,max ghr,avg dnr,max dnr,avg dhr,max dhr
0,WV,Upshur County,G5400970,1980-1999,10.469993985529971,34.20333480834961,-27.46199989318848,3332.763218040576,474.811022758496,68.39569164585305,3.999806047241189,19.740259869249407,-27.462002947986843,4.627808765515889,11.23616886138916,152.77431506849314,988,185.40934077886047,958.7916870117188,76.34977168949771,668
