,state,county,gisjoin,year range,avg temp,max temp,min temp,hdd,cdd,avg rh,average dp,max dp,min dp,avg wind speed,max wind speed,avg ghr,max ghr,avg dnr,max dnr,avg dhr,max dhr
0,WV,Upshur County,G5400970,2000-2019,11.617192931096074,34.1053352355957,-17.92533302307129,3044.6846049999654,605.4600248496035,69.31885048722567,5.33303856455971,21.361560379716817,-17.925335434861353,4.808491043195333,11.715005874633787,152.77431506849314,988,182.28649612761438,961.219970703125,76.34977168949771,668
