,state,county,gisjoin,year range,avg temp,max temp,min temp,hdd,cdd,avg rh,average dp,max dp,min dp,avg wind speed,max wind speed,avg ghr,max ghr,avg dnr,max dnr,avg dhr,max dhr
0,WV,Upshur County,G5400970,2040-2059,13.539736078625022,34.518699645996094,-15.688515663146973,2549.399764338996,811.9034330368555,69.77949011902831,7.305022419319414,22.10165455045638,-15.68851799952381,4.78250546357403,11.821981430053713,152.77431506849314,988,178.14580225029633,948.4752807617188,76.34977168949771,668
