,state,county,gisjoin,year range,avg temp,max temp,min temp,hdd,cdd,avg rh,average dp,max dp,min dp,avg wind speed,max wind speed,avg ghr,max ghr,avg dnr,max dnr,avg dhr,max dhr
0,VA,Essex County,G5100570,1980-1999,13.772651766894198,35.13999938964844,-18.594667434692383,2422.080649665651,769.5985445817786,69.22301493627296,7.56035364530796,22.49689207246558,-18.594669363833955,4.14982968617792,10.755208015441896,177.37933789954337,997,186.79713791938335,927.9034423828124,76.71575342465754,520
