,state,county,gisjoin,year range,avg temp,max temp,min temp,hdd,cdd,avg rh,average dp,max dp,min dp,avg wind speed,max wind speed,avg ghr,max ghr,avg dnr,max dnr,avg dhr,max dhr
0,MN,Rice County,G2701310,2040-2059,10.090745847160731,35.94621658325195,-26.99799156188965,3744.31196097157,747.9341951847468,68.91692401219721,3.999910656916449,26.07802941283391,-26.99799255168215,4.789374941995699,10.699048042297363,151.86141552511415,957,169.489738280377,884.9188232421875,67.79509132420091,609
