,state,county,gisjoin,year range,avg temp,max temp,min temp,hdd,cdd,avg rh,average dp,max dp,min dp,avg wind speed,max wind speed,avg ghr,max ghr,avg dnr,max dnr,avg dhr,max dhr
0,IA,Clay County,G1900410,1980-1999,7.257955437777622,33.9119987487793,-30.606666564941406,4481.829546093045,451.48328088125527,64.67902510089961,0.2648243967338305,20.79463186480134,-30.89483150090717,4.987010634435366,9.658071517944336,145.15981735159818,971,180.43463603077885,908.5875244140624,69.15570776255707,591
