,state,county,gisjoin,year range,avg temp,max temp,min temp,hdd,cdd,avg rh,average dp,max dp,min dp,avg wind speed,max wind speed,avg ghr,max ghr,avg dnr,max dnr,avg dhr,max dhr
0,MI,Allegan County,G2600050,2040-2059,12.193476493630149,39.15426254272461,-16.254119873046875,3010.307474081415,781.426394256002,71.16325200747137,6.499586401457754,25.848754346955783,-16.529745490453905,4.7624420887939465,10.696656227111816,158.31381278538814,981,171.9805328724669,921.3353271484376,76.23630136986301,491
