,state,county,gisjoin,year range,avg temp,max temp,min temp,hdd,cdd,avg rh,average dp,max dp,min dp,avg wind speed,max wind speed,avg ghr,max ghr,avg dnr,max dnr,avg dhr,max dhr
0,NC,Graham County,G3700750,2000-2019,13.782007581036956,33.320587158203125,-13.129411697387695,2340.8967611740763,691.8295282523258,69.57704172548094,7.534868950016566,20.426979441099807,-13.129412318785535,4.847257602214813,12.822524070739746,178.29326484018264,1001,197.2860781564929,975.0963134765624,79.80730593607306,584
