,state,county,gisjoin,year range,avg temp,max temp,min temp,hdd,cdd,avg rh,average dp,max dp,min dp,avg wind speed,max wind speed,avg ghr,max ghr,avg dnr,max dnr,avg dhr,max dhr
0,IN,Gibson County,G1800510,1980-1999,12.94732963670498,36.9162483215332,-21.928125381469727,2796.947783328875,843.2231007258591,69.52786954222205,6.788445511386188,25.272514869368088,-21.92812717008133,3.8512152103256416,9.165138244628906,176.53789954337898,1021,186.64566119582,924.2061767578124,72.31050228310502,605
