,state,county,gisjoin,year range,avg temp,max temp,min temp,hdd,cdd,avg rh,average dp,max dp,min dp,avg wind speed,max wind speed,avg ghr,max ghr,avg dnr,max dnr,avg dhr,max dhr
0,IN,Huntington County,G1800690,2000-2019,10.860109554950636,35.983123779296875,-20.498125076293945,3398.07247946228,682.5124670187973,69.64428777629382,4.839012820356923,23.216372704287934,-20.49812503423157,4.293629397513115,10.934844970703123,161.35730593607306,996,178.62212479123744,933.5396118164062,77.8412100456621,499
