,state,county,gisjoin,year range,avg temp,max temp,min temp,hdd,cdd,avg rh,average dp,max dp,min dp,avg wind speed,max wind speed,avg ghr,max ghr,avg dnr,max dnr,avg dhr,max dhr
0,IN,Huntington County,G1800690,2060-2079,13.506315803798218,36.978851318359375,-27.18254852294922,2774.9210956384927,1025.2263640245405,70.2650816869518,7.533623588802813,24.56357483100604,-27.18255149982044,4.277346184455096,11.17417812347412,161.35730593607306,996,172.00391098101846,904.2424926757812,77.8412100456621,499
