,state,county,gisjoin,year range,avg temp,max temp,min temp,hdd,cdd,avg rh,average dp,max dp,min dp,avg wind speed,max wind speed,avg ghr,max ghr,avg dnr,max dnr,avg dhr,max dhr
0,WI,Brown County,G5500090,2040-2059,9.976926370919761,39.03411865234375,-20.722904205322266,3662.708210416904,624.7863358021094,68.96998315336498,3.9271231590681053,24.769303519731764,-20.94218950055756,4.213439020092629,9.447793006896973,157.12865296803653,955,168.75922025182928,878.2030029296875,71.04634703196346,543
