,state,county,gisjoin,year range,avg temp,max temp,min temp,hdd,cdd,avg rh,average dp,max dp,min dp,avg wind speed,max wind speed,avg ghr,max ghr,avg dnr,max dnr,avg dhr,max dhr
0,WI,Brown County,G5500090,2060-2079,10.563481048825192,37.15862655639648,-27.38591957092285,3530.864786766267,707.035369586978,70.22255897108278,4.766539369718863,24.239479429994745,-27.385921428072976,4.312352170601283,9.726893424987791,157.12865296803653,955,165.46158095378402,858.099609375,71.04634703196346,543
