,state,county,gisjoin,year range,avg temp,max temp,min temp,hdd,cdd,avg rh,average dp,max dp,min dp,avg wind speed,max wind speed,avg ghr,max ghr,avg dnr,max dnr,avg dhr,max dhr
0,WI,Brown County,G5500090,2080-2099,13.061365282851629,39.83267974853516,-15.738879203796388,2932.2531127455713,1020.1514409860533,70.10619426753424,7.1327632515618165,24.61801867448136,-15.933773801593208,4.219437061216189,8.582578659057617,157.12865296803653,955,164.8314663523492,872.0763549804688,71.04634703196346,543
