,state,county,gisjoin,year range,avg temp,max temp,min temp,hdd,cdd,avg rh,average dp,max dp,min dp,avg wind speed,max wind speed,avg ghr,max ghr,avg dnr,max dnr,avg dhr,max dhr
0,TX,Cottle County,G4801010,1980-1999,16.16586531679503,40.93437576293945,-15.26937484741211,2085.950557799783,1306.9913984299467,57.090229403918194,6.536603941157862,22.24341332608001,-15.679310480068228,4.051510569439631,8.238449096679688,202.55091324200913,1023,216.87629480153655,965.1029052734376,63.59006849315068,598
