,state,county,gisjoin,year range,avg temp,max temp,min temp,hdd,cdd,avg rh,average dp,max dp,min dp,avg wind speed,max wind speed,avg ghr,max ghr,avg dnr,max dnr,avg dhr,max dhr
0,TX,Cottle County,G4801010,2060-2079,20.03220396133687,44.369441986083984,-11.222745895385742,1460.4749937520317,2092.7294396398743,54.8014583375356,9.42892312070638,25.073714115264053,-12.027407118933043,4.123883902237296,8.743549346923828,202.55091324200913,1023,211.61516232488003,973.7496337890624,63.59006849315068,598
