,state,county,gisjoin,year range,avg temp,max temp,min temp,hdd,cdd,avg rh,average dp,max dp,min dp,avg wind speed,max wind speed,avg ghr,max ghr,avg dnr,max dnr,avg dhr,max dhr
0,TX,Cottle County,G4801010,2080-2099,21.595584190389584,44.5988655090332,-7.6827569007873535,1233.6222196629026,2436.5104491549305,54.67435479882645,10.823764848898325,29.14506105880658,-14.733417174165464,4.203098752346213,10.323296546936035,202.55091324200913,1023,208.5726894818583,943.107177734375,63.59006849315068,598
