,state,county,gisjoin,year range,avg temp,max temp,min temp,hdd,cdd,avg rh,average dp,max dp,min dp,avg wind speed,max wind speed,avg ghr,max ghr,avg dnr,max dnr,avg dhr,max dhr
0,MI,Gratiot County,G2600570,1980-1999,7.884317162023191,32.78153991699219,-26.97846221923828,4213.987028830917,412.2627929687564,66.82078399179188,1.3378941926764067,21.42489956795009,-27.455444403864927,4.1158628229000795,9.922741889953612,156.12328767123287,982,179.333271671381,921.2578735351562,75.49714611872146,625
