,state,county,gisjoin,year range,avg temp,max temp,min temp,hdd,cdd,avg rh,average dp,max dp,min dp,avg wind speed,max wind speed,avg ghr,max ghr,avg dnr,max dnr,avg dhr,max dhr
0,MI,Gratiot County,G2600570,2040-2059,10.887316440651553,35.366451263427734,-19.98046112060547,3416.880920948046,711.2514217853928,68.86904207103329,4.658996788214931,22.59365531138325,-20.63296474912334,4.260941570058261,10.44704818725586,156.12328767123287,982,175.88371970947506,912.560791015625,75.49714611872146,625
