,state,county,gisjoin,year range,avg temp,max temp,min temp,hdd,cdd,avg rh,average dp,max dp,min dp,avg wind speed,max wind speed,avg ghr,max ghr,avg dnr,max dnr,avg dhr,max dhr
0,AL,Russell County,G0101130,2000-2019,18.89039590724948,37.3182373046875,-6.569999694824219,1312.2708838526075,1527.7653899987256,68.07026423079782,12.072933377325446,24.15781842353096,-6.570000190917786,3.0447004415537124,8.15652084350586,184.89771689497718,1000,199.8600742676997,948.854736328125,81.55433789954338,657
