,state,county,gisjoin,year range,avg temp,max temp,min temp,hdd,cdd,avg rh,average dp,max dp,min dp,avg wind speed,max wind speed,avg ghr,max ghr,avg dnr,max dnr,avg dhr,max dhr
0,AL,Russell County,G0101130,2060-2079,20.779047302239295,39.25385284423828,-6.281933784484863,1023.5238175797804,1928.3760828970287,68.59541139254287,14.024093701294642,26.81381939477448,-6.281933951192411,3.3553399625025926,11.979791641235352,184.89771689497718,1000,196.42242205989453,926.4684448242188,81.55433789954338,657
