,state,county,gisjoin,year range,avg temp,max temp,min temp,hdd,cdd,avg rh,average dp,max dp,min dp,avg wind speed,max wind speed,avg ghr,max ghr,avg dnr,max dnr,avg dhr,max dhr
0,AL,Russell County,G0101130,2080-2099,22.188493269318332,40.78189086914063,-6.456283092498779,917.4903033212191,2336.7903466222306,69.58518922013235,15.625204182125136,29.280029653374747,-6.456283603961043,3.15760187116796,9.737666130065918,184.89771689497718,1000,191.24866337728832,925.6218872070312,81.55433789954338,657
