,state,county,gisjoin,year range,avg temp,max temp,min temp,hdd,cdd,avg rh,average dp,max dp,min dp,avg wind speed,max wind speed,avg ghr,max ghr,avg dnr,max dnr,avg dhr,max dhr
0,CA,Alameda County,G0600010,2020-2039,15.64652346213429,35.735042572021484,-4.159934520721436,1469.8648523377826,501.34591601691324,51.49781790966313,3.7426806522048426,14.29876746095258,-5.13250646654112,4.842597534231944,9.114459991455078,91.74577625570777,798,201.45323739811272,958.1254272460938,52.87465753424657,496
