,state,county,gisjoin,year range,avg temp,max temp,min temp,hdd,cdd,avg rh,average dp,max dp,min dp,avg wind speed,max wind speed,avg ghr,max ghr,avg dnr,max dnr,avg dhr,max dhr
0,CA,Alameda County,G0600010,2060-2079,16.669868596517333,38.732421875,0.6862533688545227,1229.4465495614902,634.4485872904822,51.9777689729107,4.870831770783033,15.40041679226186,-4.259288139821328,4.716466322663712,9.525672912597656,91.74577625570777,798,201.68380708968985,945.1264038085938,52.87465753424657,496
