,state,county,gisjoin,year range,avg temp,max temp,min temp,hdd,cdd,avg rh,average dp,max dp,min dp,avg wind speed,max wind speed,avg ghr,max ghr,avg dnr,max dnr,avg dhr,max dhr
0,TX,Lampasas County,G4802810,2020-2039,19.90088446021304,39.33481597900391,-6.686575889587402,1165.10934854855,1749.4321765262769,62.394548852040884,11.631084290604207,23.667064810515548,-6.686576082678894,4.486258545558747,9.567784309387209,210.91541095890412,1016,210.8839255908555,947.4765625,72.94543378995434,659
