,state,county,gisjoin,year range,avg temp,max temp,min temp,hdd,cdd,avg rh,average dp,max dp,min dp,avg wind speed,max wind speed,avg ghr,max ghr,avg dnr,max dnr,avg dhr,max dhr
0,TX,Lampasas County,G4802810,2060-2079,21.33119865584944,41.11529922485352,-5.878597736358643,1048.715380724902,2155.1028901098125,63.14636537778323,13.165330409341799,26.07476249602805,-6.6653469209449945,4.5420658656043,8.722784996032715,210.91541095890412,1016,207.7018741309106,949.3703002929688,72.94543378995434,659
