,state,county,gisjoin,year range,avg temp,max temp,min temp,hdd,cdd,avg rh,average dp,max dp,min dp,avg wind speed,max wind speed,avg ghr,max ghr,avg dnr,max dnr,avg dhr,max dhr
0,TX,Lampasas County,G4802810,2080-2099,23.111744799559457,42.86982345581055,-4.361860275268555,807.5813956856459,2563.868247524625,62.046159728368124,14.571376493739953,29.09879971666315,-4.361860624479737,4.591693771579494,9.208078384399414,210.91541095890412,1016,204.49290535045623,931.8424682617188,72.94543378995434,659
