,state,county,gisjoin,year range,avg temp,max temp,min temp,hdd,cdd,avg rh,average dp,max dp,min dp,avg wind speed,max wind speed,avg ghr,max ghr,avg dnr,max dnr,avg dhr,max dhr
0,MO,Madison County,G2901230,2080-2099,17.822787351702175,41.66454315185547,-11.340435981750488,1843.3883505955698,1669.2057339667626,70.01311447500638,11.513211351332117,26.98278951928971,-11.34043713983062,4.464327273630116,11.763201713562012,186.26997716894977,981,182.2716128362298,938.0714721679688,70.59737442922375,630
