,state,county,gisjoin,year range,avg temp,max temp,min temp,hdd,cdd,avg rh,average dp,max dp,min dp,avg wind speed,max wind speed,avg ghr,max ghr,avg dnr,max dnr,avg dhr,max dhr
0,OK,Stephens County,G4001370,1980-1999,15.706155114930223,38.97700119018555,-12.181500434875488,2108.199696908598,1161.4463138581025,65.63161111596513,8.419874876322613,23.492259655818792,-12.18150092891064,4.0721901247898735,10.690577507019045,200.69417808219177,1004,204.57876965419473,940.2955932617188,67.98881278538813,669
