,state,county,gisjoin,year range,avg temp,max temp,min temp,hdd,cdd,avg rh,average dp,max dp,min dp,avg wind speed,max wind speed,avg ghr,max ghr,avg dnr,max dnr,avg dhr,max dhr
0,AL,Choctaw County,G0100230,2040-2059,20.229354791007964,39.05768585205078,-8.08499526977539,1131.7407587613718,1835.955257479218,68.81610163836719,13.518522385245785,26.578071599280975,-8.084995542488267,3.351318926721403,8.451189041137695,184.9005707762557,1008,197.7917103433863,918.455078125,82.28401826484018,581
