,state,county,gisjoin,year range,avg temp,max temp,min temp,hdd,cdd,avg rh,average dp,max dp,min dp,avg wind speed,max wind speed,avg ghr,max ghr,avg dnr,max dnr,avg dhr,max dhr
0,MT,Park County,G3000670,2080-2099,11.98226812920609,40.94673538208008,-20.476659774780277,3137.8401839876974,831.8680511474971,58.054516095984475,2.6503378431501887,17.17170581086692,-20.47666025314015,3.304816657059813,7.210789203643799,170.2400684931507,997,187.19907975623497,931.3195190429688,59.87328767123287,433
