,state,county,gisjoin,year range,avg temp,max temp,min temp,hdd,cdd,avg rh,average dp,max dp,min dp,avg wind speed,max wind speed,avg ghr,max ghr,avg dnr,max dnr,avg dhr,max dhr
0,KY,Spencer County,G2102150,1980-1999,13.032059828106066,34.989376068115234,-21.950000762939453,2673.679337321901,750.8811745803008,69.28191988000043,6.794209330094781,22.75798591954274,-21.950001799879903,3.883258665887188,9.202924728393556,153.51255707762556,995,189.08428031165428,944.8306884765624,75.63127853881278,626
