,state,county,gisjoin,year range,avg temp,max temp,min temp,hdd,cdd,avg rh,average dp,max dp,min dp,avg wind speed,max wind speed,avg ghr,max ghr,avg dnr,max dnr,avg dhr,max dhr
0,MS,Attala County,G2800070,1980-1999,16.3955722603452,36.05437469482422,-8.704375267028809,1811.2621680362274,1116.146043062285,69.0557846803099,9.916812602086306,22.950753474506232,-8.704375433786177,3.867828021637381,11.212872505187988,190.79714611872146,999,202.0688623227428,947.2523803710938,75.45833333333333,626
