,state,county,gisjoin,year range,avg temp,max temp,min temp,hdd,cdd,avg rh,average dp,max dp,min dp,avg wind speed,max wind speed,avg ghr,max ghr,avg dnr,max dnr,avg dhr,max dhr
0,MS,Attala County,G2800070,2020-2039,18.009238944551587,37.52583312988281,-11.641242980957031,1543.686501424507,1437.5587161859146,69.77930983343082,11.662603443629461,24.55371178189199,-11.64124324222443,3.8165178397610853,8.724143981933594,190.79714611872146,999,198.6569358801401,951.8536987304688,75.45833333333333,626
