,state,county,gisjoin,year range,avg temp,max temp,min temp,hdd,cdd,avg rh,average dp,max dp,min dp,avg wind speed,max wind speed,avg ghr,max ghr,avg dnr,max dnr,avg dhr,max dhr
0,VA,Grayson County,G5100770,2060-2079,12.013750143564724,31.951290130615234,-15.018258094787598,2778.7507044034487,484.2695068041667,69.99343294357055,5.957381658955469,20.61027739700989,-15.018260429612347,4.900295447650021,16.14505386352539,166.46929223744291,1008,192.93873459626508,988.2061767578124,73.93949771689498,558
