,state,county,gisjoin,year range,avg temp,max temp,min temp,hdd,cdd,avg rh,average dp,max dp,min dp,avg wind speed,max wind speed,avg ghr,max ghr,avg dnr,max dnr,avg dhr,max dhr
0,AR,Craighead County,G0500310,2020-2039,16.82691415970058,38.21075820922852,-12.844578742980955,1837.1182418490325,1299.4419101397968,69.87796070390641,10.611106151280213,25.17281939680407,-12.844579602078932,3.471251281320232,8.58884334564209,176.91803652968036,1007,188.81441589286538,928.9630737304688,74.57408675799087,638
