,state,county,gisjoin,year range,avg temp,max temp,min temp,hdd,cdd,avg rh,average dp,max dp,min dp,avg wind speed,max wind speed,avg ghr,max ghr,avg dnr,max dnr,avg dhr,max dhr
0,AR,Craighead County,G0500310,2040-2059,18.283670774028216,39.84120559692383,-6.227888107299805,1594.3755031825683,1588.415335702846,71.43960702321301,12.431047685823629,25.63758647271582,-6.227888863967441,3.6048815578630524,9.561105728149414,176.91803652968036,1007,185.86447528059486,921.5935668945312,74.57408675799087,638
