,state,county,gisjoin,year range,avg temp,max temp,min temp,hdd,cdd,avg rh,average dp,max dp,min dp,avg wind speed,max wind speed,avg ghr,max ghr,avg dnr,max dnr,avg dhr,max dhr
0,AR,Craighead County,G0500310,2080-2099,20.430348285211284,44.47465133666992,-10.70713710784912,1283.9416294263922,2061.518753528414,70.89153290121523,14.332078452445726,29.609147414028318,-10.707137810854798,3.4619207713701954,9.47218132019043,176.91803652968036,1007,180.75687935612405,881.0610961914062,74.57408675799087,638
