,state,county,gisjoin,year range,avg temp,max temp,min temp,hdd,cdd,avg rh,average dp,max dp,min dp,avg wind speed,max wind speed,avg ghr,max ghr,avg dnr,max dnr,avg dhr,max dhr
0,MT,Carter County,G3000110,2040-2059,9.809252440710798,39.21064376831055,-30.779342651367188,3826.1448351511194,727.0219760100366,51.947541737665325,-0.8293030710347428,21.33203596339399,-31.2415976651608,4.183357790044454,10.718496322631836,178.2062785388128,990,191.5024954612531,911.0968017578124,59.16700913242009,436
