,state,county,gisjoin,year range,avg temp,max temp,min temp,hdd,cdd,avg rh,average dp,max dp,min dp,avg wind speed,max wind speed,avg ghr,max ghr,avg dnr,max dnr,avg dhr,max dhr
0,MT,Carter County,G3000110,2080-2099,12.387423740328428,42.54821395874024,-21.75207901000977,3264.221051517676,1106.1307167371663,55.58062163988749,2.4640497306638918,23.73434370805177,-23.97513562402175,4.071497413992337,9.200967788696287,178.2062785388128,990,189.25375593678888,896.723388671875,59.16700913242009,436
