,state,county,gisjoin,year range,avg temp,max temp,min temp,hdd,cdd,avg rh,average dp,max dp,min dp,avg wind speed,max wind speed,avg ghr,max ghr,avg dnr,max dnr,avg dhr,max dhr
0,OH,Guernsey County,G3900590,2040-2059,13.740968175690377,36.4101448059082,-16.85516357421875,2595.66005026754,931.6134343942557,69.98478034620416,7.642737273773989,24.16551613347305,-16.85516590422344,3.662782525363034,8.53010368347168,141.1546803652968,1019,177.62415171506078,936.9793090820312,76.87260273972603,551
