,state,county,gisjoin,year range,avg temp,max temp,min temp,hdd,cdd,avg rh,average dp,max dp,min dp,avg wind speed,max wind speed,avg ghr,max ghr,avg dnr,max dnr,avg dhr,max dhr
0,ND,Nelson County,G3800630,2000-2019,4.561768465285144,34.03769302368164,-31.853076934814453,5381.743606876748,367.2890967051156,60.998083099709255,-3.3885286209006833,18.276753009218925,-31.85307635294057,4.534537454201206,10.188379287719728,153.87705479452055,944,175.82703621032968,899.0003051757812,58.256278538812786,570
