,state,county,gisjoin,year range,avg temp,max temp,min temp,hdd,cdd,avg rh,average dp,max dp,min dp,avg wind speed,max wind speed,avg ghr,max ghr,avg dnr,max dnr,avg dhr,max dhr
0,ND,Nelson County,G3800630,2040-2059,7.171867801955586,36.9840202331543,-32.199729919433594,4646.187289883209,584.4190375964049,61.26983851559086,-0.7365297715309813,22.463699453583423,-32.73239806172432,4.410048633405607,10.6431245803833,153.87705479452055,944,172.26205450452736,876.43310546875,58.256278538812786,570
