,state,county,gisjoin,year range,avg temp,max temp,min temp,hdd,cdd,avg rh,average dp,max dp,min dp,avg wind speed,max wind speed,avg ghr,max ghr,avg dnr,max dnr,avg dhr,max dhr
0,VA,Bath County,G5100170,2040-2059,12.946591838241464,34.09249496459961,-14.29212760925293,2664.1051027948283,710.111123752636,68.59246711948691,6.544781314157082,21.54544341646918,-14.292128628642374,4.516589512237131,11.726744651794434,162.28082191780823,1021,188.54801583735684,960.0042724609376,69.86358447488584,604
