,state,county,gisjoin,year range,avg temp,max temp,min temp,hdd,cdd,avg rh,average dp,max dp,min dp,avg wind speed,max wind speed,avg ghr,max ghr,avg dnr,max dnr,avg dhr,max dhr
0,FL,Dixie County,G1200290,2020-2039,21.357197435596134,35.43424987792969,-4.453759670257568,729.7674715330072,1845.6445355254994,69.7289050256825,14.908177100227427,25.501603723157928,-4.453759956610982,3.6720981055334825,8.912129402160645,188.5162100456621,1043,198.69611484588054,972.9351196289062,82.50171232876713,615
