,state,county,gisjoin,year range,avg temp,max temp,min temp,hdd,cdd,avg rh,average dp,max dp,min dp,avg wind speed,max wind speed,avg ghr,max ghr,avg dnr,max dnr,avg dhr,max dhr
0,FL,Dixie County,G1200290,2080-2099,24.20707835793648,41.08406829833984,-10.383589744567873,489.13417914850487,2645.2177797950026,72.10016500459959,18.245038692561153,31.456685875152257,-10.383590820228138,3.741272725933763,8.606796264648438,188.5162100456621,1043,188.52844680682995,923.538330078125,82.50171232876713,615
