,state,county,gisjoin,year range,avg temp,max temp,min temp,hdd,cdd,avg rh,average dp,max dp,min dp,avg wind speed,max wind speed,avg ghr,max ghr,avg dnr,max dnr,avg dhr,max dhr
0,SD,Jackson County,G4600710,2000-2019,10.019276950626233,38.04666519165039,-23.5049991607666,3701.1349815949557,678.6710685730269,53.869714423075116,-0.12311772875972925,21.39799330710274,-27.42483053075099,3.7737798314116318,8.280587196350098,173.03824200913243,988,190.95849194300348,933.49951171875,61.17705479452055,566
