,state,county,gisjoin,year range,avg temp,max temp,min temp,hdd,cdd,avg rh,average dp,max dp,min dp,avg wind speed,max wind speed,avg ghr,max ghr,avg dnr,max dnr,avg dhr,max dhr
0,NC,Wilkes County,G3701930,2000-2019,14.364847704481873,34.7756233215332,-14.760000228881836,2310.2139681025633,873.8833802382695,67.62889659676922,7.596206846467814,22.404519177695786,-14.760001986457029,4.002927211539386,9.813907623291016,178.3134703196347,1004,193.01410174596035,955.7237548828124,76.8345890410959,610
