,state,county,gisjoin,year range,avg temp,max temp,min temp,hdd,cdd,avg rh,average dp,max dp,min dp,avg wind speed,max wind speed,avg ghr,max ghr,avg dnr,max dnr,avg dhr,max dhr
0,TN,Meigs County,G4701210,2000-2019,15.461809716637026,37.232940673828125,-14.681764602661133,2062.4761983082685,1026.5367448807406,69.12271749004381,9.03134643826566,22.598796905845628,-15.901400986041956,3.5660715846438387,9.393247604370115,161.43550228310502,982,191.45817543742163,953.2984619140624,76.65867579908675,593
