,state,county,gisjoin,year range,avg temp,max temp,min temp,hdd,cdd,avg rh,average dp,max dp,min dp,avg wind speed,max wind speed,avg ghr,max ghr,avg dnr,max dnr,avg dhr,max dhr
0,IA,Decatur County,G1900530,2040-2059,13.199834098440933,40.25431823730469,-20.28033447265625,2919.1766725641096,1057.6161184947266,67.03394494731677,6.41197476872033,24.443452789906043,-20.568715346307417,4.08676338685702,8.625121116638184,152.75433789954337,980,179.60474820695103,918.5277099609376,69.0195205479452,593
