,state,county,gisjoin,year range,avg temp,max temp,min temp,hdd,cdd,avg rh,average dp,max dp,min dp,avg wind speed,max wind speed,avg ghr,max ghr,avg dnr,max dnr,avg dhr,max dhr
0,IA,Decatur County,G1900530,2060-2079,14.089667549207764,39.019081115722656,-21.49968719482422,2712.332309203327,1175.5609646638902,66.6638691357826,7.20170554420304,26.361020826811995,-23.37448107565857,4.023606367307167,9.326303482055664,152.75433789954337,980,177.1796484302608,919.7837524414062,69.0195205479452,593
