,state,county,gisjoin,year range,avg temp,max temp,min temp,hdd,cdd,avg rh,average dp,max dp,min dp,avg wind speed,max wind speed,avg ghr,max ghr,avg dnr,max dnr,avg dhr,max dhr
0,IL,Warren County,G1701870,1980-1999,9.93091965575731,34.3380012512207,-29.836000442504883,3649.6838861769324,594.9695605278272,68.11531542381739,3.6468849955066527,23.513747232787427,-29.835999529530145,4.445157741193902,10.268919944763184,158.15045662100457,966,182.29977029869073,912.3839111328124,69.9357305936073,485
