,state,county,gisjoin,year range,avg temp,max temp,min temp,hdd,cdd,avg rh,average dp,max dp,min dp,avg wind speed,max wind speed,avg ghr,max ghr,avg dnr,max dnr,avg dhr,max dhr
0,IL,Warren County,G1701870,2040-2059,13.380810418195752,39.35663604736328,-19.10531234741211,2843.985490226596,1048.4812928677209,68.30893515364764,6.971416797346643,26.12898462144341,-19.15459633735146,4.3041641228819545,10.447921752929688,158.15045662100457,966,177.13164629121732,899.0088500976562,69.9357305936073,485
