,state,county,gisjoin,year range,avg temp,max temp,min temp,hdd,cdd,avg rh,average dp,max dp,min dp,avg wind speed,max wind speed,avg ghr,max ghr,avg dnr,max dnr,avg dhr,max dhr
0,IL,Warren County,G1701870,2060-2079,13.846626150377944,36.57096099853516,-20.355003356933597,2732.2571096031897,1106.775654490851,70.4017025634034,7.911916946120866,26.690947815909134,-20.355005805755376,4.214529468751934,10.622570037841797,158.15045662100457,966,175.99392469323433,888.2178955078125,69.9357305936073,485
