,state,county,gisjoin,year range,avg temp,max temp,min temp,hdd,cdd,avg rh,average dp,max dp,min dp,avg wind speed,max wind speed,avg ghr,max ghr,avg dnr,max dnr,avg dhr,max dhr
0,PA,Lehigh County,G4200770,2060-2079,14.265488098735416,36.84312057495117,-11.823152542114258,2467.755726738759,995.1588827769555,69.7551178128752,8.113785753237185,25.748152180370965,-11.823153381029371,4.1940950661489405,10.87961483001709,161.13835616438357,975,176.53402395714755,915.5938720703124,77.6214611872146,483
