,state,county,gisjoin,year range,avg temp,max temp,min temp,hdd,cdd,avg rh,average dp,max dp,min dp,avg wind speed,max wind speed,avg ghr,max ghr,avg dnr,max dnr,avg dhr,max dhr
0,AR,Hot Spring County,G0500590,2000-2019,17.2147468448502,38.760623931884766,-9.38249969482422,1772.9128523329885,1376.7954507033685,68.22257227135576,10.507994212756795,23.94000281728709,-9.382500846127774,3.619473148698676,8.148404121398926,169.04406392694065,993,195.175980125471,932.9464111328124,73.38082191780822,538
