,state,county,gisjoin,year range,avg temp,max temp,min temp,hdd,cdd,avg rh,average dp,max dp,min dp,avg wind speed,max wind speed,avg ghr,max ghr,avg dnr,max dnr,avg dhr,max dhr
0,IN,DeKalb County,G1800330,1980-1999,9.103139287899033,33.2400016784668,-27.705713272094727,3848.173493597902,491.3193336804847,68.6678273825885,2.9589792205098293,23.63873172592213,-27.70571465972199,3.7424496874961677,10.070433616638184,161.35730593607306,996,181.26589810031746,919.1277465820312,77.8398401826484,499
