,state,county,gisjoin,year range,avg temp,max temp,min temp,hdd,cdd,avg rh,average dp,max dp,min dp,avg wind speed,max wind speed,avg ghr,max ghr,avg dnr,max dnr,avg dhr,max dhr
0,MN,Swift County,G2701510,1980-1999,6.142430378885349,34.70133209228516,-32.87666702270508,4849.483533182104,411.9706214745891,62.750401461940925,-1.3217938342273872,20.88290446264068,-33.06206619625683,4.564000332192199,11.383694648742676,142.87876712328767,963,177.49449752716876,898.8533935546875,65.77716894977169,613
