,state,county,gisjoin,year range,avg temp,max temp,min temp,hdd,cdd,avg rh,average dp,max dp,min dp,avg wind speed,max wind speed,avg ghr,max ghr,avg dnr,max dnr,avg dhr,max dhr
0,MN,Swift County,G2701510,2040-2059,9.507220860236732,37.058624267578125,-26.535070419311523,3973.7919611573184,764.4275751432189,66.03922213560914,2.6993056663788417,24.962213768332106,-27.403137156007205,4.513869802919153,11.17783260345459,142.87876712328767,963,173.9624539554145,891.1148681640625,65.77716894977169,613
