,state,county,gisjoin,year range,avg temp,max temp,min temp,hdd,cdd,avg rh,average dp,max dp,min dp,avg wind speed,max wind speed,avg ghr,max ghr,avg dnr,max dnr,avg dhr,max dhr
0,MN,Swift County,G2701510,2080-2099,12.28611839370468,40.28734588623047,-21.929170608520508,3345.4097126415127,1150.3429263433425,65.95477696466664,5.364022788896578,26.02143900055314,-21.929171445737,4.324629297485091,10.052821159362791,142.87876712328767,963,168.29014685371965,854.1314086914062,65.77716894977169,613
