,state,county,gisjoin,year range,avg temp,max temp,min temp,hdd,cdd,avg rh,average dp,max dp,min dp,avg wind speed,max wind speed,avg ghr,max ghr,avg dnr,max dnr,avg dhr,max dhr
0,VA,Franklin County,G5100670,2000-2019,14.058705166314004,34.987335205078125,-12.004666328430176,2387.208576607107,839.1359623114794,68.14991675882035,7.459989556111351,22.213934602068537,-12.004667094053898,3.8193503209989363,9.361502647399902,175.96141552511415,1025,190.22551286314075,955.5552978515624,76.01495433789954,485
