,state,county,gisjoin,year range,avg temp,max temp,min temp,hdd,cdd,avg rh,average dp,max dp,min dp,avg wind speed,max wind speed,avg ghr,max ghr,avg dnr,max dnr,avg dhr,max dhr
0,ND,Barnes County,G3800030,2080-2099,10.94822130213581,41.34615707397461,-24.19477081298828,3657.0341852133865,973.6349604925005,61.29763683314737,2.8437232152612784,23.75466878627304,-24.68321749339655,4.257324655306394,10.121336936950684,142.9428082191781,950,172.74501732548327,869.8954467773438,62.02477168949772,503
