,state,county,gisjoin,year range,avg temp,max temp,min temp,hdd,cdd,avg rh,average dp,max dp,min dp,avg wind speed,max wind speed,avg ghr,max ghr,avg dnr,max dnr,avg dhr,max dhr
0,IA,Jones County,G1901050,1980-1999,7.969924670945562,32.65999984741211,-30.67583274841309,4189.327911352541,418.85041624705696,67.6737358938069,1.6217401884839124,21.28679004760733,-30.718404906893863,4.331936763084098,9.865747451782228,151.28367579908675,961,182.85418339719294,929.3875122070312,69.674200913242,543
