,state,county,gisjoin,year range,avg temp,max temp,min temp,hdd,cdd,avg rh,average dp,max dp,min dp,avg wind speed,max wind speed,avg ghr,max ghr,avg dnr,max dnr,avg dhr,max dhr
0,IA,Jones County,G1901050,2000-2019,9.430842667799968,35.685001373291016,-29.112499237060547,3837.728336494389,600.4859102408404,67.80152181403278,3.0508133587496515,24.266053782504866,-29.112503454960287,4.2384004011546095,10.075841903686523,151.28367579908675,961,180.17025895948026,918.3052368164062,69.674200913242,543
