,state,county,gisjoin,year range,avg temp,max temp,min temp,hdd,cdd,avg rh,average dp,max dp,min dp,avg wind speed,max wind speed,avg ghr,max ghr,avg dnr,max dnr,avg dhr,max dhr
0,IA,Jones County,G1901050,2020-2039,10.136229175499837,34.69123840332031,-27.626333236694336,3628.535000212838,648.7586492697709,68.51892441157337,3.9019249777079525,24.8718504093301,-27.62633405453024,4.221455417267264,11.888066291809082,151.28367579908675,961,179.57357039768678,923.616943359375,69.674200913242,543
