,state,county,gisjoin,year range,avg temp,max temp,min temp,hdd,cdd,avg rh,average dp,max dp,min dp,avg wind speed,max wind speed,avg ghr,max ghr,avg dnr,max dnr,avg dhr,max dhr
0,KS,Nemaha County,G2001310,2040-2059,14.697711623866578,41.56377029418945,-16.618404388427734,2584.474408544272,1269.6391512553603,63.783248134073055,6.955994612374608,26.01643811043491,-17.677246926537478,4.741354617680589,9.900389671325684,166.44908675799087,977,184.83016108137133,924.5567626953124,67.89189497716895,625
