,state,county,gisjoin,year range,avg temp,max temp,min temp,hdd,cdd,avg rh,average dp,max dp,min dp,avg wind speed,max wind speed,avg ghr,max ghr,avg dnr,max dnr,avg dhr,max dhr
0,MO,Douglas County,G2900670,1980-1999,12.591248060344983,36.90833282470703,-19.89166641235352,2825.822901517579,742.1284435431568,67.76803703612933,6.009851079322769,21.06197385956993,-19.891668097899437,4.137737440736326,10.325048446655272,177.43550228310502,986,196.19105284228823,957.0388793945312,71.16004566210046,483
