,state,county,gisjoin,year range,avg temp,max temp,min temp,hdd,cdd,avg rh,average dp,max dp,min dp,avg wind speed,max wind speed,avg ghr,max ghr,avg dnr,max dnr,avg dhr,max dhr
0,TX,Hardeman County,G4801970,2000-2019,17.555077340861263,43.81999969482422,-12.685625076293944,1880.3801697384213,1608.4833991526918,57.590192063758366,7.932753963108226,23.360707367418016,-14.177877938406189,3.8983072601360815,9.242317199707031,203.4216894977169,1028,211.84707766738413,966.2423706054688,69.59372146118722,593
