,state,county,gisjoin,year range,avg temp,max temp,min temp,hdd,cdd,avg rh,average dp,max dp,min dp,avg wind speed,max wind speed,avg ghr,max ghr,avg dnr,max dnr,avg dhr,max dhr
0,TX,Hardeman County,G4801970,2020-2039,18.02412045573248,43.19601058959961,-16.13609504699707,1758.4885061473199,1657.7924724896004,58.588962496905566,8.717212733316122,24.14746215348543,-16.15344483770952,3.8989533170037074,8.746726989746094,203.4216894977169,1028,210.94593400686637,955.6442260742188,69.59372146118722,593
