,state,county,gisjoin,year range,avg temp,max temp,min temp,hdd,cdd,avg rh,average dp,max dp,min dp,avg wind speed,max wind speed,avg ghr,max ghr,avg dnr,max dnr,avg dhr,max dhr
0,TX,Hardeman County,G4801970,2040-2059,19.50859972283985,43.25434494018555,-7.6155829429626465,1527.315514974773,1968.4544138112105,57.72916084141492,9.845997400610726,25.990583568917497,-9.691802242524211,3.967746656452684,9.447853088378906,203.4216894977169,1028,207.8193226831744,934.3638916015624,69.59372146118722,593
