,state,county,gisjoin,year range,avg temp,max temp,min temp,hdd,cdd,avg rh,average dp,max dp,min dp,avg wind speed,max wind speed,avg ghr,max ghr,avg dnr,max dnr,avg dhr,max dhr
0,CO,Moffat County,G0800810,2020-2039,7.225191099633948,33.51612091064453,-21.82219696044922,4419.55859111969,377.25334248542896,52.73280700918746,-3.231891720547032,10.16553134940233,-21.82219975780705,3.190364073400628,7.58015775680542,190.1205479452055,1046,224.92844062647274,1020.2894287109376,61.415182648401824,575
