,state,county,gisjoin,year range,avg temp,max temp,min temp,hdd,cdd,avg rh,average dp,max dp,min dp,avg wind speed,max wind speed,avg ghr,max ghr,avg dnr,max dnr,avg dhr,max dhr
0,CO,Moffat County,G0800810,2040-2059,8.282293515033011,34.804595947265625,-22.017927169799805,4178.7040148496135,522.2411478360673,53.677636838721355,-2.1242879727534363,14.46656722527709,-22.213066741502026,3.1003147962975177,7.342535495758057,190.1205479452055,1046,223.3036435774274,991.4212036132812,61.415182648401824,575
