,state,county,gisjoin,year range,avg temp,max temp,min temp,hdd,cdd,avg rh,average dp,max dp,min dp,avg wind speed,max wind speed,avg ghr,max ghr,avg dnr,max dnr,avg dhr,max dhr
0,CO,Moffat County,G0800810,2080-2099,10.704012559263619,38.115482330322266,-21.09131622314453,3508.5155807468686,735.9801648776074,53.32011858393613,-0.02157203411399354,14.99737675278862,-21.091316060930225,3.0742878361924055,6.340872764587402,190.1205479452055,1046,219.73035173748121,979.4895629882812,61.415182648401824,575
