,state,county,gisjoin,year range,avg temp,max temp,min temp,hdd,cdd,avg rh,average dp,max dp,min dp,avg wind speed,max wind speed,avg ghr,max ghr,avg dnr,max dnr,avg dhr,max dhr
0,OH,Meigs County,G3901050,2040-2059,14.501414232563093,36.02632141113281,-16.11473274230957,2401.7630594081756,1015.2792542935055,68.78722099147431,8.020474235573532,23.735808302195498,-16.114733279847854,3.639259882169227,8.753210067749023,144.5626712328767,1001,180.66575737509623,944.861328125,76.59246575342466,655
