,state,county,gisjoin,year range,avg temp,max temp,min temp,hdd,cdd,avg rh,average dp,max dp,min dp,avg wind speed,max wind speed,avg ghr,max ghr,avg dnr,max dnr,avg dhr,max dhr
0,TX,Reeves County,G4803890,2080-2099,23.341985958296547,43.88667678833008,-5.007977485656738,888.9501563432805,2729.275031121269,36.901756494556935,5.9011309273550046,24.27863878982267,-14.589077005050544,3.348895360536227,7.279003620147705,220.96712328767123,1046,238.10797777726717,993.93896484375,65.6593607305936,585
