,state,county,gisjoin,year range,avg temp,max temp,min temp,hdd,cdd,avg rh,average dp,max dp,min dp,avg wind speed,max wind speed,avg ghr,max ghr,avg dnr,max dnr,avg dhr,max dhr
0,OH,Ashland County,G3900050,2040-2059,12.737131714018926,38.48335266113281,-14.9890775680542,2867.93789338972,837.4909690062706,70.60792646995962,6.853670366167336,23.825142404695097,-15.89419340554266,4.510321451049961,10.993743896484377,157.24417808219178,998,173.51457253477977,939.6156616210938,81.6013698630137,542
