,state,county,gisjoin,year range,avg temp,max temp,min temp,hdd,cdd,avg rh,average dp,max dp,min dp,avg wind speed,max wind speed,avg ghr,max ghr,avg dnr,max dnr,avg dhr,max dhr
0,KY,Breathitt County,G2100250,2000-2019,13.514114832395894,34.98999786376953,-14.230666160583496,2530.8662591392813,784.0181729635091,69.5297492369125,7.280951312751299,21.93649567606454,-14.23066743574299,3.387745264798539,7.072102069854736,167.09063926940638,986,187.226143740774,963.96142578125,74.89372146118721,524
