,state,county,gisjoin,year range,avg temp,max temp,min temp,hdd,cdd,avg rh,average dp,max dp,min dp,avg wind speed,max wind speed,avg ghr,max ghr,avg dnr,max dnr,avg dhr,max dhr
0,KY,Breathitt County,G2100250,2040-2059,15.339869021467518,36.44507598876953,-12.80839729309082,2187.9695144767707,1107.5217073123379,68.94054151299882,8.868945727784945,23.146682766033717,-12.808398010762184,3.460143128187145,8.303364753723145,167.09063926940638,986,183.18761575567513,929.8106079101562,74.89372146118721,524
