,state,county,gisjoin,year range,avg temp,max temp,min temp,hdd,cdd,avg rh,average dp,max dp,min dp,avg wind speed,max wind speed,avg ghr,max ghr,avg dnr,max dnr,avg dhr,max dhr
0,MI,Calhoun County,G2600250,1980-1999,8.190755660577622,32.57615280151367,-25.586923599243164,4108.464932660826,418.59074877103586,68.5671038168206,2.036012573945632,20.32210886194164,-25.58692672313048,4.524782245262573,11.748421669006348,149.41084474885844,958,179.34604864080504,937.5296630859376,73.09098173515982,630
