,state,county,gisjoin,year range,avg temp,max temp,min temp,hdd,cdd,avg rh,average dp,max dp,min dp,avg wind speed,max wind speed,avg ghr,max ghr,avg dnr,max dnr,avg dhr,max dhr
0,MI,Calhoun County,G2600250,2000-2019,9.509494698951723,36.52077102661133,-20.657691955566406,3734.2895769361753,525.7551420529849,69.93833115852043,3.6345542802025714,22.94684525561497,-20.65769276836725,4.635625250481035,10.762502670288086,149.41084474885844,958,176.73346908476623,928.8067626953124,73.09098173515982,630
