,state,county,gisjoin,year range,avg temp,max temp,min temp,hdd,cdd,avg rh,average dp,max dp,min dp,avg wind speed,max wind speed,avg ghr,max ghr,avg dnr,max dnr,avg dhr,max dhr
0,WV,Braxton County,G5400070,2080-2099,16.21679556264721,37.06776428222656,-12.590594291687012,2069.0257944366626,1308.6561748028603,70.42447125683093,10.009953838425975,25.28202743876745,-12.590594746015396,4.21501825525336,10.87635612487793,152.77431506849314,988,176.03718991704466,943.4427490234376,76.34977168949771,668
