,state,county,gisjoin,year range,avg temp,max temp,min temp,hdd,cdd,avg rh,average dp,max dp,min dp,avg wind speed,max wind speed,avg ghr,max ghr,avg dnr,max dnr,avg dhr,max dhr
0,FL,Jackson County,G1200630,2080-2099,23.38967674805753,40.43669509887695,-9.204204559326172,704.6435818927911,2562.375594933537,71.2482323193659,17.211122257919087,29.617321916167068,-9.204204837331444,3.4603164545477254,8.677717208862305,192.25502283105024,1007,190.2222639673775,918.8314819335938,78.56563926940639,472
