,state,county,gisjoin,year range,avg temp,max temp,min temp,hdd,cdd,avg rh,average dp,max dp,min dp,avg wind speed,max wind speed,avg ghr,max ghr,avg dnr,max dnr,avg dhr,max dhr
0,KY,Monroe County,G2101710,2000-2019,14.834472537920703,35.369285583496094,-15.08642864227295,2237.115868382471,972.1983447234451,70.10499898026524,8.689559211368705,24.6146355511018,-15.086429236837644,3.2972815301728575,8.713622093200684,154.85513698630137,1017,190.5346578967843,961.550048828125,75.65787671232877,668
