,state,county,gisjoin,year range,avg temp,max temp,min temp,hdd,cdd,avg rh,average dp,max dp,min dp,avg wind speed,max wind speed,avg ghr,max ghr,avg dnr,max dnr,avg dhr,max dhr
0,IL,Pope County,G1701510,1980-1999,13.132274764140211,34.171875,-22.065624237060547,2712.66935273016,826.4496416410296,70.27234296036637,7.12009405171518,23.924655998527303,-22.065626631472977,4.012352386361932,9.837583541870115,173.54075342465754,1012,190.46104593867938,926.8215942382812,72.46095890410959,631
