,state,county,gisjoin,year range,avg temp,max temp,min temp,hdd,cdd,avg rh,average dp,max dp,min dp,avg wind speed,max wind speed,avg ghr,max ghr,avg dnr,max dnr,avg dhr,max dhr
0,IL,Pope County,G1701510,2000-2019,14.771358843767334,36.6818733215332,-16.404375076293945,2334.4950394939237,1046.5410174688336,69.02047632186924,8.409713714515188,24.533929465729894,-16.517545300572024,3.837438548618256,9.303528785705566,173.54075342465754,1012,188.30840340932855,920.4408569335938,72.46095890410959,631
