,state,county,gisjoin,year range,avg temp,max temp,min temp,hdd,cdd,avg rh,average dp,max dp,min dp,avg wind speed,max wind speed,avg ghr,max ghr,avg dnr,max dnr,avg dhr,max dhr
0,IL,Pope County,G1701510,2080-2099,18.76645265380346,41.1386833190918,-14.275511741638184,1609.2884956148148,1779.5437142530036,71.05300354413247,12.704153026156032,26.876602373330883,-14.275513109305692,3.6672842675420245,9.845088958740234,173.54075342465754,1012,178.66144501944643,935.384033203125,72.46095890410959,631
