,state,county,gisjoin,year range,avg temp,max temp,min temp,hdd,cdd,avg rh,average dp,max dp,min dp,avg wind speed,max wind speed,avg ghr,max ghr,avg dnr,max dnr,avg dhr,max dhr
0,NM,San Juan County,G3500450,2020-2039,13.083350331020442,37.11592102050781,-16.457595825195312,2791.1904945737647,887.1133653959104,38.66952565946536,-2.542054562223913,12.154932615347487,-19.679688785279076,2.800101047019436,10.002449989318848,221.96495433789954,1058,236.04047594859327,1026.64453125,55.655022831050225,563
