,state,county,gisjoin,year range,avg temp,max temp,min temp,hdd,cdd,avg rh,average dp,max dp,min dp,avg wind speed,max wind speed,avg ghr,max ghr,avg dnr,max dnr,avg dhr,max dhr
0,NM,San Juan County,G3500450,2040-2059,14.350971897948346,39.92585372924805,-14.849312782287598,2608.0062200692028,1166.610962820118,39.862669326507884,-1.1579602462454481,12.904303670230822,-17.902300251242263,2.8096563954875893,7.572954177856445,221.96495433789954,1058,236.87540467238955,1028.427734375,55.655022831050225,563
