,state,county,gisjoin,year range,avg temp,max temp,min temp,hdd,cdd,avg rh,average dp,max dp,min dp,avg wind speed,max wind speed,avg ghr,max ghr,avg dnr,max dnr,avg dhr,max dhr
0,TX,Houston County,G4802250,2000-2019,19.850734381750172,39.48105239868164,-7.126842021942139,1146.8235503162596,1712.841599655061,66.17336497894705,12.59169018595302,23.75419503036272,-7.201391363706683,4.321903978961788,9.05276107788086,191.5263698630137,1003,202.5164681336352,957.6763305664062,81.9101598173516,672
