,state,county,gisjoin,year range,avg temp,max temp,min temp,hdd,cdd,avg rh,average dp,max dp,min dp,avg wind speed,max wind speed,avg ghr,max ghr,avg dnr,max dnr,avg dhr,max dhr
0,TX,Houston County,G4802250,2020-2039,20.25349972111118,38.67585754394531,-4.860605716705322,1076.4013221414314,1789.4287203469619,67.46672697328542,13.28958165881217,26.67121611159092,-4.862456456109952,4.213834972250951,9.43954086303711,191.5263698630137,1003,203.66122410387783,948.4027709960938,81.9101598173516,672
