,state,county,gisjoin,year range,avg temp,max temp,min temp,hdd,cdd,avg rh,average dp,max dp,min dp,avg wind speed,max wind speed,avg ghr,max ghr,avg dnr,max dnr,avg dhr,max dhr
0,TX,Houston County,G4802250,2080-2099,23.39799438064161,42.51224136352539,-3.2130327224731445,717.5757521581749,2578.343701092123,67.8685999367335,16.422806752159886,29.623591165435364,-3.2130329343508026,4.3036910135452064,9.091704368591309,191.5263698630137,1003,193.7628515496767,909.4125366210938,81.9101598173516,672
