,state,county,gisjoin,year range,avg temp,max temp,min temp,hdd,cdd,avg rh,average dp,max dp,min dp,avg wind speed,max wind speed,avg ghr,max ghr,avg dnr,max dnr,avg dhr,max dhr
0,GA,Johnson County,G1301670,2000-2019,18.854901604467287,37.65705871582031,-8.679411888122559,1310.4963153162878,1513.0354009469193,67.19325080788843,11.805302887893033,24.321490596484228,-8.679412084898633,3.540899773411555,8.464313507080078,185.44771689497716,1055,201.5178959408677,942.5338134765624,80.47271689497717,686
