,state,county,gisjoin,year range,avg temp,max temp,min temp,hdd,cdd,avg rh,average dp,max dp,min dp,avg wind speed,max wind speed,avg ghr,max ghr,avg dnr,max dnr,avg dhr,max dhr
0,GA,Johnson County,G1301670,2020-2039,19.21898143810301,37.97588348388672,-6.564128398895264,1203.628177950415,1539.056402858066,67.5750947068271,12.28600924256218,24.26182635628256,-6.564129214445446,3.6124809527233857,8.546297073364258,185.44771689497716,1055,201.33708484305902,946.281982421875,80.47271689497717,686
