,state,county,gisjoin,year range,avg temp,max temp,min temp,hdd,cdd,avg rh,average dp,max dp,min dp,avg wind speed,max wind speed,avg ghr,max ghr,avg dnr,max dnr,avg dhr,max dhr
0,GA,Johnson County,G1301670,2040-2059,20.489552207318567,39.36614990234375,-6.438498020172119,1059.9698390010478,1859.1563946722436,67.86717549219523,13.581808061584223,26.094814221240043,-6.438498531742803,3.6600345612660936,9.464439392089844,185.44771689497716,1055,196.50327187996373,964.1218872070312,80.47271689497717,686
