,state,county,gisjoin,year range,avg temp,max temp,min temp,hdd,cdd,avg rh,average dp,max dp,min dp,avg wind speed,max wind speed,avg ghr,max ghr,avg dnr,max dnr,avg dhr,max dhr
0,GA,Johnson County,G1301670,2080-2099,22.232228813476734,43.10942840576172,-4.351587772369385,876.3519638376947,2311.615480756513,68.26286170558842,15.349718857060926,27.70164499149593,-4.35158814917927,3.5847713318861785,7.842263698577881,185.44771689497716,1055,192.77307431812784,909.0128784179688,80.47271689497717,686
