,state,county,gisjoin,year range,avg temp,max temp,min temp,hdd,cdd,avg rh,average dp,max dp,min dp,avg wind speed,max wind speed,avg ghr,max ghr,avg dnr,max dnr,avg dhr,max dhr
0,AL,Etowah County,G0100550,2000-2019,16.8349684122755,37.50642776489258,-11.952142715454102,1771.4076487802406,1236.671119260869,69.14419727107706,10.383962104409065,22.98263545309825,-11.952144463408867,3.54006580685916,8.117809295654297,238.67431506849314,1072,195.2016217539439,963.4229125976562,58.77648401826484,466
