,state,county,gisjoin,year range,avg temp,max temp,min temp,hdd,cdd,avg rh,average dp,max dp,min dp,avg wind speed,max wind speed,avg ghr,max ghr,avg dnr,max dnr,avg dhr,max dhr
0,TX,Live Oak County,G4802970,2020-2039,22.883613752033646,40.65680694580078,-2.0321834087371826,643.1941906771622,2316.213210169231,60.38924512101091,14.000674819720713,26.556329134955696,-2.878016237424143,4.572458703972433,8.9440336227417,192.4291095890411,1015,210.53360072459523,970.3054809570312,78.73493150684932,658
