,state,county,gisjoin,year range,avg temp,max temp,min temp,hdd,cdd,avg rh,average dp,max dp,min dp,avg wind speed,max wind speed,avg ghr,max ghr,avg dnr,max dnr,avg dhr,max dhr
0,IN,Scott County,G1801430,2060-2079,15.992458899099365,37.49191665649414,-17.37826156616211,2100.4825402492165,1258.230038420436,71.4627291361491,10.175540195321986,25.105135501254143,-17.378263438130947,3.8934560422891895,10.332645416259766,153.51255707762556,995,178.5767761429097,919.6140747070312,75.6310502283105,626
