,state,county,gisjoin,year range,avg temp,max temp,min temp,hdd,cdd,avg rh,average dp,max dp,min dp,avg wind speed,max wind speed,avg ghr,max ghr,avg dnr,max dnr,avg dhr,max dhr
0,IN,Scott County,G1801430,2080-2099,17.346324124284404,39.73809051513672,-11.863128662109377,1923.6714682689465,1575.579773632651,71.51227119785466,11.477390280550756,26.63702429787083,-12.231813531638675,3.860842699792287,9.238842010498049,153.51255707762556,995,175.85969928654896,916.9227905273438,75.6310502283105,626
