,state,county,gisjoin,year range,avg temp,max temp,min temp,hdd,cdd,avg rh,average dp,max dp,min dp,avg wind speed,max wind speed,avg ghr,max ghr,avg dnr,max dnr,avg dhr,max dhr
0,CO,Huerfano County,G0800550,1980-1999,9.656549500563216,33.61249923706055,-23.424999237060547,3593.501950068306,438.64251777332055,50.57541871375689,-1.478242560774623,12.42725583284927,-23.425000865619555,3.555597114562988,8.252493858337402,209.09737442922375,1043,230.66826680005914,993.909423828125,57.26552511415525,600
