,state,county,gisjoin,year range,avg temp,max temp,min temp,hdd,cdd,avg rh,average dp,max dp,min dp,avg wind speed,max wind speed,avg ghr,max ghr,avg dnr,max dnr,avg dhr,max dhr
0,TN,Washington County,G4701790,2040-2059,15.812056630736878,35.58694076538086,-9.91135025024414,1953.9376970525348,1045.838367271492,68.58474822588707,9.308356773576088,21.94191653262275,-9.945699886654458,3.2146480005081384,8.648335456848145,174.4488584474886,1002,187.52390523130074,958.0276489257812,78.19611872146119,505
