,state,county,gisjoin,year range,avg temp,max temp,min temp,hdd,cdd,avg rh,average dp,max dp,min dp,avg wind speed,max wind speed,avg ghr,max ghr,avg dnr,max dnr,avg dhr,max dhr
0,TN,Washington County,G4701790,2080-2099,17.53807955223399,38.213417053222656,-12.33649444580078,1692.407162937537,1414.3061995029811,68.9150890968706,11.010917630933987,26.29937212856948,-12.336495129340545,3.586049993724039,9.474851608276367,174.4488584474886,1002,184.18936355167546,961.3174438476562,78.19611872146119,505
