,state,county,gisjoin,year range,avg temp,max temp,min temp,hdd,cdd,avg rh,average dp,max dp,min dp,avg wind speed,max wind speed,avg ghr,max ghr,avg dnr,max dnr,avg dhr,max dhr
0,AR,Chicot County,G0500170,2080-2099,22.080703184635222,42.27956008911133,-3.110368013381958,958.0659085042336,2338.0225708959065,70.20812575697354,15.74684398770436,28.546971745313545,-3.110368320444928,3.464502882467557,7.9138503074646,189.82305936073058,984,186.39105136687525,918.4071044921876,74.35810502283105,477
