,state,county,gisjoin,year range,avg temp,max temp,min temp,hdd,cdd,avg rh,average dp,max dp,min dp,avg wind speed,max wind speed,avg ghr,max ghr,avg dnr,max dnr,avg dhr,max dhr
0,CA,Plumas County,G0600630,1980-1999,7.9978103233534,32.826873779296875,-16.501874923706055,4032.3681238992617,272.0688919226265,55.913922955891856,-2.3812112165114034,10.323383418560825,-16.50187694755147,4.615478595968795,15.028106689453123,207.6810502283105,1019,219.0302735649429,986.8843383789062,55.014954337899546,524
