,state,county,gisjoin,year range,avg temp,max temp,min temp,hdd,cdd,avg rh,average dp,max dp,min dp,avg wind speed,max wind speed,avg ghr,max ghr,avg dnr,max dnr,avg dhr,max dhr
0,TX,Zapata County,G4805050,2060-2079,25.805241815793458,43.790077209472656,1.5345940589904783,368.54444395701694,3107.957706721228,51.030121826690085,13.78143088479757,27.11791680217145,-9.358081062850612,4.401137123178674,8.540369987487793,205.3203196347032,1042,220.08131049086944,1009.985595703125,73.99543378995433,597
