,state,county,gisjoin,year range,avg temp,max temp,min temp,hdd,cdd,avg rh,average dp,max dp,min dp,avg wind speed,max wind speed,avg ghr,max ghr,avg dnr,max dnr,avg dhr,max dhr
0,AL,Clarke County,G0100250,2060-2079,20.851957707958494,37.29637145996094,-5.545375347137451,988.5952237890228,1920.0597871937844,70.10816475855161,14.459874492255153,27.3280373506756,-5.545375876770107,3.357602151670412,8.407666206359863,196.8392694063927,1004,196.90336065471095,929.9241333007812,79.83025114155251,667
