,state,county,gisjoin,year range,avg temp,max temp,min temp,hdd,cdd,avg rh,average dp,max dp,min dp,avg wind speed,max wind speed,avg ghr,max ghr,avg dnr,max dnr,avg dhr,max dhr
0,WI,Kewaunee County,G5500610,1980-1999,6.019686201667242,31.11333274841309,-27.5086669921875,4705.628242043121,223.3137056509594,69.11578570108979,0.20930991038648997,18.38922720545187,-27.50866830064719,5.508789134678775,12.693400382995604,150.2541095890411,937,173.14256769046744,920.29296875,67.91643835616438,485
