,state,county,gisjoin,year range,avg temp,max temp,min temp,hdd,cdd,avg rh,average dp,max dp,min dp,avg wind speed,max wind speed,avg ghr,max ghr,avg dnr,max dnr,avg dhr,max dhr
0,WV,Pleasants County,G5400730,1980-1999,10.885580093782634,32.92866516113281,-20.958667755126957,3260.3800451608204,554.1167793909943,68.02976341018937,4.380285213279924,20.71319965130765,-20.958669647535498,3.4710344128412745,8.458244323730469,144.5626712328767,1001,184.5600252369872,954.7389526367188,76.59269406392694,655
