,state,county,gisjoin,year range,avg temp,max temp,min temp,hdd,cdd,avg rh,average dp,max dp,min dp,avg wind speed,max wind speed,avg ghr,max ghr,avg dnr,max dnr,avg dhr,max dhr
0,WV,Pleasants County,G5400730,2000-2019,12.314423741251181,35.05400085449219,-18.77866744995117,2887.257703860292,702.5223694165926,68.76558653578911,5.896020880935907,22.304497558222444,-18.77866902095201,3.4277300330057536,8.304106712341309,144.5626712328767,1001,181.11379189928286,945.9737548828124,76.59269406392694,655
