,state,county,gisjoin,year range,avg temp,max temp,min temp,hdd,cdd,avg rh,average dp,max dp,min dp,avg wind speed,max wind speed,avg ghr,max ghr,avg dnr,max dnr,avg dhr,max dhr
0,LA,St. Landry Parish,G2200970,2000-2019,20.14532519415559,36.34999847412109,-3.9936838150024414,1029.442565389679,1702.986261256442,72.10704562957973,14.384551361948029,26.229486802893057,-3.993684167463465,3.403363813439461,9.01527500152588,192.95947488584474,1022,194.6024447296929,919.8814086914062,78.88390410958904,608
