,state,county,gisjoin,year range,avg temp,max temp,min temp,hdd,cdd,avg rh,average dp,max dp,min dp,avg wind speed,max wind speed,avg ghr,max ghr,avg dnr,max dnr,avg dhr,max dhr
0,LA,St. Landry Parish,G2200970,2080-2099,23.735273420024818,39.75743103027344,-2.377169370651245,594.0414658752319,2577.9162641840267,72.79911802718628,18.0166901932159,30.69606016628642,-2.377169608811298,3.5378450896641978,8.044999122619629,192.95947488584474,1022,184.1323057802302,905.3207397460938,78.88390410958904,608
