,state,county,gisjoin,year range,avg temp,max temp,min temp,hdd,cdd,avg rh,average dp,max dp,min dp,avg wind speed,max wind speed,avg ghr,max ghr,avg dnr,max dnr,avg dhr,max dhr
0,NC,Chatham County,G3700370,1980-1999,14.749723257147123,35.22333526611328,-15.359999656677246,2204.818601759613,908.967590618193,67.92025603420659,8.092177618547538,21.756361169166347,-15.360001056530336,3.529206018905117,10.825243949890137,181.42796803652968,1003,195.42823054861228,951.4889526367188,80.3222602739726,635
