,state,county,gisjoin,year range,avg temp,max temp,min temp,hdd,cdd,avg rh,average dp,max dp,min dp,avg wind speed,max wind speed,avg ghr,max ghr,avg dnr,max dnr,avg dhr,max dhr
0,NC,Chatham County,G3700370,2020-2039,16.51363524801643,39.29045486450195,-9.861658096313477,1833.9600831866921,1181.9369487127417,68.49988670937003,9.940146051613675,23.8160532102654,-9.861658467882728,3.6419071011347315,8.49095344543457,181.42796803652968,1003,191.62929050712734,962.965576171875,80.3222602739726,635
