,state,county,gisjoin,year range,avg temp,max temp,min temp,hdd,cdd,avg rh,average dp,max dp,min dp,avg wind speed,max wind speed,avg ghr,max ghr,avg dnr,max dnr,avg dhr,max dhr
0,VA,James City County,G5100950,2060-2079,17.737102861902688,37.91443634033203,-9.502229690551758,1624.4427067209306,1418.9852513154635,71.62740958901846,11.957030490839303,26.77894734378372,-9.502229996355814,4.391651863594578,12.308942794799805,176.3689497716895,979,178.2108123625476,909.2055053710938,75.70262557077625,623
