,state,county,gisjoin,year range,avg temp,max temp,min temp,hdd,cdd,avg rh,average dp,max dp,min dp,avg wind speed,max wind speed,avg ghr,max ghr,avg dnr,max dnr,avg dhr,max dhr
0,MO,Henry County,G2900830,2000-2019,13.852870022904677,39.4726676940918,-22.69599914550781,2625.8779732340777,1002.6755315940151,67.58799884591473,7.170800950349203,24.18127785044892,-23.623421095250368,4.279136651509429,9.207639694213867,176.2837899543379,995,186.52482161282768,918.15087890625,71.51164383561644,651
