,state,county,gisjoin,year range,avg temp,max temp,min temp,hdd,cdd,avg rh,average dp,max dp,min dp,avg wind speed,max wind speed,avg ghr,max ghr,avg dnr,max dnr,avg dhr,max dhr
0,MO,Henry County,G2900830,2040-2059,15.83308264324819,40.264686584472656,-18.139080047607425,2251.160081475551,1350.7352462610354,68.58183728374847,9.302384630227877,25.65911598943972,-18.13908141267284,4.373079512543875,10.886863708496094,176.2837899543379,995,182.94773463781607,920.1260375976562,71.51164383561644,651
