,state,county,gisjoin,year range,avg temp,max temp,min temp,hdd,cdd,avg rh,average dp,max dp,min dp,avg wind speed,max wind speed,avg ghr,max ghr,avg dnr,max dnr,avg dhr,max dhr
0,CO,Jefferson County,G0800590,1980-1999,9.070684513798472,36.86263275146485,-22.467369079589844,3790.8273906105956,422.12723814647194,52.938772854739675,-1.3653978599582401,13.882621615873733,-23.139382047069397,3.3614941837036447,8.241327285766602,184.9255707762557,1032,216.27471857931704,979.2353515625,65.97465753424657,549
