,state,county,gisjoin,year range,avg temp,max temp,min temp,hdd,cdd,avg rh,average dp,max dp,min dp,avg wind speed,max wind speed,avg ghr,max ghr,avg dnr,max dnr,avg dhr,max dhr
0,CO,Jefferson County,G0800590,2080-2099,14.530893880358887,39.47932434082031,-14.547795295715332,2460.1416042543983,1084.4178705851834,51.69683771732191,3.3402114463586234,19.04273954313865,-19.28844771545644,3.181721566474601,7.032884120941162,184.9255707762557,1032,209.9465482143867,954.1489868164062,65.97465753424657,549
