,state,county,gisjoin,year range,avg temp,max temp,min temp,hdd,cdd,avg rh,average dp,max dp,min dp,avg wind speed,max wind speed,avg ghr,max ghr,avg dnr,max dnr,avg dhr,max dhr
0,PA,Northumberland County,G4200970,2000-2019,10.747113628484431,34.987335205078125,-21.04599952697754,3333.9076663622204,577.1041407585406,68.99491164499221,4.537728854499694,22.068045338274256,-21.04600198470993,3.759022660124792,10.562023162841797,155.9428082191781,984,179.92133873664346,940.66015625,79.51655251141553,518
