,state,county,gisjoin,year range,avg temp,max temp,min temp,hdd,cdd,avg rh,average dp,max dp,min dp,avg wind speed,max wind speed,avg ghr,max ghr,avg dnr,max dnr,avg dhr,max dhr
0,TX,Wharton County,G4804810,2040-2059,22.98821732851817,39.89421463012695,-1.8049428462982176,649.9627915071337,2361.1621164160447,67.84360829793155,16.084616120072482,27.52612342189333,-1.804943113603238,3.8825540993311636,7.741415977478027,182.28915525114155,1002,198.12322170828074,956.939453125,83.05753424657534,599
