,state,county,gisjoin,year range,avg temp,max temp,min temp,hdd,cdd,avg rh,average dp,max dp,min dp,avg wind speed,max wind speed,avg ghr,max ghr,avg dnr,max dnr,avg dhr,max dhr
0,NV,Carson City,G3205100,2080-2099,15.280079552175856,43.301265716552734,-11.971128463745115,2254.4976308760542,1152.2266674201271,42.71081688752457,-0.007586196276710549,8.88373402413639,-11.9711293757047,4.573773430281034,13.087298393249512,209.20376712328766,1043,228.0037710495774,992.5278930664062,57.525342465753425,495
