,state,county,gisjoin,year range,avg temp,max temp,min temp,hdd,cdd,avg rh,average dp,max dp,min dp,avg wind speed,max wind speed,avg ghr,max ghr,avg dnr,max dnr,avg dhr,max dhr
0,KS,Geary County,G2000610,2000-2019,13.637704839656335,40.8380012512207,-21.20599937438965,2765.220846258362,1063.4831127326272,63.175432823782096,5.837905410531278,25.13604179910804,-21.20599976311144,4.3992256667516,9.187975883483888,173.40833333333333,994,190.4395283722983,946.0266723632812,71.29143835616438,613
