,state,county,gisjoin,year range,avg temp,max temp,min temp,hdd,cdd,avg rh,average dp,max dp,min dp,avg wind speed,max wind speed,avg ghr,max ghr,avg dnr,max dnr,avg dhr,max dhr
0,KS,Geary County,G2000610,2040-2059,15.739350907369007,43.191192626953125,-18.738182067871094,2405.584692887013,1470.9477740764644,63.760011397104826,7.874990132811004,27.56890630482616,-18.738184096879248,4.399819975029932,9.177848815917969,173.40833333333333,994,186.96350743442648,930.59423828125,71.29143835616438,613
