,state,county,gisjoin,year range,avg temp,max temp,min temp,hdd,cdd,avg rh,average dp,max dp,min dp,avg wind speed,max wind speed,avg ghr,max ghr,avg dnr,max dnr,avg dhr,max dhr
0,PA,Fayette County,G4200510,2080-2099,15.755425521852331,37.60680770874024,-11.597528457641602,2161.753902724134,1232.984218200121,69.88243141283183,9.518594957231565,25.99675428873763,-11.59752945507239,4.717462836552973,11.06829071044922,141.4453196347032,972,171.4968553010925,935.5527954101562,76.05719178082192,570
