,state,county,gisjoin,year range,avg temp,max temp,min temp,hdd,cdd,avg rh,average dp,max dp,min dp,avg wind speed,max wind speed,avg ghr,max ghr,avg dnr,max dnr,avg dhr,max dhr
0,NC,Cabarrus County,G3700250,2000-2019,16.160134288134753,36.49117660522461,-9.744117736816406,1924.4582365544702,1143.4072517236807,68.28770120655565,9.55620227889774,23.17896295606576,-9.74411783798139,3.56749239996688,8.840376853942871,186.27317351598174,1013,191.84476219515633,952.3406372070312,75.83287671232877,576
