,state,county,gisjoin,year range,avg temp,max temp,min temp,hdd,cdd,avg rh,average dp,max dp,min dp,avg wind speed,max wind speed,avg ghr,max ghr,avg dnr,max dnr,avg dhr,max dhr
0,MN,Roseau County,G2701350,1980-1999,2.761161668584439,31.47333335876465,-36.63533401489258,5912.772033536717,241.09604256947287,62.32394008690908,-4.694503702863891,18.642154360446824,-36.635333276796246,4.022436480652796,9.017488479614258,152.28938356164383,951,169.26922086336623,907.2383422851562,65.33219178082192,567
