,state,county,gisjoin,year range,avg temp,max temp,min temp,hdd,cdd,avg rh,average dp,max dp,min dp,avg wind speed,max wind speed,avg ghr,max ghr,avg dnr,max dnr,avg dhr,max dhr
0,MN,Roseau County,G2701350,2040-2059,6.381575486957511,34.97936248779297,-31.534543991088867,4841.05568604405,490.83073878289724,63.34554540893259,-1.0247647515204563,21.644624677897376,-31.534544590202877,3.841334089677628,8.723240852355957,152.28938356164383,951,168.07527553286636,878.5103759765625,65.33219178082192,567
