,state,county,gisjoin,year range,avg temp,max temp,min temp,hdd,cdd,avg rh,average dp,max dp,min dp,avg wind speed,max wind speed,avg ghr,max ghr,avg dnr,max dnr,avg dhr,max dhr
0,MN,Roseau County,G2701350,2080-2099,9.458873540146602,37.2412109375,-28.871551513671875,3959.1796131775827,732.1684553305672,63.2779043269484,1.888559206091241,22.91924546515011,-28.87155243428806,3.737441069459262,9.089472770690918,152.28938356164383,951,164.9145670125864,881.1451416015625,65.33219178082192,567
