,state,county,gisjoin,year range,avg temp,max temp,min temp,hdd,cdd,avg rh,average dp,max dp,min dp,avg wind speed,max wind speed,avg ghr,max ghr,avg dnr,max dnr,avg dhr,max dhr
0,VA,Roanoke city,G5107700,1980-1999,13.169857203723707,34.2599983215332,-18.21125030517578,2605.173698984894,732.6715783437494,66.84132150471483,6.302103470341544,21.702749619287165,-18.2112496942253,3.840017006168627,10.233102798461914,175.96141552511415,1025,190.13220044497993,952.5117797851562,76.01495433789954,485
