,state,county,gisjoin,year range,avg temp,max temp,min temp,hdd,cdd,avg rh,average dp,max dp,min dp,avg wind speed,max wind speed,avg ghr,max ghr,avg dnr,max dnr,avg dhr,max dhr
0,VA,Roanoke city,G5107700,2020-2039,14.724059513733073,36.54917526245117,-12.207060813903809,2244.898698951235,939.6804214637073,67.40943134320925,7.917341187497521,23.311457179146508,-12.207061746369632,3.937008969751123,11.24506664276123,175.96141552511415,1025,188.3364350814621,948.4224243164062,76.01495433789954,485
