,state,county,gisjoin,year range,avg temp,max temp,min temp,hdd,cdd,avg rh,average dp,max dp,min dp,avg wind speed,max wind speed,avg ghr,max ghr,avg dnr,max dnr,avg dhr,max dhr
0,TX,Walker County,G4804710,2040-2059,21.710570979461266,39.45744323730469,-2.5711495876312256,887.6690067390064,2132.5274142422218,68.73182453847912,15.021039432696952,26.67987425527974,-2.57114985873572,4.263108723457545,8.536828994750977,177.42979452054794,1007,197.54630743955235,930.8892211914062,82.63892694063927,684
