,state,county,gisjoin,year range,avg temp,max temp,min temp,hdd,cdd,avg rh,average dp,max dp,min dp,avg wind speed,max wind speed,avg ghr,max ghr,avg dnr,max dnr,avg dhr,max dhr
0,PA,Dauphin County,G4200430,2000-2019,11.97494870272447,38.80933380126953,-14.86199951171875,3001.3137390159595,692.6700155099619,69.51232010044464,5.877861349708225,22.26066709537133,-15.951924147293743,3.6693597205697674,8.951351165771484,162.18550228310502,986,177.97873483836617,912.4470825195312,78.03299086757991,529
