,state,county,gisjoin,year range,avg temp,max temp,min temp,hdd,cdd,avg rh,average dp,max dp,min dp,avg wind speed,max wind speed,avg ghr,max ghr,avg dnr,max dnr,avg dhr,max dhr
0,TX,Starr County,G4804270,1980-1999,23.250783120269237,40.6506233215332,-1.1893752813339231,609.2700685100951,2416.3059074081216,53.721779023675616,12.337980061087091,24.97610527056909,-6.352558134808179,4.389152948823694,8.099997520446777,196.78059360730595,1043,222.145294448389,972.2716064453124,75.92385844748858,625
