,state,county,gisjoin,year range,avg temp,max temp,min temp,hdd,cdd,avg rh,average dp,max dp,min dp,avg wind speed,max wind speed,avg ghr,max ghr,avg dnr,max dnr,avg dhr,max dhr
0,TX,Starr County,G4804270,2020-2039,24.35455866103235,42.052005767822266,-2.047696828842163,535.2689038616758,2745.18281513817,52.96349311245086,13.037182478028871,24.941637378175088,-8.08136050291525,4.456852357926434,9.08156394958496,196.78059360730595,1043,221.18103083692964,980.69287109375,75.92385844748858,625
