,state,county,gisjoin,year range,avg temp,max temp,min temp,hdd,cdd,avg rh,average dp,max dp,min dp,avg wind speed,max wind speed,avg ghr,max ghr,avg dnr,max dnr,avg dhr,max dhr
0,NM,McKinley County,G3500310,1980-1999,8.389907440607043,31.832632064819336,-23.546316146850582,4000.6847579599857,383.5009737809519,41.74584028486792,-5.866520978026205,8.790756523899505,-26.185871585941044,3.858115007126168,9.960224151611328,217.3222602739726,1099,248.43670949663513,1057.1966552734375,58.66415525114155,569
