,state,county,gisjoin,year range,avg temp,max temp,min temp,hdd,cdd,avg rh,average dp,max dp,min dp,avg wind speed,max wind speed,avg ghr,max ghr,avg dnr,max dnr,avg dhr,max dhr
0,NM,McKinley County,G3500310,2040-2059,11.223523445781886,36.34513854980469,-25.143348693847656,3255.206428846453,672.2924865564055,42.93561573507579,-3.0333521558244527,11.228239553253806,-25.14334873873032,3.7746177995041625,10.91295051574707,217.3222602739726,1099,246.24839067322768,1050.320556640625,58.66415525114155,569
