,state,county,gisjoin,year range,avg temp,max temp,min temp,hdd,cdd,avg rh,average dp,max dp,min dp,avg wind speed,max wind speed,avg ghr,max ghr,avg dnr,max dnr,avg dhr,max dhr
0,NM,McKinley County,G3500310,2080-2099,13.328273695920636,37.49473190307617,-16.803049087524414,2722.8453046560057,908.1652036667383,42.94298291130153,-1.0187560897510846,15.349632210008007,-17.533817969432015,3.8746900741368124,9.413227081298828,217.3222602739726,1099,243.04067125652617,1042.4619140625,58.66415525114155,569
