,state,county,gisjoin,year range,avg temp,max temp,min temp,hdd,cdd,avg rh,average dp,max dp,min dp,avg wind speed,max wind speed,avg ghr,max ghr,avg dnr,max dnr,avg dhr,max dhr
0,OR,Jefferson County,G4100310,1980-1999,9.351943638426388,37.78642654418945,-18.8360595703125,3666.374883078759,400.33431110382503,48.30435404842847,-3.106360233942353,6.630507025143604,-22.81021636134584,4.374797514366777,12.204667091369627,181.56712328767122,1019,198.75741542592365,949.3385620117188,65.17876712328767,512
