,state,county,gisjoin,year range,avg temp,max temp,min temp,hdd,cdd,avg rh,average dp,max dp,min dp,avg wind speed,max wind speed,avg ghr,max ghr,avg dnr,max dnr,avg dhr,max dhr
0,OR,Jefferson County,G4100310,2080-2099,13.202248783251061,41.30942916870117,-12.33239459991455,2695.391806901613,834.7126127879188,48.04823156861954,0.2608624633737246,10.197219149805967,-14.361079579145652,4.471767676366519,10.028470993041992,181.56712328767122,1019,199.92235792585777,937.385986328125,65.17876712328767,512
