,state,county,gisjoin,year range,avg temp,max temp,min temp,hdd,cdd,avg rh,average dp,max dp,min dp,avg wind speed,max wind speed,avg ghr,max ghr,avg dnr,max dnr,avg dhr,max dhr
0,OH,Franklin County,G3900490,2020-2039,12.758011196856016,34.92291259765625,-19.585132598876957,2832.59479855382,809.7688854059069,69.49435002923556,6.663269587972043,25.35487592533031,-20.26593351245952,4.302425256738924,10.286620140075684,152.52888127853882,1002,179.22070719825263,916.8935546875,76.31267123287671,661
