,state,county,gisjoin,year range,avg temp,max temp,min temp,hdd,cdd,avg rh,average dp,max dp,min dp,avg wind speed,max wind speed,avg ghr,max ghr,avg dnr,max dnr,avg dhr,max dhr
0,MO,Carter County,G2900350,2000-2019,14.718843466674361,37.03785705566406,-14.675000190734863,2363.6812162502906,1056.5590815862677,67.32505427517303,7.812121990973474,22.8368526908908,-14.910738271761163,3.682698863826386,9.116751670837402,175.54052511415526,981,196.2731028388836,966.604248046875,71.43904109589042,570
