,state,county,gisjoin,year range,avg temp,max temp,min temp,hdd,cdd,avg rh,average dp,max dp,min dp,avg wind speed,max wind speed,avg ghr,max ghr,avg dnr,max dnr,avg dhr,max dhr
0,MO,Carter County,G2900350,2040-2059,16.37728303135081,38.509910583496094,-14.225078582763672,2058.647409276927,1356.8557157199405,67.38505503837376,9.474948536187004,25.72330258968484,-14.22507908010331,3.642279020564197,8.277284622192383,175.54052511415526,981,190.7864599282761,922.1576538085938,71.43904109589042,570
