,state,county,gisjoin,year range,avg temp,max temp,min temp,hdd,cdd,avg rh,average dp,max dp,min dp,avg wind speed,max wind speed,avg ghr,max ghr,avg dnr,max dnr,avg dhr,max dhr
0,MO,Carter County,G2900350,2080-2099,18.545512000195686,42.25617599487305,-12.80433464050293,1714.9525911733888,1804.564471244705,69.13555178968873,11.979019062677967,26.477937767546884,-12.932556734889175,3.6118066239030395,10.797393798828123,175.54052511415526,981,186.46471571271871,887.6480102539062,71.43904109589042,570
