,state,county,gisjoin,year range,avg temp,max temp,min temp,hdd,cdd,avg rh,average dp,max dp,min dp,avg wind speed,max wind speed,avg ghr,max ghr,avg dnr,max dnr,avg dhr,max dhr
0,WA,Pend Oreille County,G5300510,2060-2079,10.638485448869117,40.85383605957031,-15.118939399719238,3413.9279817597308,617.475170596464,63.37040279956713,2.568097969594084,14.934126641635295,-15.118941077680333,3.366513999561741,8.617420196533203,156.51792237442922,959,173.07473354871593,880.5432739257812,60.84908675799087,477
