,state,county,gisjoin,year range,avg temp,max temp,min temp,hdd,cdd,avg rh,average dp,max dp,min dp,avg wind speed,max wind speed,avg ghr,max ghr,avg dnr,max dnr,avg dhr,max dhr
0,IA,Scott County,G1901630,2000-2019,10.749612269769838,35.385623931884766,-27.31187438964844,3480.681556861799,724.7900353273147,69.58528254913958,4.76654964026615,25.234710914321,-27.31187544794103,3.9080754704671365,9.113494873046877,168.07956621004567,979,178.3036072481176,908.3370361328124,71.69029680365297,593
