,state,county,gisjoin,year range,avg temp,max temp,min temp,hdd,cdd,avg rh,average dp,max dp,min dp,avg wind speed,max wind speed,avg ghr,max ghr,avg dnr,max dnr,avg dhr,max dhr
0,IA,Scott County,G1901630,2020-2039,11.44157502186926,35.66405487060547,-23.156967163085938,3281.004008613403,777.6788915952485,70.0030606369994,5.519276712046288,24.17028700820211,-23.15696875705136,3.8914276413721582,9.383848190307615,168.07956621004567,979,177.82825634004362,903.2037353515624,71.69029680365297,593
