,state,county,gisjoin,year range,avg temp,max temp,min temp,hdd,cdd,avg rh,average dp,max dp,min dp,avg wind speed,max wind speed,avg ghr,max ghr,avg dnr,max dnr,avg dhr,max dhr
0,AR,Pike County,G0501090,2040-2059,18.594514151178217,41.28819274902344,-9.127432823181152,1499.3716008371784,1606.8692660172273,69.22756408251584,12.074432224827527,25.48186045220541,-9.127433075848126,4.192960549380682,9.048885345458984,169.04406392694065,993,192.66390156415787,937.8026123046876,73.38036529680365,538
