,state,county,gisjoin,year range,avg temp,max temp,min temp,hdd,cdd,avg rh,average dp,max dp,min dp,avg wind speed,max wind speed,avg ghr,max ghr,avg dnr,max dnr,avg dhr,max dhr
0,GA,Peach County,G1302250,2000-2019,18.682223970757384,37.82411575317383,-8.796470642089844,1329.8569666113995,1469.3687159379415,68.02663898468018,11.818243687213844,24.21508131547761,-8.796471145881327,3.4788234032724548,7.781622409820557,191.99166666666667,1021,201.19762467427466,942.6427001953124,78.06506849315069,512
