,state,county,gisjoin,year range,avg temp,max temp,min temp,hdd,cdd,avg rh,average dp,max dp,min dp,avg wind speed,max wind speed,avg ghr,max ghr,avg dnr,max dnr,avg dhr,max dhr
0,GA,Peach County,G1302250,2040-2059,20.058619762032258,38.52770614624024,-8.493171691894531,1147.058393232253,1788.9546063739924,69.3543800528191,13.518786429688621,25.767950347061948,-8.493171674983271,3.5820053755692696,8.791573524475098,191.99166666666667,1021,196.43949837099652,947.9359741210938,78.06506849315069,512
