,state,county,gisjoin,year range,avg temp,max temp,min temp,hdd,cdd,avg rh,average dp,max dp,min dp,avg wind speed,max wind speed,avg ghr,max ghr,avg dnr,max dnr,avg dhr,max dhr
0,NY,Schenectady County,G3600930,2020-2039,10.304376580875944,35.569679260253906,-20.08502960205078,3518.015262096605,599.6127141158082,69.42256003667231,4.240210401238156,24.64210095350448,-20.094964003529896,3.639304231372598,11.733281135559082,160.9197488584475,1036,172.59435569677598,907.689453125,78.25296803652968,514
