,state,county,gisjoin,year range,avg temp,max temp,min temp,hdd,cdd,avg rh,average dp,max dp,min dp,avg wind speed,max wind speed,avg ghr,max ghr,avg dnr,max dnr,avg dhr,max dhr
0,NY,Schenectady County,G3600930,2060-2079,12.25930492681916,35.933807373046875,-17.132291793823242,2998.154825711992,793.3011240005931,70.91092669561029,6.4898614845414295,24.947620557549275,-17.132292663038392,4.094753696888549,11.84592628479004,160.9197488584475,1036,169.6335358351182,892.51220703125,78.25296803652968,514
