,state,county,gisjoin,year range,avg temp,max temp,min temp,hdd,cdd,avg rh,average dp,max dp,min dp,avg wind speed,max wind speed,avg ghr,max ghr,avg dnr,max dnr,avg dhr,max dhr
0,TX,Orange County,G4803610,1980-1999,19.822299091191326,36.03263092041016,-3.0452630519866943,1029.352873779762,1584.9920420646347,71.60778652957585,13.980300999627877,26.3664700210175,-3.1660771332426205,3.962119362452259,8.827252388000488,188.78675799086759,1024,194.15438446493425,923.7203369140624,83.47100456621004,642
