,state,county,gisjoin,year range,avg temp,max temp,min temp,hdd,cdd,avg rh,average dp,max dp,min dp,avg wind speed,max wind speed,avg ghr,max ghr,avg dnr,max dnr,avg dhr,max dhr
0,TX,Orange County,G4803610,2040-2059,22.356176149820033,37.816184997558594,-1.5733405351638794,717.1474703760738,2197.6517650602004,72.49795026909815,16.68709108020479,28.645778139457107,-1.5733405424886575,3.9165866845274624,8.207029342651367,188.78675799086759,1024,187.19317188762759,897.7787475585938,83.47100456621004,642
