,state,county,gisjoin,year range,avg temp,max temp,min temp,hdd,cdd,avg rh,average dp,max dp,min dp,avg wind speed,max wind speed,avg ghr,max ghr,avg dnr,max dnr,avg dhr,max dhr
0,AR,Garland County,G0500510,2000-2019,16.59393380066969,39.01071548461914,-9.777142524719238,1919.4178070789567,1296.7036443234274,68.25816037186749,9.900517793719688,23.70888208893333,-9.77714270270694,3.81413152217865,8.598464012145996,169.04406392694065,993,195.50887490566478,938.9562377929688,73.38070776255708,538
