,state,county,gisjoin,year range,avg temp,max temp,min temp,hdd,cdd,avg rh,average dp,max dp,min dp,avg wind speed,max wind speed,avg ghr,max ghr,avg dnr,max dnr,avg dhr,max dhr
0,AR,Garland County,G0500510,2040-2059,18.4800908865927,42.23450469970703,-9.231675148010254,1515.5101223492804,1581.2432959556172,69.7333926845359,12.090462465250532,26.227586121105663,-9.231675705415864,3.8648171953959007,11.120284080505373,169.04406392694065,993,191.45479388168815,942.5311279296876,73.38070776255708,538
