,state,county,gisjoin,year range,avg temp,max temp,min temp,hdd,cdd,avg rh,average dp,max dp,min dp,avg wind speed,max wind speed,avg ghr,max ghr,avg dnr,max dnr,avg dhr,max dhr
0,KY,Gallatin County,G2100770,2020-2039,13.934109620787892,36.17122650146485,-19.80471992492676,2523.999300241359,930.4493118286688,69.15550497220532,7.633671807931615,22.812303371301187,-19.804720124600184,3.0853466974954085,8.929107666015625,165.93150684931507,993,183.64053403306332,937.1096801757812,75.84132420091325,554
