,state,county,gisjoin,year range,avg temp,max temp,min temp,hdd,cdd,avg rh,average dp,max dp,min dp,avg wind speed,max wind speed,avg ghr,max ghr,avg dnr,max dnr,avg dhr,max dhr
0,IN,Sullivan County,G1801530,2000-2019,13.120089147641536,35.53666687011719,-22.496665954589844,2771.0172320863353,880.3497709751628,69.15001534239886,6.891925619778492,24.617981798312904,-22.49666770526925,4.107962656728753,9.139068603515623,148.1025114155251,978,183.15518981849982,943.3042602539062,74.19303652968037,597
