,state,county,gisjoin,year range,avg temp,max temp,min temp,hdd,cdd,avg rh,average dp,max dp,min dp,avg wind speed,max wind speed,avg ghr,max ghr,avg dnr,max dnr,avg dhr,max dhr
0,MT,Glacier County,G3000350,2000-2019,6.570225395070646,33.18714141845703,-32.17714309692383,4578.952172302796,297.584441502883,48.63856026690844,-5.051840424832928,11.444861116133197,-32.43422548812675,3.8154089006659104,8.024985313415527,164.68858447488586,962,184.03445904334498,916.9800415039062,61.55662100456621,537
