,state,county,gisjoin,year range,avg temp,max temp,min temp,hdd,cdd,avg rh,average dp,max dp,min dp,avg wind speed,max wind speed,avg ghr,max ghr,avg dnr,max dnr,avg dhr,max dhr
0,MT,Glacier County,G3000350,2040-2059,8.455836592566703,36.22563934326172,-27.66820907592773,4059.022110185746,465.90246647200024,50.88547245911811,-2.4304510193273017,15.071560933885085,-27.66821089938299,3.8241377275284023,8.84360408782959,164.68858447488586,962,181.03880513113785,898.2880859375,61.55662100456621,537
