,state,county,gisjoin,year range,avg temp,max temp,min temp,hdd,cdd,avg rh,average dp,max dp,min dp,avg wind speed,max wind speed,avg ghr,max ghr,avg dnr,max dnr,avg dhr,max dhr
0,KY,Magoffin County,G2101530,2020-2039,13.909847952501282,34.98477935791016,-17.47657012939453,2435.5655416259674,833.1600442886852,69.289689116282,7.631287784498181,22.584553646632504,-17.476571599579398,3.7689482012568,9.24203395843506,167.09063926940638,986,188.06240540905426,932.0292358398438,74.89394977168949,524
