,state,county,gisjoin,year range,avg temp,max temp,min temp,hdd,cdd,avg rh,average dp,max dp,min dp,avg wind speed,max wind speed,avg ghr,max ghr,avg dnr,max dnr,avg dhr,max dhr
0,CO,Crowley County,G0800250,1980-1999,11.09486296037159,38.87749862670898,-25.38800048828125,3367.1003455420055,737.225326077179,41.80172152127305,-3.5294458889257094,15.187269477014198,-28.705552422806992,2.86041583861118,7.117911815643311,200.68801369863013,1034,228.0482639910717,989.732666015625,61.87739726027397,525
