,state,county,gisjoin,year range,avg temp,max temp,min temp,hdd,cdd,avg rh,average dp,max dp,min dp,avg wind speed,max wind speed,avg ghr,max ghr,avg dnr,max dnr,avg dhr,max dhr
0,CO,Crowley County,G0800250,2000-2019,12.893285498960894,39.3134994506836,-23.72949981689453,2981.77462116362,1008.323828283999,40.18583275694825,-2.364004287518053,16.62219304713436,-27.722592233034064,2.874308460556209,8.280285835266113,200.68801369863013,1034,228.56723779593787,987.8294677734376,61.87739726027397,525
