,state,county,gisjoin,year range,avg temp,max temp,min temp,hdd,cdd,avg rh,average dp,max dp,min dp,avg wind speed,max wind speed,avg ghr,max ghr,avg dnr,max dnr,avg dhr,max dhr
0,KS,Gove County,G2000630,2040-2059,14.367615073190239,42.69099807739258,-20.141036987304688,2709.474915721185,1274.1544174353974,56.42575296615357,4.473302817360325,22.52092715913812,-21.9449745745241,4.312174064846344,9.003302574157715,184.16997716894977,994,203.84827391955437,961.5820922851562,65.25787671232877,489
