,state,county,gisjoin,year range,avg temp,max temp,min temp,hdd,cdd,avg rh,average dp,max dp,min dp,avg wind speed,max wind speed,avg ghr,max ghr,avg dnr,max dnr,avg dhr,max dhr
0,WV,Mercer County,G5400550,1980-1999,10.256429847732232,31.183334350585938,-18.350000381469727,3332.0996933792426,396.1965878009833,68.7610358525629,4.03008896689207,20.281165956443857,-18.59398419047491,3.8416320828542316,8.99200439453125,157.74988584474886,1002,189.84432191963427,966.68359375,74.00102739726027,672
