,state,county,gisjoin,year range,avg temp,max temp,min temp,hdd,cdd,avg rh,average dp,max dp,min dp,avg wind speed,max wind speed,avg ghr,max ghr,avg dnr,max dnr,avg dhr,max dhr
0,SD,Brule County,G4600150,2080-2099,14.21812434311318,45.04906845092773,-22.53450584411621,2884.865784941505,1394.9811701775,59.65540893252037,5.425415804561687,27.27297725398677,-22.53450658746328,4.069363829997032,8.575872421264648,170.18299086757992,958,178.32950081180093,908.2872314453124,69.3703196347032,567
