,state,county,gisjoin,year range,avg temp,max temp,min temp,hdd,cdd,avg rh,average dp,max dp,min dp,avg wind speed,max wind speed,avg ghr,max ghr,avg dnr,max dnr,avg dhr,max dhr
0,NC,Swain County,G3701730,1980-1999,12.037014519448975,30.960588455200195,-20.899999618530277,2783.30628579925,497.3165853977402,68.47582997862062,5.565300104460611,19.106485580796047,-20.899999950503585,4.4852420749185296,11.174365997314451,178.29326484018264,1001,201.46177210085446,977.415771484375,79.8054794520548,584
