,state,county,gisjoin,year range,avg temp,max temp,min temp,hdd,cdd,avg rh,average dp,max dp,min dp,avg wind speed,max wind speed,avg ghr,max ghr,avg dnr,max dnr,avg dhr,max dhr
0,NC,Swain County,G3701730,2060-2079,14.99912376887093,34.128517150878906,-9.453959465026855,2074.4391029997773,869.6192786376254,69.7970251179177,8.730109670362651,21.943384721230725,-9.453960747675696,4.845516179903457,11.790583610534668,178.29326484018264,1001,193.58722224796432,943.3817138671876,79.8054794520548,584
