,state,county,gisjoin,year range,avg temp,max temp,min temp,hdd,cdd,avg rh,average dp,max dp,min dp,avg wind speed,max wind speed,avg ghr,max ghr,avg dnr,max dnr,avg dhr,max dhr
0,NC,Gates County,G3700730,2040-2059,17.77482270626027,37.64068603515625,-8.420573234558105,1570.1523261949505,1378.462613980043,70.84527251034567,11.783382150813454,25.736324229994725,-8.420574047372005,3.4522989625800147,8.638903617858887,177.25034246575342,986,184.2638528999687,916.1454467773438,70.07488584474886,494
