,state,county,gisjoin,year range,avg temp,max temp,min temp,hdd,cdd,avg rh,average dp,max dp,min dp,avg wind speed,max wind speed,avg ghr,max ghr,avg dnr,max dnr,avg dhr,max dhr
0,NC,Gates County,G3700730,2060-2079,18.18621587080822,37.00816345214844,-8.859768867492676,1497.3039072421734,1455.7727000872364,70.05500500975134,11.985740467321568,25.576559511099397,-8.859769369157458,3.5779595491004317,8.747265815734863,177.25034246575342,986,183.85652795057882,920.01806640625,70.07488584474886,494
