,state,county,gisjoin,year range,avg temp,max temp,min temp,hdd,cdd,avg rh,average dp,max dp,min dp,avg wind speed,max wind speed,avg ghr,max ghr,avg dnr,max dnr,avg dhr,max dhr
0,MI,Antrim County,G2600090,2020-2039,8.43194754960262,33.12385177612305,-25.51801872253418,4063.2571036248187,461.417959229163,69.91874493180889,2.5457774697065205,22.59089056540504,-25.552305317027844,4.951212588837158,12.178644180297852,151.65696347031962,958,167.95922198138928,917.4194946289062,73.77020547945206,455
