,state,county,gisjoin,year range,avg temp,max temp,min temp,hdd,cdd,avg rh,average dp,max dp,min dp,avg wind speed,max wind speed,avg ghr,max ghr,avg dnr,max dnr,avg dhr,max dhr
0,NE,Polk County,G3101430,2040-2059,13.213996501119038,36.91084671020508,-19.213520050048828,2925.526546431805,1069.135269339942,63.81604197732934,5.590177187766937,24.28116379321748,-19.213520873242835,4.141380777451546,10.85021686553955,168.5865296803653,973,184.9504651005853,916.0662231445312,64.99440639269406,569
