,state,county,gisjoin,year range,avg temp,max temp,min temp,hdd,cdd,avg rh,average dp,max dp,min dp,avg wind speed,max wind speed,avg ghr,max ghr,avg dnr,max dnr,avg dhr,max dhr
0,WI,Menominee County,G5500780,2040-2059,8.783359915175987,36.57315444946289,-26.267608642578125,4017.5458064641225,543.9721755027987,67.66277287147905,2.37542352546578,23.484050061897086,-26.26761023286704,4.245661567212784,9.704093933105469,157.12865296803653,955,172.79097162263864,906.4268798828124,71.0033105022831,543
