,state,county,gisjoin,year range,avg temp,max temp,min temp,hdd,cdd,avg rh,average dp,max dp,min dp,avg wind speed,max wind speed,avg ghr,max ghr,avg dnr,max dnr,avg dhr,max dhr
0,IL,Brown County,G1700090,2000-2019,12.102839534681538,36.569332122802734,-25.44266700744629,3049.9294268865356,787.9658570449,68.26112036770337,5.6960823335225665,23.48856017817225,-25.44266838324013,4.282380783067991,9.95639705657959,175.93367579908676,994,182.65786138479353,923.764892578125,72.57408675799087,623
