,state,county,gisjoin,year range,avg temp,max temp,min temp,hdd,cdd,avg rh,average dp,max dp,min dp,avg wind speed,max wind speed,avg ghr,max ghr,avg dnr,max dnr,avg dhr,max dhr
0,IL,Brown County,G1700090,2020-2039,12.668194692838883,37.512813568115234,-22.98487663269043,2947.746484384688,892.1375472705082,69.26257748756234,6.5309284257852624,25.241610963542524,-22.98487930700333,4.063667435515417,8.537725448608398,175.93367579908676,994,181.2504040416555,915.293212890625,72.57408675799087,623
