,state,county,gisjoin,year range,avg temp,max temp,min temp,hdd,cdd,avg rh,average dp,max dp,min dp,avg wind speed,max wind speed,avg ghr,max ghr,avg dnr,max dnr,avg dhr,max dhr
0,IL,Brown County,G1700090,2060-2079,14.613566490665324,40.69975280761719,-15.435057640075684,2568.548063394564,1222.9998324871733,69.38605396497195,8.368972711519554,26.34158487792821,-16.727648837256584,4.210736072879948,9.898850440979004,175.93367579908676,994,177.81156128274827,912.4139404296876,72.57408675799087,623
