,state,county,gisjoin,year range,avg temp,max temp,min temp,hdd,cdd,avg rh,average dp,max dp,min dp,avg wind speed,max wind speed,avg ghr,max ghr,avg dnr,max dnr,avg dhr,max dhr
0,IL,Brown County,G1700090,2080-2099,16.55401193243151,41.17148971557617,-15.734208106994627,2159.924269330754,1522.6386246680984,69.36278748860643,10.155057165345507,27.928836364559157,-15.73420866296658,4.151395398623323,9.104768753051758,175.93367579908676,994,177.6389097037235,892.0217895507812,72.57408675799087,623
