,state,county,gisjoin,year range,avg temp,max temp,min temp,hdd,cdd,avg rh,average dp,max dp,min dp,avg wind speed,max wind speed,avg ghr,max ghr,avg dnr,max dnr,avg dhr,max dhr
0,NM,Santa Fe County,G3500490,1980-1999,9.998976185397845,33.683074951171875,-18.37461471557617,3466.1987723435936,436.3250800132851,43.09847602354337,-3.7332865561014152,10.891328220261665,-22.007646701558173,4.082409722511082,11.11533260345459,226.72511415525113,1068,240.44742853248323,1034.225341796875,53.60285388127854,518
