,state,county,gisjoin,year range,avg temp,max temp,min temp,hdd,cdd,avg rh,average dp,max dp,min dp,avg wind speed,max wind speed,avg ghr,max ghr,avg dnr,max dnr,avg dhr,max dhr
0,GA,Floyd County,G1301150,2040-2059,18.5335043812606,37.963565826416016,-7.405993938446045,1455.5992905003397,1540.8283896604853,67.68636985260602,11.640112715563065,24.396537983319224,-7.4059944873948895,3.039254093170166,8.505834579467773,176.0974885844749,1000,193.8939973253707,937.0059204101562,75.3829908675799,586
