,state,county,gisjoin,year range,avg temp,max temp,min temp,hdd,cdd,avg rh,average dp,max dp,min dp,avg wind speed,max wind speed,avg ghr,max ghr,avg dnr,max dnr,avg dhr,max dhr
0,GA,Floyd County,G1301150,2080-2099,20.32069928902967,41.98769378662109,-8.215010643005371,1271.4233826081875,2008.9786231039286,69.44089986592122,13.76275810948941,28.68190848005499,-8.215010748663222,2.990003301849648,8.0049409866333,176.0974885844749,1000,189.08044136283254,923.5761108398438,75.3829908675799,586
