,state,county,gisjoin,year range,avg temp,max temp,min temp,hdd,cdd,avg rh,average dp,max dp,min dp,avg wind speed,max wind speed,avg ghr,max ghr,avg dnr,max dnr,avg dhr,max dhr
0,NM,Rio Arriba County,G3500390,1980-1999,9.171109837658499,33.644287109375,-19.88357162475586,3771.02539521905,438.98048596383256,42.852377325432485,-4.510158325833421,9.459147493181185,-22.638711795370124,3.1973198281575557,9.18172836303711,221.96175799086757,1068,241.2949383647466,1037.8780517578125,51.85011415525114,447
