,state,county,gisjoin,year range,avg temp,max temp,min temp,hdd,cdd,avg rh,average dp,max dp,min dp,avg wind speed,max wind speed,avg ghr,max ghr,avg dnr,max dnr,avg dhr,max dhr
0,NM,Rio Arriba County,G3500390,2020-2039,10.884873442734035,35.35428237915039,-14.263276100158691,3271.2161487197486,564.6949553172036,43.59823851944649,-2.5888835572837148,12.86588866105343,-16.881583844127476,3.04546284202027,8.825996398925781,221.96175799086757,1068,236.82340937608257,1040.0377197265625,51.85011415525114,447
