,state,county,gisjoin,year range,avg temp,max temp,min temp,hdd,cdd,avg rh,average dp,max dp,min dp,avg wind speed,max wind speed,avg ghr,max ghr,avg dnr,max dnr,avg dhr,max dhr
0,MN,Stevens County,G2701490,2060-2079,9.763145144658214,40.07471084594727,-29.729496002197266,3956.9989725882165,841.046950387999,66.04313707721832,2.999784921387944,24.189090958470157,-29.729496680200715,4.270520936952878,9.812206268310549,154.67260273972602,960,169.77362009997708,866.8152465820312,64.2966894977169,482
