,state,county,gisjoin,year range,avg temp,max temp,min temp,hdd,cdd,avg rh,average dp,max dp,min dp,avg wind speed,max wind speed,avg ghr,max ghr,avg dnr,max dnr,avg dhr,max dhr
0,MN,Stevens County,G2701490,2080-2099,12.232434726897925,39.52086639404297,-23.427146911621094,3334.1976887771234,1119.536364094472,64.6990444044,5.036476430206581,26.03627192449499,-23.427148538184483,4.231123983370114,10.056360244750977,154.67260273972602,960,167.48187690481907,855.5289916992188,64.2966894977169,482
