,state,county,gisjoin,year range,avg temp,max temp,min temp,hdd,cdd,avg rh,average dp,max dp,min dp,avg wind speed,max wind speed,avg ghr,max ghr,avg dnr,max dnr,avg dhr,max dhr
0,MI,Baraga County,G2600130,1980-1999,4.824611122090174,32.73143005371094,-31.450000762939453,5159.059058812331,240.54211837450123,66.17553875522526,-1.7887456749188881,18.639698051792475,-31.45000190216645,5.13664842288788,10.528590202331545,141.97237442922375,943,172.02628836183627,916.1353149414062,62.20091324200913,489
