,state,county,gisjoin,year range,avg temp,max temp,min temp,hdd,cdd,avg rh,average dp,max dp,min dp,avg wind speed,max wind speed,avg ghr,max ghr,avg dnr,max dnr,avg dhr,max dhr
0,MI,Baraga County,G2600130,2080-2099,10.542712307662478,36.56436538696289,-23.100610733032227,3597.448731983115,766.0387242794436,68.93525511401974,4.273440734417459,22.178353583424524,-23.10061307283816,5.1961899104728,11.774333000183104,141.97237442922375,943,164.58152079473544,869.235107421875,62.20091324200913,489
