,state,county,gisjoin,year range,avg temp,max temp,min temp,hdd,cdd,avg rh,average dp,max dp,min dp,avg wind speed,max wind speed,avg ghr,max ghr,avg dnr,max dnr,avg dhr,max dhr
0,TX,Victoria County,G4804690,2000-2019,21.800777450977154,37.81062316894531,-6.104374885559082,739.4788386830146,2017.262608289531,67.09874130427565,14.785143116215407,25.593880232616065,-6.48723933658149,4.118349041350901,8.119242668151855,191.83721461187216,1049,200.73983144726913,953.3743286132812,89.8283105022831,513
