,state,county,gisjoin,year range,avg temp,max temp,min temp,hdd,cdd,avg rh,average dp,max dp,min dp,avg wind speed,max wind speed,avg ghr,max ghr,avg dnr,max dnr,avg dhr,max dhr
0,IN,Greene County,G1800550,2000-2019,12.924964911103798,35.40999984741211,-22.05933380126953,2814.5883749155096,852.7005674680563,69.76748646622923,6.839307338749326,24.781251998775968,-22.059334560792063,4.062284668599633,9.278236389160156,145.4203196347032,987,183.2737167645396,917.9241943359376,74.32488584474886,663
