,state,county,gisjoin,year range,avg temp,max temp,min temp,hdd,cdd,avg rh,average dp,max dp,min dp,avg wind speed,max wind speed,avg ghr,max ghr,avg dnr,max dnr,avg dhr,max dhr
0,TX,Trinity County,G4804550,2040-2059,21.754464722277074,39.40874862670898,-5.421512126922607,887.8209412777957,2148.7005649087755,68.16985145899802,14.872164748035356,26.967138668964413,-5.42151228951412,3.7548381869107077,7.550250053405762,191.5263698630137,1003,198.84429106312936,945.0985717773438,81.91198630136986,672
