,state,county,gisjoin,year range,avg temp,max temp,min temp,hdd,cdd,avg rh,average dp,max dp,min dp,avg wind speed,max wind speed,avg ghr,max ghr,avg dnr,max dnr,avg dhr,max dhr
0,TX,Trinity County,G4804550,2080-2099,23.615197541915542,41.79219818115234,-2.088266134262085,676.3711813149915,2616.4182841139223,69.21450224641251,16.941693919432648,30.01026930241183,-2.088266184073125,3.736978743174305,7.439384937286377,191.5263698630137,1003,192.31653020615667,906.155517578125,81.91198630136986,672
