,state,county,gisjoin,year range,avg temp,max temp,min temp,hdd,cdd,avg rh,average dp,max dp,min dp,avg wind speed,max wind speed,avg ghr,max ghr,avg dnr,max dnr,avg dhr,max dhr
0,NM,Sandoval County,G3500430,1980-1999,11.683994142514267,35.8028564453125,-17.13857078552246,3064.6997587465225,649.8576207638108,41.168839372565216,-3.0141099219564027,11.530576118973649,-20.542796636329086,3.734360502190786,9.268428802490234,226.07305936073058,1088,240.5989274350021,1023.76025390625,60.84417808219178,564
