,state,county,gisjoin,year range,avg temp,max temp,min temp,hdd,cdd,avg rh,average dp,max dp,min dp,avg wind speed,max wind speed,avg ghr,max ghr,avg dnr,max dnr,avg dhr,max dhr
0,NM,Sandoval County,G3500430,2060-2079,15.164997448652747,38.65530014038086,-10.431861877441406,2287.1364430852677,1142.8605118434305,42.782497529079926,0.7283498194818192,16.67030761953055,-15.123876498020268,3.6657803073321302,9.788427352905272,226.07305936073058,1088,237.78371219947502,1007.34423828125,60.84417808219178,564
