,state,county,gisjoin,year range,avg temp,max temp,min temp,hdd,cdd,avg rh,average dp,max dp,min dp,avg wind speed,max wind speed,avg ghr,max ghr,avg dnr,max dnr,avg dhr,max dhr
0,VA,Chesapeake city,G5105500,1980-1999,15.206890591307593,34.48866653442383,-7.500666618347168,2036.2852825659618,907.3003483931835,70.73249978213549,9.345927784580391,23.238237416396444,-8.202760804704669,4.468797212104275,10.240806579589844,176.3876712328767,987,183.3923363816618,920.95068359375,74.79075342465754,510
