,state,county,gisjoin,year range,avg temp,max temp,min temp,hdd,cdd,avg rh,average dp,max dp,min dp,avg wind speed,max wind speed,avg ghr,max ghr,avg dnr,max dnr,avg dhr,max dhr
0,VA,Chesapeake city,G5105500,2060-2079,18.166862820526724,37.37016296386719,-9.240113258361816,1503.9292389259397,1455.334168418254,72.10868206808011,12.541394551662199,26.787903235679316,-9.240114277717495,4.4145791399968815,10.2603120803833,176.3876712328767,987,175.74227431663226,923.5110473632812,74.79075342465754,510
