,state,county,gisjoin,year range,avg temp,max temp,min temp,hdd,cdd,avg rh,average dp,max dp,min dp,avg wind speed,max wind speed,avg ghr,max ghr,avg dnr,max dnr,avg dhr,max dhr
0,ID,Lincoln County,G1600630,1980-1999,8.153049528438157,37.56769180297852,-24.45846176147461,4168.07510115272,464.4381790320178,45.8568840782392,-4.818102023619692,9.77605996183298,-24.458463776143944,3.277391915696941,7.100277423858643,196.91849315068492,1019,213.170653011617,976.456298828125,58.465639269406395,455
