,state,county,gisjoin,year range,avg temp,max temp,min temp,hdd,cdd,avg rh,average dp,max dp,min dp,avg wind speed,max wind speed,avg ghr,max ghr,avg dnr,max dnr,avg dhr,max dhr
0,ID,Lincoln County,G1600630,2020-2039,9.956647088330818,38.961952209472656,-19.905637741088867,3707.9600327858243,662.6362200260438,45.29789214743871,-3.433836927995391,9.614017804400705,-21.64352685176754,3.318562005861709,7.653313159942627,196.91849315068492,1019,210.6373585005306,970.666259765625,58.465639269406395,455
