,state,county,gisjoin,year range,avg temp,max temp,min temp,hdd,cdd,avg rh,average dp,max dp,min dp,avg wind speed,max wind speed,avg ghr,max ghr,avg dnr,max dnr,avg dhr,max dhr
0,TX,Presidio County,G4803770,2040-2059,20.150169109372786,41.5443229675293,-6.344973564147949,1120.2826590179639,1795.5943839389884,39.97403902577483,4.212718380402275,19.72861161254353,-17.660814366441244,3.323799304630114,8.026025772094727,237.71210045662102,1087,247.6942672020692,1029.77783203125,58.29052511415525,590
