,state,county,gisjoin,year range,avg temp,max temp,min temp,hdd,cdd,avg rh,average dp,max dp,min dp,avg wind speed,max wind speed,avg ghr,max ghr,avg dnr,max dnr,avg dhr,max dhr
0,TX,Presidio County,G4803770,2060-2079,20.140136258742565,39.71720886230469,-5.287740707397461,1120.818496903111,1792.4682313441156,40.80334270795186,4.502630831035586,22.348383140497496,-13.862258872692877,3.21621686812133,7.751893043518066,237.71210045662102,1087,247.0027824447443,1022.8419189453124,58.29052511415525,590
