,state,county,gisjoin,year range,avg temp,max temp,min temp,hdd,cdd,avg rh,average dp,max dp,min dp,avg wind speed,max wind speed,avg ghr,max ghr,avg dnr,max dnr,avg dhr,max dhr
0,VA,Botetourt County,G5100230,2060-2079,15.843775041011302,36.9376220703125,-15.313946723937988,2014.748436146878,1118.2263261159983,68.22575848048136,9.185516518560163,24.15308212837156,-15.313947577719508,4.251936124775508,11.712026596069336,175.96141552511415,1025,186.69221478012474,942.7550048828124,76.01438356164384,485
