,state,county,gisjoin,year range,avg temp,max temp,min temp,hdd,cdd,avg rh,average dp,max dp,min dp,avg wind speed,max wind speed,avg ghr,max ghr,avg dnr,max dnr,avg dhr,max dhr
0,KY,Larue County,G2101230,1980-1999,12.853704983773683,34.12200164794922,-21.902666091918945,2724.8023541178422,736.9046731949283,69.35646489548357,6.643997858314822,22.93061732019104,-21.90266666688894,3.8340332278514015,9.85014820098877,162.64623287671233,1004,193.18990877788033,939.203125,77.58732876712328,667
