,state,county,gisjoin,year range,avg temp,max temp,min temp,hdd,cdd,avg rh,average dp,max dp,min dp,avg wind speed,max wind speed,avg ghr,max ghr,avg dnr,max dnr,avg dhr,max dhr
0,KY,Larue County,G2101230,2000-2019,14.212023857950141,36.59733200073242,-17.469999313354492,2425.964475229244,933.85318338082,69.91160632420893,8.077884805991838,24.01688784352,-17.47000139898223,3.786543220553768,8.902741432189941,162.64623287671233,1004,189.732331699933,929.87158203125,77.58732876712328,667
