,state,county,gisjoin,year range,avg temp,max temp,min temp,hdd,cdd,avg rh,average dp,max dp,min dp,avg wind speed,max wind speed,avg ghr,max ghr,avg dnr,max dnr,avg dhr,max dhr
0,ID,Valley County,G1600850,2020-2039,6.704703542009593,38.74516677856445,-22.831523895263672,4552.216492260491,319.93328509330155,58.83257743190957,-2.2578648597268924,10.866139684440837,-22.831526396929878,3.4540735645517366,7.7744879722595215,184.55308219178082,1003,203.14597010193302,960.523193359375,60.39086757990867,515
