,state,county,gisjoin,year range,avg temp,max temp,min temp,hdd,cdd,avg rh,average dp,max dp,min dp,avg wind speed,max wind speed,avg ghr,max ghr,avg dnr,max dnr,avg dhr,max dhr
0,ID,Valley County,G1600850,2060-2079,8.65729496170672,36.9425048828125,-21.05100440979004,4005.3085691507663,485.7212301731231,59.10046160819868,-0.3846322057670119,13.65183964598406,-21.051005621880154,3.342299937045193,8.750237464904785,184.55308219178082,1003,199.35465392024813,941.317626953125,60.39086757990867,515
