,state,county,gisjoin,year range,avg temp,max temp,min temp,hdd,cdd,avg rh,average dp,max dp,min dp,avg wind speed,max wind speed,avg ghr,max ghr,avg dnr,max dnr,avg dhr,max dhr
0,ID,Valley County,G1600850,2080-2099,10.291743573405913,38.98273086547852,-18.206113815307617,3587.730220142171,664.7166244348144,58.43229137392349,0.7795998567151097,13.552056697885355,-18.342897611068828,3.4110206240388354,7.687520027160644,184.55308219178082,1003,197.2166052567089,943.79931640625,60.39086757990867,515
