,state,county,gisjoin,year range,avg temp,max temp,min temp,hdd,cdd,avg rh,average dp,max dp,min dp,avg wind speed,max wind speed,avg ghr,max ghr,avg dnr,max dnr,avg dhr,max dhr
0,TX,Guadalupe County,G4801870,2020-2039,21.39721673445172,39.94927215576172,-5.922801494598389,868.6020649190435,1999.086172993798,63.94988602481476,13.454293498754659,25.755004398765944,-5.9228018326346765,3.9010704108433094,8.373129844665527,202.06700913242008,1041,208.44953500869505,959.0501098632812,76.9966894977169,512
