,state,county,gisjoin,year range,avg temp,max temp,min temp,hdd,cdd,avg rh,average dp,max dp,min dp,avg wind speed,max wind speed,avg ghr,max ghr,avg dnr,max dnr,avg dhr,max dhr
0,NC,Alexander County,G3700030,2000-2019,15.19201359036203,36.92466735839844,-10.830666542053224,2104.975150388968,970.5601108710617,67.6083055973053,8.427104733959965,21.3616979200524,-10.830667552731317,3.312027757461757,7.523268699645996,178.3134703196347,1004,194.10910120896526,938.7979125976562,76.8345890410959,610
