,state,county,gisjoin,year range,avg temp,max temp,min temp,hdd,cdd,avg rh,average dp,max dp,min dp,avg wind speed,max wind speed,avg ghr,max ghr,avg dnr,max dnr,avg dhr,max dhr
0,NC,Alexander County,G3700030,2040-2059,16.878355186991236,36.83948516845703,-9.8003568649292,1786.6402112588405,1267.739854510706,68.58659506127171,10.293887922657422,24.68303122170682,-9.800357182335103,3.440436376447547,8.940778732299805,178.3134703196347,1004,190.378793355921,946.4594116210938,76.8345890410959,610
