,state,county,gisjoin,year range,avg temp,max temp,min temp,hdd,cdd,avg rh,average dp,max dp,min dp,avg wind speed,max wind speed,avg ghr,max ghr,avg dnr,max dnr,avg dhr,max dhr
0,NC,Alexander County,G3700030,2080-2099,18.825877882333497,39.18653106689453,-7.567861080169678,1439.3211198969539,1631.266546948672,69.45711900697995,12.396249438048367,25.81576324142816,-7.567861240972892,3.589601913216996,7.778754711151123,178.3134703196347,1004,184.90622184464036,947.9197387695312,76.8345890410959,610
