,state,county,gisjoin,year range,avg temp,max temp,min temp,hdd,cdd,avg rh,average dp,max dp,min dp,avg wind speed,max wind speed,avg ghr,max ghr,avg dnr,max dnr,avg dhr,max dhr
0,KY,Crittenden County,G2100550,1980-1999,13.681047600898152,36.178749084472656,-18.795000076293945,2550.9373610882694,865.0197354158303,69.7517878142666,7.539006568682689,22.961682629279608,-18.795001176667192,4.554095906958188,11.390454292297363,176.99851598173515,978,191.23350091950863,904.6078491210938,73.45445205479452,587
