,state,county,gisjoin,year range,avg temp,max temp,min temp,hdd,cdd,avg rh,average dp,max dp,min dp,avg wind speed,max wind speed,avg ghr,max ghr,avg dnr,max dnr,avg dhr,max dhr
0,KY,Crittenden County,G2100550,2080-2099,18.886986630917878,41.40970993041992,-13.98707675933838,1582.3781700502784,1796.628290335223,70.83871323115206,12.796522036364445,29.14065437957749,-13.987076737579226,4.328320423598703,11.358924865722656,176.99851598173515,978,180.70483656793093,902.4186401367188,73.45445205479452,587
