,state,county,gisjoin,year range,avg temp,max temp,min temp,hdd,cdd,avg rh,average dp,max dp,min dp,avg wind speed,max wind speed,avg ghr,max ghr,avg dnr,max dnr,avg dhr,max dhr
0,TX,Brazos County,G4800410,1980-1999,19.503420451616115,39.516876220703125,-5.146874904632568,1209.2975272006668,1648.5459920405694,65.29459422385855,12.017054859372863,24.099836668855637,-5.824871051056106,4.227162321299723,10.62185001373291,182.03538812785388,1011,205.46973561720543,962.1265258789062,74.63207762557077,666
