,state,county,gisjoin,year range,avg temp,max temp,min temp,hdd,cdd,avg rh,average dp,max dp,min dp,avg wind speed,max wind speed,avg ghr,max ghr,avg dnr,max dnr,avg dhr,max dhr
0,TX,Brazos County,G4800410,2060-2079,22.48565956470918,41.074337005615234,-3.8261139392852783,789.393794670592,2317.159535789253,67.22992512145544,15.335927689969855,27.29897824897948,-3.8261140790847192,4.42188441557427,8.32663345336914,182.03538812785388,1011,201.00869037837873,952.6821899414062,74.63207762557077,666
