,state,county,gisjoin,year range,avg temp,max temp,min temp,hdd,cdd,avg rh,average dp,max dp,min dp,avg wind speed,max wind speed,avg ghr,max ghr,avg dnr,max dnr,avg dhr,max dhr
0,AL,Henry County,G0100670,1980-1999,18.064159604152515,35.80235290527344,-6.210000038146973,1366.229944296807,1280.1481998126599,68.78280119743522,11.475070749800395,25.018212204567533,-6.210000332972998,3.459774361503179,9.10670566558838,192.25502283105024,1007,206.5448339319922,945.5222778320312,78.57203196347032,472
