,state,county,gisjoin,year range,avg temp,max temp,min temp,hdd,cdd,avg rh,average dp,max dp,min dp,avg wind speed,max wind speed,avg ghr,max ghr,avg dnr,max dnr,avg dhr,max dhr
0,KS,Trego County,G2001950,2060-2079,15.268963710035061,42.50691223144531,-14.753352165222168,2531.731908185269,1425.4036623478253,56.65805464585622,5.4189364612882756,25.81756567206505,-17.231909676738677,4.401470836357439,9.095452308654783,184.16997716894977,994,198.93042264021236,948.4661865234376,65.25776255707763,489
