,state,county,gisjoin,year range,avg temp,max temp,min temp,hdd,cdd,avg rh,average dp,max dp,min dp,avg wind speed,max wind speed,avg ghr,max ghr,avg dnr,max dnr,avg dhr,max dhr
0,MD,Baltimore County,G2400050,2000-2019,13.79338046070672,37.34812545776367,-13.798749923706056,2538.423700885241,893.5075690428948,71.13283181996105,8.077988347845872,25.171371188733534,-14.525723526621912,3.7699850454722363,9.687995910644531,169.90319634703195,987,178.4312253163993,931.64892578125,72.49383561643836,480
