,state,county,gisjoin,year range,avg temp,max temp,min temp,hdd,cdd,avg rh,average dp,max dp,min dp,avg wind speed,max wind speed,avg ghr,max ghr,avg dnr,max dnr,avg dhr,max dhr
0,MD,Baltimore County,G2400050,2020-2039,14.273596527833872,37.64048767089844,-16.40433120727539,2396.0115294195352,926.3742620786596,70.72895250298662,8.416540299790464,23.78551152315884,-16.404332349134915,3.761582180245282,10.261781692504885,169.90319634703195,987,178.78108462818435,904.142333984375,72.49383561643836,480
