,state,county,gisjoin,year range,avg temp,max temp,min temp,hdd,cdd,avg rh,average dp,max dp,min dp,avg wind speed,max wind speed,avg ghr,max ghr,avg dnr,max dnr,avg dhr,max dhr
0,SD,Charles Mix County,G4600230,2060-2079,12.585426251282156,39.34090805053711,-24.044042587280277,3224.1266043296705,1138.3071860472985,61.8897511975406,4.487311815962358,24.27054758096312,-24.04404253386605,4.236431848383657,10.088785171508787,163.50913242009133,970,182.37309228851436,900.818603515625,64.50433789954337,633
