,state,county,gisjoin,year range,avg temp,max temp,min temp,hdd,cdd,avg rh,average dp,max dp,min dp,avg wind speed,max wind speed,avg ghr,max ghr,avg dnr,max dnr,avg dhr,max dhr
0,OK,Bryan County,G4000130,2080-2099,22.03149067580096,44.5635986328125,-5.754166126251221,1011.5880816391656,2373.5821783063316,67.86852506785632,15.1062432130031,29.289127843571084,-5.754166472148585,4.040752645388041,8.13595962524414,188.05479452054794,1012,190.79837395276408,901.0538940429688,74.51381278538813,621
