,state,county,gisjoin,year range,avg temp,max temp,min temp,hdd,cdd,avg rh,average dp,max dp,min dp,avg wind speed,max wind speed,avg ghr,max ghr,avg dnr,max dnr,avg dhr,max dhr
0,IL,Hardin County,G1700690,2080-2099,18.860380877317546,41.17152786254883,-14.303579330444336,1610.5136405463027,1815.05266076712,70.16209302035641,12.581514408892613,27.976727443848247,-14.303579720672468,4.102879938333547,10.58372974395752,173.54075342465754,1012,180.57702465370778,908.1671752929688,72.46986301369863,631
