,state,county,gisjoin,year range,avg temp,max temp,min temp,hdd,cdd,avg rh,average dp,max dp,min dp,avg wind speed,max wind speed,avg ghr,max ghr,avg dnr,max dnr,avg dhr,max dhr
0,TN,Moore County,G4701270,2000-2019,15.314671938202995,37.47777938842773,-14.887222290039062,2118.8879570361114,1029.2432144801478,69.43201927637945,8.98175536422714,22.69783509625835,-15.298600308804687,3.694448050924632,9.417669296264648,182.2826484018265,1012,192.98899785398078,969.9766235351562,75.10251141552511,480
