,state,county,gisjoin,year range,avg temp,max temp,min temp,hdd,cdd,avg rh,average dp,max dp,min dp,avg wind speed,max wind speed,avg ghr,max ghr,avg dnr,max dnr,avg dhr,max dhr
0,TN,Moore County,G4701270,2080-2099,19.34049458168013,40.186283111572266,-10.942251205444336,1392.5764362666944,1772.3569585799053,71.3298141549167,13.33807422285961,27.940125504831084,-10.942251741319598,3.6570484789539144,10.490870475769045,182.2826484018265,1012,183.16958222264998,958.104736328125,75.10251141552511,480
