,state,county,gisjoin,year range,avg temp,max temp,min temp,hdd,cdd,avg rh,average dp,max dp,min dp,avg wind speed,max wind speed,avg ghr,max ghr,avg dnr,max dnr,avg dhr,max dhr
0,TN,Hardin County,G4700710,1980-1999,14.933040766252248,35.07500076293945,-15.2524995803833,2201.8897233352336,972.9496030172331,68.62724736117882,8.385899006343188,24.035809103999025,-15.252500956114536,3.6093773240776366,9.562108039855955,159.93972602739726,1004,197.95906901831592,951.6278686523438,76.60559360730593,608
