,state,county,gisjoin,year range,avg temp,max temp,min temp,hdd,cdd,avg rh,average dp,max dp,min dp,avg wind speed,max wind speed,avg ghr,max ghr,avg dnr,max dnr,avg dhr,max dhr
0,TN,Hardin County,G4700710,2020-2039,16.970592330331915,37.5041618347168,-11.144587516784668,1744.452177336937,1259.2183779081493,69.0181771450391,10.463508087597564,23.567187319744708,-11.541333008052629,3.6516846428859178,8.981319427490234,159.93972602739726,1004,193.60869358196268,960.569580078125,76.60559360730593,608
