,state,county,gisjoin,year range,avg temp,max temp,min temp,hdd,cdd,avg rh,average dp,max dp,min dp,avg wind speed,max wind speed,avg ghr,max ghr,avg dnr,max dnr,avg dhr,max dhr
0,VA,Washington County,G5101910,1980-1999,11.142051781500534,31.790000915527344,-18.02666664123535,3070.0439212236874,457.3928214709102,68.23172936940303,4.7152507892255695,18.281022830394573,-18.618041139598304,5.0002939975424985,13.168248176574709,168.6343607305936,1013,194.8928123662476,971.200439453125,76.72979452054794,668
