,state,county,gisjoin,year range,avg temp,max temp,min temp,hdd,cdd,avg rh,average dp,max dp,min dp,avg wind speed,max wind speed,avg ghr,max ghr,avg dnr,max dnr,avg dhr,max dhr
0,VA,Washington County,G5101910,2020-2039,13.072149573154183,31.93943977355957,-18.42579841613769,2572.498305623833,664.3328998248161,68.64200951062381,6.653496325953406,20.52822826725267,-18.42580089108969,5.0051124210227025,11.598937034606934,168.6343607305936,1013,193.49951575038668,961.5516357421876,76.72979452054794,668
