,state,county,gisjoin,year range,avg temp,max temp,min temp,hdd,cdd,avg rh,average dp,max dp,min dp,avg wind speed,max wind speed,avg ghr,max ghr,avg dnr,max dnr,avg dhr,max dhr
0,VA,Washington County,G5101910,2080-2099,16.266633519031465,34.78319549560547,-8.80638313293457,1876.0724912507576,1133.8937256972736,69.86571262242043,10.016992321963874,23.706199100988925,-8.806383442871608,5.366897361572475,16.705869674682617,168.6343607305936,1013,185.36159554230315,929.8563842773438,76.72979452054794,668
