,state,county,gisjoin,year range,avg temp,max temp,min temp,hdd,cdd,avg rh,average dp,max dp,min dp,avg wind speed,max wind speed,avg ghr,max ghr,avg dnr,max dnr,avg dhr,max dhr
0,OK,Oklahoma County,G4001090,2020-2039,17.309472197423833,40.77066802978516,-11.621235847473145,1841.536039899209,1479.9933919588636,64.65391031334934,9.77650563205679,24.670790009408744,-11.975389731321616,4.943284805166667,10.138940811157228,189.50045662100456,1003,196.94082227042307,945.3944091796876,72.06278538812785,597
