,state,county,gisjoin,year range,avg temp,max temp,min temp,hdd,cdd,avg rh,average dp,max dp,min dp,avg wind speed,max wind speed,avg ghr,max ghr,avg dnr,max dnr,avg dhr,max dhr
0,MI,Midland County,G2601110,2020-2039,9.606060358716457,33.80829620361328,-26.0709228515625,3719.145985671256,545.8580166022199,68.5446928300814,3.346009527286983,24.905504515084942,-26.07092512036312,3.734402221822303,9.057456016540527,153.45947488584474,977,174.4963718823521,927.4921264648438,71.1189497716895,603
