,state,county,gisjoin,year range,avg temp,max temp,min temp,hdd,cdd,avg rh,average dp,max dp,min dp,avg wind speed,max wind speed,avg ghr,max ghr,avg dnr,max dnr,avg dhr,max dhr
0,MI,Midland County,G2601110,2040-2059,11.036100873234762,35.92147445678711,-18.54447364807129,3369.1530017755904,717.8298205058151,69.3785558903054,4.902330329727997,23.12346822890123,-18.544475052650423,3.8005729252753193,9.235919952392578,153.45947488584474,977,171.88230526314584,903.0464477539062,71.1189497716895,603
