,state,county,gisjoin,year range,avg temp,max temp,min temp,hdd,cdd,avg rh,average dp,max dp,min dp,avg wind speed,max wind speed,avg ghr,max ghr,avg dnr,max dnr,avg dhr,max dhr
0,VA,Pulaski County,G5101550,1980-1999,10.889657567130012,31.7393741607666,-18.4737491607666,3164.4350727224737,459.6600847244392,66.71432162289206,4.134528224581761,18.95757176833803,-18.473750732025835,3.9154697287572575,8.944177627563477,164.97420091324202,1001,194.87333204658856,968.1848754882812,77.15616438356165,539
