,state,county,gisjoin,year range,avg temp,max temp,min temp,hdd,cdd,avg rh,average dp,max dp,min dp,avg wind speed,max wind speed,avg ghr,max ghr,avg dnr,max dnr,avg dhr,max dhr
0,VA,Pulaski County,G5101550,2040-2059,13.933273046561698,34.52659225463867,-11.302146911621094,2365.0317935983544,771.1764555931574,67.57263716932846,7.231125870912052,21.137942261471828,-11.302148255998306,3.9848552792039635,11.237287521362305,164.97420091324202,1001,190.51941648755286,958.0945434570312,77.15616438356165,539
