,state,county,gisjoin,year range,avg temp,max temp,min temp,hdd,cdd,avg rh,average dp,max dp,min dp,avg wind speed,max wind speed,avg ghr,max ghr,avg dnr,max dnr,avg dhr,max dhr
0,VA,Pulaski County,G5101550,2060-2079,14.061144945927333,32.887657165527344,-17.642887115478516,2362.7114444771373,815.5293497403978,68.20593255012547,7.513549485326832,22.086160719746857,-17.642886797078027,4.352191571013568,13.753649711608888,164.97420091324202,1001,190.54234332624148,958.4832153320312,77.15616438356165,539
