,state,county,gisjoin,year range,avg temp,max temp,min temp,hdd,cdd,avg rh,average dp,max dp,min dp,avg wind speed,max wind speed,avg ghr,max ghr,avg dnr,max dnr,avg dhr,max dhr
0,TN,Dyer County,G4700450,2040-2059,17.99749154171813,40.37436676025391,-10.507736206054688,1625.843596083537,1515.4280088106527,71.03103378962165,12.029985348017476,25.5596058979907,-10.507736432315058,3.6362788845823237,8.47218132019043,185.08858447488583,1023,184.99032820728496,926.1534423828124,74.49520547945205,578
