,state,county,gisjoin,year range,avg temp,max temp,min temp,hdd,cdd,avg rh,average dp,max dp,min dp,avg wind speed,max wind speed,avg ghr,max ghr,avg dnr,max dnr,avg dhr,max dhr
0,TN,Dyer County,G4700450,2060-2079,17.967623707608475,39.23470306396485,-10.490036964416504,1670.3299672037447,1549.012620480821,72.00448513074552,12.207311468176982,26.35060985530191,-10.4900374221564,3.5971069941918055,8.880680084228516,185.08858447488583,1023,182.01698257536705,916.0047607421876,74.49520547945205,578
