,state,county,gisjoin,year range,avg temp,max temp,min temp,hdd,cdd,avg rh,average dp,max dp,min dp,avg wind speed,max wind speed,avg ghr,max ghr,avg dnr,max dnr,avg dhr,max dhr
0,UT,Summit County,G4900430,2060-2079,9.514361145761136,35.11442184448242,-22.52191162109375,3775.871002693268,569.1128208955346,57.15106268952426,0.06507094663837293,15.494461706932244,-22.52191312514709,4.047489070892334,12.333624839782717,189.93047945205478,1043,216.95446031047817,992.8955078125,68.52762557077625,566
