,state,county,gisjoin,year range,avg temp,max temp,min temp,hdd,cdd,avg rh,average dp,max dp,min dp,avg wind speed,max wind speed,avg ghr,max ghr,avg dnr,max dnr,avg dhr,max dhr
0,WA,San Juan County,G5300550,2080-2099,13.059899766336102,31.41161346435547,-3.7963361740112314,2184.250184095171,271.61359880764496,68.81717176633339,6.727896370769076,12.99041622376309,-3.7963365920366905,3.3075706668096045,9.8149995803833,108.51552511415525,816,152.0485627654774,842.216064453125,52.70365296803653,509
