,state,county,gisjoin,year range,avg temp,max temp,min temp,hdd,cdd,avg rh,average dp,max dp,min dp,avg wind speed,max wind speed,avg ghr,max ghr,avg dnr,max dnr,avg dhr,max dhr
0,NC,Wayne County,G3701910,1980-1999,15.731122889056195,36.46823501586914,-8.083529472351074,1930.152915320813,992.5127698263206,68.05888785031289,9.13113816313504,22.936935087963708,-10.60299334150154,3.8066140677830944,9.11605739593506,178.74463470319634,1001,191.0598792203863,935.0157470703124,79.10433789954338,622
