,state,county,gisjoin,year range,avg temp,max temp,min temp,hdd,cdd,avg rh,average dp,max dp,min dp,avg wind speed,max wind speed,avg ghr,max ghr,avg dnr,max dnr,avg dhr,max dhr
0,NC,Wayne County,G3701910,2080-2099,20.77012593131002,39.88211441040039,-5.70353364944458,1141.8397745730842,2043.4357395011277,70.75307616033511,14.585708418885785,28.858293943993736,-5.703534272710073,3.8401919956076633,8.927739143371582,178.74463470319634,1001,178.68553889700635,923.7702026367188,79.10433789954338,622
