,state,county,gisjoin,year range,avg temp,max temp,min temp,hdd,cdd,avg rh,average dp,max dp,min dp,avg wind speed,max wind speed,avg ghr,max ghr,avg dnr,max dnr,avg dhr,max dhr
0,MO,Howard County,G2900890,2040-2059,15.317702785677268,38.24073028564453,-14.442317962646484,2408.6752654132697,1320.1367821853103,68.11736850618772,8.696936559505387,26.023996726994543,-14.732888742053545,4.021826246666581,9.768245697021484,180.13698630136986,1025,179.49306569544027,918.7052001953124,76.1087899543379,664
