,state,county,gisjoin,year range,avg temp,max temp,min temp,hdd,cdd,avg rh,average dp,max dp,min dp,avg wind speed,max wind speed,avg ghr,max ghr,avg dnr,max dnr,avg dhr,max dhr
0,MT,Judith Basin County,G3000450,2040-2059,9.347703916765324,37.70466995239258,-28.856306076049805,3812.0589860802315,544.4709156990226,54.97281242908408,-0.5290573876684522,16.325915355709867,-28.85630969513825,4.094773451922691,9.792404174804688,161.72968036529682,973,185.30433749115434,915.0617065429688,64.7013698630137,471
