,state,county,gisjoin,year range,avg temp,max temp,min temp,hdd,cdd,avg rh,average dp,max dp,min dp,avg wind speed,max wind speed,avg ghr,max ghr,avg dnr,max dnr,avg dhr,max dhr
0,LA,St. Tammany Parish,G2201030,2080-2099,23.608473774999133,40.96921157836914,-3.988059759140015,607.7461243732915,2545.339052247711,72.90098853742695,17.914263249786526,31.116285462911947,-3.988059764155702,4.322217288436411,9.896903038024902,165.47408675799088,1016,183.33000128329817,909.1793823242188,85.42271689497717,652
