,state,county,gisjoin,year range,avg temp,max temp,min temp,hdd,cdd,avg rh,average dp,max dp,min dp,avg wind speed,max wind speed,avg ghr,max ghr,avg dnr,max dnr,avg dhr,max dhr
0,NJ,Middlesex County,G3400230,2020-2039,13.510330139753467,36.302764892578125,-15.974312782287598,2593.7379862625944,845.5084872723119,70.0892482491933,7.491116050931903,23.57625074159359,-15.974314657725635,4.424427635076383,12.48503303527832,162.32659817351598,977,176.76164236457072,923.3564453125,76.75262557077626,503
