,state,county,gisjoin,year range,avg temp,max temp,min temp,hdd,cdd,avg rh,average dp,max dp,min dp,avg wind speed,max wind speed,avg ghr,max ghr,avg dnr,max dnr,avg dhr,max dhr
0,NJ,Middlesex County,G3400230,2040-2059,14.613656682926937,39.68137741088867,-12.831266403198242,2398.344166421338,1052.8288556894292,72.19143407421025,9.07445243738357,25.75052277979752,-12.83126787539821,4.4757946925756595,12.896753311157228,162.32659817351598,977,170.53818884496403,914.4640502929688,76.75262557077626,503
