,state,county,gisjoin,year range,avg temp,max temp,min temp,hdd,cdd,avg rh,average dp,max dp,min dp,avg wind speed,max wind speed,avg ghr,max ghr,avg dnr,max dnr,avg dhr,max dhr
0,OK,Latimer County,G4000770,2000-2019,16.712758299520083,38.973751068115234,-12.848750114440918,1856.0239869715886,1276.6807662964654,68.09152291702898,10.029855509399937,23.33253212559994,-12.848751144047451,4.357513170046349,11.15207862854004,188.34063926940638,1009,195.52970311039607,966.8181762695312,67.10490867579908,534
