,state,county,gisjoin,year range,avg temp,max temp,min temp,hdd,cdd,avg rh,average dp,max dp,min dp,avg wind speed,max wind speed,avg ghr,max ghr,avg dnr,max dnr,avg dhr,max dhr
0,NY,New York County,G3600610,2000-2019,13.308556445481232,36.282501220703125,-16.225000381469727,2643.136764225486,821.2598668257857,72.56759469585332,8.012452859597353,25.23449620571112,-17.43169054803687,4.998386408994187,13.949012756347656,163.97134703196346,968,169.8125767568018,899.7332153320312,72.87248858447488,631
