,state,county,gisjoin,year range,avg temp,max temp,min temp,hdd,cdd,avg rh,average dp,max dp,min dp,avg wind speed,max wind speed,avg ghr,max ghr,avg dnr,max dnr,avg dhr,max dhr
0,CA,Humboldt County,G0600230,2080-2099,14.934351064720655,31.51472282409668,0.681975781917572,1569.8950164685036,341.4331550915919,63.63036700351053,6.931325815506713,16.102448556463,-6.962790336504076,5.676406545508398,13.062695503234863,161.2269406392694,1024,179.2313311145305,933.1834716796876,74.50901826484018,484
