,state,county,gisjoin,year range,avg temp,max temp,min temp,hdd,cdd,avg rh,average dp,max dp,min dp,avg wind speed,max wind speed,avg ghr,max ghr,avg dnr,max dnr,avg dhr,max dhr
0,LA,St. Charles Parish,G2200890,1980-1999,20.010247517881073,34.861873626708984,-2.5375003814697266,928.1681525916146,1552.4084966182334,73.81063845930578,14.712694882513908,25.91463843923731,-2.537500637714789,2.9029278580456563,7.161011695861816,185.97431506849315,1012,192.58750136905408,931.3264770507812,81.7554794520548,569
