,state,county,gisjoin,year range,avg temp,max temp,min temp,hdd,cdd,avg rh,average dp,max dp,min dp,avg wind speed,max wind speed,avg ghr,max ghr,avg dnr,max dnr,avg dhr,max dhr
0,LA,St. Charles Parish,G2200890,2060-2079,22.869729022853942,36.8702507019043,-0.6588752269744873,556.7545202237354,2224.7056135651987,73.9751907157027,17.547950767338946,28.671189958424872,-0.6588752675309228,2.937020551015253,6.660233974456787,185.97431506849315,1012,185.32739648199578,886.4224853515625,81.7554794520548,569
