,state,county,gisjoin,year range,avg temp,max temp,min temp,hdd,cdd,avg rh,average dp,max dp,min dp,avg wind speed,max wind speed,avg ghr,max ghr,avg dnr,max dnr,avg dhr,max dhr
0,NE,Hall County,G3100790,2080-2099,15.994029642258278,40.91111755371094,-17.438091278076172,2331.518738843534,1489.8395582676033,61.527730352366895,7.615352909946538,26.167604839816548,-17.468110066382494,4.48169610531635,9.35072135925293,183.1425799086758,1016,184.3124569554723,916.3618774414062,66.37796803652968,526
