,state,county,gisjoin,year range,avg temp,max temp,min temp,hdd,cdd,avg rh,average dp,max dp,min dp,avg wind speed,max wind speed,avg ghr,max ghr,avg dnr,max dnr,avg dhr,max dhr
0,KY,Greenup County,G2100890,1980-1999,11.589480954539148,35.90733337402344,-22.838666915893555,3107.0241291150596,657.6846775214204,67.85568590730293,4.965529653253774,22.05353944813427,-22.838668507052347,3.9192673327988143,9.740334510803224,165.1150684931507,991,186.86951994563637,947.2784423828124,80.55810502283104,679
