,state,county,gisjoin,year range,avg temp,max temp,min temp,hdd,cdd,avg rh,average dp,max dp,min dp,avg wind speed,max wind speed,avg ghr,max ghr,avg dnr,max dnr,avg dhr,max dhr
0,KY,Greenup County,G2100890,2080-2099,16.83615319245534,39.40634536743164,-12.16250705718994,2013.2462896743373,1478.942204920454,69.1734618890231,10.33410262176464,27.99925034302466,-12.162508254062596,3.9098147309125832,9.340096473693848,165.1150684931507,991,177.7928654059079,946.2667846679688,80.55810502283104,679
