,state,county,gisjoin,year range,avg temp,max temp,min temp,hdd,cdd,avg rh,average dp,max dp,min dp,avg wind speed,max wind speed,avg ghr,max ghr,avg dnr,max dnr,avg dhr,max dhr
0,NC,Union County,G3701790,1980-1999,15.874535672339084,36.17625045776367,-12.58562469482422,1913.2642873800517,1027.9698077838316,67.35920442838103,9.061237442336294,22.091392819684465,-12.585625565118578,3.2368292068781916,7.758460521697998,186.27317351598174,1013,196.34164153914222,941.5728759765624,75.8345890410959,576
