,state,county,gisjoin,year range,avg temp,max temp,min temp,hdd,cdd,avg rh,average dp,max dp,min dp,avg wind speed,max wind speed,avg ghr,max ghr,avg dnr,max dnr,avg dhr,max dhr
0,WY,Goshen County,G5600150,1980-1999,8.692394436778555,36.61933135986328,-29.584667205810547,3999.414119231893,492.6380886554832,46.93194545387677,-3.7858010544557334,14.124074226567467,-31.719940037822965,3.4669631452184833,8.324043273925781,185.03070776255709,1008,209.90684953569635,963.7417602539062,64.09326484018266,518
