,state,county,gisjoin,year range,avg temp,max temp,min temp,hdd,cdd,avg rh,average dp,max dp,min dp,avg wind speed,max wind speed,avg ghr,max ghr,avg dnr,max dnr,avg dhr,max dhr
0,WY,Goshen County,G5600150,2000-2019,10.16128415417343,37.52399826049805,-24.06999969482422,3622.027438623641,651.3961548964436,45.66737012509342,-2.6993032897200044,15.27742022118506,-28.242612760441464,3.4057138535530056,7.532930374145508,185.03070776255709,1008,210.5993309457526,952.9613037109376,64.09326484018266,518
