,state,county,gisjoin,year range,avg temp,max temp,min temp,hdd,cdd,avg rh,average dp,max dp,min dp,avg wind speed,max wind speed,avg ghr,max ghr,avg dnr,max dnr,avg dhr,max dhr
0,WY,Goshen County,G5600150,2020-2039,10.576019440481033,40.19898223876953,-26.83641815185547,3536.5509177849167,717.2980135600086,47.25582087753026,-1.8648978181553622,15.754872798832526,-30.410492355706232,3.3260133560661855,9.179594039916992,185.03070776255709,1008,208.38094134523973,948.10791015625,64.09326484018266,518
