,state,county,gisjoin,year range,avg temp,max temp,min temp,hdd,cdd,avg rh,average dp,max dp,min dp,avg wind speed,max wind speed,avg ghr,max ghr,avg dnr,max dnr,avg dhr,max dhr
0,WY,Goshen County,G5600150,2080-2099,14.340187962841982,44.12372589111328,-19.18803977966309,2705.422324644767,1260.0909310818363,46.97395974816797,1.4257028246950156,18.786907313418773,-24.105010926008973,3.194634594778492,8.81860065460205,185.03070776255709,1008,205.06586267151158,945.8538818359376,64.09326484018266,518
