,state,county,gisjoin,year range,avg temp,max temp,min temp,hdd,cdd,avg rh,average dp,max dp,min dp,avg wind speed,max wind speed,avg ghr,max ghr,avg dnr,max dnr,avg dhr,max dhr
0,WY,Platte County,G5600310,2000-2019,9.768028156404101,37.45823669433594,-33.81588363647461,3719.8761496447883,605.7064267317704,49.1664271368828,-2.0330505785084467,15.810718824339396,-34.72474387112353,3.6480380804843553,8.28169059753418,183.25079908675798,1037,210.93662696397155,967.0908813476562,63.706849315068496,504
