,state,county,gisjoin,year range,avg temp,max temp,min temp,hdd,cdd,avg rh,average dp,max dp,min dp,avg wind speed,max wind speed,avg ghr,max ghr,avg dnr,max dnr,avg dhr,max dhr
0,WY,Platte County,G5600310,2040-2059,11.736221573476609,39.96563720703125,-24.249727249145508,3243.4363409747452,847.6572152932885,49.32971795802791,-0.16255685253292684,16.775426265371127,-27.45079470098579,3.4839259434508407,7.026535511016846,183.25079908675798,1037,209.55948709170164,947.198486328125,63.706849315068496,504
