,state,county,gisjoin,year range,avg temp,max temp,min temp,hdd,cdd,avg rh,average dp,max dp,min dp,avg wind speed,max wind speed,avg ghr,max ghr,avg dnr,max dnr,avg dhr,max dhr
0,LA,Ascension Parish,G2200050,2040-2059,22.134018351689626,38.08993148803711,-3.463412284851074,711.7649006303601,2111.1815989969077,73.03540977147073,16.5484520994151,28.233423108633065,-3.4634124883729123,3.1248577196304113,8.154946327209473,183.13926940639269,1024,188.2164675114382,919.6082153320312,79.14166666666667,522
