,state,county,gisjoin,year range,avg temp,max temp,min temp,hdd,cdd,avg rh,average dp,max dp,min dp,avg wind speed,max wind speed,avg ghr,max ghr,avg dnr,max dnr,avg dhr,max dhr
0,SC,Bamberg County,G4500090,2000-2019,18.843293473743046,37.848751068115234,-7.736249923706055,1319.7330288446378,1518.035146760919,67.97226041462868,11.99317699270515,25.4501112883829,-7.736250764762268,3.6807356720101345,8.549032211303711,186.28493150684932,1040,198.1942414170388,947.9181518554688,78.11837899543379,501
