,state,county,gisjoin,year range,avg temp,max temp,min temp,hdd,cdd,avg rh,average dp,max dp,min dp,avg wind speed,max wind speed,avg ghr,max ghr,avg dnr,max dnr,avg dhr,max dhr
0,KY,Livingston County,G2101390,2080-2099,19.083910370254774,40.3842658996582,-13.660643577575684,1568.7958012617735,1854.9230864046751,71.47473209982049,13.16290132405787,28.05884684442524,-13.660643881631948,3.9054262901958263,9.950244903564451,173.54075342465754,1012,177.75762074297722,930.3456420898438,72.47260273972603,631
