,state,county,gisjoin,year range,avg temp,max temp,min temp,hdd,cdd,avg rh,average dp,max dp,min dp,avg wind speed,max wind speed,avg ghr,max ghr,avg dnr,max dnr,avg dhr,max dhr
0,TX,Throckmorton County,G4804470,2060-2079,20.708284830514067,42.75331878662109,-5.00009822845459,1236.0117143906684,2115.035677528196,61.3648824084295,12.01708609774204,26.374485194311085,-6.502897448023544,4.2062048735683915,8.068070411682129,213.3353881278539,1039,207.08784128332454,954.64892578125,70.37442922374429,547
