,state,county,gisjoin,year range,avg temp,max temp,min temp,hdd,cdd,avg rh,average dp,max dp,min dp,avg wind speed,max wind speed,avg ghr,max ghr,avg dnr,max dnr,avg dhr,max dhr
0,TN,Pickett County,G4701370,1980-1999,13.415288652150098,32.94499969482422,-22.33562469482422,2512.0647050955895,729.1450631301045,68.59389115512099,6.941329169278388,20.963086076068357,-22.335626133794214,3.937512455479195,10.125348091125488,161.43550228310502,982,192.8992181952822,951.4596557617188,76.64109589041095,593
