,state,county,gisjoin,year range,avg temp,max temp,min temp,hdd,cdd,avg rh,average dp,max dp,min dp,avg wind speed,max wind speed,avg ghr,max ghr,avg dnr,max dnr,avg dhr,max dhr
0,TN,Pickett County,G4701370,2060-2079,16.765104266457573,36.77386474609375,-11.983304977416992,1837.1144359973741,1276.8774932544245,70.1667771946894,10.567257747468167,23.746837439135916,-11.983306033001424,3.842508699605454,8.722179412841797,161.43550228310502,982,185.45518905619144,927.5987548828124,76.64109589041095,593
