,state,county,gisjoin,year range,avg temp,max temp,min temp,hdd,cdd,avg rh,average dp,max dp,min dp,avg wind speed,max wind speed,avg ghr,max ghr,avg dnr,max dnr,avg dhr,max dhr
0,VA,Patrick County,G5101410,2000-2019,13.41815274422603,35.51499938964844,-15.173125267028809,2518.228767518406,736.3545191606322,68.92579981442456,7.0439545930351795,21.31935597501704,-15.173127607504451,4.014447228549278,10.940836906433104,179.40034246575343,1018,192.58115974475044,957.37109375,73.55182648401826,692
