,state,county,gisjoin,year range,avg temp,max temp,min temp,hdd,cdd,avg rh,average dp,max dp,min dp,avg wind speed,max wind speed,avg ghr,max ghr,avg dnr,max dnr,avg dhr,max dhr
0,VA,Patrick County,G5101410,2020-2039,14.220742951602341,34.23941802978516,-14.705184936523438,2298.866165976706,809.9373433113623,68.0365047217504,7.601919522083755,21.234367256338484,-14.705186181663423,3.947364624232462,8.626771926879883,179.40034246575343,1018,192.01323670726083,953.2792358398438,73.55182648401826,692
