,state,county,gisjoin,year range,avg temp,max temp,min temp,hdd,cdd,avg rh,average dp,max dp,min dp,avg wind speed,max wind speed,avg ghr,max ghr,avg dnr,max dnr,avg dhr,max dhr
0,ND,Steele County,G3800910,1980-1999,4.182393402321058,33.915000915527344,-32.182498931884766,5475.477451520929,322.5510433673782,60.672907665222205,-3.6786334739260775,18.550521185262983,-32.667872066490105,4.1993017989614785,9.086091995239258,139.35171232876712,941,176.19021269863592,902.260009765625,65.8890410958904,572
