,state,county,gisjoin,year range,avg temp,max temp,min temp,hdd,cdd,avg rh,average dp,max dp,min dp,avg wind speed,max wind speed,avg ghr,max ghr,avg dnr,max dnr,avg dhr,max dhr
0,TX,Bosque County,G4800350,1980-1999,17.631795268186494,39.9010009765625,-14.521499633789062,1618.8351991902227,1374.9404720783953,65.6668244764685,10.286780087724335,23.73385935333897,-14.52150006831484,4.005397154969168,8.374672889709473,202.06700913242008,1041,209.84156900622142,975.0014038085938,76.99417808219178,512
