,state,county,gisjoin,year range,avg temp,max temp,min temp,hdd,cdd,avg rh,average dp,max dp,min dp,avg wind speed,max wind speed,avg ghr,max ghr,avg dnr,max dnr,avg dhr,max dhr
0,TX,Bosque County,G4800350,2020-2039,19.757354019304827,40.06548309326172,-7.716506004333496,1237.518256721256,1769.4524737674817,63.45176698432121,11.69637519907504,24.42388620500136,-7.7165067479402545,4.007378292138173,7.724362373352051,202.06700913242008,1041,207.09480787002062,964.0480346679688,76.99417808219178,512
