,state,county,gisjoin,year range,avg temp,max temp,min temp,hdd,cdd,avg rh,average dp,max dp,min dp,avg wind speed,max wind speed,avg ghr,max ghr,avg dnr,max dnr,avg dhr,max dhr
0,TN,Union County,G4701730,2000-2019,14.519328098646024,34.78533172607422,-14.826000213623049,2250.9321505387793,870.9869065444224,69.45343375946288,8.255711786696228,22.46170499628245,-14.826001785056338,3.7320358737146475,8.638762474060059,178.29326484018264,1001,190.91544322972157,952.5801391601562,79.80616438356165,584
