,state,county,gisjoin,year range,avg temp,max temp,min temp,hdd,cdd,avg rh,average dp,max dp,min dp,avg wind speed,max wind speed,avg ghr,max ghr,avg dnr,max dnr,avg dhr,max dhr
0,TN,Union County,G4701730,2080-2099,18.383818604908782,40.17961502075195,-8.419332504272461,1593.2723315653118,1623.8661223569825,70.51122318925378,12.236613160826264,28.45514441909192,-8.419333176150237,3.7651583432062576,9.856221199035645,178.29326484018264,1001,183.17084887406912,952.577880859375,79.80616438356165,584
