,state,county,gisjoin,year range,avg temp,max temp,min temp,hdd,cdd,avg rh,average dp,max dp,min dp,avg wind speed,max wind speed,avg ghr,max ghr,avg dnr,max dnr,avg dhr,max dhr
0,MO,Hickory County,G2900850,1980-1999,12.81530437434425,37.704376220703125,-22.84749984741211,2788.7503595999838,786.8364562352946,67.88602101595978,6.293251786524398,21.8934132011922,-22.84750199087945,4.021721564580316,9.129789352416992,181.0912100456621,995,187.55369584920686,933.3612670898438,72.91735159817351,668
