,state,county,gisjoin,year range,avg temp,max temp,min temp,hdd,cdd,avg rh,average dp,max dp,min dp,avg wind speed,max wind speed,avg ghr,max ghr,avg dnr,max dnr,avg dhr,max dhr
0,MO,Hickory County,G2900850,2080-2099,18.38835793684479,41.52532577514648,-17.116989135742188,1798.1902397716983,1830.440886719912,68.94115818363346,11.806436395962917,27.03294622886224,-17.116989638950876,3.774323833968541,8.345423698425293,181.0912100456621,995,180.12294301627233,916.1256713867188,72.91735159817351,668
