,state,county,gisjoin,year range,avg temp,max temp,min temp,hdd,cdd,avg rh,average dp,max dp,min dp,avg wind speed,max wind speed,avg ghr,max ghr,avg dnr,max dnr,avg dhr,max dhr
0,MO,Ralls County,G2901730,1980-1999,11.222152617061736,34.646427154541016,-25.734285354614254,3240.021964221803,656.6076694488883,69.14185850304555,5.098644214423286,23.26309274523683,-25.734286944554636,4.079133100705604,9.210810661315918,175.93367579908676,994,181.34322167253612,931.0635375976562,72.60022831050229,623
