,state,county,gisjoin,year range,avg temp,max temp,min temp,hdd,cdd,avg rh,average dp,max dp,min dp,avg wind speed,max wind speed,avg ghr,max ghr,avg dnr,max dnr,avg dhr,max dhr
0,MO,Ralls County,G2901730,2000-2019,12.745410188410238,37.49714279174805,-21.172142028808597,2903.0056024472483,875.5803212166343,68.80405255169629,6.488083171854189,24.78993375914319,-21.356235133864896,3.9286599547895666,9.510849952697754,175.93367579908676,994,181.25893972180342,925.9951782226562,72.60022831050229,623
