,state,county,gisjoin,year range,avg temp,max temp,min temp,hdd,cdd,avg rh,average dp,max dp,min dp,avg wind speed,max wind speed,avg ghr,max ghr,avg dnr,max dnr,avg dhr,max dhr
0,MO,Ralls County,G2901730,2060-2079,15.065618270687304,38.78121948242188,-17.891372680664062,2473.3691716624,1292.8198404630728,70.59887532578212,9.107661444383634,26.18391217068813,-17.891374560368376,3.809170660090773,11.119269371032717,175.93367579908676,994,175.68764227291376,909.0039672851562,72.60022831050229,623
