,state,county,gisjoin,year range,avg temp,max temp,min temp,hdd,cdd,avg rh,average dp,max dp,min dp,avg wind speed,max wind speed,avg ghr,max ghr,avg dnr,max dnr,avg dhr,max dhr
0,KY,Elliott County,G2100630,1980-1999,11.961557852503201,35.21937561035156,-24.061250686645508,2970.2239097639945,656.6925259272587,67.84497848428003,5.33887494731191,21.345760180049812,-24.147647548183503,3.766515466911063,8.1751127243042,167.09063926940638,986,189.09905635570345,951.6394653320312,74.89394977168949,524
