,state,county,gisjoin,year range,avg temp,max temp,min temp,hdd,cdd,avg rh,average dp,max dp,min dp,avg wind speed,max wind speed,avg ghr,max ghr,avg dnr,max dnr,avg dhr,max dhr
0,KY,Elliott County,G2100630,2000-2019,12.943567475401606,33.838748931884766,-20.90562438964844,2732.450258096451,777.3523866177075,68.44702254560984,6.402239577938756,22.119218318921988,-20.905625780944614,3.6922730991012975,10.205852508544922,167.09063926940638,986,187.4792237398424,961.4498901367188,74.89394977168949,524
