,state,county,gisjoin,year range,avg temp,max temp,min temp,hdd,cdd,avg rh,average dp,max dp,min dp,avg wind speed,max wind speed,avg ghr,max ghr,avg dnr,max dnr,avg dhr,max dhr
0,KY,Elliott County,G2100630,2020-2039,13.720447308755586,36.72750854492188,-16.643516540527344,2537.1513673111026,865.6146350066393,68.85592699442824,7.263863464749875,22.851612330963924,-18.34073467092937,3.6873711595388308,9.48734188079834,167.09063926940638,986,184.59946413932312,934.6598510742188,74.89394977168949,524
