,state,county,gisjoin,year range,avg temp,max temp,min temp,hdd,cdd,avg rh,average dp,max dp,min dp,avg wind speed,max wind speed,avg ghr,max ghr,avg dnr,max dnr,avg dhr,max dhr
0,KY,Elliott County,G2100630,2040-2059,15.178551230578844,37.0306282043457,-11.96580696105957,2239.365143872987,1100.036343034177,68.55950618508744,8.550766296206058,23.890971854733213,-12.298438288248782,3.7058690964767376,8.65888500213623,167.09063926940638,986,183.15448773817158,953.3856201171876,74.89394977168949,524
