,state,county,gisjoin,year range,avg temp,max temp,min temp,hdd,cdd,avg rh,average dp,max dp,min dp,avg wind speed,max wind speed,avg ghr,max ghr,avg dnr,max dnr,avg dhr,max dhr
0,MD,Montgomery County,G2400310,2040-2059,15.568233397423727,38.95895767211914,-11.808213233947754,2193.3374791573233,1196.2426692168656,71.05721195016278,9.72786909041347,25.310244299534336,-11.80821425887103,4.0134752365007795,11.15419101715088,166.27100456621005,996,175.94660465742103,907.2599487304688,74.43436073059361,559
