,state,county,gisjoin,year range,avg temp,max temp,min temp,hdd,cdd,avg rh,average dp,max dp,min dp,avg wind speed,max wind speed,avg ghr,max ghr,avg dnr,max dnr,avg dhr,max dhr
0,MD,Montgomery County,G2400310,2060-2079,16.05544698064821,38.382423400878906,-7.225689888000488,2050.8848207213136,1231.6229686578852,71.09172378217792,10.197812823543183,26.787073464582157,-7.817996061116715,4.09482228788611,15.644484519958496,166.27100456621005,996,175.78737403384918,906.1624145507812,74.43436073059361,559
