,state,county,gisjoin,year range,avg temp,max temp,min temp,hdd,cdd,avg rh,average dp,max dp,min dp,avg wind speed,max wind speed,avg ghr,max ghr,avg dnr,max dnr,avg dhr,max dhr
0,MD,Montgomery County,G2400310,2080-2099,17.85029752526971,38.593544006347656,-6.65961503982544,1703.3785388934991,1539.2371356169053,71.4398049019243,12.020414156996786,27.784346038013627,-6.96988407009837,4.032047042454758,9.591954231262209,166.27100456621005,996,171.34044428116556,910.0387573242188,74.43436073059361,559
