,state,county,gisjoin,year range,avg temp,max temp,min temp,hdd,cdd,avg rh,average dp,max dp,min dp,avg wind speed,max wind speed,avg ghr,max ghr,avg dnr,max dnr,avg dhr,max dhr
0,GA,Lincoln County,G1301810,2080-2099,21.079319618519555,41.72300338745117,-5.639620304107666,1097.4383683527888,2111.890029112297,68.30900794773886,14.262317491284366,28.080926214527494,-5.639620792854628,3.4148890776176977,8.821374893188477,193.16130136986303,1021,190.94264936710812,911.7244262695312,78.90205479452055,537
