,state,county,gisjoin,year range,avg temp,max temp,min temp,hdd,cdd,avg rh,average dp,max dp,min dp,avg wind speed,max wind speed,avg ghr,max ghr,avg dnr,max dnr,avg dhr,max dhr
0,KY,Butler County,G2100310,2020-2039,15.4092306031315,37.981895446777344,-18.0156307220459,2190.801234084713,1135.6704042276426,69.34852721767338,9.082787647094785,24.38988098047196,-18.015631031467144,3.790611834150471,10.008572578430176,154.85513698630137,1017,188.09868741111902,932.8292236328124,75.52602739726028,668
