,state,county,gisjoin,year range,avg temp,max temp,min temp,hdd,cdd,avg rh,average dp,max dp,min dp,avg wind speed,max wind speed,avg ghr,max ghr,avg dnr,max dnr,avg dhr,max dhr
0,MO,Perry County,G2901570,2020-2039,15.020155767501095,40.85424423217773,-20.024423599243164,2336.295156670077,1139.1520118078258,68.7596317652698,8.539121145960117,25.54670765265482,-20.02442513559309,3.739717400332564,10.323833465576172,169.3714611872146,996,189.20828975524077,927.476806640625,69.96529680365296,612
