,state,county,gisjoin,year range,avg temp,max temp,min temp,hdd,cdd,avg rh,average dp,max dp,min dp,avg wind speed,max wind speed,avg ghr,max ghr,avg dnr,max dnr,avg dhr,max dhr
0,MO,Perry County,G2901570,2060-2079,16.514242707461822,38.71875,-11.325955390930176,2069.5783878532875,1417.7769760767958,69.8759216979214,10.276515113461317,25.90373684215405,-11.325955912029851,3.7725824239455403,9.020756721496582,169.3714611872146,996,184.66258808265832,922.90869140625,69.96529680365296,612
