,state,county,gisjoin,year range,avg temp,max temp,min temp,hdd,cdd,avg rh,average dp,max dp,min dp,avg wind speed,max wind speed,avg ghr,max ghr,avg dnr,max dnr,avg dhr,max dhr
0,CO,Conejos County,G0800210,1980-1999,5.441110167846168,28.94055557250977,-27.953332901000977,4891.919481812675,198.4246930758109,35.98339232990187,-10.668911145339544,5.862982605014434,-31.02802434465446,5.234449199127824,15.27350616455078,204.29748858447488,1027,247.3935281668335,1080.4083251953125,62.016666666666666,456
