,state,county,gisjoin,year range,avg temp,max temp,min temp,hdd,cdd,avg rh,average dp,max dp,min dp,avg wind speed,max wind speed,avg ghr,max ghr,avg dnr,max dnr,avg dhr,max dhr
0,CO,Conejos County,G0800210,2040-2059,8.416015559084741,31.39066505432129,-24.79478645324707,4018.5654935154034,410.9111725807242,37.26386226943639,-7.473023048853282,9.525656174039089,-26.63432632794193,5.123768122555458,12.02736473083496,204.29748858447488,1027,246.2971596960555,1038.7088623046875,62.016666666666666,456
