,state,county,gisjoin,year range,avg temp,max temp,min temp,hdd,cdd,avg rh,average dp,max dp,min dp,avg wind speed,max wind speed,avg ghr,max ghr,avg dnr,max dnr,avg dhr,max dhr
0,CO,Conejos County,G0800210,2060-2079,8.822154907765958,33.02985382080078,-27.867528915405277,3905.3790183711167,445.96555970510894,37.186553890792204,-7.072881523273649,9.27516014870694,-30.54315411384828,5.160485733698493,13.547430038452148,204.29748858447488,1027,245.17292771965694,1044.0340576171875,62.016666666666666,456
