,state,county,gisjoin,year range,avg temp,max temp,min temp,hdd,cdd,avg rh,average dp,max dp,min dp,avg wind speed,max wind speed,avg ghr,max ghr,avg dnr,max dnr,avg dhr,max dhr
0,GA,Carroll County,G1300450,2020-2039,17.118515483110297,40.82148742675781,-11.466275215148926,1644.227467065294,1212.9856184006535,68.32047934183791,10.436740801946957,22.57205918794304,-11.466276282001465,3.6630431585388097,9.000765800476074,162.69052511415526,993,198.3123958235977,936.0013427734376,79.42728310502284,621
