,state,county,gisjoin,year range,avg temp,max temp,min temp,hdd,cdd,avg rh,average dp,max dp,min dp,avg wind speed,max wind speed,avg ghr,max ghr,avg dnr,max dnr,avg dhr,max dhr
0,TX,Stephens County,G4804290,1980-1999,17.335275444958665,39.415626525878906,-10.220000267028809,1719.7991311246797,1367.6746685346773,60.684552863961486,8.70221341270945,22.957966252067727,-10.42657856437142,4.487304569025563,8.822869300842285,195.66723744292239,1025,213.7087189073842,962.5111083984376,70.31438356164384,612
