,state,county,gisjoin,year range,avg temp,max temp,min temp,hdd,cdd,avg rh,average dp,max dp,min dp,avg wind speed,max wind speed,avg ghr,max ghr,avg dnr,max dnr,avg dhr,max dhr
0,TX,Stephens County,G4804290,2080-2099,22.376802581241055,45.92929458618164,-7.8960466384887695,1049.7657392650524,2537.7986814178353,59.51808734571553,13.112132153276832,28.900482804240276,-8.178975045826014,4.607632213803731,9.827506065368652,195.66723744292239,1025,203.8078237305841,938.6172485351562,70.31438356164384,612
