,state,county,gisjoin,year range,avg temp,max temp,min temp,hdd,cdd,avg rh,average dp,max dp,min dp,avg wind speed,max wind speed,avg ghr,max ghr,avg dnr,max dnr,avg dhr,max dhr
0,NC,Henderson County,G3700890,2060-2079,16.10371651495561,37.32532501220703,-7.005668640136719,1815.7972291047683,1014.1537570636187,70.60998578528836,10.07014754367989,22.848896756603143,-7.005669085571253,4.760795460661797,12.055026054382324,180.26986301369863,1022,192.87023986303214,950.2671508789062,71.97568493150685,527
