,state,county,gisjoin,year range,avg temp,max temp,min temp,hdd,cdd,avg rh,average dp,max dp,min dp,avg wind speed,max wind speed,avg ghr,max ghr,avg dnr,max dnr,avg dhr,max dhr
0,ND,Eddy County,G3800270,2000-2019,5.140612151293662,32.907501220703125,-30.53999900817871,5188.942049953961,385.7654851754512,59.26773235188227,-3.188954524628843,18.97361935064248,-30.592866130780244,4.419163327674343,13.082414627075195,153.87705479452055,944,176.63329318296098,880.6136474609375,58.25684931506849,570
