,state,county,gisjoin,year range,avg temp,max temp,min temp,hdd,cdd,avg rh,average dp,max dp,min dp,avg wind speed,max wind speed,avg ghr,max ghr,avg dnr,max dnr,avg dhr,max dhr
0,ND,Eddy County,G3800270,2040-2059,7.597082467749316,37.48960876464844,-29.6995906829834,4495.4384788854795,588.873579613387,60.581362324000494,-0.49277722666689633,21.9059529394492,-30.766965685050717,4.316048261890673,9.827274322509766,153.87705479452055,944,173.85958843103722,868.9110717773438,58.25684931506849,570
