,state,county,gisjoin,year range,avg temp,max temp,min temp,hdd,cdd,avg rh,average dp,max dp,min dp,avg wind speed,max wind speed,avg ghr,max ghr,avg dnr,max dnr,avg dhr,max dhr
0,KY,Metcalfe County,G2101690,1980-1999,13.292801934290681,33.45411682128906,-22.625883102416992,2599.1032756488908,771.4759816647052,69.41119891454096,7.04546531568215,22.290323601063644,-22.625885264356125,3.973287503577803,8.910103797912598,154.85513698630137,1017,192.13527373578688,950.3220825195312,75.65787671232877,668
