,state,county,gisjoin,year range,avg temp,max temp,min temp,hdd,cdd,avg rh,average dp,max dp,min dp,avg wind speed,max wind speed,avg ghr,max ghr,avg dnr,max dnr,avg dhr,max dhr
0,MT,Phillips County,G3000710,2020-2039,7.942199425598924,37.61523818969727,-32.72208786010742,4362.820745099373,582.223535442374,49.20847497389197,-3.6188254075211606,16.356403483351215,-32.9311566232591,3.2209194083736365,6.90903377532959,162.48607305936073,964,182.49636363315383,894.6787109375,60.84349315068493,447
