,state,county,gisjoin,year range,avg temp,max temp,min temp,hdd,cdd,avg rh,average dp,max dp,min dp,avg wind speed,max wind speed,avg ghr,max ghr,avg dnr,max dnr,avg dhr,max dhr
0,AL,Bibb County,G0100070,2080-2099,21.677727429544635,41.66902160644531,-5.754720211029053,987.7096424125671,2220.5801541962037,69.88108695478743,15.224676937706013,28.77064930798749,-5.754720725497689,3.3439157970964093,8.525609970092773,183.5310502283105,1010,188.3695411664541,928.9820556640624,78.84041095890412,592
