,state,county,gisjoin,year range,avg temp,max temp,min temp,hdd,cdd,avg rh,average dp,max dp,min dp,avg wind speed,max wind speed,avg ghr,max ghr,avg dnr,max dnr,avg dhr,max dhr
0,MD,Howard County,G2400270,1980-1999,12.273740587307493,35.203125,-17.1512508392334,2880.2573310272087,680.672645394044,69.54450466926784,6.187521654345634,23.45168482875091,-17.151251211797508,3.8198434071998073,10.095220565795898,169.90319634703195,987,182.49988925225446,930.5519409179688,72.4945205479452,480
