,state,county,gisjoin,year range,avg temp,max temp,min temp,hdd,cdd,avg rh,average dp,max dp,min dp,avg wind speed,max wind speed,avg ghr,max ghr,avg dnr,max dnr,avg dhr,max dhr
0,MD,Howard County,G2400270,2080-2099,17.57584377080399,39.48303985595703,-8.042742729187012,1794.53127549272,1530.2142518361113,72.58146630661673,12.041611730342888,27.54997236286323,-8.042743150425675,3.914054778504045,11.638461112976074,169.90319634703195,987,169.29245750292938,901.7926025390624,72.4945205479452,480
