,state,county,gisjoin,year range,avg temp,max temp,min temp,hdd,cdd,avg rh,average dp,max dp,min dp,avg wind speed,max wind speed,avg ghr,max ghr,avg dnr,max dnr,avg dhr,max dhr
0,TX,Van Zandt County,G4804670,1980-1999,17.672053932852243,38.501251220703125,-8.775625228881836,1583.432500778655,1354.232186269842,67.52136665217952,10.821427026508958,23.80302918789503,-9.182923702669925,3.640538498473494,8.850363731384277,189.98219178082192,1007,200.75870349574708,945.3011474609376,71.50616438356164,573
