,state,county,gisjoin,year range,avg temp,max temp,min temp,hdd,cdd,avg rh,average dp,max dp,min dp,avg wind speed,max wind speed,avg ghr,max ghr,avg dnr,max dnr,avg dhr,max dhr
0,NH,Rockingham County,G3300150,2040-2059,11.52763282611055,36.47900390625,-21.2582950592041,3199.1668884894098,727.252870019317,70.87155757451167,5.71773124097809,24.377485009566897,-21.25829627396634,4.212262591297768,10.12631893157959,144.62762557077625,950,173.0405836745306,901.7322998046876,69.51038812785389,541
