,state,county,gisjoin,year range,avg temp,max temp,min temp,hdd,cdd,avg rh,average dp,max dp,min dp,avg wind speed,max wind speed,avg ghr,max ghr,avg dnr,max dnr,avg dhr,max dhr
0,WY,Washakie County,G5600430,2060-2079,7.847230810565231,33.52507019042969,-30.685522079467773,4281.177853397656,465.9170992533479,56.17480737673093,-1.4325999595694807,13.92736035769418,-30.68552397029241,4.280510065000351,9.727065086364746,182.79018264840184,1008,207.08675806927351,937.8214721679688,62.77294520547945,506
