,state,county,gisjoin,year range,avg temp,max temp,min temp,hdd,cdd,avg rh,average dp,max dp,min dp,avg wind speed,max wind speed,avg ghr,max ghr,avg dnr,max dnr,avg dhr,max dhr
0,MI,Monroe County,G2601150,2020-2039,11.476205337983924,35.6896858215332,-22.8320369720459,3171.3875521545174,680.702500518198,69.91446906921526,5.52573991304765,24.46222018677909,-22.832038202793157,4.238470810270745,8.822863578796387,154.81826484018265,957,174.06826157079777,909.4959106445312,73.00034246575342,482
