,state,county,gisjoin,year range,avg temp,max temp,min temp,hdd,cdd,avg rh,average dp,max dp,min dp,avg wind speed,max wind speed,avg ghr,max ghr,avg dnr,max dnr,avg dhr,max dhr
0,MI,Monroe County,G2601150,2040-2059,12.689129881672946,37.2217025756836,-18.03038215637207,2921.465184685316,873.4975914955636,71.0872670140985,6.945328608390353,25.751147392821046,-18.372692865485234,4.231629490280804,9.706982612609863,154.81826484018265,957,170.51814812354587,886.9962158203125,73.00034246575342,482
