,state,county,gisjoin,year range,avg temp,max temp,min temp,hdd,cdd,avg rh,average dp,max dp,min dp,avg wind speed,max wind speed,avg ghr,max ghr,avg dnr,max dnr,avg dhr,max dhr
0,AR,Izard County,G0500650,1980-1999,14.023931964607984,36.05157852172852,-14.798420906066896,2433.420813839148,872.6559809208446,68.47428442158112,7.470202206529669,21.824567836264134,-14.798421519049633,3.619023013931431,9.852022171020508,182.14623287671233,997,197.55756063394395,953.7537841796876,71.50239726027397,699
