,state,county,gisjoin,year range,avg temp,max temp,min temp,hdd,cdd,avg rh,average dp,max dp,min dp,avg wind speed,max wind speed,avg ghr,max ghr,avg dnr,max dnr,avg dhr,max dhr
0,MN,Hubbard County,G2700570,2080-2099,10.575610271238745,38.12116241455078,-27.006221771240234,3710.2999040217583,890.8976530234494,64.8357811757963,3.3872650585773285,23.476498110740625,-27.114779208154133,4.764749698769556,10.265113830566406,138.34988584474885,935,167.80241821150238,891.651123046875,66.19018264840183,575
