,state,county,gisjoin,year range,avg temp,max temp,min temp,hdd,cdd,avg rh,average dp,max dp,min dp,avg wind speed,max wind speed,avg ghr,max ghr,avg dnr,max dnr,avg dhr,max dhr
0,IL,LaSalle County,G1700990,2040-2059,12.973702905083885,38.1400032043457,-22.408994674682617,2936.70486588379,992.6064262390711,69.61920757304588,6.8334627275667845,26.361997360218385,-25.34346637354129,4.068154551313348,10.51460075378418,158.52865296803654,956,174.22436227891836,887.123046875,72.56849315068493,555
