,state,county,gisjoin,year range,avg temp,max temp,min temp,hdd,cdd,avg rh,average dp,max dp,min dp,avg wind speed,max wind speed,avg ghr,max ghr,avg dnr,max dnr,avg dhr,max dhr
0,OH,Seneca County,G3901470,2020-2039,11.555639542965139,35.392730712890625,-22.22101402282715,3180.7807654393114,719.0891986211503,70.61317950949821,5.7656499855542425,23.32074202105688,-22.22101421353273,4.09251793661074,9.434125900268556,149.3900684931507,968,173.41643015906863,913.1139526367188,72.97214611872145,565
