,state,county,gisjoin,year range,avg temp,max temp,min temp,hdd,cdd,avg rh,average dp,max dp,min dp,avg wind speed,max wind speed,avg ghr,max ghr,avg dnr,max dnr,avg dhr,max dhr
0,OH,Seneca County,G3901470,2040-2059,13.206811076674752,39.90699768066406,-18.16094398498535,2780.6485202535255,921.6345632394713,69.83506627061051,7.157589991101021,24.881887580786483,-18.16094574933108,4.00628025987649,9.250964164733888,149.3900684931507,968,171.83187205351823,910.6237182617188,72.97214611872145,565
