,state,county,gisjoin,year range,avg temp,max temp,min temp,hdd,cdd,avg rh,average dp,max dp,min dp,avg wind speed,max wind speed,avg ghr,max ghr,avg dnr,max dnr,avg dhr,max dhr
0,AL,Limestone County,G0100830,2080-2099,20.019723865114866,41.88749694824219,-9.598491668701172,1327.6573281486258,1955.3565389154783,70.15894929284919,13.699726496157767,28.45976958588303,-9.598492443669274,3.2808942977151916,8.982351303100586,182.2826484018265,1012,184.73284177064488,944.83203125,75.05365296803653,480
