,state,county,gisjoin,year range,avg temp,max temp,min temp,hdd,cdd,avg rh,average dp,max dp,min dp,avg wind speed,max wind speed,avg ghr,max ghr,avg dnr,max dnr,avg dhr,max dhr
0,WI,Sauk County,G5501110,2000-2019,8.2823813390353,37.21937561035156,-34.18000030517578,4175.225183207317,518.7943719546207,67.36934617882994,1.7995879423499983,24.848908327193765,-34.18000255593692,4.250552045428045,10.624463081359863,146.55456621004566,966,176.84245782657968,917.8081665039062,70.82842465753424,537
