,state,county,gisjoin,year range,avg temp,max temp,min temp,hdd,cdd,avg rh,average dp,max dp,min dp,avg wind speed,max wind speed,avg ghr,max ghr,avg dnr,max dnr,avg dhr,max dhr
0,WI,Sauk County,G5501110,2040-2059,10.383375632870703,37.270503997802734,-24.511276245117188,3625.1666794348876,735.5987854322171,69.08526756513065,4.245437525824108,26.780852553210188,-24.511277490670388,4.186334676747997,11.383203506469728,146.55456621004566,966,174.51183030868165,894.0269775390625,70.82842465753424,537
