,state,county,gisjoin,year range,avg temp,max temp,min temp,hdd,cdd,avg rh,average dp,max dp,min dp,avg wind speed,max wind speed,avg ghr,max ghr,avg dnr,max dnr,avg dhr,max dhr
0,IA,Delaware County,G1900550,2020-2039,9.44003183498918,36.38674545288086,-33.243797302246094,3860.413254773654,626.5248745441752,68.22721732609892,3.137015167247334,23.77931500165509,-33.243799426931915,3.9948672774719864,8.903051376342773,151.28367579908675,961,176.83852618108156,922.7159423828124,69.674200913242,543
