,state,county,gisjoin,year range,avg temp,max temp,min temp,hdd,cdd,avg rh,average dp,max dp,min dp,avg wind speed,max wind speed,avg ghr,max ghr,avg dnr,max dnr,avg dhr,max dhr
0,MN,McLeod County,G2700850,2080-2099,12.930700006250875,39.63644409179688,-23.907590866088867,3191.3667793496847,1231.5722816308994,67.6405350526174,6.350121539936218,27.80474237247113,-25.794253666417912,3.8675266486324675,9.824081420898438,190.04041095890412,1004,165.9512401326078,886.6773681640625,65.58025114155251,565
