,state,county,gisjoin,year range,avg temp,max temp,min temp,hdd,cdd,avg rh,average dp,max dp,min dp,avg wind speed,max wind speed,avg ghr,max ghr,avg dnr,max dnr,avg dhr,max dhr
0,GA,Monroe County,G1302070,2040-2059,19.475578068168414,38.566776275634766,-6.186036586761475,1221.764607395566,1650.8506022770398,69.20219076801108,12.912841731633709,25.145689770538254,-6.186036963200772,3.370875332916164,7.589763164520264,191.99166666666667,1021,197.92797084399652,948.5938110351562,78.06506849315069,512
