,state,county,gisjoin,year range,avg temp,max temp,min temp,hdd,cdd,avg rh,average dp,max dp,min dp,avg wind speed,max wind speed,avg ghr,max ghr,avg dnr,max dnr,avg dhr,max dhr
0,TX,Nolan County,G4803530,2060-2079,20.40656799848487,41.37560272216797,-15.108443260192873,1262.235841811642,2031.1331612585275,54.43962778783824,9.657956952003028,25.173074686680632,-15.632310222015686,4.650876300982689,9.099945068359377,223.54954337899542,1017,217.5557241911101,976.6598510742188,63.5615296803653,551
