,state,county,gisjoin,year range,avg temp,max temp,min temp,hdd,cdd,avg rh,average dp,max dp,min dp,avg wind speed,max wind speed,avg ghr,max ghr,avg dnr,max dnr,avg dhr,max dhr
0,TX,Nolan County,G4803530,2080-2099,21.90372108672416,44.67167663574219,-8.781973838806152,1082.2187343294768,2397.576930983621,54.39799767759837,11.164760426809869,28.70929325363704,-12.163390172349898,4.746851204573836,10.556994438171388,223.54954337899542,1017,214.97581796074516,945.3251953125,63.5615296803653,551
