,state,county,gisjoin,year range,avg temp,max temp,min temp,hdd,cdd,avg rh,average dp,max dp,min dp,avg wind speed,max wind speed,avg ghr,max ghr,avg dnr,max dnr,avg dhr,max dhr
0,WA,Okanogan County,G5300470,2020-2039,9.907947587628012,39.01344680786133,-18.68506622314453,3600.0772715698654,536.9781410535352,55.75054034326719,-0.029102106167416427,15.06895047823392,-18.79473909342205,3.09141860813855,9.607069969177246,172.14771689497718,952,180.47149568543776,877.20556640625,60.609703196347034,434
