,state,county,gisjoin,year range,avg temp,max temp,min temp,hdd,cdd,avg rh,average dp,max dp,min dp,avg wind speed,max wind speed,avg ghr,max ghr,avg dnr,max dnr,avg dhr,max dhr
0,WA,Okanogan County,G5300470,2040-2059,10.993210161385404,39.24908447265625,-20.04110336303711,3319.0516996985043,652.0734086036942,55.402184047764294,0.905313615623418,14.555240767663946,-20.041105429369534,3.0691006199001722,6.914775371551514,172.14771689497718,952,178.63269488695892,871.2750854492188,60.609703196347034,434
