,state,county,gisjoin,year range,avg temp,max temp,min temp,hdd,cdd,avg rh,average dp,max dp,min dp,avg wind speed,max wind speed,avg ghr,max ghr,avg dnr,max dnr,avg dhr,max dhr
0,WA,Okanogan County,G5300470,2060-2079,11.302302775754525,38.5252685546875,-16.443376541137695,3218.937989584594,664.7785027345286,57.779335108848464,1.8781405555138706,15.029463826749272,-16.443377422034406,3.160481577648964,7.26483154296875,172.14771689497718,952,176.89536215983858,876.4354248046875,60.609703196347034,434
