,state,county,gisjoin,year range,avg temp,max temp,min temp,hdd,cdd,avg rh,average dp,max dp,min dp,avg wind speed,max wind speed,avg ghr,max ghr,avg dnr,max dnr,avg dhr,max dhr
0,GA,Muscogee County,G1302150,2000-2019,18.865166273328995,37.98777770996094,-8.549444198608398,1336.3637324194567,1542.6494221845962,67.41736178659413,11.931401725968081,23.69042255266747,-8.54944510359247,3.660823885422863,8.294978141784668,191.31278538812785,1025,198.17993531276022,948.7589111328124,83.53504566210046,516
