,state,county,gisjoin,year range,avg temp,max temp,min temp,hdd,cdd,avg rh,average dp,max dp,min dp,avg wind speed,max wind speed,avg ghr,max ghr,avg dnr,max dnr,avg dhr,max dhr
0,TN,Bradley County,G4700110,1980-1999,14.530361375577863,36.75624847412109,-11.505624771118164,2224.0384876936346,848.1203897794621,68.89641328816,8.12281882005622,21.255370734895823,-11.50562538577802,4.368371143460818,13.638916969299316,178.75011415525114,1021,195.08793026561025,962.126220703125,76.31312785388128,548
