,state,county,gisjoin,year range,avg temp,max temp,min temp,hdd,cdd,avg rh,average dp,max dp,min dp,avg wind speed,max wind speed,avg ghr,max ghr,avg dnr,max dnr,avg dhr,max dhr
0,KS,Cloud County,G2000290,1980-1999,11.364954084901619,39.06166458129883,-19.352500915527344,3280.5898731045363,749.2981140931846,63.109439808266345,3.678073278872326,23.269472875055413,-20.65872216845269,4.417866792553636,10.6113920211792,181.10228310502282,999,194.8259059014241,947.6083984375,64.83162100456622,534
