,state,county,gisjoin,year range,avg temp,max temp,min temp,hdd,cdd,avg rh,average dp,max dp,min dp,avg wind speed,max wind speed,avg ghr,max ghr,avg dnr,max dnr,avg dhr,max dhr
0,KS,Cloud County,G2000290,2000-2019,12.898403044829367,40.25249862670898,-20.440000534057617,2948.032580553187,976.4496919155666,61.396759538781154,4.700278467190531,23.594181057984223,-20.44000248848024,4.340327623853945,10.577239990234377,181.10228310502282,999,192.49617657522222,938.5823364257812,64.83162100456622,534
