,state,county,gisjoin,year range,avg temp,max temp,min temp,hdd,cdd,avg rh,average dp,max dp,min dp,avg wind speed,max wind speed,avg ghr,max ghr,avg dnr,max dnr,avg dhr,max dhr
0,KS,Cloud County,G2000290,2080-2099,17.46549365542527,44.073360443115234,-16.75360107421875,2122.712847955131,1818.1180321851416,62.67645372996047,9.317538212514982,28.01827652296492,-17.977766014121705,4.36986473706215,8.977355003356934,181.10228310502282,999,185.77605134237467,909.9183349609376,64.83162100456622,534
