,state,county,gisjoin,year range,avg temp,max temp,min temp,hdd,cdd,avg rh,average dp,max dp,min dp,avg wind speed,max wind speed,avg ghr,max ghr,avg dnr,max dnr,avg dhr,max dhr
0,MN,Beltrami County,G2700070,1980-1999,3.4880992672659166,29.9521427154541,-40.02714157104492,5641.265854895475,234.92208744684308,61.9774995507715,-4.115920512202557,18.00465257096164,-40.02714322768171,4.339223079485436,9.272738456726074,147.60810502283104,947,173.15131188992157,906.8882446289062,63.84326484018265,537
