,state,county,gisjoin,year range,avg temp,max temp,min temp,hdd,cdd,avg rh,average dp,max dp,min dp,avg wind speed,max wind speed,avg ghr,max ghr,avg dnr,max dnr,avg dhr,max dhr
0,MN,Beltrami County,G2700070,2080-2099,9.962525348720773,38.78990173339844,-25.62334442138672,3818.1009038561933,774.922656138779,65.4580921882908,2.917900649919038,25.513900361196526,-25.623347143897785,4.172899432704873,9.66575527191162,147.60810502283104,947,165.47706221807584,872.9659423828125,63.84326484018265,537
