,state,county,gisjoin,year range,avg temp,max temp,min temp,hdd,cdd,avg rh,average dp,max dp,min dp,avg wind speed,max wind speed,avg ghr,max ghr,avg dnr,max dnr,avg dhr,max dhr
0,TX,Concho County,G4800950,2000-2019,18.54854877493243,39.90399932861328,-14.747499465942385,1518.2407367563426,1608.961039606679,59.074018211560706,9.25244037238875,23.28121898003631,-14.74750077183501,4.222656526249837,7.49160623550415,214.40616438356165,1045,220.60084846560278,988.2839965820312,69.54212328767123,518
