,state,county,gisjoin,year range,avg temp,max temp,min temp,hdd,cdd,avg rh,average dp,max dp,min dp,avg wind speed,max wind speed,avg ghr,max ghr,avg dnr,max dnr,avg dhr,max dhr
0,WY,Albany County,G5600010,2020-2039,6.94937849785273,33.28012466430664,-26.39477157592773,4457.483593384443,314.50674510001426,47.111749737883265,-5.002368104857839,11.562911268430833,-26.394774883623437,5.654432004118619,15.152618408203123,187.21883561643835,1036,218.26909182817573,993.2401733398438,59.86187214611872,537
