,state,county,gisjoin,year range,avg temp,max temp,min temp,hdd,cdd,avg rh,average dp,max dp,min dp,avg wind speed,max wind speed,avg ghr,max ghr,avg dnr,max dnr,avg dhr,max dhr
0,WA,Snohomish County,G5300610,2060-2079,12.672628352695918,32.7094841003418,-5.300854682922363,2394.89489006253,340.904238796225,71.07701854618718,6.8916135639096545,14.384115752741828,-5.561889578213044,3.541987312493259,11.736660957336426,140.52625570776254,939,150.18625914944596,851.4993896484375,62.67009132420091,427
