,state,county,gisjoin,year range,avg temp,max temp,min temp,hdd,cdd,avg rh,average dp,max dp,min dp,avg wind speed,max wind speed,avg ghr,max ghr,avg dnr,max dnr,avg dhr,max dhr
0,IN,Marshall County,G1800990,2020-2039,11.255827683532464,35.29473114013672,-22.154809951782227,3246.263755099142,675.1408595880229,70.63157196044922,5.484510883849809,23.92467161171037,-22.15481120828565,4.449480977477548,10.59878635406494,159.8851598173516,979,177.10326160425055,914.53369140625,78.82328767123288,516
