,state,county,gisjoin,year range,avg temp,max temp,min temp,hdd,cdd,avg rh,average dp,max dp,min dp,avg wind speed,max wind speed,avg ghr,max ghr,avg dnr,max dnr,avg dhr,max dhr
0,CO,Las Animas County,G0800710,2020-2039,11.823918156770295,36.594032287597656,-15.382976531982422,3025.1782662735804,661.4083934943211,47.12233131394539,-0.7054397855084571,14.704725446415818,-22.30269102159658,3.9686433887508907,10.15262508392334,209.09737442922375,1043,227.7417033366685,1000.8202514648438,57.29189497716895,600
