,state,county,gisjoin,year range,avg temp,max temp,min temp,hdd,cdd,avg rh,average dp,max dp,min dp,avg wind speed,max wind speed,avg ghr,max ghr,avg dnr,max dnr,avg dhr,max dhr
0,VA,Greene County,G5100790,1980-1999,12.517702545074812,35.556251525878906,-21.243749618530277,2802.447353514353,691.9087824662892,67.14750804313242,5.782359380190003,21.93719695620452,-21.5671574189272,3.486126315430419,8.4411039352417,161.94954337899543,981,188.72257106524555,932.1951904296876,75.43447488584475,644
