,state,county,gisjoin,year range,avg temp,max temp,min temp,hdd,cdd,avg rh,average dp,max dp,min dp,avg wind speed,max wind speed,avg ghr,max ghr,avg dnr,max dnr,avg dhr,max dhr
0,VA,Greene County,G5100790,2080-2099,17.765159772331028,38.753665924072266,-8.20850658416748,1781.6297264869233,1586.4130433876862,68.3766960009048,11.138171384003432,28.17726310931069,-8.525641210922148,3.6325734198909916,7.871535301208496,161.94954337899543,981,179.29521895313331,929.4491577148438,75.43447488584475,644
