,state,county,gisjoin,year range,avg temp,max temp,min temp,hdd,cdd,avg rh,average dp,max dp,min dp,avg wind speed,max wind speed,avg ghr,max ghr,avg dnr,max dnr,avg dhr,max dhr
0,MS,Calhoun County,G2800130,2060-2079,19.259977425805708,38.361446380615234,-6.044042587280273,1378.0902415530293,1728.4820019721046,70.19427704484495,12.964648944263661,26.74686656563958,-6.044042737218225,3.6454771411065097,9.176153182983398,181.76803652968036,1007,191.58812923918057,921.36279296875,74.21107305936073,558
