,state,county,gisjoin,year range,avg temp,max temp,min temp,hdd,cdd,avg rh,average dp,max dp,min dp,avg wind speed,max wind speed,avg ghr,max ghr,avg dnr,max dnr,avg dhr,max dhr
0,MI,Gladwin County,G2600510,2000-2019,8.053688315217038,36.03153991699219,-30.196922302246094,4210.811179398638,470.9074144522474,67.4942095719516,1.549935680277668,23.494534582790774,-30.196926781031163,4.212238207051199,9.116534233093262,146.93812785388127,936,177.53903383018516,923.4164428710938,69.9681506849315,489
