,state,county,gisjoin,year range,avg temp,max temp,min temp,hdd,cdd,avg rh,average dp,max dp,min dp,avg wind speed,max wind speed,avg ghr,max ghr,avg dnr,max dnr,avg dhr,max dhr
0,GA,Wilkinson County,G1303190,2060-2079,20.446904129895362,40.77166366577149,-5.3446550369262695,1072.0774991112553,1855.6975065229901,68.97995166386643,13.767960512104512,25.191661996219285,-5.344655270140128,3.6190624619183476,9.350808143615724,185.44771689497716,1055,195.95226976100113,948.6173706054688,80.47317351598174,686
