,state,county,gisjoin,year range,avg temp,max temp,min temp,hdd,cdd,avg rh,average dp,max dp,min dp,avg wind speed,max wind speed,avg ghr,max ghr,avg dnr,max dnr,avg dhr,max dhr
0,IA,Calhoun County,G1900250,2040-2059,11.928828672469947,37.79924011230469,-25.020273208618164,3249.8949968024754,924.4174622536202,66.51829450380856,5.094481002963031,24.633999234527334,-25.020275880898765,4.550671107148471,10.073552131652832,158.7288812785388,969,175.83454949394473,906.7217407226562,65.17910958904109,514
