,state,county,gisjoin,year range,avg temp,max temp,min temp,hdd,cdd,avg rh,average dp,max dp,min dp,avg wind speed,max wind speed,avg ghr,max ghr,avg dnr,max dnr,avg dhr,max dhr
0,IA,Calhoun County,G1900250,2080-2099,13.945180768382851,40.967811584472656,-26.832231521606445,2898.5342375664713,1309.0252180259133,66.17254686747512,6.945495356649485,27.775886302130736,-26.83223270905173,4.552431742132526,9.710951805114746,158.7288812785388,969,171.25574241505382,885.0046997070312,65.17910958904109,514
