,state,county,gisjoin,year range,avg temp,max temp,min temp,hdd,cdd,avg rh,average dp,max dp,min dp,avg wind speed,max wind speed,avg ghr,max ghr,avg dnr,max dnr,avg dhr,max dhr
0,TN,Weakley County,G4701830,2020-2039,16.127135289710342,38.76626968383789,-12.819642066955566,2006.9233697796915,1213.8277505239616,70.15467198145444,9.957912357198882,24.79341402743769,-12.81964311298252,3.718848467322245,10.570267677307127,185.08858447488583,1023,185.8125944084156,938.0335693359376,74.5865296803653,578
