,state,county,gisjoin,year range,avg temp,max temp,min temp,hdd,cdd,avg rh,average dp,max dp,min dp,avg wind speed,max wind speed,avg ghr,max ghr,avg dnr,max dnr,avg dhr,max dhr
0,TX,Pecos County,G4803710,2040-2059,21.059474965708638,41.640621185302734,-7.364591598510742,1101.3894974552197,2108.597859938746,41.83750125055444,6.093377675127862,21.308573846843107,-10.957610388590645,4.708813152520079,9.225573539733888,220.96712328767123,1046,236.14140657773567,994.0052490234376,65.6593607305936,585
