,state,county,gisjoin,year range,avg temp,max temp,min temp,hdd,cdd,avg rh,average dp,max dp,min dp,avg wind speed,max wind speed,avg ghr,max ghr,avg dnr,max dnr,avg dhr,max dhr
0,TX,Pecos County,G4803710,2080-2099,23.048798292161276,43.96142959594727,-7.238725662231445,836.8589580658014,2570.1703347044304,42.50839210862983,8.119971111044768,23.616578681281517,-10.534064568770749,4.64278409777711,9.01485538482666,220.96712328767123,1046,231.9564425019815,999.7255859375,65.6593607305936,585
