,state,county,gisjoin,year range,avg temp,max temp,min temp,hdd,cdd,avg rh,average dp,max dp,min dp,avg wind speed,max wind speed,avg ghr,max ghr,avg dnr,max dnr,avg dhr,max dhr
0,CA,Riverside County,G0600650,1980-1999,18.466087777684677,41.399410247802734,-1.9964704513549805,1241.5358197869332,1302.1578586420194,39.53049417260575,1.9119221225236438,11.481115929399715,-10.506663380825971,2.8668218491148187,5.566052913665772,226.63630136986302,1037,235.72520815259364,1004.084228515625,65.37100456621005,462
