,state,county,gisjoin,year range,avg temp,max temp,min temp,hdd,cdd,avg rh,average dp,max dp,min dp,avg wind speed,max wind speed,avg ghr,max ghr,avg dnr,max dnr,avg dhr,max dhr
0,TX,Waller County,G4804730,2080-2099,24.331791714917163,44.58234786987305,-1.5104517936706543,566.5993289658743,2768.2033049103425,68.66798952681833,17.518609740148033,29.65402860944257,-1.5104519551767497,4.109253079923865,8.132001876831055,177.42979452054794,1007,194.68863813964066,928.74560546875,82.63892694063927,684
