,state,county,gisjoin,year range,avg temp,max temp,min temp,hdd,cdd,avg rh,average dp,max dp,min dp,avg wind speed,max wind speed,avg ghr,max ghr,avg dnr,max dnr,avg dhr,max dhr
0,IL,Tazewell County,G1701790,2080-2099,15.993333935533643,41.99565887451172,-18.33205223083496,2270.3210845978374,1428.387971067449,68.74329092774761,9.493017624978451,27.996014678226736,-18.33205306596865,4.1680810308619725,10.116817474365234,170.1675799086758,984,175.6091023287582,882.2108154296875,73.02465753424657,514
