,state,county,gisjoin,year range,avg temp,max temp,min temp,hdd,cdd,avg rh,average dp,max dp,min dp,avg wind speed,max wind speed,avg ghr,max ghr,avg dnr,max dnr,avg dhr,max dhr
0,TX,Fayette County,G4801490,2020-2039,21.377252707476877,39.66195297241211,-3.5119857788085938,878.8183694616937,2002.0156076906367,65.83385981337665,13.990208527103945,26.097356559005327,-5.63256982258414,3.9876853769772675,8.834756851196289,182.03538812785388,1011,206.20087586196547,946.7859497070312,74.63207762557077,666
