,state,county,gisjoin,year range,avg temp,max temp,min temp,hdd,cdd,avg rh,average dp,max dp,min dp,avg wind speed,max wind speed,avg ghr,max ghr,avg dnr,max dnr,avg dhr,max dhr
0,TX,Fayette County,G4801490,2040-2059,22.604391038480223,40.44443893432617,-2.861330986022949,739.8751372228354,2310.9778662679137,65.2962597069675,15.039639693225105,26.280612013771197,-2.9379736871800013,4.029033727515234,7.672500133514404,182.03538812785388,1011,204.3123817772832,959.0068359375,74.63207762557077,666
