,state,county,gisjoin,year range,avg temp,max temp,min temp,hdd,cdd,avg rh,average dp,max dp,min dp,avg wind speed,max wind speed,avg ghr,max ghr,avg dnr,max dnr,avg dhr,max dhr
0,TX,Fayette County,G4801490,2080-2099,24.17970269596184,42.774200439453125,-3.328582763671875,659.2940965930723,2805.38558061886,65.605758126359,16.574746024492516,28.34113327837552,-3.874363897039661,3.967958999986518,7.818057537078857,182.03538812785388,1011,198.98384613297915,934.8724365234376,74.63207762557077,666
