,state,county,gisjoin,year range,avg temp,max temp,min temp,hdd,cdd,avg rh,average dp,max dp,min dp,avg wind speed,max wind speed,avg ghr,max ghr,avg dnr,max dnr,avg dhr,max dhr
0,MT,Teton County,G3000990,2000-2019,7.111238624814334,35.70333480834961,-35.317501068115234,4398.939214717435,315.0413127740159,51.88187123999748,-3.444052769758161,13.048231226080084,-35.31750220588823,3.7148170438531327,8.922990798950195,163.92431506849314,970,187.75315179014646,923.401123046875,65.24783105022831,594
