,state,county,gisjoin,year range,avg temp,max temp,min temp,hdd,cdd,avg rh,average dp,max dp,min dp,avg wind speed,max wind speed,avg ghr,max ghr,avg dnr,max dnr,avg dhr,max dhr
0,MT,Teton County,G3000990,2020-2039,8.052129241007515,35.56417465209961,-29.166120529174805,4135.83113859067,395.35831155777186,51.1802547750952,-2.704422899832518,13.45021496005927,-32.25683363405792,3.61296026478075,9.956621170043944,163.92431506849314,970,186.1688077405314,916.9214477539062,65.24783105022831,594
