,state,county,gisjoin,year range,avg temp,max temp,min temp,hdd,cdd,avg rh,average dp,max dp,min dp,avg wind speed,max wind speed,avg ghr,max ghr,avg dnr,max dnr,avg dhr,max dhr
0,MT,Teton County,G3000990,2060-2079,9.558597163165032,38.111270904541016,-24.12434196472168,3761.496909614365,570.8848741690502,52.92460600709262,-0.8113547055252059,16.752516347754884,-24.73456112046059,3.5200476812989745,9.534942626953123,163.92431506849314,970,183.56932566908932,917.4055786132812,65.24783105022831,594
