,state,county,gisjoin,year range,avg temp,max temp,min temp,hdd,cdd,avg rh,average dp,max dp,min dp,avg wind speed,max wind speed,avg ghr,max ghr,avg dnr,max dnr,avg dhr,max dhr
0,MO,Cole County,G2900510,2000-2019,13.150227430457308,38.639286041259766,-24.13500022888184,2755.2212889546076,875.5543010712171,69.07569993141036,6.909688621272611,24.46355857691636,-24.135001126100832,3.8409188198716673,9.227508544921877,174.99566210045663,971,185.16042043043754,937.1196899414062,67.81004566210045,451
