,state,county,gisjoin,year range,avg temp,max temp,min temp,hdd,cdd,avg rh,average dp,max dp,min dp,avg wind speed,max wind speed,avg ghr,max ghr,avg dnr,max dnr,avg dhr,max dhr
0,MO,Cole County,G2900510,2080-2099,18.20197931629284,42.04156494140625,-13.079320907592772,1816.105313364886,1780.3277638116563,70.72773863953543,12.077452897677126,27.951735222421117,-13.079321509122424,3.7713646513141996,9.404630661010742,174.99566210045663,971,176.46112795483606,893.239013671875,67.81004566210045,451
