,state,county,gisjoin,year range,avg temp,max temp,min temp,hdd,cdd,avg rh,average dp,max dp,min dp,avg wind speed,max wind speed,avg ghr,max ghr,avg dnr,max dnr,avg dhr,max dhr
0,MT,Wibaux County,G3001090,1980-1999,6.398850246530087,37.1069221496582,-31.636154174804688,4737.995284801036,394.0756247838356,51.706905904371446,-4.169789478981102,16.021826005210137,-33.01089572143813,4.089581732172944,9.887653350830078,154.88949771689497,950,185.61331849585096,911.35498046875,58.39543378995434,574
