,state,county,gisjoin,year range,avg temp,max temp,min temp,hdd,cdd,avg rh,average dp,max dp,min dp,avg wind speed,max wind speed,avg ghr,max ghr,avg dnr,max dnr,avg dhr,max dhr
0,WI,Douglas County,G5500310,1980-1999,4.6565900561020275,30.995384216308597,-30.939998626708984,5200.347907874342,220.50327835082444,66.56531629431737,-1.7766319895057265,18.347513794685227,-30.940000601661065,4.647868886059277,11.25559902191162,153.23287671232876,970,171.93769626066364,903.2908935546876,67.97899543378995,512
