,state,county,gisjoin,year range,avg temp,max temp,min temp,hdd,cdd,avg rh,average dp,max dp,min dp,avg wind speed,max wind speed,avg ghr,max ghr,avg dnr,max dnr,avg dhr,max dhr
0,WI,Douglas County,G5500310,2020-2039,7.006513030922723,32.59920883178711,-29.033462524414062,4493.527374772239,371.40463105837495,66.11897012414454,0.38063343951302747,19.47162882817823,-29.03346517219433,4.54190307839276,10.97173023223877,153.23287671232876,970,168.9619098781042,875.7794189453125,67.97899543378995,512
