,state,county,gisjoin,year range,avg temp,max temp,min temp,hdd,cdd,avg rh,average dp,max dp,min dp,avg wind speed,max wind speed,avg ghr,max ghr,avg dnr,max dnr,avg dhr,max dhr
0,OR,Linn County,G4100430,2060-2079,13.54691618542271,37.37289810180664,-6.156453609466553,2288.4809471545777,553.6053548336234,66.48903341630823,6.278098839629589,14.258063724113407,-6.156453691023345,3.703556559510427,9.175884246826172,154.22351598173515,957,172.37988560268678,893.3013305664062,68.84623287671234,492
