,state,county,gisjoin,year range,avg temp,max temp,min temp,hdd,cdd,avg rh,average dp,max dp,min dp,avg wind speed,max wind speed,avg ghr,max ghr,avg dnr,max dnr,avg dhr,max dhr
0,MS,Covington County,G2800310,2020-2039,19.561537961169627,37.67933654785156,-6.715521812438965,1163.6802575451745,1624.1416133721034,69.63072935827246,13.117806607831223,24.92204491145247,-6.715521697859981,3.356874161006109,8.430220603942871,192.10856164383563,1002,199.13890634173842,919.7484130859376,76.86164383561643,623
