,state,county,gisjoin,year range,avg temp,max temp,min temp,hdd,cdd,avg rh,average dp,max dp,min dp,avg wind speed,max wind speed,avg ghr,max ghr,avg dnr,max dnr,avg dhr,max dhr
0,MS,Covington County,G2800310,2040-2059,20.557939670072045,38.56021881103516,-6.949100017547607,1037.4104991923052,1861.5584787685275,69.8215876137285,14.137434782740264,26.584813279504484,-6.949100225235831,3.3449973796056285,8.48017692565918,192.10856164383563,1002,196.55524405707658,929.0444946289062,76.86164383561643,623
