,state,county,gisjoin,year range,avg temp,max temp,min temp,hdd,cdd,avg rh,average dp,max dp,min dp,avg wind speed,max wind speed,avg ghr,max ghr,avg dnr,max dnr,avg dhr,max dhr
0,MS,Covington County,G2800310,2080-2099,22.473429322023303,41.27631759643555,-6.6263532638549805,857.0896382734919,2380.391340811791,70.0098141637567,16.00689475660165,29.174278755285744,-6.6263535115763466,3.381538043555604,7.882558345794678,192.10856164383563,1002,190.54090786214195,916.1422729492188,76.86164383561643,623
