,state,county,gisjoin,year range,avg temp,max temp,min temp,hdd,cdd,avg rh,average dp,max dp,min dp,avg wind speed,max wind speed,avg ghr,max ghr,avg dnr,max dnr,avg dhr,max dhr
0,OK,Pontotoc County,G4001230,1980-1999,15.882455384379229,39.11529541015625,-14.332352638244627,2099.424106738426,1217.0203220368148,65.03111625458007,8.49371668557773,23.29296479167613,-14.332353198371928,4.932594108254942,10.32001495361328,188.34063926940638,1009,200.08452783589175,958.7293701171876,67.1054794520548,534
