,state,county,gisjoin,year range,avg temp,max temp,min temp,hdd,cdd,avg rh,average dp,max dp,min dp,avg wind speed,max wind speed,avg ghr,max ghr,avg dnr,max dnr,avg dhr,max dhr
0,OK,Pontotoc County,G4001230,2000-2019,17.032292443937937,40.034706115722656,-12.060587882995604,1832.0102946899362,1369.2970367273392,64.36754782080106,9.419707806713992,24.446714672926813,-12.975625428260368,5.000616610540103,11.2346773147583,188.34063926940638,1009,199.5568494653001,957.3618774414062,67.1054794520548,534
