,state,county,gisjoin,year range,avg temp,max temp,min temp,hdd,cdd,avg rh,average dp,max dp,min dp,avg wind speed,max wind speed,avg ghr,max ghr,avg dnr,max dnr,avg dhr,max dhr
0,OK,Pontotoc County,G4001230,2020-2039,17.629486839167566,40.275123596191406,-10.675782203674316,1716.865695335281,1472.1283916314435,66.13434780090367,10.38537985238553,25.20345679329774,-10.675782272915358,5.075897945116644,10.658339500427246,188.34063926940638,1009,198.54723341924262,962.8487548828124,67.1054794520548,534
