,state,county,gisjoin,year range,avg temp,max temp,min temp,hdd,cdd,avg rh,average dp,max dp,min dp,avg wind speed,max wind speed,avg ghr,max ghr,avg dnr,max dnr,avg dhr,max dhr
0,OK,Pontotoc County,G4001230,2060-2079,19.446381711096556,41.52101516723633,-11.74644660949707,1445.3165549726527,1863.7458795228356,67.33755402869829,12.425342784640957,26.42794592440568,-11.7464474448503,5.0885197953002095,10.668426513671877,188.34063926940638,1009,195.11235530947528,936.6844482421876,67.1054794520548,534
