,state,county,gisjoin,year range,avg temp,max temp,min temp,hdd,cdd,avg rh,average dp,max dp,min dp,avg wind speed,max wind speed,avg ghr,max ghr,avg dnr,max dnr,avg dhr,max dhr
0,OH,Coshocton County,G3900310,2000-2019,11.454071069994585,36.105712890625,-17.127857208251953,3144.441649043794,645.6775895913765,69.38659520998392,5.308121725191049,22.42643207011981,-17.53373173320263,3.6207446402066377,9.296321868896484,141.1546803652968,1019,181.3267310272746,927.307373046875,76.87260273972603,551
