,state,county,gisjoin,year range,avg temp,max temp,min temp,hdd,cdd,avg rh,average dp,max dp,min dp,avg wind speed,max wind speed,avg ghr,max ghr,avg dnr,max dnr,avg dhr,max dhr
0,ID,Clark County,G1600330,1980-1999,5.885801464543847,33.887142181396484,-26.20642852783203,4867.38414368648,336.20167824426625,44.8893481398282,-6.917561678375615,10.2262626988269,-26.206428305420225,4.02381509460815,9.31521701812744,184.7304794520548,1024,211.9080283647712,984.3163452148438,59.16849315068493,517
