,state,county,gisjoin,year range,avg temp,max temp,min temp,hdd,cdd,avg rh,average dp,max dp,min dp,avg wind speed,max wind speed,avg ghr,max ghr,avg dnr,max dnr,avg dhr,max dhr
0,ID,Clark County,G1600330,2000-2019,7.563864999450583,36.05142974853516,-25.21071434020996,4414.155568933519,495.4662937323371,42.76905000438429,-6.086384960578287,12.47144698669431,-26.399232428604478,3.9699677875597184,9.030765533447266,184.7304794520548,1024,211.62738981833735,980.3998413085938,59.16849315068493,517
