,state,county,gisjoin,year range,avg temp,max temp,min temp,hdd,cdd,avg rh,average dp,max dp,min dp,avg wind speed,max wind speed,avg ghr,max ghr,avg dnr,max dnr,avg dhr,max dhr
0,ID,Clark County,G1600330,2040-2059,8.848959517991153,37.67851257324219,-25.567907333374023,4100.906130294417,651.2763543606046,46.73705694457712,-3.8127728189710264,11.70684860975388,-25.653579390437944,4.04809870034048,9.464591026306152,184.7304794520548,1024,209.2639158674089,954.1421508789062,59.16849315068493,517
