,state,county,gisjoin,year range,avg temp,max temp,min temp,hdd,cdd,avg rh,average dp,max dp,min dp,avg wind speed,max wind speed,avg ghr,max ghr,avg dnr,max dnr,avg dhr,max dhr
0,ID,Clark County,G1600330,2060-2079,9.64238485859563,39.3447380065918,-18.758623123168945,3865.125825466719,705.0962988535867,44.791467760469274,-3.5760444886937512,12.853295226512689,-20.76815908619985,3.876404209169623,10.89803695678711,184.7304794520548,1024,208.91077941558075,974.75146484375,59.16849315068493,517
