,state,county,gisjoin,year range,avg temp,max temp,min temp,hdd,cdd,avg rh,average dp,max dp,min dp,avg wind speed,max wind speed,avg ghr,max ghr,avg dnr,max dnr,avg dhr,max dhr
0,MO,Gentry County,G2900750,1980-1999,10.185763438990238,35.7140007019043,-24.68133354187012,3605.2859777570648,643.5896329880061,66.28589635091285,3.3998306533084075,23.02011976505941,-24.681336191605467,4.005579773040667,9.032475471496582,171.59075342465752,985,188.24581252303102,907.1510009765624,68.2884703196347,529
