,state,county,gisjoin,year range,avg temp,max temp,min temp,hdd,cdd,avg rh,average dp,max dp,min dp,avg wind speed,max wind speed,avg ghr,max ghr,avg dnr,max dnr,avg dhr,max dhr
0,MO,Gentry County,G2900750,2040-2059,13.953425127342152,39.46218490600586,-20.124530792236328,2729.8109115988377,1143.3110830784483,68.0076452653702,7.420488923768732,26.369063921675323,-20.14637639117592,4.0387591152975,9.111759185791016,171.59075342465752,985,182.64027631356547,911.0238647460938,68.2884703196347,529
