,state,county,gisjoin,year range,avg temp,max temp,min temp,hdd,cdd,avg rh,average dp,max dp,min dp,avg wind speed,max wind speed,avg ghr,max ghr,avg dnr,max dnr,avg dhr,max dhr
0,MO,Washington County,G2902210,2060-2079,16.149675103640885,40.42647171020508,-13.09062671661377,2132.405647241223,1347.5370600701144,68.52040600210564,9.585591135671336,26.033220476065694,-14.318254957135354,4.261423246827844,10.395814895629885,186.26997716894977,981,183.9897407632914,934.6806030273438,70.59657534246575,630
