,state,county,gisjoin,year range,avg temp,max temp,min temp,hdd,cdd,avg rh,average dp,max dp,min dp,avg wind speed,max wind speed,avg ghr,max ghr,avg dnr,max dnr,avg dhr,max dhr
0,MT,Silver Bow County,G3000930,2000-2019,5.8259095607395075,34.13933181762695,-27.78066635131836,4835.84247376183,282.79946343103484,52.48685044262507,-4.4792769328090705,10.139944003095245,-28.12597189001933,4.369583788092278,9.80972385406494,171.36358447488584,1023,196.9467510824248,944.966064453125,60.35171232876712,523
