,state,county,gisjoin,year range,avg temp,max temp,min temp,hdd,cdd,avg rh,average dp,max dp,min dp,avg wind speed,max wind speed,avg ghr,max ghr,avg dnr,max dnr,avg dhr,max dhr
0,MT,Silver Bow County,G3000930,2040-2059,7.705878518792518,34.75746536254883,-25.13008499145508,4274.66063045727,407.8062898159085,52.33618000849197,-2.79049391728621,11.89528234238627,-26.081677966003745,4.226633786107307,9.839139938354492,171.36358447488584,1023,194.66027673227026,953.2083740234376,60.35171232876712,523
