,state,county,gisjoin,year range,avg temp,max temp,min temp,hdd,cdd,avg rh,average dp,max dp,min dp,avg wind speed,max wind speed,avg ghr,max ghr,avg dnr,max dnr,avg dhr,max dhr
0,CA,Del Norte County,G0600150,2020-2039,12.647570005450907,34.88776016235352,-2.954306602478028,2191.6959670517285,128.55901904106022,70.10579247659744,6.536129329191745,13.119813463467914,-7.869026621491731,4.607606353825086,12.47039031982422,164.82294520547944,981,173.70470565848927,906.35302734375,71.29840182648402,450
