,state,county,gisjoin,year range,avg temp,max temp,min temp,hdd,cdd,avg rh,average dp,max dp,min dp,avg wind speed,max wind speed,avg ghr,max ghr,avg dnr,max dnr,avg dhr,max dhr
0,TN,Cheatham County,G4700210,1980-1999,14.131862387815906,34.500587463378906,-14.404117584228516,2402.611094345579,881.2408658981864,68.60474050142993,7.61336500281477,23.194248380422373,-14.40411913375244,3.5265753969618174,8.445210456848145,179.75730593607307,1031,194.38503429305467,942.464599609375,80.10388127853881,603
