,state,county,gisjoin,year range,avg temp,max temp,min temp,hdd,cdd,avg rh,average dp,max dp,min dp,avg wind speed,max wind speed,avg ghr,max ghr,avg dnr,max dnr,avg dhr,max dhr
0,TN,Cheatham County,G4700210,2020-2039,15.939988371342842,37.06793212890625,-13.625443458557127,2026.251394277103,1164.84714981722,68.51908985381802,9.362112626055445,23.82388190415389,-13.62544452958445,3.4433763887376,10.33347225189209,179.75730593607307,1031,189.7587254928613,965.094482421875,80.10388127853881,603
