,state,county,gisjoin,year range,avg temp,max temp,min temp,hdd,cdd,avg rh,average dp,max dp,min dp,avg wind speed,max wind speed,avg ghr,max ghr,avg dnr,max dnr,avg dhr,max dhr
0,TX,Freestone County,G4801610,2040-2059,21.505772382416975,40.72515106201172,-4.982232570648193,964.6034792824881,2134.7103988645435,66.29683984033593,14.148842674963491,25.939114375352453,-4.982232948043586,4.312288169011678,8.825932502746582,189.98219178082192,1007,200.56097671533718,931.0048217773438,71.50616438356164,573
