,state,county,gisjoin,year range,avg temp,max temp,min temp,hdd,cdd,avg rh,average dp,max dp,min dp,avg wind speed,max wind speed,avg ghr,max ghr,avg dnr,max dnr,avg dhr,max dhr
0,IA,Clayton County,G1900430,2040-2059,11.266936552137672,38.318241119384766,-26.793943405151367,3402.7434088097484,835.6752503395518,68.01111834495579,4.84275212663703,25.49349451311582,-29.29145932937869,4.048514628083739,10.473841667175291,158.85102739726028,951,173.31647669316123,895.7083740234375,69.5579908675799,580
