,state,county,gisjoin,year range,avg temp,max temp,min temp,hdd,cdd,avg rh,average dp,max dp,min dp,avg wind speed,max wind speed,avg ghr,max ghr,avg dnr,max dnr,avg dhr,max dhr
0,KS,Greenwood County,G2000730,2040-2059,15.916259749310907,41.59488296508789,-15.288810729980469,2218.762981742901,1348.697790241318,66.37828576836957,8.810871821965563,26.73315315711624,-15.288812162632862,4.572095460107882,9.843853950500488,169.18561643835616,983,189.74715924209295,925.1032104492188,64.45319634703196,662
