,state,county,gisjoin,year range,avg temp,max temp,min temp,hdd,cdd,avg rh,average dp,max dp,min dp,avg wind speed,max wind speed,avg ghr,max ghr,avg dnr,max dnr,avg dhr,max dhr
0,WV,Brooke County,G5400090,2020-2039,12.337655668321318,34.44788360595703,-16.72068977355957,2906.306437819616,730.050756756506,69.76052060954648,6.277450050215809,22.348190904587327,-18.310681718553543,3.328717645716994,9.628883361816406,152.82054794520548,982,176.5231529060517,942.968017578125,75.19760273972602,516
