,state,county,gisjoin,year range,avg temp,max temp,min temp,hdd,cdd,avg rh,average dp,max dp,min dp,avg wind speed,max wind speed,avg ghr,max ghr,avg dnr,max dnr,avg dhr,max dhr
0,WV,Brooke County,G5400090,2080-2099,15.834123362751532,37.816436767578125,-11.99687385559082,2172.9654669456877,1272.9204943498705,71.85839130628055,10.15706180683596,28.0045655453706,-11.99687502693201,3.3125906320467386,7.684217929840088,152.82054794520548,982,167.96174141116026,914.4863891601562,75.19760273972602,516
