,state,county,gisjoin,year range,avg temp,max temp,min temp,hdd,cdd,avg rh,average dp,max dp,min dp,avg wind speed,max wind speed,avg ghr,max ghr,avg dnr,max dnr,avg dhr,max dhr
0,TX,Maverick County,G4803230,2060-2079,24.83047576329488,42.71179962158203,-1.9912283420562744,488.7510807036956,2872.37473430599,49.805047436827394,12.468201036517904,26.22526736684404,-6.349605610041843,4.14772208711328,8.049759864807129,190.71221461187216,1038,220.42861216092132,979.5193481445312,76.00924657534246,688
