,state,county,gisjoin,year range,avg temp,max temp,min temp,hdd,cdd,avg rh,average dp,max dp,min dp,avg wind speed,max wind speed,avg ghr,max ghr,avg dnr,max dnr,avg dhr,max dhr
0,TX,Maverick County,G4803230,2080-2099,26.305375060937518,44.83627700805664,-0.3979567587375641,395.01435383546135,3316.9762510772453,51.3834475941854,14.421875524436823,28.298521134057548,-5.427958746324403,4.166857993480277,7.528996467590332,190.71221461187216,1038,219.14848594696176,968.6563720703124,76.00924657534246,688
