,state,county,gisjoin,year range,avg temp,max temp,min temp,hdd,cdd,avg rh,average dp,max dp,min dp,avg wind speed,max wind speed,avg ghr,max ghr,avg dnr,max dnr,avg dhr,max dhr
0,MN,Goodhue County,G2700490,1980-1999,6.3307896663058845,32.7760009765625,-33.978668212890625,4721.993364438324,353.23159263928125,65.44726606264506,-0.414882908691747,22.285011612485956,-33.97867145588964,4.4260955999975335,9.94217586517334,146.90388127853882,963,176.76785406792334,918.6866455078124,64.78116438356165,637
