,state,county,gisjoin,year range,avg temp,max temp,min temp,hdd,cdd,avg rh,average dp,max dp,min dp,avg wind speed,max wind speed,avg ghr,max ghr,avg dnr,max dnr,avg dhr,max dhr
0,MN,Goodhue County,G2700490,2000-2019,7.407957364236388,34.448665618896484,-30.91933250427246,4434.922672456147,459.3271104018016,68.33267656352422,1.1970150786182872,25.342908559505283,-30.919331892826047,4.313593216464944,9.475932121276855,146.90388127853882,963,176.98312624794576,904.6181030273438,64.78116438356165,637
