,state,county,gisjoin,year range,avg temp,max temp,min temp,hdd,cdd,avg rh,average dp,max dp,min dp,avg wind speed,max wind speed,avg ghr,max ghr,avg dnr,max dnr,avg dhr,max dhr
0,TX,Cass County,G4800670,1980-1999,17.292599079202724,37.41642761230469,-8.959285736083984,1663.9018515519554,1296.200515461051,69.2702759847249,10.87766491756237,24.03665431658551,-8.959286323148572,3.6196005997592455,8.862019538879395,181.84657534246574,1007,199.7944344034312,938.3579711914062,72.51495433789954,584
