,state,county,gisjoin,year range,avg temp,max temp,min temp,hdd,cdd,avg rh,average dp,max dp,min dp,avg wind speed,max wind speed,avg ghr,max ghr,avg dnr,max dnr,avg dhr,max dhr
0,TX,Cass County,G4800670,2020-2039,19.39799543001243,40.52944946289063,-8.316426277160645,1289.4174977642863,1690.1858297188148,67.74114447510951,12.497657572278191,24.42804244356537,-8.316426281863457,3.69840922812893,8.792244911193848,181.84657534246574,1007,198.1577481700873,938.9548950195312,72.51495433789954,584
