,state,county,gisjoin,year range,avg temp,max temp,min temp,hdd,cdd,avg rh,average dp,max dp,min dp,avg wind speed,max wind speed,avg ghr,max ghr,avg dnr,max dnr,avg dhr,max dhr
0,MO,Scott County,G2902010,1980-1999,13.872765727624024,37.39235305786133,-20.787647247314453,2566.0328286517556,950.092319234269,69.08711240607309,7.608617339296052,22.81421319229809,-20.787647712130923,3.978502861332131,9.822522163391112,169.3714611872146,996,190.03574463365706,920.5872192382812,69.99463470319635,612
