,state,county,gisjoin,year range,avg temp,max temp,min temp,hdd,cdd,avg rh,average dp,max dp,min dp,avg wind speed,max wind speed,avg ghr,max ghr,avg dnr,max dnr,avg dhr,max dhr
0,MO,Scott County,G2902010,2040-2059,16.768853362256497,41.32597351074219,-9.334811210632324,1942.88887264459,1384.0203498681947,70.31010075987201,10.707227194036014,26.03271041665589,-10.052968992645816,3.832557808277814,9.043479919433594,169.3714611872146,996,183.50690520112286,900.7999267578124,69.99463470319635,612
