,state,county,gisjoin,year range,avg temp,max temp,min temp,hdd,cdd,avg rh,average dp,max dp,min dp,avg wind speed,max wind speed,avg ghr,max ghr,avg dnr,max dnr,avg dhr,max dhr
0,MO,Scott County,G2902010,2060-2079,17.235156374366223,38.67625045776367,-9.787392616271973,1875.9149709237417,1487.2470475673601,71.97032987494447,11.508753201899825,26.6523657735239,-10.539006364983733,3.8185351669244025,8.975332260131836,169.3714611872146,996,180.6639781974725,908.0447387695312,69.99463470319635,612
