,state,county,gisjoin,year range,avg temp,max temp,min temp,hdd,cdd,avg rh,average dp,max dp,min dp,avg wind speed,max wind speed,avg ghr,max ghr,avg dnr,max dnr,avg dhr,max dhr
0,MO,Scott County,G2902010,2080-2099,19.617310618074637,40.23763656616211,-13.211891174316406,1490.5818683208063,1971.4002439179583,70.3632866711377,13.416225678263615,28.470200895862344,-13.211891951899675,3.8027597138870797,10.631664276123049,169.3714611872146,996,178.77878029659027,879.6807861328125,69.99463470319635,612
