,state,county,gisjoin,year range,avg temp,max temp,min temp,hdd,cdd,avg rh,average dp,max dp,min dp,avg wind speed,max wind speed,avg ghr,max ghr,avg dnr,max dnr,avg dhr,max dhr
0,FL,Hillsborough County,G1200570,2020-2039,23.66733333237095,36.40755462646485,0.4779990315437317,321.3015241066709,2280.378190421781,69.3943906374718,17.22758365800688,27.740881389436364,-2.9545018559540503,3.537626210304156,8.306928634643555,206.75924657534247,1031,193.9098012908949,928.3743896484376,78.14737442922375,638
