,state,county,gisjoin,year range,avg temp,max temp,min temp,hdd,cdd,avg rh,average dp,max dp,min dp,avg wind speed,max wind speed,avg ghr,max ghr,avg dnr,max dnr,avg dhr,max dhr
0,FL,Hillsborough County,G1200570,2080-2099,25.867999193711913,38.18526840209961,0.8724561929702759,235.5099211573663,2997.8296268618165,72.86282969849294,20.20137719434478,31.836288662410656,0.3146335149761008,3.4320759737328306,8.904109001159668,206.75924657534247,1031,182.7403311579163,877.2254638671875,78.14737442922375,638
