,state,county,gisjoin,year range,avg temp,max temp,min temp,hdd,cdd,avg rh,average dp,max dp,min dp,avg wind speed,max wind speed,avg ghr,max ghr,avg dnr,max dnr,avg dhr,max dhr
0,VA,Lancaster County,G5101030,2020-2039,15.90644402275041,35.69792938232422,-10.32520580291748,1929.4578339986008,1055.8099023024931,69.95104937357445,9.854502944978302,25.08222358121268,-10.32520657035148,4.506347559902766,11.738508224487305,176.3689497716895,979,180.2754290698795,905.9325561523438,75.70296803652968,623
