,state,county,gisjoin,year range,avg temp,max temp,min temp,hdd,cdd,avg rh,average dp,max dp,min dp,avg wind speed,max wind speed,avg ghr,max ghr,avg dnr,max dnr,avg dhr,max dhr
0,MO,Holt County,G2900870,2060-2079,15.12275134665,39.52369689941406,-17.552940368652344,2482.3786160182394,1322.6828575452914,67.22694807270346,8.290305896269077,26.73825319949605,-17.552943175932853,3.922781848254269,9.564085960388184,166.44908675799087,977,180.49917491976126,909.8670654296876,67.89235159817352,625
