,state,county,gisjoin,year range,avg temp,max temp,min temp,hdd,cdd,avg rh,average dp,max dp,min dp,avg wind speed,max wind speed,avg ghr,max ghr,avg dnr,max dnr,avg dhr,max dhr
0,TX,Tarrant County,G4804390,1980-1999,18.219302406664045,38.09799957275391,-6.701333045959473,1534.4415847125083,1504.9869631449326,66.57838521199683,11.154896233752547,23.961396766845947,-6.701333640318016,4.35951458836255,8.984383583068848,186.24543378995435,1032,199.57563939534285,941.2268676757812,70.962899543379,620
