,state,county,gisjoin,year range,avg temp,max temp,min temp,hdd,cdd,avg rh,average dp,max dp,min dp,avg wind speed,max wind speed,avg ghr,max ghr,avg dnr,max dnr,avg dhr,max dhr
0,AZ,Pinal County,G0400210,1980-1999,21.126185605169876,44.53823471069336,-3.03352952003479,1090.0200675316264,2121.577813418536,36.70965533757319,3.7574519464065634,20.806545920093047,-7.829692168527409,2.7052805471093686,6.067249774932861,235.55091324200913,1050,238.6999595897167,997.8787841796876,57.13961187214612,487
