,state,county,gisjoin,year range,avg temp,max temp,min temp,hdd,cdd,avg rh,average dp,max dp,min dp,avg wind speed,max wind speed,avg ghr,max ghr,avg dnr,max dnr,avg dhr,max dhr
0,NJ,Sussex County,G3400370,2000-2019,10.908492564729167,35.40800094604492,-20.606666564941406,3278.4437929441233,580.5435790698015,67.84083818496634,4.407509252401328,23.58445446171577,-20.60666689906281,4.2475117181261925,10.68720817565918,156.19155251141552,959,181.38793115512755,927.3750610351562,74.37100456621005,451
