,state,county,gisjoin,year range,avg temp,max temp,min temp,hdd,cdd,avg rh,average dp,max dp,min dp,avg wind speed,max wind speed,avg ghr,max ghr,avg dnr,max dnr,avg dhr,max dhr
0,NJ,Sussex County,G3400370,2040-2059,12.728236360026772,36.76913070678711,-17.20855140686035,2872.1211351718753,838.4274065812924,70.3664395985538,6.736347738330712,24.537789733043805,-17.20855231144139,4.810695541803151,11.614529609680176,156.19155251141552,959,176.6974054729129,928.8379516601562,74.37100456621005,451
