,state,county,gisjoin,year range,avg temp,max temp,min temp,hdd,cdd,avg rh,average dp,max dp,min dp,avg wind speed,max wind speed,avg ghr,max ghr,avg dnr,max dnr,avg dhr,max dhr
0,FL,Calhoun County,G1200130,2040-2059,21.75094246189038,37.53348159790039,-5.223897457122803,794.9634359211472,2054.557434510983,70.46111902428544,15.506182322854007,27.927637083273748,-5.223897491821842,3.6882746067085224,8.634856224060059,194.68036529680364,1044,194.39567764698646,922.4321899414062,86.18356164383562,627
