,state,county,gisjoin,year range,avg temp,max temp,min temp,hdd,cdd,avg rh,average dp,max dp,min dp,avg wind speed,max wind speed,avg ghr,max ghr,avg dnr,max dnr,avg dhr,max dhr
0,FL,Calhoun County,G1200130,2060-2079,22.096087285377497,37.86041641235352,-4.4485602378845215,724.5594866178644,2110.1313457804854,70.21335964224654,15.72666383078549,26.41644288982216,-4.448560609694757,4.005571982944937,9.062917709350586,194.68036529680364,1044,195.69092870314253,915.7109375,86.18356164383562,627
