,state,county,gisjoin,year range,avg temp,max temp,min temp,hdd,cdd,avg rh,average dp,max dp,min dp,avg wind speed,max wind speed,avg ghr,max ghr,avg dnr,max dnr,avg dhr,max dhr
0,TX,Comanche County,G4800930,2040-2059,20.807010365165553,41.304779052734375,-6.406140327453613,1156.8897576404813,2071.9485409258054,59.89833442500737,11.743887777296653,24.112874997525992,-8.903101606788244,4.660682308850768,8.907217979431152,195.66723744292239,1025,209.90305482831863,965.4896240234376,70.31438356164384,612
