,state,county,gisjoin,year range,avg temp,max temp,min temp,hdd,cdd,avg rh,average dp,max dp,min dp,avg wind speed,max wind speed,avg ghr,max ghr,avg dnr,max dnr,avg dhr,max dhr
0,TX,Comanche County,G4800930,2060-2079,21.087943381583106,42.022239685058594,-5.7696967124938965,1073.4748948353608,2091.0742291130687,62.70726890172044,12.726895739149343,25.68521784035039,-5.963718490625787,4.590973102202699,8.867959022521973,195.66723744292239,1025,207.8453602729407,940.970703125,70.31438356164384,612
