,state,county,gisjoin,year range,avg temp,max temp,min temp,hdd,cdd,avg rh,average dp,max dp,min dp,avg wind speed,max wind speed,avg ghr,max ghr,avg dnr,max dnr,avg dhr,max dhr
0,TX,Comanche County,G4800930,2080-2099,22.374870269505422,42.97087478637695,-6.401134014129639,1031.207362778913,2518.535011148207,60.598468251859764,13.43177763317161,27.043774148170392,-9.28630228565316,4.5878977057324155,9.458747863769531,195.66723744292239,1025,204.01434844202504,936.2783203125,70.31438356164384,612
