,state,county,gisjoin,year range,avg temp,max temp,min temp,hdd,cdd,avg rh,average dp,max dp,min dp,avg wind speed,max wind speed,avg ghr,max ghr,avg dnr,max dnr,avg dhr,max dhr
0,NM,De Baca County,G3500110,2060-2079,17.6507477728886,41.95272445678711,-10.128725051879885,1770.541359602186,1533.5642967065014,42.36522982055194,2.838535809001605,18.982925865848145,-17.40863182101542,3.968868584121199,9.329010009765623,215.72865296803653,1052,233.1232245813635,1008.0137329101562,62.780022831050225,531
