,state,county,gisjoin,year range,avg temp,max temp,min temp,hdd,cdd,avg rh,average dp,max dp,min dp,avg wind speed,max wind speed,avg ghr,max ghr,avg dnr,max dnr,avg dhr,max dhr
0,VA,Scott County,G5101690,2080-2099,16.92553519345804,36.165130615234375,-12.344536781311035,1806.0559284649469,1304.3762740771806,70.14557965095729,10.76800131961396,25.83012293391607,-12.344537752314164,5.308878510428346,15.324544906616213,172.46563926940638,997,184.31882738274885,962.495849609375,76.91826484018264,631
