,state,county,gisjoin,year range,avg temp,max temp,min temp,hdd,cdd,avg rh,average dp,max dp,min dp,avg wind speed,max wind speed,avg ghr,max ghr,avg dnr,max dnr,avg dhr,max dhr
0,LA,Evangeline Parish,G2200390,1980-1999,19.36281499840544,35.97666549682617,-4.150000095367432,1147.6899470659298,1535.617421483973,70.4202782029975,13.208830417922776,25.29605289514837,-4.365220925647964,3.545459995857657,9.145013809204102,192.95947488584474,1022,199.3781623955838,934.5964965820312,78.8837899543379,608
