,state,county,gisjoin,year range,avg temp,max temp,min temp,hdd,cdd,avg rh,average dp,max dp,min dp,avg wind speed,max wind speed,avg ghr,max ghr,avg dnr,max dnr,avg dhr,max dhr
0,LA,Evangeline Parish,G2200390,2040-2059,21.754865147118547,38.72272872924805,-4.446004390716553,840.6026622380842,2101.6284409362142,71.40774427701349,15.76611450831745,27.15821745991736,-4.44600444526165,3.6315380445898398,8.750163078308105,192.95947488584474,1022,192.33406003157884,901.347412109375,78.8837899543379,608
