,state,county,gisjoin,year range,avg temp,max temp,min temp,hdd,cdd,avg rh,average dp,max dp,min dp,avg wind speed,max wind speed,avg ghr,max ghr,avg dnr,max dnr,avg dhr,max dhr
0,MO,Osage County,G2901510,2060-2079,15.829164337397943,41.46548843383789,-10.127144813537598,2220.6719553773114,1318.816938527497,69.41607503281337,9.467977612607653,26.35859356259908,-10.127146125105105,3.360773016818582,8.2835693359375,174.99566210045663,971,182.00760262221183,918.6475219726562,67.81004566210045,451
