,state,county,gisjoin,year range,avg temp,max temp,min temp,hdd,cdd,avg rh,average dp,max dp,min dp,avg wind speed,max wind speed,avg ghr,max ghr,avg dnr,max dnr,avg dhr,max dhr
0,MT,Carbon County,G3000090,1980-1999,7.132655243744082,33.32999801635742,-25.881332397460938,4390.368502148253,314.28766611416444,53.15245233834062,-2.929972181119506,12.164554587332988,-26.6697065883576,4.79628760096145,10.642513275146484,171.48527397260273,981,195.48845888134952,938.3949584960938,62.87682648401827,577
