,state,county,gisjoin,year range,avg temp,max temp,min temp,hdd,cdd,avg rh,average dp,max dp,min dp,avg wind speed,max wind speed,avg ghr,max ghr,avg dnr,max dnr,avg dhr,max dhr
0,MT,Carbon County,G3000090,2040-2059,10.100660368172797,38.21490859985352,-22.654645919799805,3612.4736209691055,619.7146553516617,54.409880687439276,0.00016469194905825067,16.276672959721992,-25.413667458409744,4.617442114712441,9.767864227294922,171.48527397260273,981,192.98038936429384,928.9207153320312,62.87682648401827,577
