,state,county,gisjoin,year range,avg temp,max temp,min temp,hdd,cdd,avg rh,average dp,max dp,min dp,avg wind speed,max wind speed,avg ghr,max ghr,avg dnr,max dnr,avg dhr,max dhr
0,MT,Carbon County,G3000090,2060-2079,10.556253383398964,38.507911682128906,-26.09307098388672,3529.1215284075492,702.654013347655,52.90987350864498,0.16773367712957823,15.767317767221137,-27.805740967266683,4.534313317194377,10.366942405700684,171.48527397260273,981,192.26380317278756,921.8082275390624,62.87682648401827,577
