,state,county,gisjoin,year range,avg temp,max temp,min temp,hdd,cdd,avg rh,average dp,max dp,min dp,avg wind speed,max wind speed,avg ghr,max ghr,avg dnr,max dnr,avg dhr,max dhr
0,MO,Christian County,G2900430,2040-2059,15.97974799357192,39.38554763793945,-13.04009246826172,2091.680553894817,1244.7885715485343,67.20009152638858,9.059053208984311,23.94148837943185,-14.011275489113071,4.496182979622932,10.10792350769043,181.0912100456621,995,191.5406334306831,921.0123291015624,72.91780821917808,668
