,state,county,gisjoin,year range,avg temp,max temp,min temp,hdd,cdd,avg rh,average dp,max dp,min dp,avg wind speed,max wind speed,avg ghr,max ghr,avg dnr,max dnr,avg dhr,max dhr
0,MO,Christian County,G2900430,2080-2099,18.05920590238335,41.15658950805664,-12.575828552246094,1785.877785575946,1697.987939945775,68.66854006884849,11.399146151019176,26.201665203537896,-12.575829291970392,4.3625360929802675,9.953320503234863,181.0912100456621,995,188.8914858875899,931.0372314453124,72.91780821917808,668
