,state,county,gisjoin,year range,avg temp,max temp,min temp,hdd,cdd,avg rh,average dp,max dp,min dp,avg wind speed,max wind speed,avg ghr,max ghr,avg dnr,max dnr,avg dhr,max dhr
0,TX,Lee County,G4802870,2040-2059,22.309017679253465,40.56211853027344,-2.9381136894226074,795.1993709612157,2258.4908238885505,64.5859095699711,14.527095690993477,25.63452036218503,-2.938113741917845,4.5697433990974945,8.332728385925293,182.03538812785388,1011,205.00738880781768,973.2825317382812,74.63207762557077,666
