,state,county,gisjoin,year range,avg temp,max temp,min temp,hdd,cdd,avg rh,average dp,max dp,min dp,avg wind speed,max wind speed,avg ghr,max ghr,avg dnr,max dnr,avg dhr,max dhr
0,LA,Concordia Parish,G2200290,2080-2099,23.083351325536523,40.58883666992188,-4.075716018676758,740.6238930921987,2486.547126912797,69.80617632473985,16.618682635250725,30.46743933127936,-4.075715953154603,3.617473234215828,9.014369010925291,193.32271689497716,1024,189.1564968051276,915.6234130859376,77.7404109589041,669
