,state,county,gisjoin,year range,avg temp,max temp,min temp,hdd,cdd,avg rh,average dp,max dp,min dp,avg wind speed,max wind speed,avg ghr,max ghr,avg dnr,max dnr,avg dhr,max dhr
0,IL,Shelby County,G1701730,2080-2099,17.186263644086072,39.81853103637695,-15.305895805358888,1990.0425658821132,1583.5287959734198,69.6904232562949,10.8728676153958,27.83651039755233,-15.305897569271478,4.116888148028012,8.789238929748535,151.6513698630137,985,175.97060783214374,907.5428466796876,71.95068493150686,636
