,state,county,gisjoin,year range,avg temp,max temp,min temp,hdd,cdd,avg rh,average dp,max dp,min dp,avg wind speed,max wind speed,avg ghr,max ghr,avg dnr,max dnr,avg dhr,max dhr
0,IL,McHenry County,G1701110,1980-1999,8.317922139972833,33.82266616821289,-30.91266632080078,4087.17995033347,443.721531422942,67.8977730258959,2.019957694913344,21.877085638322605,-30.91266783166848,4.684614860276653,10.35006332397461,159.15388127853882,1002,178.90260737837744,926.9227905273438,70.54828767123287,599
