,state,county,gisjoin,year range,avg temp,max temp,min temp,hdd,cdd,avg rh,average dp,max dp,min dp,avg wind speed,max wind speed,avg ghr,max ghr,avg dnr,max dnr,avg dhr,max dhr
0,IL,McHenry County,G1701110,2020-2039,10.037020693499258,35.505470275878906,-25.257932662963867,3629.881331945388,613.8938850721023,69.4637949727986,4.013925498893865,22.60863470276232,-25.25793545360835,4.486656443849546,11.249296188354492,159.15388127853882,1002,175.5477567039105,903.2544555664062,70.54828767123287,599
