,state,county,gisjoin,year range,avg temp,max temp,min temp,hdd,cdd,avg rh,average dp,max dp,min dp,avg wind speed,max wind speed,avg ghr,max ghr,avg dnr,max dnr,avg dhr,max dhr
0,KS,Pawnee County,G2001450,1980-1999,12.53317976253491,39.23600006103516,-19.42133331298828,3008.708234299647,903.8188476245122,59.359135898716374,3.7219298708088453,21.64335826056884,-21.12561420193778,4.737318049391655,10.88393211364746,198.03082191780823,1007,203.84560524318965,974.8324584960938,61.668150684931504,578
