,state,county,gisjoin,year range,avg temp,max temp,min temp,hdd,cdd,avg rh,average dp,max dp,min dp,avg wind speed,max wind speed,avg ghr,max ghr,avg dnr,max dnr,avg dhr,max dhr
0,KS,Pawnee County,G2001450,2000-2019,13.695381105111288,41.46199798583984,-18.935333251953125,2763.6156192617377,1082.9297226270621,57.815904492874665,4.331344498927493,22.93807177024881,-20.823874789702693,4.726797271101442,10.944897651672363,198.03082191780823,1007,202.19906242043214,945.6219482421876,61.668150684931504,578
