,state,county,gisjoin,year range,avg temp,max temp,min temp,hdd,cdd,avg rh,average dp,max dp,min dp,avg wind speed,max wind speed,avg ghr,max ghr,avg dnr,max dnr,avg dhr,max dhr
0,KS,Pawnee County,G2001450,2020-2039,14.547202566622744,42.11159133911133,-24.43896484375,2605.7816076579225,1236.0105444749881,58.73778168708766,5.3364864297039825,23.92146042100389,-24.4389669494918,4.600946233778783,10.143587112426758,198.03082191780823,1007,201.36205143818742,958.7980346679688,61.668150684931504,578
