,state,county,gisjoin,year range,avg temp,max temp,min temp,hdd,cdd,avg rh,average dp,max dp,min dp,avg wind speed,max wind speed,avg ghr,max ghr,avg dnr,max dnr,avg dhr,max dhr
0,KS,Pawnee County,G2001450,2060-2079,16.726010165107038,42.55639266967773,-14.167678833007812,2155.3676746364717,1580.8613849003732,57.57137389901566,7.134613362668262,23.954967294552592,-14.167679492801032,4.693967788295659,10.23709774017334,198.03082191780823,1007,198.38472013161618,921.9016723632812,61.668150684931504,578
