,state,county,gisjoin,year range,avg temp,max temp,min temp,hdd,cdd,avg rh,average dp,max dp,min dp,avg wind speed,max wind speed,avg ghr,max ghr,avg dnr,max dnr,avg dhr,max dhr
0,WI,Pierce County,G5500930,1980-1999,5.93705033344733,32.26071548461914,-33.702857971191406,4862.1462036816465,349.6695753892196,67.00343618523584,-0.42291969941291396,21.739671424320477,-33.70285744982339,3.9378487384482606,9.281982421875,146.90388127853882,963,176.36686726169168,935.7061767578124,64.78116438356165,637
