,state,county,gisjoin,year range,avg temp,max temp,min temp,hdd,cdd,avg rh,average dp,max dp,min dp,avg wind speed,max wind speed,avg ghr,max ghr,avg dnr,max dnr,avg dhr,max dhr
0,WI,Pierce County,G5500930,2020-2039,8.191089594700017,35.618221282958984,-31.75080108642578,4237.108433780289,547.3561358452052,67.18219731801177,1.6947000705004163,23.392550860729287,-31.750801913994408,3.7863399188812465,8.709945678710938,146.90388127853882,963,174.5780406972395,899.3532104492188,64.78116438356165,637
