,state,county,gisjoin,year range,avg temp,max temp,min temp,hdd,cdd,avg rh,average dp,max dp,min dp,avg wind speed,max wind speed,avg ghr,max ghr,avg dnr,max dnr,avg dhr,max dhr
0,WI,Pierce County,G5500930,2040-2059,9.574669878442853,35.559513092041016,-26.64314079284668,3924.0617037805146,739.3162094116586,68.59650644036734,3.3382232652771453,24.512525189954008,-26.64314113853351,3.7475147938075133,9.146379470825195,146.90388127853882,963,172.21717394152813,897.6261596679688,64.78116438356165,637
