,state,county,gisjoin,year range,avg temp,max temp,min temp,hdd,cdd,avg rh,average dp,max dp,min dp,avg wind speed,max wind speed,avg ghr,max ghr,avg dnr,max dnr,avg dhr,max dhr
0,CT,Windham County,G0900150,2020-2039,10.637544551096354,33.08958435058594,-17.65962791442871,3271.365720223184,474.56948137284866,70.96994625683789,4.9319233831579865,22.281643315967436,-17.659628042325632,4.381493060175142,9.809478759765623,159.21563926940638,971,177.56670153410062,916.2573852539062,76.78561643835616,481
