,state,county,gisjoin,year range,avg temp,max temp,min temp,hdd,cdd,avg rh,average dp,max dp,min dp,avg wind speed,max wind speed,avg ghr,max ghr,avg dnr,max dnr,avg dhr,max dhr
0,MN,Wabasha County,G2701570,1980-1999,6.808890802307161,33.06999969482422,-32.229286193847656,4583.219388691473,388.96453153292487,66.20203995029676,0.17531719012047461,21.86726225609517,-32.22928691952057,4.027159564135826,9.245708465576172,146.90388127853882,963,176.89799701106182,903.7911987304688,64.7810502283105,637
