,state,county,gisjoin,year range,avg temp,max temp,min temp,hdd,cdd,avg rh,average dp,max dp,min dp,avg wind speed,max wind speed,avg ghr,max ghr,avg dnr,max dnr,avg dhr,max dhr
0,UT,Sevier County,G4900410,2040-2059,12.410986837750773,39.30735778808594,-17.74814224243164,3032.618482797518,883.128678576196,46.018593791195244,-0.8340193999346118,10.75781654465164,-17.748143843545254,3.322234018861431,7.575960159301758,197.43447488584474,1045,227.17133075445327,1014.3550415039062,61.406164383561645,601
