,state,county,gisjoin,year range,avg temp,max temp,min temp,hdd,cdd,avg rh,average dp,max dp,min dp,avg wind speed,max wind speed,avg ghr,max ghr,avg dnr,max dnr,avg dhr,max dhr
0,CA,Monterey County,G0600530,1980-1999,14.022341289412077,32.72764587402344,-1.7258822917938232,1883.9632666983434,322.6178373336689,48.862833269437154,1.2878662844487547,11.300900247518436,-10.639422198521048,4.400928124009746,9.473026275634766,201.87180365296803,1011,214.4809939638777,977.791748046875,67.68458904109589,527
