,state,county,gisjoin,year range,avg temp,max temp,min temp,hdd,cdd,avg rh,average dp,max dp,min dp,avg wind speed,max wind speed,avg ghr,max ghr,avg dnr,max dnr,avg dhr,max dhr
0,VA,Alexandria city,G5105100,2000-2019,14.246080996888608,38.75066757202149,-12.887999534606934,2422.3247337039497,942.6442975680603,69.78919396226264,8.151750523065493,24.77629327709308,-12.88800079950346,3.979427041419565,9.954556465148926,166.27100456621005,996,178.23453530067377,914.84375,74.43436073059361,559
