,state,county,gisjoin,year range,avg temp,max temp,min temp,hdd,cdd,avg rh,average dp,max dp,min dp,avg wind speed,max wind speed,avg ghr,max ghr,avg dnr,max dnr,avg dhr,max dhr
0,TX,Hardin County,G4801990,1980-1999,19.565397113654043,36.570499420166016,-2.9564998149871826,1079.597457722794,1541.4674042065772,71.36886367318837,13.608339155372065,27.18147120359038,-2.9564999716503726,3.8744505638945594,8.827027320861816,188.78675799086759,1024,197.2851052720579,947.7860717773438,83.46997716894977,642
