,state,county,gisjoin,year range,avg temp,max temp,min temp,hdd,cdd,avg rh,average dp,max dp,min dp,avg wind speed,max wind speed,avg ghr,max ghr,avg dnr,max dnr,avg dhr,max dhr
0,TX,Hardin County,G4801990,2060-2079,22.42597677463657,38.43251419067383,-1.5380918979644775,695.8399122004971,2201.821434942654,71.24387744180687,16.346363822867477,27.341933784126784,-1.53809199261996,4.040576399515753,8.34654712677002,188.78675799086759,1024,192.1581348728629,953.2542724609376,83.46997716894977,642
