,state,county,gisjoin,year range,avg temp,max temp,min temp,hdd,cdd,avg rh,average dp,max dp,min dp,avg wind speed,max wind speed,avg ghr,max ghr,avg dnr,max dnr,avg dhr,max dhr
0,AR,Benton County,G0500070,2040-2059,16.976334707860644,41.81182098388672,-11.238283157348633,1827.9376495585739,1344.7998179277595,68.6099560365285,10.414057187101797,26.613399016423838,-11.84006536296728,4.1486226646867514,9.039055824279783,181.1695205479452,985,189.8068429249745,941.5927124023438,69.26780821917808,614
