,state,county,gisjoin,year range,avg temp,max temp,min temp,hdd,cdd,avg rh,average dp,max dp,min dp,avg wind speed,max wind speed,avg ghr,max ghr,avg dnr,max dnr,avg dhr,max dhr
0,AR,Benton County,G0500070,2060-2079,17.568329742780676,41.02329635620117,-13.530680656433104,1763.5147954111878,1496.4551515261217,69.4659594241887,11.15864012635589,25.097928962453857,-13.875990552977468,4.152372775012499,10.690397262573242,181.1695205479452,985,187.784230715305,912.3084106445312,69.26780821917808,614
