,state,county,gisjoin,year range,avg temp,max temp,min temp,hdd,cdd,avg rh,average dp,max dp,min dp,avg wind speed,max wind speed,avg ghr,max ghr,avg dnr,max dnr,avg dhr,max dhr
0,WA,Lewis County,G5300410,1980-1999,10.43967198185393,32.06538391113281,-9.936923027038574,3073.359917686126,204.3401910622873,70.59424773481882,4.534839386980479,12.49071689965296,-9.936923371868572,3.770681772819937,11.747684478759766,116.19075342465753,948,159.53264272345564,889.6489868164062,65.18356164383562,542
