,state,county,gisjoin,year range,avg temp,max temp,min temp,hdd,cdd,avg rh,average dp,max dp,min dp,avg wind speed,max wind speed,avg ghr,max ghr,avg dnr,max dnr,avg dhr,max dhr
0,LA,Caldwell Parish,G2200210,1980-1999,17.901305453999065,36.69533157348633,-8.037333488464355,1482.7430130903533,1337.2195038001626,69.70876214362715,11.56338711208835,25.356332388662025,-8.037334522608772,3.86717034431353,9.161640167236328,184.10011415525113,996,198.8345828800963,928.0719604492188,77.17762557077626,631
