,state,county,gisjoin,year range,avg temp,max temp,min temp,hdd,cdd,avg rh,average dp,max dp,min dp,avg wind speed,max wind speed,avg ghr,max ghr,avg dnr,max dnr,avg dhr,max dhr
0,LA,Caldwell Parish,G2200210,2000-2019,18.98051409416422,39.39599990844727,-7.018666744232178,1339.6593441649,1588.046988534876,69.53386914087757,12.553652045238394,25.722897096925795,-7.130078896994274,3.9794934824721455,9.270379066467283,184.10011415525113,996,196.88450980028878,937.1997680664062,77.17762557077626,631
