,state,county,gisjoin,year range,avg temp,max temp,min temp,hdd,cdd,avg rh,average dp,max dp,min dp,avg wind speed,max wind speed,avg ghr,max ghr,avg dnr,max dnr,avg dhr,max dhr
0,LA,Caldwell Parish,G2200210,2020-2039,19.572285613466104,42.04571533203125,-7.637485027313232,1208.9271047841569,1673.3113536992787,69.93697381694567,13.214152464781396,25.19339954405986,-7.637485201933949,3.8831183671951295,9.003676414489746,184.10011415525113,996,197.54271492903746,926.0826416015624,77.17762557077626,631
