,state,county,gisjoin,year range,avg temp,max temp,min temp,hdd,cdd,avg rh,average dp,max dp,min dp,avg wind speed,max wind speed,avg ghr,max ghr,avg dnr,max dnr,avg dhr,max dhr
0,LA,Caldwell Parish,G2200210,2080-2099,22.37489569107321,41.81272506713867,-4.983745574951172,910.9032865020698,2398.2402137435975,70.86088288080747,16.14062353758524,29.140963218484853,-4.983745961116025,3.8897769129439577,8.365318298339844,184.10011415525113,996,188.39689157615723,915.8648071289062,77.17762557077626,631
