,state,county,gisjoin,year range,avg temp,max temp,min temp,hdd,cdd,avg rh,average dp,max dp,min dp,avg wind speed,max wind speed,avg ghr,max ghr,avg dnr,max dnr,avg dhr,max dhr
0,WI,Burnett County,G5500130,2040-2059,8.941948688453511,36.8000602722168,-27.905447006225582,4085.0834290991734,669.3947003841731,65.83259805740286,2.094157722139239,24.79870465519515,-27.905448243554517,3.7293593724296517,9.024015426635742,155.862100456621,954,170.2346105191703,890.5278930664062,61.67020547945206,530
