,state,county,gisjoin,year range,avg temp,max temp,min temp,hdd,cdd,avg rh,average dp,max dp,min dp,avg wind speed,max wind speed,avg ghr,max ghr,avg dnr,max dnr,avg dhr,max dhr
0,WI,Burnett County,G5500130,2080-2099,11.811167900874409,40.05734634399414,-23.120832443237305,3403.0473016597757,1034.62358547852,68.06380727563274,5.308178653952726,26.82314329138682,-23.120834138931794,3.764262347025414,8.578158378601074,155.862100456621,954,165.6598000255376,882.467041015625,61.67020547945206,530
