,state,county,gisjoin,year range,avg temp,max temp,min temp,hdd,cdd,avg rh,average dp,max dp,min dp,avg wind speed,max wind speed,avg ghr,max ghr,avg dnr,max dnr,avg dhr,max dhr
0,IN,Franklin County,G1800470,2020-2039,13.020893343555455,36.34103775024414,-18.482276916503903,2748.3629192895937,821.4889896870169,68.49961564442883,6.589924817888342,23.60373533568779,-20.253256765125347,3.981420451470706,10.038947105407717,165.93150684931507,993,181.15768633795517,939.8975219726562,75.84075342465754,554
