,state,county,gisjoin,year range,avg temp,max temp,min temp,hdd,cdd,avg rh,average dp,max dp,min dp,avg wind speed,max wind speed,avg ghr,max ghr,avg dnr,max dnr,avg dhr,max dhr
0,NC,Robeson County,G3701550,2000-2019,17.28795069940846,37.13588333129883,-9.991765022277832,1683.7450577963762,1314.3470630805543,69.18237003605115,10.841278027670123,24.13339346548703,-9.991765383035595,3.804353686554791,8.9418306350708,214.4716894977169,1021,192.88574480880808,949.7011108398438,68.374200913242,462
