,state,county,gisjoin,year range,avg temp,max temp,min temp,hdd,cdd,avg rh,average dp,max dp,min dp,avg wind speed,max wind speed,avg ghr,max ghr,avg dnr,max dnr,avg dhr,max dhr
0,GA,Taliaferro County,G1302650,2040-2059,19.18055221956302,38.78210067749024,-5.6309685707092285,1310.2041366965173,1631.6056968370413,68.2238085648785,12.393502806271718,25.510819496315506,-5.630969054039287,3.4902167932764034,7.645884990692139,188.32614155251142,1016,196.56729855759414,953.7303466796876,77.41438356164383,525
