,state,county,gisjoin,year range,avg temp,max temp,min temp,hdd,cdd,avg rh,average dp,max dp,min dp,avg wind speed,max wind speed,avg ghr,max ghr,avg dnr,max dnr,avg dhr,max dhr
0,GA,Taliaferro County,G1302650,2080-2099,21.125043225437764,41.51152801513672,-5.122036457061768,1052.0400397946905,2083.18081707934,70.09984836491276,14.75424958861673,27.43530462817701,-5.122036972241857,3.504382063183066,9.159871101379396,188.32614155251142,1016,191.06528054533086,932.4168090820312,77.41438356164383,525
