,state,county,gisjoin,year range,avg temp,max temp,min temp,hdd,cdd,avg rh,average dp,max dp,min dp,avg wind speed,max wind speed,avg ghr,max ghr,avg dnr,max dnr,avg dhr,max dhr
0,UT,Washington County,G4900530,2020-2039,18.795450562248845,44.70026397705078,-7.443174362182617,1645.405655910826,1826.2451111315613,42.025759438619225,3.522212270489003,16.544347547889373,-10.160516298827952,3.266771957632069,8.323251724243164,229.4708904109589,1050,225.77093410661473,988.4111938476562,55.07853881278539,459
