,state,county,gisjoin,year range,avg temp,max temp,min temp,hdd,cdd,avg rh,average dp,max dp,min dp,avg wind speed,max wind speed,avg ghr,max ghr,avg dnr,max dnr,avg dhr,max dhr
0,UT,Washington County,G4900530,2060-2079,20.801939715588674,45.37934875488281,-8.51772689819336,1318.199585759276,2231.4075819490504,42.51700828391123,5.557809106940451,16.92353596901364,-10.273932112912302,3.2547441652920694,8.507235527038574,229.4708904109589,1050,223.15968903560542,971.4850463867188,55.07853881278539,459
