,state,county,gisjoin,year range,avg temp,max temp,min temp,hdd,cdd,avg rh,average dp,max dp,min dp,avg wind speed,max wind speed,avg ghr,max ghr,avg dnr,max dnr,avg dhr,max dhr
0,UT,Washington County,G4900530,2080-2099,22.798769914104017,50.10652542114258,-4.444193840026856,1141.866413628368,2783.9174322761305,41.77061488116713,6.95437685941709,20.62393289777848,-6.944993854038925,3.2647919018110727,8.68844985961914,229.4708904109589,1050,220.41123057806766,970.1490478515624,55.07853881278539,459
