,state,county,gisjoin,year range,avg temp,max temp,min temp,hdd,cdd,avg rh,average dp,max dp,min dp,avg wind speed,max wind speed,avg ghr,max ghr,avg dnr,max dnr,avg dhr,max dhr
0,TX,Foard County,G4801550,2020-2039,18.259827296026156,43.072147369384766,-15.01543140411377,1688.2015036900893,1673.5384667395813,58.46155520073355,8.87746778835437,23.88871994624404,-15.114737603280268,4.092671355890901,8.189350128173828,202.55091324200913,1023,211.9016228527991,945.2523193359376,63.59006849315068,598
