,state,county,gisjoin,year range,avg temp,max temp,min temp,hdd,cdd,avg rh,average dp,max dp,min dp,avg wind speed,max wind speed,avg ghr,max ghr,avg dnr,max dnr,avg dhr,max dhr
0,TX,Foard County,G4801550,2060-2079,20.4493172642905,45.04128646850586,-7.3266401290893555,1387.1473539688095,2171.6481554347306,57.78697592798434,10.742881437827036,28.251402664226696,-9.874285102487502,4.091823478512568,7.99495267868042,202.55091324200913,1023,209.37676571953128,928.2536010742188,63.59006849315068,598
