,state,county,gisjoin,year range,avg temp,max temp,min temp,hdd,cdd,avg rh,average dp,max dp,min dp,avg wind speed,max wind speed,avg ghr,max ghr,avg dnr,max dnr,avg dhr,max dhr
0,TX,Hays County,G4802090,2000-2019,20.170016937611464,39.2864990234375,-7.6645002365112305,1091.9057981940784,1774.461980422225,65.36175911872898,12.661334384079824,23.977820534237807,-7.995244402826795,4.580909015462823,9.85412883758545,189.93961187214612,1017,207.26452101843947,957.299072265625,73.86997716894977,680
