,state,county,gisjoin,year range,avg temp,max temp,min temp,hdd,cdd,avg rh,average dp,max dp,min dp,avg wind speed,max wind speed,avg ghr,max ghr,avg dnr,max dnr,avg dhr,max dhr
0,PA,Clinton County,G4200350,2000-2019,10.56576570903942,40.01285552978516,-19.020713806152344,3399.499654003271,576.5041378021493,67.72611048276022,4.016272430401943,22.481967894706564,-19.0207158823526,4.441296588884641,10.122821807861328,155.9428082191781,984,181.17069399545747,943.0932006835938,79.51586757990867,518
