,state,county,gisjoin,year range,avg temp,max temp,min temp,hdd,cdd,avg rh,average dp,max dp,min dp,avg wind speed,max wind speed,avg ghr,max ghr,avg dnr,max dnr,avg dhr,max dhr
0,PA,Clinton County,G4200350,2060-2079,13.285195687068303,36.670936584472656,-12.079025268554688,2738.4290677627946,908.0254935424059,69.41110824014498,7.021710578837865,24.66789085612253,-12.079025760739707,5.159447144808834,17.316387176513672,155.9428082191781,984,175.26580675975416,921.41943359375,79.51586757990867,518
