,state,county,gisjoin,year range,avg temp,max temp,min temp,hdd,cdd,avg rh,average dp,max dp,min dp,avg wind speed,max wind speed,avg ghr,max ghr,avg dnr,max dnr,avg dhr,max dhr
0,WI,Price County,G5500990,2080-2099,10.27827317063071,36.01683044433594,-36.442413330078125,3695.2732251194298,767.3429323991542,69.67880972923209,4.2419262835631795,23.816586433723515,-36.44241484803392,5.090705288926216,10.722010612487791,153.5461187214612,958,167.52216090801423,908.2249145507812,63.71643835616438,559
