,state,county,gisjoin,year range,avg temp,max temp,min temp,hdd,cdd,avg rh,average dp,max dp,min dp,avg wind speed,max wind speed,avg ghr,max ghr,avg dnr,max dnr,avg dhr,max dhr
0,IL,Kendall County,G1700930,2040-2059,12.7817943291791,36.82332992553711,-20.445188522338867,2958.9025447493373,944.7574748993471,69.62096115856954,6.697590986880307,23.984885468826548,-20.959350662759583,4.216411556092571,9.01953125,158.52865296803654,956,173.13181786451784,913.4022216796876,72.58641552511415,555
