,state,county,gisjoin,year range,avg temp,max temp,min temp,hdd,cdd,avg rh,average dp,max dp,min dp,avg wind speed,max wind speed,avg ghr,max ghr,avg dnr,max dnr,avg dhr,max dhr
0,IL,Kendall County,G1700930,2080-2099,14.953278685082813,41.3761100769043,-13.098718643188477,2558.0334571091735,1336.4801771641505,71.40273195554133,9.186919414934016,28.099072550884795,-13.098720262550444,4.152445467993549,9.553006172180176,158.52865296803654,956,168.49690539004067,925.2080688476562,72.58641552511415,555
