,state,county,gisjoin,year range,avg temp,max temp,min temp,hdd,cdd,avg rh,average dp,max dp,min dp,avg wind speed,max wind speed,avg ghr,max ghr,avg dnr,max dnr,avg dhr,max dhr
0,NM,Otero County,G3500350,2000-2019,16.384960461842518,40.90312576293945,-14.087499618530272,1939.0559574431256,1240.0665260156761,41.463255883351856,1.2076840768790549,18.19918580681092,-14.720023642925195,5.0006095752324144,13.469151496887209,227.2890410958904,1062,241.11316584808606,1023.125244140625,64.74155251141552,493
