,state,county,gisjoin,year range,avg temp,max temp,min temp,hdd,cdd,avg rh,average dp,max dp,min dp,avg wind speed,max wind speed,avg ghr,max ghr,avg dnr,max dnr,avg dhr,max dhr
0,WI,Bayfield County,G5500070,2040-2059,7.777504074833697,35.86983108520508,-25.68686294555664,4311.497528732853,470.7865160465376,68.20462162048305,1.538588279253266,20.79254473079824,-25.68686343485644,4.168019979294033,11.565540313720703,150.2609589041096,950,168.51109980536154,892.2730712890625,61.664840182648405,579
