,state,county,gisjoin,year range,avg temp,max temp,min temp,hdd,cdd,avg rh,average dp,max dp,min dp,avg wind speed,max wind speed,avg ghr,max ghr,avg dnr,max dnr,avg dhr,max dhr
0,KS,Lyon County,G2001110,2000-2019,13.782548428569562,38.18937683105469,-20.37437438964844,2716.4912849957104,1067.621461423298,65.49999226935923,6.564149247414068,24.223680704406775,-20.37437606317371,4.39918629535257,9.565720558166504,169.18561643835616,983,190.98046128484836,938.212890625,64.45308219178082,662
