,state,county,gisjoin,year range,avg temp,max temp,min temp,hdd,cdd,avg rh,average dp,max dp,min dp,avg wind speed,max wind speed,avg ghr,max ghr,avg dnr,max dnr,avg dhr,max dhr
0,KS,Lyon County,G2001110,2080-2099,18.191665129254655,43.537227630615234,-11.938478469848633,1848.7098141327926,1809.1675863105977,67.48417294645962,11.310121409132902,28.50264598496765,-12.373190209348456,4.316568014393114,9.70469856262207,169.18561643835616,983,181.75554936234835,917.3668212890624,64.45308219178082,662
