,state,county,gisjoin,year range,avg temp,max temp,min temp,hdd,cdd,avg rh,average dp,max dp,min dp,avg wind speed,max wind speed,avg ghr,max ghr,avg dnr,max dnr,avg dhr,max dhr
0,KY,Grant County,G2100810,1980-1999,11.812586370082364,34.461875915527344,-21.82999992370605,3045.9797339993534,678.0737590790145,69.56016757150763,5.6885275983062344,22.0973409045864,-22.19206111772784,3.7892996220964275,10.245278358459473,165.93150684931507,993,187.5570429826849,928.569091796875,75.84178082191781,554
