,state,county,gisjoin,year range,avg temp,max temp,min temp,hdd,cdd,avg rh,average dp,max dp,min dp,avg wind speed,max wind speed,avg ghr,max ghr,avg dnr,max dnr,avg dhr,max dhr
0,CT,New Haven County,G0900090,2000-2019,10.613447887172509,33.93266677856445,-18.134666442871094,3334.3076461781116,528.716124995572,70.87113333641122,4.9072773350882635,22.78561760095627,-18.134668312419105,4.468844145046521,10.50588607788086,156.312899543379,960,178.6944659205602,928.4454956054688,73.34783105022831,601
