,state,county,gisjoin,year range,avg temp,max temp,min temp,hdd,cdd,avg rh,average dp,max dp,min dp,avg wind speed,max wind speed,avg ghr,max ghr,avg dnr,max dnr,avg dhr,max dhr
0,CT,New Haven County,G0900090,2040-2059,12.407495763313355,37.15342712402344,-14.844989776611328,2877.8392177981227,727.0751714071052,73.57630603803348,7.276895124300139,23.92732133268035,-14.844989624107964,4.790370268691076,12.70417308807373,156.312899543379,960,175.75012239363056,906.3577270507812,73.34783105022831,601
