,state,county,gisjoin,year range,avg temp,max temp,min temp,hdd,cdd,avg rh,average dp,max dp,min dp,avg wind speed,max wind speed,avg ghr,max ghr,avg dnr,max dnr,avg dhr,max dhr
0,CT,New Haven County,G0900090,2060-2079,12.959682496851837,35.168495178222656,-14.62743091583252,2734.927453540015,785.7115648905909,72.34754267065492,7.534755474492955,23.14819151686515,-14.627431638542582,4.878056995808806,12.423823356628418,156.312899543379,960,173.11867412013336,905.7401733398438,73.34783105022831,601
