,state,county,gisjoin,year range,avg temp,max temp,min temp,hdd,cdd,avg rh,average dp,max dp,min dp,avg wind speed,max wind speed,avg ghr,max ghr,avg dnr,max dnr,avg dhr,max dhr
0,ID,Oneida County,G1600710,2080-2099,13.97824054403971,41.94805145263672,-14.893290519714355,2771.0701390129684,1193.6279375871618,54.380811262130734,3.191199600786416,16.962108738700753,-16.166088665206,3.7064231098514715,7.570134162902832,183.17659817351597,1029,205.92310814693425,968.0824584960938,61.43299086757991,573
