,state,county,gisjoin,year range,avg temp,max temp,min temp,hdd,cdd,avg rh,average dp,max dp,min dp,avg wind speed,max wind speed,avg ghr,max ghr,avg dnr,max dnr,avg dhr,max dhr
0,UT,Garfield County,G4900170,2020-2039,7.670838822082289,33.59446334838867,-17.482215881347656,4214.405078560948,334.761248620343,46.84144668448461,-4.597614983792231,8.580869967976174,-19.984876635817063,4.23336505661272,12.28488540649414,207.82956621004567,1067,237.57436436815087,1043.7353515625,56.84440639269406,510
