,state,county,gisjoin,year range,avg temp,max temp,min temp,hdd,cdd,avg rh,average dp,max dp,min dp,avg wind speed,max wind speed,avg ghr,max ghr,avg dnr,max dnr,avg dhr,max dhr
0,KS,Chase County,G2000170,2060-2079,16.331062708684993,42.06387710571289,-12.097983360290527,2131.7065938632363,1413.0444825331685,65.79124004046122,9.09625695426345,26.66860239842493,-12.468143634095828,4.896749954680874,10.141680717468262,169.18561643835616,983,185.51146031761758,930.2626342773438,64.4533105022831,662
