,state,county,gisjoin,year range,avg temp,max temp,min temp,hdd,cdd,avg rh,average dp,max dp,min dp,avg wind speed,max wind speed,avg ghr,max ghr,avg dnr,max dnr,avg dhr,max dhr
0,FL,Hendry County,G1200510,2020-2039,23.76295269611193,35.78239059448242,-2.096566200256348,302.9286918879601,2296.906425968528,67.83297425905863,16.81672182659291,25.962650164329,-4.6844443845948165,2.871205685399983,6.938278675079346,193.82180365296804,1007,203.51190651563755,950.49169921875,86.70342465753424,628
