,state,county,gisjoin,year range,avg temp,max temp,min temp,hdd,cdd,avg rh,average dp,max dp,min dp,avg wind speed,max wind speed,avg ghr,max ghr,avg dnr,max dnr,avg dhr,max dhr
0,NC,Davie County,G3700590,2040-2059,17.118293606351155,36.88364410400391,-9.151694297790527,1764.5863852985121,1333.2635516167547,67.9787081115322,10.332415179549105,23.846098897125543,-9.151694821216864,3.2154269832454316,7.260798454284668,174.61712328767123,994,191.77805299920627,946.1890869140624,75.29611872146118,656
