,state,county,gisjoin,year range,avg temp,max temp,min temp,hdd,cdd,avg rh,average dp,max dp,min dp,avg wind speed,max wind speed,avg ghr,max ghr,avg dnr,max dnr,avg dhr,max dhr
0,NC,Davie County,G3700590,2080-2099,18.923982692602422,39.64508819580078,-8.407690048217773,1494.5046646477776,1722.2583474476126,68.98928131556401,12.34252632916041,27.082091333158925,-8.407690267835399,3.410102754259763,7.458227157592773,174.61712328767123,994,184.4473866664641,947.2044067382812,75.29611872146118,656
