,state,county,gisjoin,year range,avg temp,max temp,min temp,hdd,cdd,avg rh,average dp,max dp,min dp,avg wind speed,max wind speed,avg ghr,max ghr,avg dnr,max dnr,avg dhr,max dhr
0,TN,Gibson County,G4700530,2060-2079,17.919516808901488,39.01198959350586,-11.794634819030762,1693.4909364812556,1554.6145717302636,71.71300899470778,12.08216141702727,26.40285426771846,-11.794635016069629,3.7473320973654314,10.495515823364258,176.80559360730592,1006,182.50527722594848,921.0983276367188,74.58299086757991,583
