,state,county,gisjoin,year range,avg temp,max temp,min temp,hdd,cdd,avg rh,average dp,max dp,min dp,avg wind speed,max wind speed,avg ghr,max ghr,avg dnr,max dnr,avg dhr,max dhr
0,TN,Gibson County,G4700530,2080-2099,19.698455285132844,39.546974182128906,-10.136033058166504,1443.949702445767,1954.3858815191718,71.46844726741041,13.709855959408781,27.689288247473584,-10.13603379471062,3.729638021884988,8.933768272399902,176.80559360730592,1006,178.29650428688078,936.03369140625,74.58299086757991,583
