,state,county,gisjoin,year range,avg temp,max temp,min temp,hdd,cdd,avg rh,average dp,max dp,min dp,avg wind speed,max wind speed,avg ghr,max ghr,avg dnr,max dnr,avg dhr,max dhr
0,NC,Lincoln County,G3701090,2060-2079,17.738068427223197,37.44610977172852,-7.744499206542969,1623.088339499558,1417.9833154360833,68.10587041628415,11.014480601395212,23.967035417351884,-7.744500036475799,3.7257280993135007,9.08116340637207,178.3134703196347,1004,190.40821198228483,926.5316772460938,76.83470319634704,610
