,state,county,gisjoin,year range,avg temp,max temp,min temp,hdd,cdd,avg rh,average dp,max dp,min dp,avg wind speed,max wind speed,avg ghr,max ghr,avg dnr,max dnr,avg dhr,max dhr
0,TN,Haywood County,G4700750,2060-2079,18.215454108107885,39.3626594543457,-10.07517147064209,1600.923527347091,1570.064276806476,72.05208065520682,12.488519708850667,26.23825738956109,-10.07517212478763,3.526437197877392,8.6965970993042,176.80559360730592,1006,183.2324776989984,919.7496948242188,74.55433789954338,583
