,state,county,gisjoin,year range,avg temp,max temp,min temp,hdd,cdd,avg rh,average dp,max dp,min dp,avg wind speed,max wind speed,avg ghr,max ghr,avg dnr,max dnr,avg dhr,max dhr
0,WA,Kittitas County,G5300370,2040-2059,10.990467443226422,39.64701461791992,-19.27532958984375,3213.791838416049,545.8124551932224,53.29172512015251,-0.039271739030642155,11.164363885029696,-19.275330693342152,3.339006103881418,9.42591953277588,169.7283105022831,968,180.99500527663096,906.0419921875,62.836187214611876,446
