,state,county,gisjoin,year range,avg temp,max temp,min temp,hdd,cdd,avg rh,average dp,max dp,min dp,avg wind speed,max wind speed,avg ghr,max ghr,avg dnr,max dnr,avg dhr,max dhr
0,WA,Kittitas County,G5300370,2080-2099,12.936080068095984,41.22285842895508,-12.115809440612791,2714.152556669373,756.3217815240578,53.642907325209,1.8017932031102373,10.516970096235529,-12.115810338611116,3.3600495854469195,6.930116653442383,169.7283105022831,968,181.1905740817121,898.593017578125,62.836187214611876,446
