,state,county,gisjoin,year range,avg temp,max temp,min temp,hdd,cdd,avg rh,average dp,max dp,min dp,avg wind speed,max wind speed,avg ghr,max ghr,avg dnr,max dnr,avg dhr,max dhr
0,MI,St. Joseph County,G2601490,2080-2099,14.484913291294578,38.58711624145508,-12.993541717529297,2586.3844438654387,1193.8777951877003,70.43064402162213,8.498327833226151,25.919211021023877,-13.63621686670592,4.34424147331007,10.467326164245604,146.92853881278538,958,168.16016145354726,921.9808349609376,72.74794520547945,632
