,state,county,gisjoin,year range,avg temp,max temp,min temp,hdd,cdd,avg rh,average dp,max dp,min dp,avg wind speed,max wind speed,avg ghr,max ghr,avg dnr,max dnr,avg dhr,max dhr
0,IN,Parke County,G1801210,2000-2019,12.35830159232935,36.44333267211914,-25.426000595092773,2989.1651709803114,820.4452521801462,68.77608117752423,6.042628532658737,24.89190880158199,-25.42600276157424,4.086643361310436,9.335729598999023,148.1025114155251,978,184.2013475311972,931.94384765625,74.19292237442923,597
