,state,county,gisjoin,year range,avg temp,max temp,min temp,hdd,cdd,avg rh,average dp,max dp,min dp,avg wind speed,max wind speed,avg ghr,max ghr,avg dnr,max dnr,avg dhr,max dhr
0,IN,Parke County,G1801210,2040-2059,14.331827563197951,38.176876068115234,-12.7100248336792,2543.459040465951,1095.0761010329586,70.12881834256595,8.273040911191938,24.11728266715352,-14.062357947893894,4.099301093054689,8.52389144897461,148.1025114155251,978,179.65137011844232,917.5297241210938,74.19292237442923,597
