,state,county,gisjoin,year range,avg temp,max temp,min temp,hdd,cdd,avg rh,average dp,max dp,min dp,avg wind speed,max wind speed,avg ghr,max ghr,avg dnr,max dnr,avg dhr,max dhr
0,IA,Wright County,G1901970,2000-2019,8.64221543355225,34.47999954223633,-26.022499084472656,4113.879446889991,588.7880801360085,66.55275917880611,1.9935396440390454,24.616122152023127,-26.02249945698837,4.6453594553960516,10.09765625,153.92374429223744,984,179.83011311837308,911.8107299804688,64.23219178082192,532
