,state,county,gisjoin,year range,avg temp,max temp,min temp,hdd,cdd,avg rh,average dp,max dp,min dp,avg wind speed,max wind speed,avg ghr,max ghr,avg dnr,max dnr,avg dhr,max dhr
0,IA,Wright County,G1901970,2020-2039,9.651025657494088,36.474151611328125,-33.862239837646484,3823.455934042971,666.580299027794,67.97152428637901,3.286262001496733,24.125367929438863,-33.86224200981021,4.575061285332458,10.935958862304688,153.92374429223744,984,178.85216237658366,911.733642578125,64.23219178082192,532
