,state,county,gisjoin,year range,avg temp,max temp,min temp,hdd,cdd,avg rh,average dp,max dp,min dp,avg wind speed,max wind speed,avg ghr,max ghr,avg dnr,max dnr,avg dhr,max dhr
0,SD,Grant County,G4600510,1980-1999,5.898944304205242,34.880714416503906,-32.181427001953125,4909.58274169503,383.19741272926336,62.27317573033511,-1.671919327746107,20.449724774952504,-32.18142844909804,4.834707907128007,10.83823585510254,146.92488584474887,970,179.15299707405097,913.61181640625,63.985045662100454,616
