,state,county,gisjoin,year range,avg temp,max temp,min temp,hdd,cdd,avg rh,average dp,max dp,min dp,avg wind speed,max wind speed,avg ghr,max ghr,avg dnr,max dnr,avg dhr,max dhr
0,SD,Grant County,G4600510,2000-2019,7.6618774323615835,36.61499786376953,-28.163572311401367,4414.041949156742,531.1272119681215,60.94781222484972,-0.28588508137223806,23.67879172865893,-28.297563199230684,4.812927000489953,11.69302749633789,146.92488584474887,970,178.20431645927215,914.9702758789062,63.985045662100454,616
