,state,county,gisjoin,year range,avg temp,max temp,min temp,hdd,cdd,avg rh,average dp,max dp,min dp,avg wind speed,max wind speed,avg ghr,max ghr,avg dnr,max dnr,avg dhr,max dhr
0,SD,Grant County,G4600510,2040-2059,8.944988615929205,37.68035125732422,-25.13151359558105,4122.209888644612,707.6307334582348,65.7460668069587,2.137348968956607,23.38408382846476,-26.447512455022046,4.776506252811379,12.083296775817873,146.92488584474887,970,174.34786261646263,887.7816162109375,63.985045662100454,616
