,state,county,gisjoin,year range,avg temp,max temp,min temp,hdd,cdd,avg rh,average dp,max dp,min dp,avg wind speed,max wind speed,avg ghr,max ghr,avg dnr,max dnr,avg dhr,max dhr
0,MS,Lawrence County,G2800770,2000-2019,19.155668899687495,38.43894577026367,-7.891052722930908,1263.926111487053,1576.2452598730317,70.45825388616623,12.91698939842013,26.07493759145744,-7.8910534555042195,3.7472128681940573,8.875997543334961,182.13036529680366,1009,198.42607690219648,929.0314331054688,80.48150684931507,618
