,state,county,gisjoin,year range,avg temp,max temp,min temp,hdd,cdd,avg rh,average dp,max dp,min dp,avg wind speed,max wind speed,avg ghr,max ghr,avg dnr,max dnr,avg dhr,max dhr
0,MS,Lawrence County,G2800770,2080-2099,22.93622731182163,41.75138473510742,-5.878664493560791,807.3646871426,2499.5876559572666,69.79473398570056,16.409715221899937,29.15619581404323,-5.878664969733421,3.824050719444066,9.168901443481444,182.13036529680366,1009,190.1607708738032,933.270751953125,80.48150684931507,618
