,state,county,gisjoin,year range,avg temp,max temp,min temp,hdd,cdd,avg rh,average dp,max dp,min dp,avg wind speed,max wind speed,avg ghr,max ghr,avg dnr,max dnr,avg dhr,max dhr
0,GA,Clinch County,G1300650,2080-2099,23.12420398047078,40.74803924560547,-9.82494831085205,691.5242720560287,2452.3587249276106,69.67343968691891,16.545659541816622,28.30632215282728,-9.824949113256997,3.973679300611966,9.880168914794922,185.89029680365297,999,193.89023557593046,916.753662109375,85.337100456621,674
