,state,county,gisjoin,year range,avg temp,max temp,min temp,hdd,cdd,avg rh,average dp,max dp,min dp,avg wind speed,max wind speed,avg ghr,max ghr,avg dnr,max dnr,avg dhr,max dhr
0,GA,Lowndes County,G1301850,2000-2019,20.122126544867303,37.81277847290039,-6.857222080230713,1008.7126804407379,1673.7888693172874,68.85409337570678,13.467538680297437,24.50331819624927,-6.857222457036337,3.494441982940452,8.368804931640625,183.9345890410959,1004,202.4652928096425,938.053466796875,84.0933789954338,634
