,state,county,gisjoin,year range,avg temp,max temp,min temp,hdd,cdd,avg rh,average dp,max dp,min dp,avg wind speed,max wind speed,avg ghr,max ghr,avg dnr,max dnr,avg dhr,max dhr
0,GA,Lowndes County,G1301850,2040-2059,21.597462169254054,39.262840270996094,-4.825821876525879,802.5375872488889,2006.1112790264697,68.67161795733726,14.85561818234422,25.916782557093065,-4.825822218061169,3.616814436732906,8.331926345825195,183.9345890410959,1004,199.29449289472896,954.4542236328124,84.0933789954338,634
