,state,county,gisjoin,year range,avg temp,max temp,min temp,hdd,cdd,avg rh,average dp,max dp,min dp,avg wind speed,max wind speed,avg ghr,max ghr,avg dnr,max dnr,avg dhr,max dhr
0,VA,York County,G5101990,2080-2099,19.826162200751735,42.60660552978516,-4.221490383148193,1299.6074522914253,1856.656655565757,73.17667082499152,14.365796948414753,30.47244250625,-4.381553631239807,4.49137631507769,11.092148780822754,176.3689497716895,979,170.36559934020715,897.249755859375,75.7033105022831,623
