,state,county,gisjoin,year range,avg temp,max temp,min temp,hdd,cdd,avg rh,average dp,max dp,min dp,avg wind speed,max wind speed,avg ghr,max ghr,avg dnr,max dnr,avg dhr,max dhr
0,TX,San Saba County,G4804110,1980-1999,18.111937223553348,37.98052597045898,-9.61105251312256,1508.1070145267843,1439.464101123833,60.07484422775164,9.308279646565333,22.50191283860329,-9.611053122435685,4.409548212417729,9.560107231140137,210.91541095890412,1016,215.02217414209613,983.33349609375,72.9445205479452,659
