,state,county,gisjoin,year range,avg temp,max temp,min temp,hdd,cdd,avg rh,average dp,max dp,min dp,avg wind speed,max wind speed,avg ghr,max ghr,avg dnr,max dnr,avg dhr,max dhr
0,TX,San Saba County,G4804110,2000-2019,19.13246788260608,41.29526519775391,-11.225263595581056,1361.13201559174,1664.9827927429599,61.490695508756595,10.53376730856892,22.53854742181618,-11.883417979272158,4.292750070682944,7.876333713531494,210.91541095890412,1016,214.08919662178582,977.98095703125,72.9445205479452,659
