,state,county,gisjoin,year range,avg temp,max temp,min temp,hdd,cdd,avg rh,average dp,max dp,min dp,avg wind speed,max wind speed,avg ghr,max ghr,avg dnr,max dnr,avg dhr,max dhr
0,MD,Somerset County,G2400390,2040-2059,16.878852783664836,38.0997314453125,-8.966545104980469,1796.6246589501527,1277.905924987872,71.71307138046717,11.21365870909372,27.273174582034297,-8.991451512168428,3.6772844441949504,8.562339782714844,171.550799086758,978,176.3199268298928,896.3384399414062,73.58093607305936,615
