,state,county,gisjoin,year range,avg temp,max temp,min temp,hdd,cdd,avg rh,average dp,max dp,min dp,avg wind speed,max wind speed,avg ghr,max ghr,avg dnr,max dnr,avg dhr,max dhr
0,NY,Queens County,G3600810,2020-2039,13.655659213647416,34.21990966796875,-12.583491325378418,2473.131627530623,777.9472405116218,73.52748481846291,8.578291683160902,25.45485457047027,-12.583492892618422,5.367264123784897,13.827773094177246,163.2881278538813,982,166.63151650831622,883.0740356445312,73.29805936073059,566
