,state,county,gisjoin,year range,avg temp,max temp,min temp,hdd,cdd,avg rh,average dp,max dp,min dp,avg wind speed,max wind speed,avg ghr,max ghr,avg dnr,max dnr,avg dhr,max dhr
0,NC,Jones County,G3701030,1980-1999,16.057351335555317,34.54705810546875,-8.211764335632324,1841.0286140555934,1022.4618515333221,69.95277158353971,9.922711700358677,24.304314105132335,-9.709169279171345,3.8495512883957117,8.707106590270996,165.0945205479452,985,190.3665784221884,925.6777954101562,77.75490867579909,610
