,state,county,gisjoin,year range,avg temp,max temp,min temp,hdd,cdd,avg rh,average dp,max dp,min dp,avg wind speed,max wind speed,avg ghr,max ghr,avg dnr,max dnr,avg dhr,max dhr
0,NC,Jones County,G3701030,2060-2079,19.462404926687352,37.07211685180664,-7.391360282897949,1231.052690742825,1655.3304889837093,71.11552320245194,13.442217221405295,27.32389468485178,-7.391360725734514,3.874249720573425,9.388651847839355,165.0945205479452,985,183.2335794563443,920.2029418945312,77.75490867579909,610
