,state,county,gisjoin,year range,avg temp,max temp,min temp,hdd,cdd,avg rh,average dp,max dp,min dp,avg wind speed,max wind speed,avg ghr,max ghr,avg dnr,max dnr,avg dhr,max dhr
0,GA,Montgomery County,G1302090,2060-2079,20.87467159021467,39.3496322631836,-4.609139442443848,946.5748538073457,1886.3299842356118,69.30920985735715,14.325398057040589,25.210409006187245,-4.609139992322072,3.647296095697303,9.72666358947754,195.40970319634704,997,199.017639237412,950.5592041015624,80.53070776255707,631
