,state,county,gisjoin,year range,avg temp,max temp,min temp,hdd,cdd,avg rh,average dp,max dp,min dp,avg wind speed,max wind speed,avg ghr,max ghr,avg dnr,max dnr,avg dhr,max dhr
0,GA,Banks County,G1300110,2020-2039,16.785892100926617,36.82097244262695,-9.683415412902832,1689.979696876126,1137.330313714421,69.61648098170485,10.4604351731969,23.223843358394664,-9.683415153971987,3.3931508617450112,10.33570384979248,188.32614155251142,1016,194.77022166615885,937.0260009765624,77.41244292237442,525
