,state,county,gisjoin,year range,avg temp,max temp,min temp,hdd,cdd,avg rh,average dp,max dp,min dp,avg wind speed,max wind speed,avg ghr,max ghr,avg dnr,max dnr,avg dhr,max dhr
0,GA,Banks County,G1300110,2080-2099,20.087867489776528,42.40559768676758,-6.215915203094482,1193.9749998406235,1846.546633609005,70.11224400202433,13.795842063385185,27.334827177807696,-6.215915451120632,3.461356246553055,8.132308006286621,188.32614155251142,1016,187.7649333668793,940.40283203125,77.41244292237442,525
