,state,county,gisjoin,year range,avg temp,max temp,min temp,hdd,cdd,avg rh,average dp,max dp,min dp,avg wind speed,max wind speed,avg ghr,max ghr,avg dnr,max dnr,avg dhr,max dhr
0,CA,Kern County,G0600290,1980-1999,18.44311976425167,42.44293975830078,-5.220588207244873,1335.7885720530564,1388.027286005069,38.80752187373976,2.1463518760222815,13.568374264767586,-7.6225072207328655,3.209531923434506,6.7489848136901855,216.30753424657533,1020,227.54067791774506,958.596923828125,66.77408675799087,580
