,state,county,gisjoin,year range,avg temp,max temp,min temp,hdd,cdd,avg rh,average dp,max dp,min dp,avg wind speed,max wind speed,avg ghr,max ghr,avg dnr,max dnr,avg dhr,max dhr
0,CA,Kern County,G0600290,2000-2019,19.54473091275632,42.63941192626953,-2.069999933242798,1210.8783602796425,1665.2051434357272,39.86986021723377,3.4354154726133834,12.832747066315276,-7.186878507791149,3.212152066527436,6.68626070022583,216.30753424657533,1020,226.0057201431714,960.3513793945312,66.77408675799087,580
