,state,county,gisjoin,year range,avg temp,max temp,min temp,hdd,cdd,avg rh,average dp,max dp,min dp,avg wind speed,max wind speed,avg ghr,max ghr,avg dnr,max dnr,avg dhr,max dhr
0,CA,Kern County,G0600290,2020-2039,20.01501173034053,42.283145904541016,-1.5310522317886353,1097.1892684401134,1723.1685500144079,39.94589576612324,3.9427954758873303,13.847775978881788,-10.017931539361046,3.191640362715068,6.753742694854736,216.30753424657533,1020,225.4274243655626,967.1575317382812,66.77408675799087,580
