,state,county,gisjoin,year range,avg temp,max temp,min temp,hdd,cdd,avg rh,average dp,max dp,min dp,avg wind speed,max wind speed,avg ghr,max ghr,avg dnr,max dnr,avg dhr,max dhr
0,IL,White County,G1701930,1980-1999,12.54122636100954,35.69333267211914,-20.856666564941406,2903.1082383698504,801.1558601379869,70.0045288930745,6.525417625442761,22.335594343321254,-20.85666711371559,4.003687284553432,9.751224517822266,176.99851598173515,978,187.15051724504676,921.7254638671876,73.44280821917808,587
