,state,county,gisjoin,year range,avg temp,max temp,min temp,hdd,cdd,avg rh,average dp,max dp,min dp,avg wind speed,max wind speed,avg ghr,max ghr,avg dnr,max dnr,avg dhr,max dhr
0,IL,White County,G1701930,2020-2039,14.520656499907759,39.759056091308594,-14.698412895202637,2402.441006453535,1022.9806289196626,70.46862799696726,8.528233235467537,24.09790946563364,-14.698414392020444,3.8693536775297224,9.853763580322266,176.99851598173515,978,184.4239161312215,924.0408935546876,73.44280821917808,587
