,state,county,gisjoin,year range,avg temp,max temp,min temp,hdd,cdd,avg rh,average dp,max dp,min dp,avg wind speed,max wind speed,avg ghr,max ghr,avg dnr,max dnr,avg dhr,max dhr
0,IL,White County,G1701930,2080-2099,18.16468719170502,40.85150146484375,-11.690999984741213,1742.980944754753,1693.5917697269954,71.18502383580491,12.200714687941524,28.040565636106944,-11.691000131494269,3.843311062808995,8.545960426330566,176.99851598173515,978,176.3583098600262,902.1676025390624,73.44280821917808,587
