,state,county,gisjoin,year range,avg temp,max temp,min temp,hdd,cdd,avg rh,average dp,max dp,min dp,avg wind speed,max wind speed,avg ghr,max ghr,avg dnr,max dnr,avg dhr,max dhr
0,TX,McLennan County,G4803090,2000-2019,19.6666166896825,39.87692260742188,-11.018461227416992,1280.8251427679625,1779.6402345020354,64.73645486004277,12.013078616265096,24.30867620364033,-11.519298950044522,4.420004815271456,9.21187686920166,202.06700913242008,1041,204.60686569851086,947.1737060546876,76.99235159817351,512
