,state,county,gisjoin,year range,avg temp,max temp,min temp,hdd,cdd,avg rh,average dp,max dp,min dp,avg wind speed,max wind speed,avg ghr,max ghr,avg dnr,max dnr,avg dhr,max dhr
0,ND,Sioux County,G3800850,2000-2019,6.699739292585163,35.29133224487305,-29.142000198364254,4703.809566541168,469.71440833410696,57.914465214346095,-2.167100542724546,17.836564702295732,-29.545912763338773,4.505093531603138,10.192131996154783,165.67442922374428,961,186.89519540471585,902.4116821289062,62.67762557077626,529
