,state,county,gisjoin,year range,avg temp,max temp,min temp,hdd,cdd,avg rh,average dp,max dp,min dp,avg wind speed,max wind speed,avg ghr,max ghr,avg dnr,max dnr,avg dhr,max dhr
0,ND,Sioux County,G3800850,2060-2079,9.703972878006551,40.00301361083984,-29.32598876953125,3982.6101059891103,845.0602064609925,55.91546094025651,0.2867216559686674,20.88915484178351,-31.55652245365032,4.273890412683901,10.940889358520508,165.67442922374428,961,182.7124713602345,904.4970092773438,62.67762557077626,529
