,state,county,gisjoin,year range,avg temp,max temp,min temp,hdd,cdd,avg rh,average dp,max dp,min dp,avg wind speed,max wind speed,avg ghr,max ghr,avg dnr,max dnr,avg dhr,max dhr
0,CO,Yuma County,G0801250,1980-1999,9.858696688276707,36.01166534423828,-22.98500061035156,3645.492746886479,564.4170381069392,49.310140105578455,-1.7377450343850764,17.51121544209872,-25.7102431521982,3.9849867485429598,8.498334884643555,156.36929223744292,983,209.53493652016505,974.1771850585938,77.12990867579909,445
