,state,county,gisjoin,year range,avg temp,max temp,min temp,hdd,cdd,avg rh,average dp,max dp,min dp,avg wind speed,max wind speed,avg ghr,max ghr,avg dnr,max dnr,avg dhr,max dhr
0,CO,Yuma County,G0801250,2040-2059,13.124676558443959,39.91486740112305,-22.60752296447754,2916.289423877144,1027.2963677088962,50.924756590634175,1.5812478853776666,19.73271430430279,-22.60752438304284,3.9642780384516607,9.608199119567873,156.36929223744292,983,206.5853593873246,951.0233154296876,77.12990867579909,445
