,state,county,gisjoin,year range,avg temp,max temp,min temp,hdd,cdd,avg rh,average dp,max dp,min dp,avg wind speed,max wind speed,avg ghr,max ghr,avg dnr,max dnr,avg dhr,max dhr
0,CO,Park County,G0800930,2000-2019,4.408566082661463,28.364166259765625,-25.98833274841309,5201.801531277889,131.42815144856536,49.131505978815085,-6.66064999738168,9.06223758199178,-27.775942032489343,4.143891094482108,8.429143905639648,191.01837899543378,1062,232.5134901125541,1057.542724609375,65.93070776255708,519
