,state,county,gisjoin,year range,avg temp,max temp,min temp,hdd,cdd,avg rh,average dp,max dp,min dp,avg wind speed,max wind speed,avg ghr,max ghr,avg dnr,max dnr,avg dhr,max dhr
0,CO,Park County,G0800930,2040-2059,5.779654321406143,29.767465591430664,-32.14364242553711,4768.103490958468,198.17731827099655,49.57916034563491,-5.345007212592251,9.664670207936474,-32.14364626766421,4.127485585539309,7.93538236618042,191.01837899543378,1062,232.17044123132672,1022.5126953125,65.93070776255708,519
