,state,county,gisjoin,year range,avg temp,max temp,min temp,hdd,cdd,avg rh,average dp,max dp,min dp,avg wind speed,max wind speed,avg ghr,max ghr,avg dnr,max dnr,avg dhr,max dhr
0,CO,Park County,G0800930,2080-2099,7.981291374661722,30.421823501586918,-22.376205444335938,4107.422267977187,341.09361972807955,49.60994104326588,-3.303762418939183,10.922679681941904,-24.206673330437557,3.8820812767499113,7.895889282226562,191.01837899543378,1062,228.376349705896,1016.254638671875,65.93070776255708,519
