,state,county,gisjoin,year range,avg temp,max temp,min temp,hdd,cdd,avg rh,average dp,max dp,min dp,avg wind speed,max wind speed,avg ghr,max ghr,avg dnr,max dnr,avg dhr,max dhr
0,FL,Orange County,G1200950,2060-2079,24.339221860897265,38.41077423095703,-1.9579719305038448,324.0219110319327,2528.337890259103,69.58598678275331,17.868525830808686,28.39519993031617,-2.2313018563722737,3.4346657269621548,8.626483917236328,193.07899543378994,1006,191.20323280246316,903.011474609375,83.24052511415525,596
