,state,county,gisjoin,year range,avg temp,max temp,min temp,hdd,cdd,avg rh,average dp,max dp,min dp,avg wind speed,max wind speed,avg ghr,max ghr,avg dnr,max dnr,avg dhr,max dhr
0,FL,Orange County,G1200950,2080-2099,25.530042818624135,38.77718734741211,-2.080392599105835,288.5659258693535,2927.5315546667666,72.39116883364987,19.715992893439363,30.416410578108074,-2.080392956399876,3.331743126699369,6.9679999351501465,193.07899543378994,1006,183.2249297030709,853.3328247070312,83.24052511415525,596
