,state,county,gisjoin,year range,avg temp,max temp,min temp,hdd,cdd,avg rh,average dp,max dp,min dp,avg wind speed,max wind speed,avg ghr,max ghr,avg dnr,max dnr,avg dhr,max dhr
0,ME,Somerset County,G2300250,2020-2039,7.419723332471036,34.530853271484375,-26.638132095336918,4334.134891507266,362.83390785852833,68.2502629425972,1.1189118946306957,22.10852071088236,-26.63813593807821,4.1867648509811595,11.635833740234377,156.49166666666667,968,176.29401790771902,927.6732177734376,60.21632420091324,535
