,state,county,gisjoin,year range,avg temp,max temp,min temp,hdd,cdd,avg rh,average dp,max dp,min dp,avg wind speed,max wind speed,avg ghr,max ghr,avg dnr,max dnr,avg dhr,max dhr
0,ME,Somerset County,G2300250,2060-2079,9.654541339024618,33.39319610595703,-26.348119735717773,3684.501284576207,528.9088733196462,69.72030747840394,3.654368797967862,21.48874481972328,-26.34812035714717,4.17718989420427,11.132911682128906,156.49166666666667,968,172.56777671809786,903.0419311523438,60.21632420091324,535
