,state,county,gisjoin,year range,avg temp,max temp,min temp,hdd,cdd,avg rh,average dp,max dp,min dp,avg wind speed,max wind speed,avg ghr,max ghr,avg dnr,max dnr,avg dhr,max dhr
0,ND,Oliver County,G3800650,2020-2039,6.669660365625022,36.29758071899414,-29.36992073059082,4717.1696103063005,472.09564375878335,57.94046261310577,-2.2529780866661886,18.50712683454297,-29.36992380677128,4.439629523013825,9.37736701965332,165.67442922374428,961,179.39613274390783,888.8701782226562,62.63972602739726,529
