,state,county,gisjoin,year range,avg temp,max temp,min temp,hdd,cdd,avg rh,average dp,max dp,min dp,avg wind speed,max wind speed,avg ghr,max ghr,avg dnr,max dnr,avg dhr,max dhr
0,WI,Buffalo County,G5500110,2080-2099,12.954734534409528,39.25269317626953,-19.802722930908203,3099.9135004135046,1148.8916054726258,69.39308588580998,6.749858633720021,27.272217519106075,-19.802723092407884,3.8661346801339764,8.89660358428955,157.95262557077626,971,169.42417920837534,911.5917358398438,65.47317351598174,619
