,state,county,gisjoin,year range,avg temp,max temp,min temp,hdd,cdd,avg rh,average dp,max dp,min dp,avg wind speed,max wind speed,avg ghr,max ghr,avg dnr,max dnr,avg dhr,max dhr
0,KY,Powell County,G2101970,2040-2059,15.641982756935995,36.39485931396485,-12.828292846679688,2112.7273324287726,1142.5510387103498,69.65892958510412,9.343966123702657,23.36581928882391,-12.828293352626307,3.550705594981098,7.992940425872803,167.09063926940638,986,184.96160955038255,943.59619140625,74.89326484018265,524
