,state,county,gisjoin,year range,avg temp,max temp,min temp,hdd,cdd,avg rh,average dp,max dp,min dp,avg wind speed,max wind speed,avg ghr,max ghr,avg dnr,max dnr,avg dhr,max dhr
0,TX,Gregg County,G4801830,2000-2019,18.984025399857487,38.62200164794922,-11.16249942779541,1364.2355989898253,1613.9048699378409,68.85090514165626,12.382527825833014,26.177722727516176,-11.16250033452866,4.03937953694226,9.067209243774414,194.5595890410959,1019,199.97387936764724,934.8602905273438,57.294292237442924,446
