,state,county,gisjoin,year range,avg temp,max temp,min temp,hdd,cdd,avg rh,average dp,max dp,min dp,avg wind speed,max wind speed,avg ghr,max ghr,avg dnr,max dnr,avg dhr,max dhr
0,TX,Gregg County,G4801830,2080-2099,22.914216303830056,42.90031814575195,-4.412627696990967,861.7220170877691,2545.910967985526,67.77306852471338,15.902214799218596,31.15046826839408,-4.412627802690125,4.080869742288981,8.873519897460938,194.5595890410959,1019,188.34104182849313,896.9186401367188,57.294292237442924,446
