,state,county,gisjoin,year range,avg temp,max temp,min temp,hdd,cdd,avg rh,average dp,max dp,min dp,avg wind speed,max wind speed,avg ghr,max ghr,avg dnr,max dnr,avg dhr,max dhr
0,AR,Lafayette County,G0500730,1980-1999,17.024686424083132,38.060001373291016,-10.851176261901855,1693.7071561520013,1228.2177009424358,69.31983371760747,10.6221394342892,23.93538161353033,-10.851177020624874,3.351203972672763,8.657867431640625,181.84657534246574,1007,198.99430519499748,955.2520751953124,72.51495433789954,584
