,state,county,gisjoin,year range,avg temp,max temp,min temp,hdd,cdd,avg rh,average dp,max dp,min dp,avg wind speed,max wind speed,avg ghr,max ghr,avg dnr,max dnr,avg dhr,max dhr
0,WV,Pendleton County,G5400710,2040-2059,12.358157708475701,33.30134582519531,-16.105318069458008,2795.3531842018833,626.580747795138,67.76220355469343,5.74493776027032,20.029975309848705,-16.105319978623815,5.281133693864901,13.610706329345703,175.60091324200914,1016,191.1634141701137,956.7476806640624,71.70296803652968,634
