,state,county,gisjoin,year range,avg temp,max temp,min temp,hdd,cdd,avg rh,average dp,max dp,min dp,avg wind speed,max wind speed,avg ghr,max ghr,avg dnr,max dnr,avg dhr,max dhr
0,KY,Shelby County,G2102110,2000-2019,13.937632497892153,34.75857162475586,-17.48285675048828,2486.940137148127,894.6759988785328,69.56268303905992,7.729225303526567,23.592312370869625,-17.48285664366818,4.152659786400729,9.10208511352539,153.51255707762556,995,187.27189241691633,937.295166015625,75.63127853881278,626
