,state,county,gisjoin,year range,avg temp,max temp,min temp,hdd,cdd,avg rh,average dp,max dp,min dp,avg wind speed,max wind speed,avg ghr,max ghr,avg dnr,max dnr,avg dhr,max dhr
0,KY,Shelby County,G2102110,2040-2059,15.717558706289198,37.26137924194336,-13.328339576721191,2147.702672174433,1205.111599969936,70.16643803478921,9.600029499976367,24.75352074148072,-13.328340913823236,4.1345672340425725,10.330255508422852,153.51255707762556,995,182.5280724365577,914.78076171875,75.63127853881278,626
