,state,county,gisjoin,year range,avg temp,max temp,min temp,hdd,cdd,avg rh,average dp,max dp,min dp,avg wind speed,max wind speed,avg ghr,max ghr,avg dnr,max dnr,avg dhr,max dhr
0,FL,Osceola County,G1200970,1980-1999,22.283284805729544,35.0910530090332,-1.0905262231826782,497.51394365447385,1951.4128977455846,68.6383807356499,15.628683945593924,25.513926882864144,-1.0905262537824891,3.40393131465128,7.120866298675537,187.7845890410959,1021,199.8318495880388,947.5587768554688,84.89463470319635,586
