,state,county,gisjoin,year range,avg temp,max temp,min temp,hdd,cdd,avg rh,average dp,max dp,min dp,avg wind speed,max wind speed,avg ghr,max ghr,avg dnr,max dnr,avg dhr,max dhr
0,FL,Osceola County,G1200970,2000-2019,23.16090453416109,35.72947311401367,0.8673684000968933,390.68597843498355,2164.9161334035284,69.24222644627366,16.63592004302399,26.111749996760285,-0.1086077793871153,3.382382548181978,8.099691390991211,187.7845890410959,1021,197.26609003501417,935.9879150390624,84.89463470319635,586
