,state,county,gisjoin,year range,avg temp,max temp,min temp,hdd,cdd,avg rh,average dp,max dp,min dp,avg wind speed,max wind speed,avg ghr,max ghr,avg dnr,max dnr,avg dhr,max dhr
0,FL,Osceola County,G1200970,2040-2059,24.38064173289562,37.89631271362305,0.2896588742733001,323.20086202448516,2542.635094531048,70.17810318959903,18.049540064924248,29.009949766229653,0.0012796602862342,3.326538893294661,7.547475337982178,187.7845890410959,1021,191.8419904349404,876.5194091796875,84.89463470319635,586
