,state,county,gisjoin,year range,avg temp,max temp,min temp,hdd,cdd,avg rh,average dp,max dp,min dp,avg wind speed,max wind speed,avg ghr,max ghr,avg dnr,max dnr,avg dhr,max dhr
0,FL,Osceola County,G1200970,2060-2079,24.584648378854048,36.98817443847656,-2.038300037384033,292.39794770455745,2586.2946059859446,68.7669379375841,17.88586681769645,28.07777971702963,-2.2284555265875805,3.265296618415885,6.629612445831299,187.7845890410959,1021,193.29872898434468,902.2261962890624,84.89463470319635,586
