,state,county,gisjoin,year range,avg temp,max temp,min temp,hdd,cdd,avg rh,average dp,max dp,min dp,avg wind speed,max wind speed,avg ghr,max ghr,avg dnr,max dnr,avg dhr,max dhr
0,UT,Emery County,G4900150,2020-2039,11.73909167306014,37.42368316650391,-17.0780029296875,3195.857366916182,801.1258275827167,38.696513200786015,-3.8346735240772687,9.805963297364285,-22.390534267335457,3.150450069773687,11.822065353393556,201.27328767123288,1050,227.58658370136664,1013.378662109375,64.15091324200914,462
