,state,county,gisjoin,year range,avg temp,max temp,min temp,hdd,cdd,avg rh,average dp,max dp,min dp,avg wind speed,max wind speed,avg ghr,max ghr,avg dnr,max dnr,avg dhr,max dhr
0,MS,Tippah County,G2801390,2020-2039,16.654630838517477,36.65162658691406,-13.606061935424805,1813.0982676151489,1212.5385236740888,69.67913045600125,10.332656421480868,24.10992015983686,-13.606062691701045,4.240464150497358,10.344080924987791,181.76803652968036,1007,193.11832533717828,934.3092651367188,74.22408675799086,558
