,state,county,gisjoin,year range,avg temp,max temp,min temp,hdd,cdd,avg rh,average dp,max dp,min dp,avg wind speed,max wind speed,avg ghr,max ghr,avg dnr,max dnr,avg dhr,max dhr
0,MS,Tippah County,G2801390,2080-2099,20.10749339710526,39.89912033081055,-10.11448574066162,1305.3439156793622,1965.0790056227036,70.08748617890762,13.778910265876572,27.09666279608799,-10.114486804116162,4.1495693458541885,10.417530059814451,181.76803652968036,1007,185.5734754968644,949.2498779296876,74.22408675799086,558
