,state,county,gisjoin,year range,avg temp,max temp,min temp,hdd,cdd,avg rh,average dp,max dp,min dp,avg wind speed,max wind speed,avg ghr,max ghr,avg dnr,max dnr,avg dhr,max dhr
0,MS,Pike County,G2801130,1980-1999,17.901446298057838,36.37473678588867,-8.285789489746094,1440.0099567545,1294.5378555457678,70.82536193028977,11.793829642790017,25.23264470104047,-8.285790443805828,3.9405314174416946,9.482585906982422,182.13036529680366,1009,202.14111419736682,938.4682006835938,80.48150684931507,618
