,state,county,gisjoin,year range,avg temp,max temp,min temp,hdd,cdd,avg rh,average dp,max dp,min dp,avg wind speed,max wind speed,avg ghr,max ghr,avg dnr,max dnr,avg dhr,max dhr
0,MS,Pike County,G2801130,2020-2039,19.815490131457505,36.60249328613281,-6.402349948883057,1119.0118705459229,1672.1657685279042,70.30142271202993,13.547004901661166,25.38559178454612,-6.402350034459729,3.857388906936123,8.537408828735352,182.13036529680366,1009,198.3155797938399,933.725830078125,80.48150684931507,618
