,state,county,gisjoin,year range,avg temp,max temp,min temp,hdd,cdd,avg rh,average dp,max dp,min dp,avg wind speed,max wind speed,avg ghr,max ghr,avg dnr,max dnr,avg dhr,max dhr
0,KS,Clay County,G2000270,2040-2059,15.05430750250055,42.74159240722656,-19.723974227905277,2519.657922952445,1334.9801613649445,63.66205320826404,7.275869107284569,26.97862273979127,-19.72397492326128,3.962529281720723,7.434002876281738,173.40833333333333,994,186.65407801752323,933.9342651367188,71.29143835616438,613
