,state,county,gisjoin,year range,avg temp,max temp,min temp,hdd,cdd,avg rh,average dp,max dp,min dp,avg wind speed,max wind speed,avg ghr,max ghr,avg dnr,max dnr,avg dhr,max dhr
0,AL,Escambia County,G0100530,1980-1999,18.279978926914087,35.233890533447266,-7.35444450378418,1297.2277853715898,1289.9200936954155,70.62318460669147,12.142541532856669,24.00680071249201,-7.35444430928437,3.518307814900189,8.878299713134766,182.32180365296804,1013,201.2686886416414,935.9521484375,81.05114155251141,612
