,state,county,gisjoin,year range,avg temp,max temp,min temp,hdd,cdd,avg rh,average dp,max dp,min dp,avg wind speed,max wind speed,avg ghr,max ghr,avg dnr,max dnr,avg dhr,max dhr
0,WA,Cowlitz County,G5300150,2080-2099,14.297971788006643,38.11467361450195,-3.9780683517456055,2026.6644033397888,565.9241059621382,69.50380656359947,7.919261742580918,16.78965169973989,-3.97806861519794,4.099493312182492,10.146419525146484,143.38470319634703,939,159.41590584470515,863.213134765625,66.52762557077625,457
