,state,county,gisjoin,year range,avg temp,max temp,min temp,hdd,cdd,avg rh,average dp,max dp,min dp,avg wind speed,max wind speed,avg ghr,max ghr,avg dnr,max dnr,avg dhr,max dhr
0,ND,Stutsman County,G3800930,2020-2039,6.9418605061703245,37.11833953857422,-30.270170211791992,4693.5471621776405,547.8262469291872,57.06407070671587,-2.0522239904824247,19.999203867069344,-31.116072601605527,4.767997516181371,11.817760467529297,142.9428082191781,950,176.4537341674782,885.4972534179688,62.02511415525114,503
