,state,county,gisjoin,year range,avg temp,max temp,min temp,hdd,cdd,avg rh,average dp,max dp,min dp,avg wind speed,max wind speed,avg ghr,max ghr,avg dnr,max dnr,avg dhr,max dhr
0,OR,Crook County,G4100130,1980-1999,8.161257433783186,33.83000183105469,-18.5957145690918,4016.5431021693707,315.90206549961744,48.516100289070444,-4.038622832045976,6.1175944206911,-22.89095258681039,3.304910612432924,7.821488857269287,181.56712328767122,1019,202.46937612685997,958.6302490234376,65.17819634703196,512
