,state,county,gisjoin,year range,avg temp,max temp,min temp,hdd,cdd,avg rh,average dp,max dp,min dp,avg wind speed,max wind speed,avg ghr,max ghr,avg dnr,max dnr,avg dhr,max dhr
0,WI,Adams County,G5500010,2020-2039,8.800198932237802,38.684837341308594,-28.288360595703125,4010.1155359753043,542.6881462415282,67.5293984792004,2.349793814781596,22.29339296340613,-28.28836194024265,3.9858834204064113,9.28514575958252,150.56940639269408,968,176.89822038746627,907.3282470703124,65.96461187214612,562
