,state,county,gisjoin,year range,avg temp,max temp,min temp,hdd,cdd,avg rh,average dp,max dp,min dp,avg wind speed,max wind speed,avg ghr,max ghr,avg dnr,max dnr,avg dhr,max dhr
0,WI,Adams County,G5500010,2040-2059,10.139132233954763,34.81932830810547,-24.682212829589844,3721.805460857358,743.0887262503703,68.03837753322027,3.7696860232580924,25.33161379137829,-24.68221521163872,4.049205914289439,9.761887550354004,150.56940639269408,968,173.31058537438017,889.8573608398438,65.96461187214612,562
