,state,county,gisjoin,year range,avg temp,max temp,min temp,hdd,cdd,avg rh,average dp,max dp,min dp,avg wind speed,max wind speed,avg ghr,max ghr,avg dnr,max dnr,avg dhr,max dhr
0,NE,Webster County,G3101810,1980-1999,10.084145929273944,36.882999420166016,-20.215999603271484,3664.879242716963,666.0925069014548,60.5786434739692,1.7271610258617545,21.30224576109439,-22.201653138269357,4.347657739217968,10.17772102355957,176.1351598173516,981,197.46088158362474,961.4970703125,62.68127853881278,555
