,state,county,gisjoin,year range,avg temp,max temp,min temp,hdd,cdd,avg rh,average dp,max dp,min dp,avg wind speed,max wind speed,avg ghr,max ghr,avg dnr,max dnr,avg dhr,max dhr
0,NE,Webster County,G3101810,2020-2039,12.337674507028003,40.21366882324219,-20.08946418762207,3090.6857319199876,914.4369269848407,58.8475641241901,3.4026914511781183,22.88608755019202,-24.08596470487567,4.304112213142386,9.580852508544922,176.1351598173516,981,192.71079638861568,947.8967895507812,62.68127853881278,555
