,state,county,gisjoin,year range,avg temp,max temp,min temp,hdd,cdd,avg rh,average dp,max dp,min dp,avg wind speed,max wind speed,avg ghr,max ghr,avg dnr,max dnr,avg dhr,max dhr
0,NE,Webster County,G3101810,2080-2099,16.60011665463643,42.258827209472656,-17.927892684936523,2252.914001521876,1632.4565804639972,58.21150273471118,7.1743073202520575,24.987327219854333,-18.19434532723629,4.28687635805781,10.37813663482666,176.1351598173516,981,189.16977967251518,925.5050048828124,62.68127853881278,555
