,state,county,gisjoin,year range,avg temp,max temp,min temp,hdd,cdd,avg rh,average dp,max dp,min dp,avg wind speed,max wind speed,avg ghr,max ghr,avg dnr,max dnr,avg dhr,max dhr
0,NC,Chowan County,G3700410,2080-2099,20.491584711563593,39.15902328491211,-5.679390907287598,1158.5026281320477,1958.431047852663,70.77142998181522,14.379895694567624,28.809621781532485,-5.679391454697365,3.1304270948449227,7.670810699462891,181.76232876712328,985,178.5758180983202,901.8279418945312,69.69851598173516,553
