,state,county,gisjoin,year range,avg temp,max temp,min temp,hdd,cdd,avg rh,average dp,max dp,min dp,avg wind speed,max wind speed,avg ghr,max ghr,avg dnr,max dnr,avg dhr,max dhr
0,NC,Vance County,G3701810,2000-2019,15.302296490435046,36.608665466308594,-12.953332901000977,2122.3687099915564,1028.206929000284,67.03801834289342,8.382391086800965,23.501153689238127,-12.98645656408292,3.7425779515749786,8.583072662353516,181.42796803652968,1003,194.32136110883135,951.4042358398438,80.32043378995434,635
