,state,county,gisjoin,year range,avg temp,max temp,min temp,hdd,cdd,avg rh,average dp,max dp,min dp,avg wind speed,max wind speed,avg ghr,max ghr,avg dnr,max dnr,avg dhr,max dhr
0,NC,Vance County,G3701810,2060-2079,17.45534104812081,39.44580841064453,-9.744665145874023,1694.1692940751984,1385.8687766393666,68.82931538847484,10.917893694048034,25.0988166964442,-9.74466498197684,3.8682584818095376,9.346753120422363,181.42796803652968,1003,189.64186594120991,916.3319091796876,80.32043378995434,635
