,state,county,gisjoin,year range,avg temp,max temp,min temp,hdd,cdd,avg rh,average dp,max dp,min dp,avg wind speed,max wind speed,avg ghr,max ghr,avg dnr,max dnr,avg dhr,max dhr
0,MT,Hill County,G3000410,2020-2039,8.263536495535414,37.38379669189453,-32.45161056518555,4205.523837930966,542.2146588007745,47.70794000941324,-3.6813553196088162,15.347709280716304,-32.96496964566906,3.73838053664116,8.138665199279785,157.9478310502283,947,184.64356138483964,910.6812744140624,57.928196347031964,527
