,state,county,gisjoin,year range,avg temp,max temp,min temp,hdd,cdd,avg rh,average dp,max dp,min dp,avg wind speed,max wind speed,avg ghr,max ghr,avg dnr,max dnr,avg dhr,max dhr
0,DE,New Castle County,G1000030,2060-2079,15.85058021839796,36.36079406738281,-12.144522666931152,2083.2029489581782,1189.1647286733717,72.85036286240843,10.44884880134039,26.750795070566955,-12.14452274320244,4.393605562105571,12.149022102355955,168.7845890410959,996,173.0984794833279,898.0038452148438,75.07294520547946,513
