,state,county,gisjoin,year range,avg temp,max temp,min temp,hdd,cdd,avg rh,average dp,max dp,min dp,avg wind speed,max wind speed,avg ghr,max ghr,avg dnr,max dnr,avg dhr,max dhr
0,IN,Tippecanoe County,G1801570,2040-2059,13.761394396305924,38.918434143066406,-14.131475448608398,2698.731431087699,1042.1403857390703,69.91295422614982,7.709876772205998,26.99537652707699,-15.361095602623593,4.10677231205925,8.307196617126465,148.77728310502283,955,175.05204775149284,913.7036743164062,72.89657534246575,606
