,state,county,gisjoin,year range,avg temp,max temp,min temp,hdd,cdd,avg rh,average dp,max dp,min dp,avg wind speed,max wind speed,avg ghr,max ghr,avg dnr,max dnr,avg dhr,max dhr
0,IN,Randolph County,G1801350,1980-1999,9.313981519430316,33.8693733215332,-28.21125030517578,3763.617339162958,483.7205937544649,69.94047684146933,3.462841532501258,22.305174954656398,-28.21125075753338,4.034821255294156,10.783604621887209,150.63915525114155,973,181.9994208180943,945.6344604492188,75.52602739726028,650
