,state,county,gisjoin,year range,avg temp,max temp,min temp,hdd,cdd,avg rh,average dp,max dp,min dp,avg wind speed,max wind speed,avg ghr,max ghr,avg dnr,max dnr,avg dhr,max dhr
0,IN,Randolph County,G1801350,2040-2059,12.810619071649919,37.67628860473633,-15.55871868133545,2870.7157777238904,867.0917388757583,70.84789821589918,6.997444279154687,23.510669670481104,-15.879461852418356,3.9478871112816956,9.324413299560549,150.63915525114155,973,177.97786698406836,923.6590576171876,75.52602739726028,650
