,state,county,gisjoin,year range,avg temp,max temp,min temp,hdd,cdd,avg rh,average dp,max dp,min dp,avg wind speed,max wind speed,avg ghr,max ghr,avg dnr,max dnr,avg dhr,max dhr
0,IN,Randolph County,G1801350,2080-2099,15.303495121195883,37.14231872558594,-16.82528305053711,2359.140355135104,1265.416074371411,70.12764901875362,9.22365652401412,26.894783819553624,-16.921910409733492,3.7752163450875784,9.33004379272461,150.63915525114155,973,174.00947017507204,923.8812255859376,75.52602739726028,650
