,state,county,gisjoin,year range,avg temp,max temp,min temp,hdd,cdd,avg rh,average dp,max dp,min dp,avg wind speed,max wind speed,avg ghr,max ghr,avg dnr,max dnr,avg dhr,max dhr
0,KS,Cowley County,G2000350,1980-1999,13.801902170874353,38.90529251098633,-17.485294342041016,2645.86982220181,1004.0641145706755,64.51970090212887,6.355255279233045,23.291620950944555,-18.130042000372036,4.4829621958406,9.484647750854492,178.28470319634704,997,195.519684567683,968.0457763671876,70.87191780821918,618
