,state,county,gisjoin,year range,avg temp,max temp,min temp,hdd,cdd,avg rh,average dp,max dp,min dp,avg wind speed,max wind speed,avg ghr,max ghr,avg dnr,max dnr,avg dhr,max dhr
0,KS,Cowley County,G2000350,2000-2019,14.887735963975915,39.957645416259766,-16.979412078857422,2425.160612075607,1179.6842389266355,65.12361626668608,7.530549734986528,25.158840024006302,-17.7378072651323,4.4107605741448594,10.506609916687012,178.28470319634704,997,194.08767424896712,940.1517333984376,70.87191780821918,618
