,state,county,gisjoin,year range,avg temp,max temp,min temp,hdd,cdd,avg rh,average dp,max dp,min dp,avg wind speed,max wind speed,avg ghr,max ghr,avg dnr,max dnr,avg dhr,max dhr
0,KS,Cowley County,G2000350,2060-2079,17.72313533435386,42.20263671875,-16.255760192871094,1903.8320516557515,1693.2764486947851,67.29869242204379,10.726850118365295,27.14149437804996,-16.255761836765384,4.326029799409109,10.391989707946776,178.28470319634704,997,188.209885159799,906.400390625,70.87191780821918,618
