,state,county,gisjoin,year range,avg temp,max temp,min temp,hdd,cdd,avg rh,average dp,max dp,min dp,avg wind speed,max wind speed,avg ghr,max ghr,avg dnr,max dnr,avg dhr,max dhr
0,FL,Franklin County,G1200370,2020-2039,21.285306442999172,36.85631942749024,-6.4771409034729,686.9484833850914,1776.5853350796945,70.42248116911274,15.102483964192118,25.711137200470603,-6.477141484803099,3.631755260476783,8.42124080657959,190.99440639269406,1046,196.59295855369646,914.7516479492188,78.32043378995434,514
