,state,county,gisjoin,year range,avg temp,max temp,min temp,hdd,cdd,avg rh,average dp,max dp,min dp,avg wind speed,max wind speed,avg ghr,max ghr,avg dnr,max dnr,avg dhr,max dhr
0,FL,Franklin County,G1200370,2060-2079,22.443911167842792,36.97682571411133,-4.067398548126221,612.581511061497,2125.109087323918,71.15477504033477,16.40158837495219,27.954471462772418,-4.06739874072326,3.6609239015405035,8.46951961517334,190.99440639269406,1046,192.51098490421867,915.0905151367188,78.32043378995434,514
