,state,county,gisjoin,year range,avg temp,max temp,min temp,hdd,cdd,avg rh,average dp,max dp,min dp,avg wind speed,max wind speed,avg ghr,max ghr,avg dnr,max dnr,avg dhr,max dhr
0,NE,Clay County,G3100350,2060-2079,14.153889566562118,39.80773162841797,-16.701183319091797,2729.625102430851,1216.2947942257633,62.0443941228466,6.0428279232934985,24.55358638631782,-17.83878755133885,4.436750252851068,9.834314346313477,176.1351598173516,981,186.7246274466508,926.5164794921876,62.68139269406392,555
