,state,county,gisjoin,year range,avg temp,max temp,min temp,hdd,cdd,avg rh,average dp,max dp,min dp,avg wind speed,max wind speed,avg ghr,max ghr,avg dnr,max dnr,avg dhr,max dhr
0,OR,Lane County,G4100390,2020-2039,12.56179826840427,39.553897857666016,-6.28528356552124,2517.333573693375,422.8899416605706,65.06263189914564,5.002732111284094,14.297259329050997,-7.539269861249332,3.2880795932795905,7.54865837097168,154.3563926940639,1018,175.0019052561109,909.3998413085938,62.607077625570774,570
