,state,county,gisjoin,year range,avg temp,max temp,min temp,hdd,cdd,avg rh,average dp,max dp,min dp,avg wind speed,max wind speed,avg ghr,max ghr,avg dnr,max dnr,avg dhr,max dhr
0,TX,Lamb County,G4802790,2080-2099,18.952804136298464,42.93852996826172,-7.47397518157959,1612.63718771121,1850.9106974600656,49.55599917543533,6.513339453940792,23.36856259116187,-14.018348866503976,4.4849800923915755,9.40341854095459,210.74920091324202,1043,222.9839259025349,982.5369873046876,65.40388127853882,643
