,state,county,gisjoin,year range,avg temp,max temp,min temp,hdd,cdd,avg rh,average dp,max dp,min dp,avg wind speed,max wind speed,avg ghr,max ghr,avg dnr,max dnr,avg dhr,max dhr
0,GA,Jones County,G1301690,1980-1999,16.941233711657603,37.30705642700195,-8.71823501586914,1635.4261559402232,1139.476460695345,67.9175918080491,10.164012676408056,23.466598046053548,-9.321592635564086,3.3748353203818136,7.666421413421631,191.99166666666667,1021,202.70275595089873,962.38134765625,78.06712328767124,512
