,state,county,gisjoin,year range,avg temp,max temp,min temp,hdd,cdd,avg rh,average dp,max dp,min dp,avg wind speed,max wind speed,avg ghr,max ghr,avg dnr,max dnr,avg dhr,max dhr
0,GA,Jones County,G1301690,2020-2039,18.659587371050907,38.46078872680664,-6.812385082244873,1335.6277182038184,1466.877108637503,68.01781804093487,11.845656990275323,24.981532814067585,-7.0159004171383685,3.502012482122199,10.126587867736816,191.99166666666667,1021,198.94663437499008,957.989013671875,78.06712328767124,512
