,state,county,gisjoin,year range,avg temp,max temp,min temp,hdd,cdd,avg rh,average dp,max dp,min dp,avg wind speed,max wind speed,avg ghr,max ghr,avg dnr,max dnr,avg dhr,max dhr
0,GA,Jones County,G1301690,2060-2079,20.045203871365015,40.34473037719727,-5.600583076477051,1125.2847356606735,1762.2841487088638,68.85607122591097,13.414669529680024,26.78039178173675,-5.60058370487057,3.4712621932432532,8.321954727172852,191.99166666666667,1021,195.80370882547717,946.07568359375,78.06712328767124,512
