,state,county,gisjoin,year range,avg temp,max temp,min temp,hdd,cdd,avg rh,average dp,max dp,min dp,avg wind speed,max wind speed,avg ghr,max ghr,avg dnr,max dnr,avg dhr,max dhr
0,GA,Jones County,G1301690,2080-2099,21.742871583894438,43.24500274658203,-5.171041011810303,984.2010767207165,2240.8492048420285,68.93716271783663,15.022762019507018,29.37789561103444,-5.171041319642828,3.4760081735443853,9.410223007202148,191.99166666666667,1021,192.5429505683965,944.6326904296876,78.06712328767124,512
