,state,county,gisjoin,year range,avg temp,max temp,min temp,hdd,cdd,avg rh,average dp,max dp,min dp,avg wind speed,max wind speed,avg ghr,max ghr,avg dnr,max dnr,avg dhr,max dhr
0,MT,Sweet Grass County,G3000970,2000-2019,9.214929400688687,36.891998291015625,-31.25,3799.774540718705,483.72377196949105,53.06286615171389,-1.2131141337991247,13.168686604526073,-31.2500009802588,3.455665309461829,6.351225852966309,170.2400684931507,997,190.91631986710027,929.8275756835938,59.87328767123287,433
