,state,county,gisjoin,year range,avg temp,max temp,min temp,hdd,cdd,avg rh,average dp,max dp,min dp,avg wind speed,max wind speed,avg ghr,max ghr,avg dnr,max dnr,avg dhr,max dhr
0,NE,McPherson County,G3101170,1980-1999,8.377007330997145,37.885833740234375,-26.90166664123535,4135.79670625655,513.904382069922,56.636995675356964,-1.0035511900043965,19.415362647319768,-28.688017561636595,4.513111344374478,10.733777046203612,184.49680365296803,997,200.60968648273754,953.4259643554688,65.81860730593607,642
