,state,county,gisjoin,year range,avg temp,max temp,min temp,hdd,cdd,avg rh,average dp,max dp,min dp,avg wind speed,max wind speed,avg ghr,max ghr,avg dnr,max dnr,avg dhr,max dhr
0,NE,McPherson County,G3101170,2000-2019,9.750294477752446,36.869998931884766,-22.740833282470703,3743.232274160098,622.5897585392275,55.31880236368745,-0.0792815372577394,19.20408567600309,-25.89791514757341,4.4790337342922,9.866203308105469,184.49680365296803,997,200.26570864379818,953.4237670898438,65.81860730593607,642
