,state,county,gisjoin,year range,avg temp,max temp,min temp,hdd,cdd,avg rh,average dp,max dp,min dp,avg wind speed,max wind speed,avg ghr,max ghr,avg dnr,max dnr,avg dhr,max dhr
0,PA,Lackawanna County,G4200690,2000-2019,9.757424855169095,36.539283752441406,-21.627857208251957,3630.5503565944964,512.5104287306659,69.3234363092135,3.7005820165300283,21.5588155459611,-22.44320945605861,4.0075177253109135,11.055360794067385,156.14794520547946,977,180.3981040099831,930.9524536132812,78.27625570776256,453
