,state,county,gisjoin,year range,avg temp,max temp,min temp,hdd,cdd,avg rh,average dp,max dp,min dp,avg wind speed,max wind speed,avg ghr,max ghr,avg dnr,max dnr,avg dhr,max dhr
0,PA,Lackawanna County,G4200690,2020-2039,10.567117777131402,35.12021255493164,-20.749197006225582,3389.691784636934,567.1897732893873,68.9659807370678,4.364405246036865,22.353880353872192,-20.74919746550179,4.391730688369438,11.919997215270996,156.14794520547946,977,178.91443691730183,933.7384033203124,78.27625570776256,453
