,state,county,gisjoin,year range,avg temp,max temp,min temp,hdd,cdd,avg rh,average dp,max dp,min dp,avg wind speed,max wind speed,avg ghr,max ghr,avg dnr,max dnr,avg dhr,max dhr
0,PA,Lackawanna County,G4200690,2040-2059,11.790117860062141,35.89897155761719,-16.914688110351562,3114.1178712437304,738.0108901660078,70.64688560712283,5.945261042509908,22.79639127951985,-17.147214402828894,4.7684877274787585,10.424537658691406,156.14794520547946,977,175.3944371726358,907.2276000976562,78.27625570776256,453
