,state,county,gisjoin,year range,avg temp,max temp,min temp,hdd,cdd,avg rh,average dp,max dp,min dp,avg wind speed,max wind speed,avg ghr,max ghr,avg dnr,max dnr,avg dhr,max dhr
0,OK,Cherokee County,G4000210,2080-2099,20.15429783349055,42.5703125,-7.835755825042725,1378.4235989156723,2055.2423081396305,69.71827869502377,13.71975876003111,28.66530779268741,-7.8357561583248705,4.2453720249541815,10.234609603881836,183.3884703196347,1000,186.42529012885296,921.462890625,67.0318493150685,525
