,state,county,gisjoin,year range,avg temp,max temp,min temp,hdd,cdd,avg rh,average dp,max dp,min dp,avg wind speed,max wind speed,avg ghr,max ghr,avg dnr,max dnr,avg dhr,max dhr
0,TX,Moore County,G4803410,1980-1999,13.136229196147537,37.79750061035156,-17.0,2751.4775410307248,866.7011976242567,48.61807473462466,1.0283438769988698,16.338720232526427,-21.813444487083565,4.170528694157187,8.137239456176758,203.4989726027397,1028,224.9496374913632,989.6046142578124,62.547146118721464,487
