,state,county,gisjoin,year range,avg temp,max temp,min temp,hdd,cdd,avg rh,average dp,max dp,min dp,avg wind speed,max wind speed,avg ghr,max ghr,avg dnr,max dnr,avg dhr,max dhr
0,TX,Moore County,G4803410,2020-2039,15.076069539932659,39.586204528808594,-11.996548652648926,2365.79280463071,1189.0581867059764,47.85664964854445,2.570109393006965,19.363895292362454,-16.474180032832336,4.218748023711383,7.771158695220947,203.4989726027397,1028,223.26734569796147,1008.4660034179688,62.547146118721464,487
