,state,county,gisjoin,year range,avg temp,max temp,min temp,hdd,cdd,avg rh,average dp,max dp,min dp,avg wind speed,max wind speed,avg ghr,max ghr,avg dnr,max dnr,avg dhr,max dhr
0,TX,Moore County,G4803410,2080-2099,18.47015187479924,43.04926681518555,-13.95094108581543,1796.146311065351,1858.2517453669286,49.41251406059962,6.283123836501572,22.92232171353939,-15.8419749129424,4.152246745944567,9.501317024230955,203.4989726027397,1028,219.2695068471787,959.3177490234376,62.547146118721464,487
