,state,county,gisjoin,year range,avg temp,max temp,min temp,hdd,cdd,avg rh,average dp,max dp,min dp,avg wind speed,max wind speed,avg ghr,max ghr,avg dnr,max dnr,avg dhr,max dhr
0,WV,Monongalia County,G5400610,2040-2059,14.01145621284232,38.63548278808594,-15.377202987670898,2450.2592719170493,884.9407896042421,69.86681599987152,7.883176025154717,23.23441314544295,-15.377202803318744,4.129336698087927,11.202645301818848,141.4453196347032,972,175.75217680472707,918.6594848632812,76.05719178082192,570
