,state,county,gisjoin,year range,avg temp,max temp,min temp,hdd,cdd,avg rh,average dp,max dp,min dp,avg wind speed,max wind speed,avg ghr,max ghr,avg dnr,max dnr,avg dhr,max dhr
0,WV,Monongalia County,G5400610,2060-2079,14.212487305826174,35.15713119506836,-11.623191833496094,2457.7674382475043,965.8253048738457,70.37946914211255,8.137557013716975,23.72926941351267,-11.623192855540006,4.4514102256461365,11.522483825683594,141.4453196347032,972,173.69889179495792,918.4545288085938,76.05719178082192,570
