,state,county,gisjoin,year range,avg temp,max temp,min temp,hdd,cdd,avg rh,average dp,max dp,min dp,avg wind speed,max wind speed,avg ghr,max ghr,avg dnr,max dnr,avg dhr,max dhr
0,FL,Clay County,G1200190,2080-2099,24.340955700420405,39.74798202514648,-2.602572441101074,456.4582921810709,2661.407122834186,71.821849395151,18.390094792329965,29.80509413590582,-2.6025727690292384,3.8169310718366543,12.369654655456545,189.33447488584474,1027,185.09278158905138,908.2734375,80.17579908675799,573
