,state,county,gisjoin,year range,avg temp,max temp,min temp,hdd,cdd,avg rh,average dp,max dp,min dp,avg wind speed,max wind speed,avg ghr,max ghr,avg dnr,max dnr,avg dhr,max dhr
0,SC,Clarendon County,G4500270,2000-2019,18.166532265535317,37.872352600097656,-9.374117851257324,1483.638790077077,1434.9230669975477,68.29481581640026,11.436127393230853,25.10396749999946,-9.374118159160474,3.7561697750875394,8.770899772644043,186.25011415525114,1012,195.70151494153941,959.29541015625,80.23664383561643,611
