,state,county,gisjoin,year range,avg temp,max temp,min temp,hdd,cdd,avg rh,average dp,max dp,min dp,avg wind speed,max wind speed,avg ghr,max ghr,avg dnr,max dnr,avg dhr,max dhr
0,SC,Clarendon County,G4500270,2080-2099,21.91544481721445,42.58481979370117,-4.976413726806641,950.6032563375092,2270.2406146206117,69.5392525984272,15.350540545271004,29.47379725634652,-4.976414276912403,3.8683538430357634,9.695345878601074,186.25011415525114,1012,186.1738248140239,902.7195434570312,80.23664383561643,611
