,state,county,gisjoin,year range,avg temp,max temp,min temp,hdd,cdd,avg rh,average dp,max dp,min dp,avg wind speed,max wind speed,avg ghr,max ghr,avg dnr,max dnr,avg dhr,max dhr
0,MD,Washington County,G2400430,2000-2019,12.612741987869255,35.848751068115234,-14.626874923706056,2858.7200076819904,782.8708332539046,68.65092549040982,6.269144765379479,22.045854557979585,-14.975677855537318,3.5749559663746453,8.84214973449707,169.90319634703195,987,183.22273430503364,950.2532958984376,72.49178082191781,480
