,state,county,gisjoin,year range,avg temp,max temp,min temp,hdd,cdd,avg rh,average dp,max dp,min dp,avg wind speed,max wind speed,avg ghr,max ghr,avg dnr,max dnr,avg dhr,max dhr
0,MD,Washington County,G2400430,2060-2079,14.896939051253206,36.04050064086914,-15.632162094116213,2332.4207704691075,1090.3035241763453,69.74247903584346,8.735396250458587,24.63831477772472,-15.6321626322341,3.6842017895554844,10.226383209228516,169.90319634703195,987,179.10786290285134,912.3849487304688,72.49178082191781,480
