,state,county,gisjoin,year range,avg temp,max temp,min temp,hdd,cdd,avg rh,average dp,max dp,min dp,avg wind speed,max wind speed,avg ghr,max ghr,avg dnr,max dnr,avg dhr,max dhr
0,FL,DeSoto County,G1200270,2020-2039,23.457580664513216,36.844818115234375,-3.299914121627808,375.9703422083887,2258.4872847554443,66.2439577738444,16.073374759240252,26.569441236709647,-6.714757900796875,3.2768174785457247,7.992477893829346,200.20365296803652,1025,204.76835223336255,949.0272827148438,84.40433789954338,604
