,state,county,gisjoin,year range,avg temp,max temp,min temp,hdd,cdd,avg rh,average dp,max dp,min dp,avg wind speed,max wind speed,avg ghr,max ghr,avg dnr,max dnr,avg dhr,max dhr
0,FL,DeSoto County,G1200270,2060-2079,24.559206082634457,37.73095703125,0.0753034651279449,306.5420740291561,2591.1522941903927,66.56566530123149,17.254556596746472,28.311190240283352,-4.211658848174428,3.0631983799477145,6.666100978851318,200.20365296803652,1025,200.6263170055019,919.9796752929688,84.40433789954338,604
