,state,county,gisjoin,year range,avg temp,max temp,min temp,hdd,cdd,avg rh,average dp,max dp,min dp,avg wind speed,max wind speed,avg ghr,max ghr,avg dnr,max dnr,avg dhr,max dhr
0,GA,Treutlen County,G1302830,1980-1999,17.746191775231498,37.40937423706055,-9.516875267028809,1471.352802114054,1269.2128000737114,67.22312951566965,10.793788041113329,22.790229209877904,-9.516875446165768,3.4680453984568653,8.260031700134277,195.40970319634704,997,205.0322294170162,949.5146484375,80.53070776255707,631
