,state,county,gisjoin,year range,avg temp,max temp,min temp,hdd,cdd,avg rh,average dp,max dp,min dp,avg wind speed,max wind speed,avg ghr,max ghr,avg dnr,max dnr,avg dhr,max dhr
0,GA,Treutlen County,G1302830,2060-2079,21.113380242144483,39.79741668701172,-4.851612091064453,915.439508911185,1942.3232972938158,68.11863391519137,14.273239564320283,25.83198247586929,-4.8516125359135485,3.5644272572577815,8.981350898742676,195.40970319634704,997,198.73724831070083,922.3213500976562,80.53070776255707,631
