,state,county,gisjoin,year range,avg temp,max temp,min temp,hdd,cdd,avg rh,average dp,max dp,min dp,avg wind speed,max wind speed,avg ghr,max ghr,avg dnr,max dnr,avg dhr,max dhr
0,TX,Uvalde County,G4804630,2000-2019,21.117177981239653,39.61600112915039,-2.881999969482422,950.1218218174313,1978.3917849697937,55.92075180310637,10.969122228153045,22.56884982544484,-6.266272864020916,4.157076387209435,7.584102153778076,203.76301369863015,1032,219.57230207987504,976.0713500976562,73.32374429223745,616
