,state,county,gisjoin,year range,avg temp,max temp,min temp,hdd,cdd,avg rh,average dp,max dp,min dp,avg wind speed,max wind speed,avg ghr,max ghr,avg dnr,max dnr,avg dhr,max dhr
0,SC,Laurens County,G4500590,2000-2019,16.88122133140336,39.301876068115234,-10.895000457763672,1762.5796640608007,1244.7254500230958,66.62258343500633,9.788838344776162,22.40708491285477,-10.895001240055072,3.2677163235128743,8.098764419555664,186.07762557077626,1027,196.69739584800266,940.9632568359376,72.85331050228311,480
