,state,county,gisjoin,year range,avg temp,max temp,min temp,hdd,cdd,avg rh,average dp,max dp,min dp,avg wind speed,max wind speed,avg ghr,max ghr,avg dnr,max dnr,avg dhr,max dhr
0,KY,Fleming County,G2100690,2000-2019,13.015385102559216,34.744998931884766,-20.884374618530277,2746.799878014399,817.9154404481728,68.62596339896389,6.580061785808148,22.90909428749277,-20.88437557758225,3.9144490589289904,9.341772079467772,167.09063926940638,986,185.0466899418135,947.2982177734376,74.89326484018265,524
