,state,county,gisjoin,year range,avg temp,max temp,min temp,hdd,cdd,avg rh,average dp,max dp,min dp,avg wind speed,max wind speed,avg ghr,max ghr,avg dnr,max dnr,avg dhr,max dhr
0,IA,Taylor County,G1901730,2000-2019,10.79516734142187,36.415000915527344,-21.670000076293945,3435.944054646132,696.6801342646637,65.88810397152487,3.882150489797181,25.86133414874416,-21.670000632009568,4.677019606224478,9.556312561035156,152.75433789954337,980,185.1819621382269,933.5180053710938,69.0195205479452,593
