,state,county,gisjoin,year range,avg temp,max temp,min temp,hdd,cdd,avg rh,average dp,max dp,min dp,avg wind speed,max wind speed,avg ghr,max ghr,avg dnr,max dnr,avg dhr,max dhr
0,VA,Powhatan County,G5101450,1980-1999,13.264514456617063,34.709373474121094,-13.453125,2580.6255003794026,742.6732770443394,67.726217741509,6.612484783332497,22.561275514465077,-13.549593587769042,3.8268558724285806,8.669232368469238,171.7329908675799,986,193.02000190541034,939.6093139648438,72.65821917808219,448
