,state,county,gisjoin,year range,avg temp,max temp,min temp,hdd,cdd,avg rh,average dp,max dp,min dp,avg wind speed,max wind speed,avg ghr,max ghr,avg dnr,max dnr,avg dhr,max dhr
0,VA,Powhatan County,G5101450,2000-2019,14.49136694183619,36.58562469482422,-12.967499732971191,2306.3794011973237,916.2283349673536,68.17184584979053,7.903168806302958,23.313984850281376,-12.96749993696136,3.867778190194744,8.252462387084961,171.7329908675799,986,189.22649959473262,933.863525390625,72.65821917808219,448
