,state,county,gisjoin,year range,avg temp,max temp,min temp,hdd,cdd,avg rh,average dp,max dp,min dp,avg wind speed,max wind speed,avg ghr,max ghr,avg dnr,max dnr,avg dhr,max dhr
0,VA,Powhatan County,G5101450,2040-2059,16.502664520301895,38.95914077758789,-18.53289031982422,1911.0304691048632,1255.0030190150744,67.61294684388322,9.645852505918937,25.633663939092223,-18.53289147802189,3.780282655154189,10.044715881347656,171.7329908675799,986,187.39143346839492,916.9512939453124,72.65821917808219,448
