,state,county,gisjoin,year range,avg temp,max temp,min temp,hdd,cdd,avg rh,average dp,max dp,min dp,avg wind speed,max wind speed,avg ghr,max ghr,avg dnr,max dnr,avg dhr,max dhr
0,TN,Monroe County,G4701230,2020-2039,15.720515277026129,36.83791732788086,-14.362727165222168,1996.6198476793313,1055.107923793861,68.75123701313315,9.18159728727203,22.23896840040924,-14.362728598380944,2.5585909911758824,7.14479398727417,178.29326484018264,1001,193.24067112109458,974.3704833984376,79.8087899543379,584
