,state,county,gisjoin,year range,avg temp,max temp,min temp,hdd,cdd,avg rh,average dp,max dp,min dp,avg wind speed,max wind speed,avg ghr,max ghr,avg dnr,max dnr,avg dhr,max dhr
0,TN,Monroe County,G4701230,2040-2059,16.988353004635307,36.55715560913086,-9.895403861999512,1788.735100251415,1309.9839469433655,69.90582882889873,10.676817074138537,24.61730277556574,-9.895404645821763,2.51257968261906,6.9189958572387695,178.29326484018264,1001,189.53246779610427,935.844482421875,79.8087899543379,584
