,state,county,gisjoin,year range,avg temp,max temp,min temp,hdd,cdd,avg rh,average dp,max dp,min dp,avg wind speed,max wind speed,avg ghr,max ghr,avg dnr,max dnr,avg dhr,max dhr
0,MN,Rock County,G2701330,2000-2019,8.151439351713622,36.459999084472656,-27.967500686645508,4292.679322901241,588.4546862761445,63.754215516891655,0.7806939381672964,23.607520806480963,-27.9675022713734,4.710986907514807,10.32004737854004,159.0060502283105,961,181.23096862641196,906.42236328125,64.93424657534247,494
