,state,county,gisjoin,year range,avg temp,max temp,min temp,hdd,cdd,avg rh,average dp,max dp,min dp,avg wind speed,max wind speed,avg ghr,max ghr,avg dnr,max dnr,avg dhr,max dhr
0,MN,Rock County,G2701330,2080-2099,12.860628775861747,40.8294677734375,-23.669065475463867,3221.864602181727,1236.4941053709056,66.27943757331535,5.931265868167912,29.80062872934453,-23.669066838445445,4.5517728668369655,9.931724548339844,159.0060502283105,961,172.3233485264414,886.3320922851562,64.93424657534247,494
