,state,county,gisjoin,year range,avg temp,max temp,min temp,hdd,cdd,avg rh,average dp,max dp,min dp,avg wind speed,max wind speed,avg ghr,max ghr,avg dnr,max dnr,avg dhr,max dhr
0,WI,Richland County,G5501030,2040-2059,10.62596461972179,38.40514373779297,-26.28678703308105,3616.9364488247866,815.9135350227788,68.50691183375442,4.321054805678167,26.49424110229647,-26.28679021671939,3.8764958679676056,9.341161727905272,146.55456621004566,966,174.0898089248564,892.5684204101562,71.09634703196348,537
