,state,county,gisjoin,year range,avg temp,max temp,min temp,hdd,cdd,avg rh,average dp,max dp,min dp,avg wind speed,max wind speed,avg ghr,max ghr,avg dnr,max dnr,avg dhr,max dhr
0,TX,Brooks County,G4800470,2000-2019,23.42251099061074,39.59952545166016,-4.226666450500488,591.474988820606,2461.1915003932722,57.70126903884487,13.651757805998114,26.581254347490773,-5.591455465435611,4.692857334684564,9.85189437866211,191.39383561643837,1004,214.88283009509354,990.61328125,80.26803652968036,669
