,state,county,gisjoin,year range,avg temp,max temp,min temp,hdd,cdd,avg rh,average dp,max dp,min dp,avg wind speed,max wind speed,avg ghr,max ghr,avg dnr,max dnr,avg dhr,max dhr
0,AR,Ouachita County,G0501030,1980-1999,16.63461920040528,35.39799880981445,-11.044000625610352,1793.6138163760086,1185.7498245240029,67.24752489203188,9.75917150064065,25.40418179051509,-11.044001968067576,3.985040574857633,9.660598754882812,182.96746575342465,992,199.69887734540487,942.8506469726562,75.37111872146119,627
