,state,county,gisjoin,year range,avg temp,max temp,min temp,hdd,cdd,avg rh,average dp,max dp,min dp,avg wind speed,max wind speed,avg ghr,max ghr,avg dnr,max dnr,avg dhr,max dhr
0,AR,Ouachita County,G0501030,2020-2039,18.213352292415486,38.894962310791016,-10.097928047180176,1546.9307929063352,1515.3043796380077,68.22381662865207,11.44199582529825,24.026678200615823,-10.097929185496024,3.936100929730559,8.296813011169434,182.96746575342465,992,197.5192201023829,934.4698486328124,75.37111872146119,627
