,state,county,gisjoin,year range,avg temp,max temp,min temp,hdd,cdd,avg rh,average dp,max dp,min dp,avg wind speed,max wind speed,avg ghr,max ghr,avg dnr,max dnr,avg dhr,max dhr
0,AR,Ouachita County,G0501030,2060-2079,19.926463141632603,39.47777557373047,-7.131048679351807,1252.5511240180801,1846.2101707139352,69.627074163254,13.450136018663102,26.65072448142799,-7.131049175459021,3.9933714734364862,8.191649436950684,182.96746575342465,992,192.06392864746812,919.1657104492188,75.37111872146119,627
