,state,county,gisjoin,year range,avg temp,max temp,min temp,hdd,cdd,avg rh,average dp,max dp,min dp,avg wind speed,max wind speed,avg ghr,max ghr,avg dnr,max dnr,avg dhr,max dhr
0,ND,Towner County,G3800950,2000-2019,4.598283422491728,32.06733322143555,-34.03800201416016,5322.659943109316,321.5333923180817,56.69275796968643,-4.396544818254843,17.40935268575745,-34.03800303312847,4.279328648167658,9.702662467956545,153.87705479452055,944,174.9042038091528,878.13232421875,58.25684931506849,570
