,state,county,gisjoin,year range,avg temp,max temp,min temp,hdd,cdd,avg rh,average dp,max dp,min dp,avg wind speed,max wind speed,avg ghr,max ghr,avg dnr,max dnr,avg dhr,max dhr
0,KY,Henderson County,G2101010,2040-2059,16.756278580226713,39.42713165283203,-8.886883735656738,1944.4941302614682,1381.0358120442004,70.42508735547871,10.688095163370901,26.16788430098338,-9.755758326552614,3.699291778427281,7.747862339019775,176.99851598173515,978,181.29071405329722,901.3370361328124,73.53881278538813,587
