,state,county,gisjoin,year range,avg temp,max temp,min temp,hdd,cdd,avg rh,average dp,max dp,min dp,avg wind speed,max wind speed,avg ghr,max ghr,avg dnr,max dnr,avg dhr,max dhr
0,ND,Kidder County,G3800430,2040-2059,8.04167616384946,39.88894271850586,-26.289011001586918,4407.970851365635,663.6826511701215,60.11022786277614,-0.22091508208771501,21.660283311212982,-27.267354395777893,4.530475609133777,10.954133987426758,165.67442922374428,961,179.35938268941715,890.3302001953125,62.702511415525116,529
