,state,county,gisjoin,year range,avg temp,max temp,min temp,hdd,cdd,avg rh,average dp,max dp,min dp,avg wind speed,max wind speed,avg ghr,max ghr,avg dnr,max dnr,avg dhr,max dhr
0,ND,Kidder County,G3800430,2060-2079,8.90814587512297,38.66850662231445,-29.063684463500977,4242.32122372923,814.2944681485877,57.98058603920349,0.013039584922266135,23.18148623373013,-30.383306014632403,4.398775367772198,10.163789749145508,165.67442922374428,961,176.73409334847523,879.7061157226562,62.702511415525116,529
