,state,county,gisjoin,year range,avg temp,max temp,min temp,hdd,cdd,avg rh,average dp,max dp,min dp,avg wind speed,max wind speed,avg ghr,max ghr,avg dnr,max dnr,avg dhr,max dhr
0,GA,Coffee County,G1300690,2020-2039,20.033999516916317,40.45504760742188,-5.529770374298096,1039.9076590194627,1672.8174826939,67.4078167547374,13.053598947518783,24.91320149775441,-5.846410507619464,4.000835207159116,9.419812202453612,195.40970319634704,997,202.3061434265718,945.0338134765624,80.53070776255707,631
