,state,county,gisjoin,year range,avg temp,max temp,min temp,hdd,cdd,avg rh,average dp,max dp,min dp,avg wind speed,max wind speed,avg ghr,max ghr,avg dnr,max dnr,avg dhr,max dhr
0,VT,Windham County,G5000250,2080-2099,12.377113708402758,36.25405502319336,-18.169363021850582,2990.9270654769116,829.0735690435218,69.61484480404962,6.18180234212075,26.449437065358804,-18.16936416027322,5.635953713143797,15.482460975646973,157.35045662100455,977,173.0968014169179,913.2597045898438,67.83093607305936,550
