,state,county,gisjoin,year range,avg temp,max temp,min temp,hdd,cdd,avg rh,average dp,max dp,min dp,avg wind speed,max wind speed,avg ghr,max ghr,avg dnr,max dnr,avg dhr,max dhr
0,MI,Lapeer County,G2600870,1980-1999,7.759820470947121,33.501426696777344,-27.621427536010746,4223.121368454132,375.95584034919443,67.39896259852196,1.368468251860611,22.93058815324492,-27.62142849424313,4.415408434402453,10.889328956604004,141.6670091324201,999,178.63518995869964,936.322998046875,72.56335616438356,615
