,state,county,gisjoin,year range,avg temp,max temp,min temp,hdd,cdd,avg rh,average dp,max dp,min dp,avg wind speed,max wind speed,avg ghr,max ghr,avg dnr,max dnr,avg dhr,max dhr
0,MT,Jefferson County,G3000430,1980-1999,5.029906133262889,31.426666259765625,-26.69750022888184,5053.679364496471,210.0951031366947,53.56080097716693,-4.802793324515515,11.769186809601116,-28.85064566341896,4.273949552888739,10.04773235321045,166.54908675799086,979,194.00563848048873,949.2664794921876,62.437100456621,478
