,state,county,gisjoin,year range,avg temp,max temp,min temp,hdd,cdd,avg rh,average dp,max dp,min dp,avg wind speed,max wind speed,avg ghr,max ghr,avg dnr,max dnr,avg dhr,max dhr
0,MT,Jefferson County,G3000430,2080-2099,10.6345329123353,38.45752716064453,-20.64574241638184,3494.4084807948075,696.5129937966952,55.980159738183566,0.8898991358330959,16.66134239701862,-20.754397903598413,3.988066160842164,8.763900756835938,166.54908675799086,979,189.14397298970522,921.5800170898438,62.437100456621,478
