,state,county,gisjoin,year range,avg temp,max temp,min temp,hdd,cdd,avg rh,average dp,max dp,min dp,avg wind speed,max wind speed,avg ghr,max ghr,avg dnr,max dnr,avg dhr,max dhr
0,SC,York County,G4500910,2040-2059,18.274055184763288,39.13029861450195,-11.022950172424316,1517.8315918562364,1508.361734294868,69.6919720390616,11.947570173846058,25.10608930424536,-11.022950898086007,3.5680887970205855,8.769204139709473,186.27317351598174,1013,189.89074953172238,928.4762573242188,75.83424657534246,576
