,state,county,gisjoin,year range,avg temp,max temp,min temp,hdd,cdd,avg rh,average dp,max dp,min dp,avg wind speed,max wind speed,avg ghr,max ghr,avg dnr,max dnr,avg dhr,max dhr
0,ID,Shoshone County,G1600790,1980-1999,6.96019316688257,34.317501068115234,-19.15749931335449,4354.18965307243,215.16015898386243,68.04337153129926,0.5526209351120345,13.295823092505051,-19.157500484378545,4.56871641327257,11.719205856323242,158.28310502283105,960,173.35837729892776,903.0838012695312,60.46404109589041,441
