,state,county,gisjoin,year range,avg temp,max temp,min temp,hdd,cdd,avg rh,average dp,max dp,min dp,avg wind speed,max wind speed,avg ghr,max ghr,avg dnr,max dnr,avg dhr,max dhr
0,ID,Shoshone County,G1600790,2000-2019,8.068828629819267,36.580833435058594,-18.365833282470703,4082.694156002423,348.31660588581866,67.33803886953554,1.3716348641234966,16.17047753168011,-18.36583339141953,4.579263923238946,12.261881828308104,158.28310502283105,960,172.75439005835003,911.0316162109376,60.46404109589041,441
