,state,county,gisjoin,year range,avg temp,max temp,min temp,hdd,cdd,avg rh,average dp,max dp,min dp,avg wind speed,max wind speed,avg ghr,max ghr,avg dnr,max dnr,avg dhr,max dhr
0,MN,Carver County,G2700190,2020-2039,8.762631888506569,33.62481689453125,-30.302865982055664,4104.14068248828,623.0013217926307,67.73532071178907,2.4454017737270597,23.95724473319819,-30.3028678823524,4.101201604327111,9.244967460632324,152.2896118721461,955,171.59566052637942,890.0322875976562,66.28447488584474,496
