,state,county,gisjoin,year range,avg temp,max temp,min temp,hdd,cdd,avg rh,average dp,max dp,min dp,avg wind speed,max wind speed,avg ghr,max ghr,avg dnr,max dnr,avg dhr,max dhr
0,PA,Clarion County,G4200310,1980-1999,8.275567142792141,33.45333480834961,-28.229331970214844,4026.564005346651,367.64601246515673,68.85180405416445,2.068526292870172,20.020034652773383,-28.22933544386512,4.205465003888901,9.88026523590088,155.82077625570776,985,182.25386003852003,941.7572631835938,72.27671232876712,610
