,state,county,gisjoin,year range,avg temp,max temp,min temp,hdd,cdd,avg rh,average dp,max dp,min dp,avg wind speed,max wind speed,avg ghr,max ghr,avg dnr,max dnr,avg dhr,max dhr
0,PA,Clarion County,G4200310,2000-2019,9.466029491461919,36.66133499145508,-22.209999084472656,3697.3962947238106,472.99705910683974,69.50090393345106,3.383634104403834,20.608365976997764,-22.20999965720529,4.235806430529242,10.219959259033203,155.82077625570776,985,180.0801992739278,942.7420043945312,72.27671232876712,610
