,state,county,gisjoin,year range,avg temp,max temp,min temp,hdd,cdd,avg rh,average dp,max dp,min dp,avg wind speed,max wind speed,avg ghr,max ghr,avg dnr,max dnr,avg dhr,max dhr
0,TN,Decatur County,G4700390,2000-2019,15.737553792959824,36.607059478759766,-14.551176071166992,2070.2986233148717,1135.0057577451773,68.50636290937798,9.118795483363424,24.52488181896465,-14.551176855457111,4.105632504494223,9.524965286254885,176.80559360730592,1006,194.14960045281242,935.0939331054688,74.6656392694064,583
