,state,county,gisjoin,year range,avg temp,max temp,min temp,hdd,cdd,avg rh,average dp,max dp,min dp,avg wind speed,max wind speed,avg ghr,max ghr,avg dnr,max dnr,avg dhr,max dhr
0,TN,Decatur County,G4700390,2020-2039,16.280026915577054,36.20155334472656,-15.864690780639648,1918.7433085073983,1181.4531326930457,69.06612843813961,9.801932584706753,23.966359372920724,-15.864690503243049,4.110611847056646,9.938820838928224,176.80559360730592,1006,192.40909881232284,931.4220581054688,74.6656392694064,583
