,state,county,gisjoin,year range,avg temp,max temp,min temp,hdd,cdd,avg rh,average dp,max dp,min dp,avg wind speed,max wind speed,avg ghr,max ghr,avg dnr,max dnr,avg dhr,max dhr
0,NM,Colfax County,G3500070,1980-1999,8.865105086630907,32.649410247802734,-23.06999969482422,3820.564981526506,376.82833814621176,43.10132641313283,-5.00881891885307,10.853120863551675,-27.003455198828103,3.8445483806470757,8.954425811767578,221.96175799086757,1068,239.08582250874537,1038.1788330078125,51.65958904109589,447
