,state,county,gisjoin,year range,avg temp,max temp,min temp,hdd,cdd,avg rh,average dp,max dp,min dp,avg wind speed,max wind speed,avg ghr,max ghr,avg dnr,max dnr,avg dhr,max dhr
0,NM,Colfax County,G3500070,2020-2039,10.048044139482336,34.74394226074219,-19.09526634216309,3527.6589766495104,515.6950875600368,44.81596212147578,-3.0621012776410854,13.31721602459943,-21.8783788992959,3.817718599049468,8.502561569213867,221.96175799086757,1068,237.29594917222659,1032.198486328125,51.65958904109589,447
