,state,county,gisjoin,year range,avg temp,max temp,min temp,hdd,cdd,avg rh,average dp,max dp,min dp,avg wind speed,max wind speed,avg ghr,max ghr,avg dnr,max dnr,avg dhr,max dhr
0,CA,Alpine County,G0600030,2000-2019,6.088133926989421,27.91866683959961,-18.92200088500977,4570.132090986832,112.80097433725864,55.429804056311305,-3.843334850997093,8.891176438984374,-18.922001856670583,4.759354623621458,16.279020309448242,212.20536529680365,1038,232.0717945790406,1068.7579345703125,53.224657534246575,492
