,state,county,gisjoin,year range,avg temp,max temp,min temp,hdd,cdd,avg rh,average dp,max dp,min dp,avg wind speed,max wind speed,avg ghr,max ghr,avg dnr,max dnr,avg dhr,max dhr
0,CA,Alpine County,G0600030,2020-2039,6.289795528587906,28.350549697875977,-17.053043365478516,4502.6868662135175,118.9622341473883,55.6898620028474,-3.6525345316499602,7.446679461941626,-17.053044727581906,4.6512334197895715,13.931849479675291,212.20536529680365,1038,233.7441272125435,1056.470703125,53.224657534246575,492
