,state,county,gisjoin,year range,avg temp,max temp,min temp,hdd,cdd,avg rh,average dp,max dp,min dp,avg wind speed,max wind speed,avg ghr,max ghr,avg dnr,max dnr,avg dhr,max dhr
0,CA,Alpine County,G0600030,2040-2059,7.1535129984862476,33.105323791503906,-15.582926750183104,4243.9082027406175,175.44044718742006,58.141928636973304,-1.924116465140723,7.943635049266621,-15.582928542463838,4.756305807529519,13.22188663482666,212.20536529680365,1038,228.9074392944508,1040.2657470703125,53.224657534246575,492
