,state,county,gisjoin,year range,avg temp,max temp,min temp,hdd,cdd,avg rh,average dp,max dp,min dp,avg wind speed,max wind speed,avg ghr,max ghr,avg dnr,max dnr,avg dhr,max dhr
0,TX,Floyd County,G4801530,1980-1999,14.187572728720898,37.18687438964844,-14.481249809265137,2457.2912853585754,956.2553313414845,54.233235243139745,3.6881865553954896,19.63232648752451,-17.13472310262266,4.500948669758017,9.103930473327637,210.74920091324202,1043,220.93726710603133,993.312744140625,65.4060502283105,643
