,state,county,gisjoin,year range,avg temp,max temp,min temp,hdd,cdd,avg rh,average dp,max dp,min dp,avg wind speed,max wind speed,avg ghr,max ghr,avg dnr,max dnr,avg dhr,max dhr
0,TX,Floyd County,G4801530,2020-2039,16.07417058212911,39.534759521484375,-14.868425369262695,2025.317093261899,1212.889355739034,53.99594686172868,5.450019414764347,20.257775349573283,-16.077874879631427,4.576908134515971,10.55612850189209,210.74920091324202,1043,218.1278807942196,974.1336669921876,65.4060502283105,643
