,state,county,gisjoin,year range,avg temp,max temp,min temp,hdd,cdd,avg rh,average dp,max dp,min dp,avg wind speed,max wind speed,avg ghr,max ghr,avg dnr,max dnr,avg dhr,max dhr
0,TX,Medina County,G4803250,2080-2099,24.06215363381256,43.17379379272461,-3.845927000045776,656.3796878948355,2759.565764236127,62.35516646115203,15.551823818646819,28.357539724510207,-6.3494313506923845,4.02561875717825,7.638368129730225,203.76301369863015,1032,205.7176648617529,957.4653930664062,73.32374429223745,616
