,state,county,gisjoin,year range,avg temp,max temp,min temp,hdd,cdd,avg rh,average dp,max dp,min dp,avg wind speed,max wind speed,avg ghr,max ghr,avg dnr,max dnr,avg dhr,max dhr
0,TX,Burleson County,G4800510,2000-2019,20.73720511995021,39.93684005737305,-6.983684062957764,1015.2580226537308,1904.8378914354735,65.33821060603067,13.202382246067174,24.081522002367656,-6.98368502875704,3.8926620029423336,8.535221099853516,182.03538812785388,1011,204.28585727791238,954.5186767578124,74.63207762557077,666
