,state,county,gisjoin,year range,avg temp,max temp,min temp,hdd,cdd,avg rh,average dp,max dp,min dp,avg wind speed,max wind speed,avg ghr,max ghr,avg dnr,max dnr,avg dhr,max dhr
0,AL,Greene County,G0100630,1980-1999,17.101744062621222,35.897647857666016,-10.744706153869627,1645.1136501576582,1207.7502330145064,68.94364706000236,10.602626403910453,23.25832669969257,-10.744706859304571,3.2071637821388026,7.968860149383545,183.5310502283105,1010,200.01421096798848,947.2588500976562,78.77694063926941,592
