,state,county,gisjoin,year range,avg temp,max temp,min temp,hdd,cdd,avg rh,average dp,max dp,min dp,avg wind speed,max wind speed,avg ghr,max ghr,avg dnr,max dnr,avg dhr,max dhr
0,AL,Greene County,G0100630,2000-2019,18.18391718381514,37.74117660522461,-11.956470489501951,1501.1881439510191,1458.8179160436105,69.1332883423322,11.655009912666516,24.672119082512705,-11.956471082179258,3.2618367861531095,7.245572090148926,183.5310502283105,1010,196.58970304238574,938.8915405273438,78.77694063926941,592
