,state,county,gisjoin,year range,avg temp,max temp,min temp,hdd,cdd,avg rh,average dp,max dp,min dp,avg wind speed,max wind speed,avg ghr,max ghr,avg dnr,max dnr,avg dhr,max dhr
0,TX,Mills County,G4803330,2020-2039,19.374278738744426,38.6080436706543,-7.335318088531494,1238.5023408031736,1630.6140804448996,61.08053319225573,10.782654397185025,22.694284734422148,-7.8164078901519165,4.404560252928842,9.535921096801758,210.91541095890412,1016,213.1349218257324,954.3445434570312,72.94486301369864,659
