,state,county,gisjoin,year range,avg temp,max temp,min temp,hdd,cdd,avg rh,average dp,max dp,min dp,avg wind speed,max wind speed,avg ghr,max ghr,avg dnr,max dnr,avg dhr,max dhr
0,TX,Mills County,G4803330,2040-2059,20.644890187809548,40.7737922668457,-5.965229034423828,1097.6567472578038,1953.5416658081995,61.409150756330796,12.053164498212903,23.94840503182116,-8.656435744613649,4.476489121647186,9.36402702331543,210.91541095890412,1016,212.25961105767308,962.7384643554688,72.94486301369864,659
