,state,county,gisjoin,year range,avg temp,max temp,min temp,hdd,cdd,avg rh,average dp,max dp,min dp,avg wind speed,max wind speed,avg ghr,max ghr,avg dnr,max dnr,avg dhr,max dhr
0,NM,Dona Ana County,G3500130,2040-2059,19.296322714822946,42.81980895996094,-5.859366893768311,1423.6316554593584,1787.2894463696966,35.93277212299713,1.8043598398512002,20.716280191463586,-16.673458331193796,3.4673983302834914,9.444936752319336,236.14520547945204,1057,244.23951139631185,1023.9258422851562,60.786872146118725,489
