,state,county,gisjoin,year range,avg temp,max temp,min temp,hdd,cdd,avg rh,average dp,max dp,min dp,avg wind speed,max wind speed,avg ghr,max ghr,avg dnr,max dnr,avg dhr,max dhr
0,NC,Rutherford County,G3701610,2020-2039,16.202955935015257,36.13249588012695,-11.498154640197754,1863.2236856132122,1097.802601893816,67.1812544888013,9.219237065935074,22.3321312363847,-11.498154951733586,4.496802495603692,11.16277313232422,186.07762557077626,1027,195.83404073613116,946.4547119140624,72.85308219178083,480
