,state,county,gisjoin,year range,avg temp,max temp,min temp,hdd,cdd,avg rh,average dp,max dp,min dp,avg wind speed,max wind speed,avg ghr,max ghr,avg dnr,max dnr,avg dhr,max dhr
0,OH,Geauga County,G3900550,2020-2039,10.368510311555568,34.692440032958984,-23.250057220458984,3454.2248237766435,559.2310874939205,71.5767095746515,4.80143043436437,22.35862456286157,-23.25005902546213,4.802469730703798,14.731840133666992,144.3343607305936,966,173.1562365333515,927.1982421875,74.9222602739726,591
