,state,county,gisjoin,year range,avg temp,max temp,min temp,hdd,cdd,avg rh,average dp,max dp,min dp,avg wind speed,max wind speed,avg ghr,max ghr,avg dnr,max dnr,avg dhr,max dhr
0,KY,Letcher County,G2101330,2040-2059,15.079595396293694,35.30220413208008,-11.874409675598145,2161.3314969925236,985.8838166396467,69.75344251062228,8.853504021403634,24.3621309809388,-11.99988816778316,4.264430338770287,9.950235366821287,172.46563926940638,997,184.38051502920115,953.0540771484376,76.91826484018264,631
