,state,county,gisjoin,year range,avg temp,max temp,min temp,hdd,cdd,avg rh,average dp,max dp,min dp,avg wind speed,max wind speed,avg ghr,max ghr,avg dnr,max dnr,avg dhr,max dhr
0,MN,Traverse County,G2701550,1980-1999,5.708566852224316,34.0905876159668,-36.44588470458984,4963.7726879687625,367.8995890299453,62.14990546529152,-1.8805754549241076,20.93483307873625,-36.445888155090806,4.510192252838448,13.079940795898438,153.01632420091323,943,176.62473126055002,896.3834228515625,62.74897260273973,517
