,state,county,gisjoin,year range,avg temp,max temp,min temp,hdd,cdd,avg rh,average dp,max dp,min dp,avg wind speed,max wind speed,avg ghr,max ghr,avg dnr,max dnr,avg dhr,max dhr
0,MN,Traverse County,G2701550,2040-2059,9.140886072313135,40.79226303100586,-26.18371963500977,4070.967188594995,727.8906049887701,65.32378231619046,2.223136527296886,23.765932607393214,-26.18371911738307,4.428610393445786,12.07611083984375,153.01632420091323,943,173.0011531087973,897.7159423828125,62.74897260273973,517
