,state,county,gisjoin,year range,avg temp,max temp,min temp,hdd,cdd,avg rh,average dp,max dp,min dp,avg wind speed,max wind speed,avg ghr,max ghr,avg dnr,max dnr,avg dhr,max dhr
0,NC,New Hanover County,G3701290,1980-1999,16.820703062323943,34.60625076293945,-8.3462495803833,1637.8218705539591,1097.878488302307,70.48067222468929,10.757889340982043,23.813176684933296,-8.346250393550715,4.737985685100294,11.431655883789062,185.10365296803653,1010,190.75740728951936,933.7191772460938,75.37477168949772,555
