,state,county,gisjoin,year range,avg temp,max temp,min temp,hdd,cdd,avg rh,average dp,max dp,min dp,avg wind speed,max wind speed,avg ghr,max ghr,avg dnr,max dnr,avg dhr,max dhr
0,NC,New Hanover County,G3701290,2060-2079,19.8352827684195,37.49010848999024,-9.13880443572998,1147.0638816434805,1707.4420921165738,71.55461119081332,13.953558039987504,27.404636696953773,-9.138805110006336,4.7763280453747265,12.075153350830078,185.10365296803653,1010,182.9574459174012,914.0932006835938,75.37477168949772,555
