,state,county,gisjoin,year range,avg temp,max temp,min temp,hdd,cdd,avg rh,average dp,max dp,min dp,avg wind speed,max wind speed,avg ghr,max ghr,avg dnr,max dnr,avg dhr,max dhr
0,NC,New Hanover County,G3701290,2080-2099,21.744411624544277,39.89360809326172,-6.477271556854248,938.2099736334312,2195.4202165919323,72.11787933388801,15.92944477468627,29.13971240049653,-6.477271998138969,4.509285648228371,9.933305740356444,185.10365296803653,1010,177.17930675792934,924.2946166992188,75.37477168949772,555
