,state,county,gisjoin,year range,avg temp,max temp,min temp,hdd,cdd,avg rh,average dp,max dp,min dp,avg wind speed,max wind speed,avg ghr,max ghr,avg dnr,max dnr,avg dhr,max dhr
0,VA,New Kent County,G5101270,2040-2059,17.476186232072745,38.161319732666016,-17.541479110717773,1696.1886959846213,1395.4966706912237,70.06617349184812,11.284035959293803,25.84094828412828,-17.54147940696237,3.961756949881985,10.5513916015625,177.37933789954337,997,178.99977839648852,924.4841918945312,76.71689497716895,520
