,state,county,gisjoin,year range,avg temp,max temp,min temp,hdd,cdd,avg rh,average dp,max dp,min dp,avg wind speed,max wind speed,avg ghr,max ghr,avg dnr,max dnr,avg dhr,max dhr
0,VA,New Kent County,G5101270,2080-2099,19.356144557952547,43.193729400634766,-6.997475624084473,1449.8697854138009,1835.3625490664099,71.19031315111134,13.359725632095664,30.074507314103705,-6.997476550320566,3.932398975058778,10.603208541870115,177.37933789954337,997,175.6710851571234,910.8477783203124,76.71689497716895,520
