,state,county,gisjoin,year range,avg temp,max temp,min temp,hdd,cdd,avg rh,average dp,max dp,min dp,avg wind speed,max wind speed,avg ghr,max ghr,avg dnr,max dnr,avg dhr,max dhr
0,OR,Wallowa County,G4100630,1980-1999,6.6565653278811405,33.22571563720703,-26.32071304321289,4487.902165414578,238.0485100905053,58.28971405366784,-2.228028265621887,10.888101804810995,-26.32071391313069,4.586114580037932,12.939823150634766,172.0447488584475,990,190.84007938619985,942.6940307617188,61.904680365296805,599
