,state,county,gisjoin,year range,avg temp,max temp,min temp,hdd,cdd,avg rh,average dp,max dp,min dp,avg wind speed,max wind speed,avg ghr,max ghr,avg dnr,max dnr,avg dhr,max dhr
0,OR,Wallowa County,G4100630,2020-2039,8.37744292705664,36.599369049072266,-21.239768981933597,4049.983321690844,428.2499900658979,59.24875288902352,-0.4900724056643117,12.048447278577152,-21.713571060986386,4.547540230157713,14.433119773864746,172.0447488584475,990,190.98680939553955,940.6687622070312,61.904680365296805,599
