,state,county,gisjoin,year range,avg temp,max temp,min temp,hdd,cdd,avg rh,average dp,max dp,min dp,avg wind speed,max wind speed,avg ghr,max ghr,avg dnr,max dnr,avg dhr,max dhr
0,GA,Gordon County,G1301290,2080-2099,19.94660147011828,39.76952362060547,-6.556408882141113,1266.5146556287038,1867.524192221821,70.64858358156735,13.747682421544782,28.02850279033472,-6.5564094159555,3.209689983004304,8.286109924316406,176.0974885844749,1000,187.15460345897282,951.13330078125,75.3829908675799,586
