,state,county,gisjoin,year range,avg temp,max temp,min temp,hdd,cdd,avg rh,average dp,max dp,min dp,avg wind speed,max wind speed,avg ghr,max ghr,avg dnr,max dnr,avg dhr,max dhr
0,MI,Sanilac County,G2601510,2040-2059,10.588586010954122,37.24538040161133,-18.321277618408203,3438.629408821202,623.9633028189661,70.20628280465462,4.725377624275022,21.920109579507827,-18.321278680385586,4.769476689867777,10.45918083190918,151.41598173515982,955,171.25964849255382,916.9258422851562,71.22625570776256,509
