,state,county,gisjoin,year range,avg temp,max temp,min temp,hdd,cdd,avg rh,average dp,max dp,min dp,avg wind speed,max wind speed,avg ghr,max ghr,avg dnr,max dnr,avg dhr,max dhr
0,SC,Greenwood County,G4500470,1980-1999,15.712220118877948,36.82187271118164,-9.65250015258789,1965.004271477784,1020.4646148682278,67.18509627041752,8.806578927444013,21.616191947467744,-9.652500223608016,3.499963395889491,8.862835884094238,181.01187214611872,997,200.63678911101812,939.9652099609376,75.90627853881278,629
