,state,county,gisjoin,year range,avg temp,max temp,min temp,hdd,cdd,avg rh,average dp,max dp,min dp,avg wind speed,max wind speed,avg ghr,max ghr,avg dnr,max dnr,avg dhr,max dhr
0,MT,Gallatin County,G3000310,2040-2059,9.447483381138438,37.725685119628906,-24.205814361572266,3770.156334725825,538.9877688408078,57.26335416384484,0.13447735298377436,16.218129165208943,-24.20581511440216,3.4147456031956085,8.33371639251709,212.55011415525115,1048,190.68909719948698,924.820068359375,59.432420091324204,482
