,state,county,gisjoin,year range,avg temp,max temp,min temp,hdd,cdd,avg rh,average dp,max dp,min dp,avg wind speed,max wind speed,avg ghr,max ghr,avg dnr,max dnr,avg dhr,max dhr
0,VT,Franklin County,G5000110,2040-2059,9.346807067084008,35.5621223449707,-26.56583595275879,3804.1815298860797,536.2661093712063,71.43362697792924,3.7987443619034744,23.81298131206782,-26.56583858297616,4.153372255512024,10.090706825256348,153.10707762557078,1007,165.08921386453272,891.0784912109375,73.67465753424658,517
