,state,county,gisjoin,year range,avg temp,max temp,min temp,hdd,cdd,avg rh,average dp,max dp,min dp,avg wind speed,max wind speed,avg ghr,max ghr,avg dnr,max dnr,avg dhr,max dhr
0,MI,Alcona County,G2600010,1980-1999,6.196781814326318,32.290000915527344,-32.03230667114258,4661.170599517184,243.4959617455737,67.07943805733773,-0.1811468224573482,21.42197310727432,-32.03230659289681,4.7424579011795185,11.15183162689209,149.70947488584474,956,176.6872727184878,913.3388671875,68.0095890410959,489
