,state,county,gisjoin,year range,avg temp,max temp,min temp,hdd,cdd,avg rh,average dp,max dp,min dp,avg wind speed,max wind speed,avg ghr,max ghr,avg dnr,max dnr,avg dhr,max dhr
0,MI,Alcona County,G2600010,2000-2019,6.940392659371706,35.4461555480957,-24.778461456298828,4479.0013017194715,332.74462238946745,69.19876057372245,1.0243459911649044,21.4790657052527,-24.77846227026077,4.761568046895336,9.960613250732422,149.70947488584474,956,172.41850493734717,919.3731079101562,68.0095890410959,489
