,state,county,gisjoin,year range,avg temp,max temp,min temp,hdd,cdd,avg rh,average dp,max dp,min dp,avg wind speed,max wind speed,avg ghr,max ghr,avg dnr,max dnr,avg dhr,max dhr
0,OK,Rogers County,G4001310,2020-2039,16.755749844411955,40.86723709106445,-11.15147590637207,1951.6708424901606,1388.0195357005334,67.2898582149314,9.890668179412309,25.281847772779383,-11.69824200152287,3.904586391253014,8.604748725891113,189.2763698630137,1000,191.86421488805058,961.8865356445312,70.90159817351598,625
