,state,county,gisjoin,year range,avg temp,max temp,min temp,hdd,cdd,avg rh,average dp,max dp,min dp,avg wind speed,max wind speed,avg ghr,max ghr,avg dnr,max dnr,avg dhr,max dhr
0,OK,Rogers County,G4001310,2060-2079,18.500079687258026,42.53805160522461,-7.032309055328369,1644.3557976976274,1717.3848835467388,68.35560318345892,11.793677675236387,26.17234786216157,-7.032309318293595,3.8445703548927828,9.961024284362791,189.2763698630137,1000,186.7270881945736,913.3932495117188,70.90159817351598,625
