,state,county,gisjoin,year range,avg temp,max temp,min temp,hdd,cdd,avg rh,average dp,max dp,min dp,avg wind speed,max wind speed,avg ghr,max ghr,avg dnr,max dnr,avg dhr,max dhr
0,IA,Sioux County,G1901670,2000-2019,8.595266559383578,35.529998779296875,-29.951250076293945,4152.853999961617,610.6262941360764,65.01885341835893,1.533372179097038,22.24709506420012,-29.95125075741873,4.133624925678723,11.083003997802734,156.98093607305935,971,182.45935654677362,905.813720703125,64.58595890410959,497
