,state,county,gisjoin,year range,avg temp,max temp,min temp,hdd,cdd,avg rh,average dp,max dp,min dp,avg wind speed,max wind speed,avg ghr,max ghr,avg dnr,max dnr,avg dhr,max dhr
0,IA,Sioux County,G1901670,2040-2059,11.113362233341126,37.91775131225586,-23.276594161987305,3532.9281327345448,909.8053479036174,65.71929239344924,4.104217927097951,25.276492704941276,-24.25448465031921,4.142498338712405,11.92298984527588,156.98093607305935,971,181.03925200015783,890.7998657226562,64.58595890410959,497
