,state,county,gisjoin,year range,avg temp,max temp,min temp,hdd,cdd,avg rh,average dp,max dp,min dp,avg wind speed,max wind speed,avg ghr,max ghr,avg dnr,max dnr,avg dhr,max dhr
0,IN,Brown County,G1800130,2000-2019,12.354597057874015,35.64214324951172,-18.24285697937012,2957.6252287740917,787.5531548977337,70.9936268218576,6.587748546881002,24.252612235227268,-18.24285836630219,4.151880968705704,9.44798755645752,145.4203196347032,987,182.06808288019005,947.6953125,74.32488584474886,663
