,state,county,gisjoin,year range,avg temp,max temp,min temp,hdd,cdd,avg rh,average dp,max dp,min dp,avg wind speed,max wind speed,avg ghr,max ghr,avg dnr,max dnr,avg dhr,max dhr
0,IN,Brown County,G1800130,2060-2079,15.123432623466226,36.71258163452149,-12.05039119720459,2293.3388981792054,1133.8918057442377,70.8029536771992,9.189446294631434,24.77123882208075,-13.167585491619896,4.027340635827415,9.960668563842772,145.4203196347032,987,174.4028973627961,923.6847534179688,74.32488584474886,663
