,state,county,gisjoin,year range,avg temp,max temp,min temp,hdd,cdd,avg rh,average dp,max dp,min dp,avg wind speed,max wind speed,avg ghr,max ghr,avg dnr,max dnr,avg dhr,max dhr
0,IN,Brown County,G1800130,2080-2099,16.235590141270812,40.30139923095703,-13.226930618286133,2165.0196489397217,1411.5100505034527,71.65047905238252,10.478689525372458,27.063365102709707,-13.226931230006988,3.997606807239524,10.450565338134766,145.4203196347032,987,174.32596992899784,912.8958129882812,74.32488584474886,663
