,state,county,gisjoin,year range,avg temp,max temp,min temp,hdd,cdd,avg rh,average dp,max dp,min dp,avg wind speed,max wind speed,avg ghr,max ghr,avg dnr,max dnr,avg dhr,max dhr
0,KY,Jefferson County,G2101110,2040-2059,16.346455811255463,39.29333114624024,-9.712430953979492,2024.7546783691078,1311.7110494773392,71.03951813009776,10.43724120979553,26.29166397513259,-10.294396331801432,3.4266474059319387,8.0830659866333,153.51255707762556,995,177.96133212885843,905.220458984375,75.63127853881278,626
