,state,county,gisjoin,year range,avg temp,max temp,min temp,hdd,cdd,avg rh,average dp,max dp,min dp,avg wind speed,max wind speed,avg ghr,max ghr,avg dnr,max dnr,avg dhr,max dhr
0,KY,Jefferson County,G2101110,2080-2099,18.37497868946861,40.39558410644531,-9.673336029052734,1742.8151316179928,1770.1823532739274,71.49429043025187,12.490634070234963,28.1831157799639,-9.673336548673252,3.3987479005842447,9.60380744934082,153.51255707762556,995,173.00224020638808,931.5933227539062,75.63127853881278,626
