,state,county,gisjoin,year range,avg temp,max temp,min temp,hdd,cdd,avg rh,average dp,max dp,min dp,avg wind speed,max wind speed,avg ghr,max ghr,avg dnr,max dnr,avg dhr,max dhr
0,TX,Grimes County,G4801850,1980-1999,19.38265827306271,39.17928314208984,-4.820714473724365,1189.7999178847965,1584.9701875527319,67.55752722052134,12.495758086718164,24.126076061023557,-5.439133620673171,4.054776170482374,10.408529281616213,182.03538812785388,1011,204.3156731489006,949.9740600585938,74.63207762557077,666
