,state,county,gisjoin,year range,avg temp,max temp,min temp,hdd,cdd,avg rh,average dp,max dp,min dp,avg wind speed,max wind speed,avg ghr,max ghr,avg dnr,max dnr,avg dhr,max dhr
0,TX,Grimes County,G4801850,2080-2099,23.92521976966583,41.87934112548828,-0.613088071346283,638.3816825736534,2691.58689850142,67.5105244111797,16.809737614943327,29.76925302795668,-0.6130880747321004,4.150848744013538,8.345818519592285,182.03538812785388,1011,196.1356032666972,939.545654296875,74.63207762557077,666
