,state,county,gisjoin,year range,avg temp,max temp,min temp,hdd,cdd,avg rh,average dp,max dp,min dp,avg wind speed,max wind speed,avg ghr,max ghr,avg dnr,max dnr,avg dhr,max dhr
0,MI,Cheboygan County,G2600310,1980-1999,6.00635835767361,32.45600128173828,-26.874666213989254,4752.759219114613,265.58001966475746,67.61608993843811,-0.2726433664954663,19.03408174339855,-26.87466857713464,5.336007608316804,13.010337829589844,144.87534246575342,962,171.6986027298669,915.2459106445312,63.45673515981735,511
