,state,county,gisjoin,year range,avg temp,max temp,min temp,hdd,cdd,avg rh,average dp,max dp,min dp,avg wind speed,max wind speed,avg ghr,max ghr,avg dnr,max dnr,avg dhr,max dhr
0,MI,Cheboygan County,G2600310,2040-2059,9.276951818411414,34.303733825683594,-23.97449111938477,3806.658651308928,513.246065028528,68.7084329060768,3.083643957068906,22.448890302756126,-23.974491014211164,5.278231442940834,15.396860122680664,144.87534246575342,962,167.8588265046074,894.3238525390625,63.45673515981735,511
