,state,county,gisjoin,year range,avg temp,max temp,min temp,hdd,cdd,avg rh,average dp,max dp,min dp,avg wind speed,max wind speed,avg ghr,max ghr,avg dnr,max dnr,avg dhr,max dhr
0,MS,Simpson County,G2801270,2080-2099,22.309400156951725,41.34374237060547,-4.971599102020264,899.4195753960022,2362.850632683189,69.65115381680667,15.796965511800533,28.709289311404483,-4.971599494272209,3.637139613382076,8.755492210388184,191.8788812785388,1032,191.43300151516408,923.5549926757812,79.81084474885844,569
