,state,county,gisjoin,year range,avg temp,max temp,min temp,hdd,cdd,avg rh,average dp,max dp,min dp,avg wind speed,max wind speed,avg ghr,max ghr,avg dnr,max dnr,avg dhr,max dhr
0,NC,Camden County,G3700290,2000-2019,16.652337278745968,36.30294036865234,-9.287647247314451,1743.0823705304072,1141.6854772727452,71.44733428084143,10.898209170671116,24.99463510081857,-9.287647218284302,5.141570502111357,11.424775123596191,181.76232876712328,985,181.9650757151374,920.323486328125,69.69851598173516,553
