,state,county,gisjoin,year range,avg temp,max temp,min temp,hdd,cdd,avg rh,average dp,max dp,min dp,avg wind speed,max wind speed,avg ghr,max ghr,avg dnr,max dnr,avg dhr,max dhr
0,NC,Camden County,G3700290,2080-2099,20.58612568504198,40.54395294189453,-4.339699745178223,1144.7874675690061,1979.22334260922,73.07729966629586,15.089513129902626,29.63242298237536,-4.339700386828525,5.202063430825325,12.612021446228027,181.76232876712328,985,172.76630344870918,912.2318115234376,69.69851598173516,553
