,state,county,gisjoin,year range,avg temp,max temp,min temp,hdd,cdd,avg rh,average dp,max dp,min dp,avg wind speed,max wind speed,avg ghr,max ghr,avg dnr,max dnr,avg dhr,max dhr
0,ND,McLean County,G3800550,1980-1999,4.686896805953013,37.2216682434082,-34.130001068115234,5317.154773953574,348.3721081256813,55.943063573532456,-4.554987548978376,16.50024394248604,-34.13000391341979,4.419004150340546,11.020249366760254,161.0972602739726,953,179.36404240850194,908.1487426757812,64.14417808219179,443
