,state,county,gisjoin,year range,avg temp,max temp,min temp,hdd,cdd,avg rh,average dp,max dp,min dp,avg wind speed,max wind speed,avg ghr,max ghr,avg dnr,max dnr,avg dhr,max dhr
0,MT,Missoula County,G3000630,2060-2079,9.690095717576984,39.973724365234375,-17.944612503051758,3739.374744929679,596.759681844734,60.322969815720164,1.0773768959551913,15.616192373503113,-17.944612681997995,3.4345400379264737,7.959506034851074,157.51278538812787,969,180.69049642623304,916.439208984375,64.3351598173516,470
