,state,county,gisjoin,year range,avg temp,max temp,min temp,hdd,cdd,avg rh,average dp,max dp,min dp,avg wind speed,max wind speed,avg ghr,max ghr,avg dnr,max dnr,avg dhr,max dhr
0,GA,Warren County,G1303010,1980-1999,16.200532952457515,35.27055358886719,-8.7227783203125,1794.587371360196,1028.2818990072303,68.345648147853,9.586714775258262,23.066152814633607,-9.27201675527092,3.4744338154792787,9.637615203857422,193.16130136986303,1021,203.62250583156896,940.8787231445312,78.90262557077625,537
