,state,county,gisjoin,year range,avg temp,max temp,min temp,hdd,cdd,avg rh,average dp,max dp,min dp,avg wind speed,max wind speed,avg ghr,max ghr,avg dnr,max dnr,avg dhr,max dhr
0,GA,Greene County,G1301330,1980-1999,16.26225597360767,38.29529571533203,-9.489999771118164,1804.0405847674037,1060.2640151342468,67.71987892481835,9.518904887151379,23.132110892868685,-9.490000888164346,3.6086098896586187,10.205106735229492,188.32614155251142,1016,202.7434484645918,949.8097534179688,77.41404109589041,525
