,state,county,gisjoin,year range,avg temp,max temp,min temp,hdd,cdd,avg rh,average dp,max dp,min dp,avg wind speed,max wind speed,avg ghr,max ghr,avg dnr,max dnr,avg dhr,max dhr
0,WA,Spokane County,G5300630,2040-2059,11.01386561343456,38.63039779663086,-15.438091278076172,3249.835629090932,590.3965779940487,58.64826859916182,1.746311705372291,13.613427826961304,-15.438093164032098,3.3264938987689474,8.216607093811035,156.51792237442922,959,176.83501659538936,884.2874755859375,60.83835616438356,477
