,state,county,gisjoin,year range,avg temp,max temp,min temp,hdd,cdd,avg rh,average dp,max dp,min dp,avg wind speed,max wind speed,avg ghr,max ghr,avg dnr,max dnr,avg dhr,max dhr
0,SD,Roberts County,G4601090,2040-2059,9.22488791712942,37.78337097167969,-25.229949951171875,4054.610819789135,742.1949095408467,64.70666141161635,2.0640294848226794,23.46912112039532,-25.53923115118324,4.3786000516316665,12.054500579833984,153.01632420091323,943,174.58583447925915,894.529296875,62.74874429223744,517
