,state,county,gisjoin,year range,avg temp,max temp,min temp,hdd,cdd,avg rh,average dp,max dp,min dp,avg wind speed,max wind speed,avg ghr,max ghr,avg dnr,max dnr,avg dhr,max dhr
0,ID,Latah County,G1600570,2060-2079,10.874905070535997,37.91604232788086,-14.011238098144531,3300.3242330809403,590.1645838260846,64.75958594590017,3.2735999448682143,14.913213345206549,-14.011238129494654,3.3120106209630835,8.622024536132812,165.54577625570775,963,176.87913611201105,896.4644165039062,60.74155251141553,462
