,state,county,gisjoin,year range,avg temp,max temp,min temp,hdd,cdd,avg rh,average dp,max dp,min dp,avg wind speed,max wind speed,avg ghr,max ghr,avg dnr,max dnr,avg dhr,max dhr
0,KS,Clark County,G2000250,2060-2079,16.98761400295853,42.42072296142578,-12.448123931884766,2087.0056054468946,1607.9847165266144,56.00918797564833,6.875187984694194,24.412210631505427,-14.863862608177389,3.774376768526966,9.157306671142578,202.22785388127855,1036,203.85729715378505,940.8588256835938,69.20673515981736,554
