,state,county,gisjoin,year range,avg temp,max temp,min temp,hdd,cdd,avg rh,average dp,max dp,min dp,avg wind speed,max wind speed,avg ghr,max ghr,avg dnr,max dnr,avg dhr,max dhr
0,KS,Clark County,G2000250,2080-2099,18.85450359120343,45.637184143066406,-11.082602500915527,1781.0714285766605,1983.4652393657498,54.64444040174354,8.258048770888088,27.525071397121025,-14.814971553436042,3.8393525193271025,9.176494598388672,202.22785388127855,1036,202.2874185248822,952.33984375,69.20673515981736,554
