,state,county,gisjoin,year range,avg temp,max temp,min temp,hdd,cdd,avg rh,average dp,max dp,min dp,avg wind speed,max wind speed,avg ghr,max ghr,avg dnr,max dnr,avg dhr,max dhr
0,WI,Outagamie County,G5500870,2020-2039,8.722607234454143,37.285831451416016,-26.83988571166992,4041.592641940684,545.8442825158644,67.9244657435918,2.4562055559037668,22.58439562137828,-26.91503591888976,4.571397567734326,10.625107765197754,151.376598173516,953,173.88877574532515,902.3031616210938,68.12979452054795,586
