,state,county,gisjoin,year range,avg temp,max temp,min temp,hdd,cdd,avg rh,average dp,max dp,min dp,avg wind speed,max wind speed,avg ghr,max ghr,avg dnr,max dnr,avg dhr,max dhr
0,NY,Cortland County,G3600230,2040-2059,10.52471909220979,35.0222282409668,-23.41951942443848,3439.2160248023793,601.2384934584592,70.80319841811647,4.779430824323454,22.543374653723767,-23.41952068531705,5.151852491293868,12.606587409973145,152.91495433789953,982,169.0249151635736,920.93798828125,76.60719178082192,593
