,state,county,gisjoin,year range,avg temp,max temp,min temp,hdd,cdd,avg rh,average dp,max dp,min dp,avg wind speed,max wind speed,avg ghr,max ghr,avg dnr,max dnr,avg dhr,max dhr
0,NY,Cortland County,G3600230,2080-2099,12.948684228421614,36.759796142578125,-15.892206192016602,2823.9594251846333,870.729168558171,70.76901109490765,7.048944543120689,24.43154007300528,-15.892207757410498,5.260292796566062,14.163263320922852,152.91495433789953,982,168.3154234563506,906.1141967773438,76.60719178082192,593
