,state,county,gisjoin,year range,avg temp,max temp,min temp,hdd,cdd,avg rh,average dp,max dp,min dp,avg wind speed,max wind speed,avg ghr,max ghr,avg dnr,max dnr,avg dhr,max dhr
0,AR,Logan County,G0500830,1980-1999,15.209587064816297,35.655879974365234,-14.244706153869627,2150.1588543244334,1022.1581329823181,68.51398553412798,8.675530456500656,22.753022806874927,-14.244706373964872,3.147828844965321,7.0955986976623535,191.69554794520548,1007,197.31802279716266,952.9019165039062,74.12054794520547,633
