,state,county,gisjoin,year range,avg temp,max temp,min temp,hdd,cdd,avg rh,average dp,max dp,min dp,avg wind speed,max wind speed,avg ghr,max ghr,avg dnr,max dnr,avg dhr,max dhr
0,AR,Logan County,G0500830,2000-2019,16.312461224866055,37.76647186279297,-10.861176490783691,1951.488658014665,1226.0370050907875,68.14053792670437,9.65140930223603,23.608436356191408,-10.861176700175132,3.131000398609736,9.016161918640137,191.69554794520548,1007,195.7426947520369,931.2280883789062,74.12054794520547,633
