,state,county,gisjoin,year range,avg temp,max temp,min temp,hdd,cdd,avg rh,average dp,max dp,min dp,avg wind speed,max wind speed,avg ghr,max ghr,avg dnr,max dnr,avg dhr,max dhr
0,SD,Jones County,G4600750,1980-1999,7.739561420990437,38.99666595458984,-26.28333282470703,4334.906329822782,480.34624848367,59.10217091253359,-0.8601374006012992,19.999132990308617,-27.344277772669138,4.076293118549809,9.581154823303224,171.72705479452054,1001,189.85738908816117,927.4380493164062,66.63721461187215,632
