,state,county,gisjoin,year range,avg temp,max temp,min temp,hdd,cdd,avg rh,average dp,max dp,min dp,avg wind speed,max wind speed,avg ghr,max ghr,avg dnr,max dnr,avg dhr,max dhr
0,MS,Wilkinson County,G2801570,2000-2019,19.41710445002034,37.92333221435547,-5.60533332824707,1167.8584548205363,1575.6015790779918,70.83585354269367,13.314504983106064,24.99160572947649,-5.605333449011226,3.7856679206025112,9.553884506225586,193.32271689497716,1024,199.9515736062933,923.539306640625,77.7404109589041,669
