,state,county,gisjoin,year range,avg temp,max temp,min temp,hdd,cdd,avg rh,average dp,max dp,min dp,avg wind speed,max wind speed,avg ghr,max ghr,avg dnr,max dnr,avg dhr,max dhr
0,IA,Grundy County,G1900750,2040-2059,11.425683522350463,35.988059997558594,-24.38969993591309,3399.352400138143,890.2268857956419,68.00553491159117,5.001464850038505,24.69943799315056,-27.243919484773777,4.235858283630789,9.913755416870115,164.8824200913242,975,174.34408882227987,890.8597412109375,70.05182648401826,479
