,state,county,gisjoin,year range,avg temp,max temp,min temp,hdd,cdd,avg rh,average dp,max dp,min dp,avg wind speed,max wind speed,avg ghr,max ghr,avg dnr,max dnr,avg dhr,max dhr
0,IA,Grundy County,G1900750,2060-2079,11.755455762681075,38.55619430541992,-21.34332847595215,3336.8723777677264,948.1137311459128,70.15278112354888,5.847045283300418,27.596494996354583,-21.343329234308573,4.184073613114553,9.725863456726074,164.8824200913242,975,173.3508924327013,913.1358642578124,70.05182648401826,479
