,state,county,gisjoin,year range,avg temp,max temp,min temp,hdd,cdd,avg rh,average dp,max dp,min dp,avg wind speed,max wind speed,avg ghr,max ghr,avg dnr,max dnr,avg dhr,max dhr
0,IA,Grundy County,G1900750,2080-2099,13.776847700933327,40.085567474365234,-28.55145072937012,2900.6191078618917,1249.6685187022588,67.77551489899692,7.213048603179308,27.895923644822005,-28.551452339774343,4.2720012909745515,9.09543228149414,164.8824200913242,975,171.1060530068372,903.1729125976562,70.05182648401826,479
