,state,county,gisjoin,year range,avg temp,max temp,min temp,hdd,cdd,avg rh,average dp,max dp,min dp,avg wind speed,max wind speed,avg ghr,max ghr,avg dnr,max dnr,avg dhr,max dhr
0,OR,Yamhill County,G4100710,2000-2019,12.183273600800081,40.45571517944336,-12.30571460723877,2634.3228239191844,401.7176882108096,65.06129630341377,4.578562650282247,11.90780838601136,-12.305715599908597,3.2192978579704077,11.558117866516112,151.26278538812787,962,171.0720876145368,893.0911254882812,70.45821917808219,605
