,state,county,gisjoin,year range,avg temp,max temp,min temp,hdd,cdd,avg rh,average dp,max dp,min dp,avg wind speed,max wind speed,avg ghr,max ghr,avg dnr,max dnr,avg dhr,max dhr
0,OR,Yamhill County,G4100710,2040-2059,13.326488086581444,38.85000991821289,-6.848822116851807,2319.651671822049,504.3198234240358,65.635534602322,5.730545471805001,12.688617241113478,-6.910276035165726,3.3117915215557567,10.406302452087402,151.26278538812787,962,169.32306276795165,887.9201049804688,70.45821917808219,605
