,state,county,gisjoin,year range,avg temp,max temp,min temp,hdd,cdd,avg rh,average dp,max dp,min dp,avg wind speed,max wind speed,avg ghr,max ghr,avg dnr,max dnr,avg dhr,max dhr
0,MI,Grand Traverse County,G2600550,2000-2019,8.517338533234994,35.66230773925781,-20.096153259277344,3998.343208596911,427.6717732270643,68.60706121409865,2.3858315727661132,21.13965777101168,-20.096154575951324,5.035418319579673,14.166252136230469,151.65696347031962,958,170.6336994545051,915.1277465820312,73.77157534246575,455
