,state,county,gisjoin,year range,avg temp,max temp,min temp,hdd,cdd,avg rh,average dp,max dp,min dp,avg wind speed,max wind speed,avg ghr,max ghr,avg dnr,max dnr,avg dhr,max dhr
0,MI,Grand Traverse County,G2600550,2020-2039,9.107384274029968,34.17701721191406,-21.159767150878903,3858.752856886132,503.4481169064971,69.05216458703829,3.051053675973214,20.84361279719413,-21.15976731962221,4.897458086070949,12.568329811096191,151.65696347031962,958,169.35665463756794,908.0524291992188,73.77157534246575,455
