,state,county,gisjoin,year range,avg temp,max temp,min temp,hdd,cdd,avg rh,average dp,max dp,min dp,avg wind speed,max wind speed,avg ghr,max ghr,avg dnr,max dnr,avg dhr,max dhr
0,NJ,Gloucester County,G3400150,2060-2079,15.781754832354034,39.0846061706543,-11.279105186462402,2108.694761014453,1189.535274823576,72.1553362900808,10.209975458388168,26.706352331650205,-11.27910528293203,4.253675641752269,11.761831283569336,167.69577625570776,978,172.82539098661968,899.529052734375,74.3343607305936,495
