,state,county,gisjoin,year range,avg temp,max temp,min temp,hdd,cdd,avg rh,average dp,max dp,min dp,avg wind speed,max wind speed,avg ghr,max ghr,avg dnr,max dnr,avg dhr,max dhr
0,GA,Turner County,G1302870,2000-2019,19.34754059603491,37.26937484741211,-7.448124885559082,1162.7269580552413,1545.0792756080345,68.0150467032167,12.540353820189072,25.56190373407673,-7.448125212829863,3.6862131539953356,8.90085506439209,195.40970319634704,997,202.86849658387527,943.2373046875,80.53070776255707,631
