,state,county,gisjoin,year range,avg temp,max temp,min temp,hdd,cdd,avg rh,average dp,max dp,min dp,avg wind speed,max wind speed,avg ghr,max ghr,avg dnr,max dnr,avg dhr,max dhr
0,GA,Turner County,G1302870,2080-2099,22.743227256225957,41.9224739074707,-3.995299816131592,771.0797563871232,2392.8577049093788,69.00016087201088,16.064099621074924,30.090106586294336,-3.995300070314474,3.8819837997765303,9.668781280517578,195.40970319634704,997,192.59075426637838,912.3596801757812,80.53070776255707,631
