,state,county,gisjoin,year range,avg temp,max temp,min temp,hdd,cdd,avg rh,average dp,max dp,min dp,avg wind speed,max wind speed,avg ghr,max ghr,avg dnr,max dnr,avg dhr,max dhr
0,KY,Christian County,G2100470,2000-2019,15.218198993844716,36.60555648803711,-15.72166633605957,2229.666850504767,1104.8094832579998,69.58053107457619,8.966369546006467,23.5017262820224,-15.738611532355756,3.8428791013210333,9.023494720458984,163.6527397260274,1001,190.36507534353456,940.36572265625,79.14691780821917,628
