,state,county,gisjoin,year range,avg temp,max temp,min temp,hdd,cdd,avg rh,average dp,max dp,min dp,avg wind speed,max wind speed,avg ghr,max ghr,avg dnr,max dnr,avg dhr,max dhr
0,NY,Greene County,G3600390,2020-2039,10.491872725987099,35.75422668457031,-26.06751823425293,3437.337284851775,587.3708298365538,68.29480471023142,4.134172654599115,22.29004732216948,-26.067519114834614,5.207346772957066,13.875596046447754,160.9197488584475,1036,177.4471489549409,918.7606201171876,78.24874429223745,514
