,state,county,gisjoin,year range,avg temp,max temp,min temp,hdd,cdd,avg rh,average dp,max dp,min dp,avg wind speed,max wind speed,avg ghr,max ghr,avg dnr,max dnr,avg dhr,max dhr
0,PA,Erie County,G4200490,2020-2039,10.16259047024988,32.16705322265625,-21.641096115112305,3463.0800147693412,492.925536410032,71.99822119229461,4.737341427590452,23.528822728819648,-21.95682284635186,4.986073110528189,12.024621963500977,155.07305936073058,978,170.24882655112077,926.1710815429688,76.35582191780821,473
