,state,county,gisjoin,year range,avg temp,max temp,min temp,hdd,cdd,avg rh,average dp,max dp,min dp,avg wind speed,max wind speed,avg ghr,max ghr,avg dnr,max dnr,avg dhr,max dhr
0,PA,Erie County,G4200490,2080-2099,13.844039883931114,36.12736892700195,-14.16730499267578,2593.2024288055286,966.7769864400825,74.2846647839568,8.794502343039579,26.83724234582045,-14.167306058435688,5.0265369323834985,14.570538520812988,155.07305936073058,978,158.95485276474724,913.4986572265624,76.35582191780821,473
