,state,county,gisjoin,year range,avg temp,max temp,min temp,hdd,cdd,avg rh,average dp,max dp,min dp,avg wind speed,max wind speed,avg ghr,max ghr,avg dnr,max dnr,avg dhr,max dhr
0,KS,Lane County,G2001010,2020-2039,13.154106624055117,39.76996612548828,-18.630395889282227,2894.182722336647,1015.9316401164309,53.33823038345058,2.507466837686776,21.54697616247469,-20.65733637092497,4.5286611495769185,9.418030738830566,196.9972602739726,1014,207.3108273721903,970.747314453125,61.29474885844749,519
