,state,county,gisjoin,year range,avg temp,max temp,min temp,hdd,cdd,avg rh,average dp,max dp,min dp,avg wind speed,max wind speed,avg ghr,max ghr,avg dnr,max dnr,avg dhr,max dhr
0,PA,Forest County,G4200530,2020-2039,9.823849179498271,32.24773406982422,-22.47514533996582,3565.4954929899263,471.7004435062551,68.60602953945666,3.4644149995271722,22.063232672680574,-22.475146298974074,4.436675465596865,12.12484359741211,150.09018264840182,975,178.69931099310827,941.5745239257812,75.35662100456621,570
