,state,county,gisjoin,year range,avg temp,max temp,min temp,hdd,cdd,avg rh,average dp,max dp,min dp,avg wind speed,max wind speed,avg ghr,max ghr,avg dnr,max dnr,avg dhr,max dhr
0,PA,Forest County,G4200530,2040-2059,10.78544822984951,38.52066040039063,-21.28151130676269,3338.5721599890253,595.7607638836195,70.69175508142062,4.905433424524103,21.722853871430225,-21.281512844675625,4.636155698723989,10.266439437866213,150.09018264840182,975,175.003941886707,941.8014526367188,75.35662100456621,570
