,state,county,gisjoin,year range,avg temp,max temp,min temp,hdd,cdd,avg rh,average dp,max dp,min dp,avg wind speed,max wind speed,avg ghr,max ghr,avg dnr,max dnr,avg dhr,max dhr
0,TX,Webb County,G4804790,2000-2019,23.14919290026452,41.36937713623047,-3.1343753337860107,689.4020818634908,2459.3574904598026,52.31843406533542,11.78100738344324,24.45687621504136,-5.675869834483343,3.9334013574063507,8.304749488830566,205.3203196347032,1042,221.9566906026486,1008.4283447265624,73.99543378995433,597
