,state,county,gisjoin,year range,avg temp,max temp,min temp,hdd,cdd,avg rh,average dp,max dp,min dp,avg wind speed,max wind speed,avg ghr,max ghr,avg dnr,max dnr,avg dhr,max dhr
0,TX,Webb County,G4804790,2020-2039,23.749260019670352,43.574363708496094,-2.247008800506592,570.3973665547165,2559.3772737341046,52.67806175353864,12.455005143319514,25.56563870230474,-5.894336641451687,4.047561346082927,7.880581855773926,205.3203196347032,1042,221.49794386005402,970.2405395507812,73.99543378995433,597
