,state,county,gisjoin,year range,avg temp,max temp,min temp,hdd,cdd,avg rh,average dp,max dp,min dp,avg wind speed,max wind speed,avg ghr,max ghr,avg dnr,max dnr,avg dhr,max dhr
0,TX,Webb County,G4804790,2060-2079,25.183776786494747,42.93681335449219,0.9816331267356871,437.62732605784953,2950.205853128073,54.3269123243959,14.258734773583878,27.13425229987561,-9.764508177651264,4.197272623742008,8.224477767944336,205.3203196347032,1042,218.63628807670307,983.359619140625,73.99543378995433,597
