,state,county,gisjoin,year range,avg temp,max temp,min temp,hdd,cdd,avg rh,average dp,max dp,min dp,avg wind speed,max wind speed,avg ghr,max ghr,avg dnr,max dnr,avg dhr,max dhr
0,TX,Fannin County,G4801470,1980-1999,17.11224818891831,39.46749877929688,-8.21049976348877,1732.4253863961503,1298.8959753514143,68.66023040100865,10.529403365431122,23.41488536502995,-8.298932175011918,4.534161621577119,9.913904190063477,188.05479452054794,1012,200.2499460939532,954.5576171875,74.51449771689498,621
