,state,county,gisjoin,year range,avg temp,max temp,min temp,hdd,cdd,avg rh,average dp,max dp,min dp,avg wind speed,max wind speed,avg ghr,max ghr,avg dnr,max dnr,avg dhr,max dhr
0,TX,Fannin County,G4801470,2020-2039,18.66545418648969,39.39698028564453,-9.61699676513672,1428.8584143756652,1562.249192444433,68.30144482682284,11.993691720697006,25.259555017517258,-9.616998013950012,4.57142625051002,10.175820350646973,188.05479452054794,1012,197.5673235974765,942.4827880859376,74.51449771689498,621
