,state,county,gisjoin,year range,avg temp,max temp,min temp,hdd,cdd,avg rh,average dp,max dp,min dp,avg wind speed,max wind speed,avg ghr,max ghr,avg dnr,max dnr,avg dhr,max dhr
0,TX,Fannin County,G4801470,2040-2059,19.983428692699786,41.12018966674805,-7.588818550109863,1282.1572816404043,1896.6087544757747,68.53214279462213,13.261493829325495,26.583247193718275,-7.5888196739051,4.559198986667476,11.665555000305176,188.05479452054794,1012,195.35819396777848,922.082763671875,74.51449771689498,621
