,state,county,gisjoin,year range,avg temp,max temp,min temp,hdd,cdd,avg rh,average dp,max dp,min dp,avg wind speed,max wind speed,avg ghr,max ghr,avg dnr,max dnr,avg dhr,max dhr
0,TX,Fannin County,G4801470,2060-2079,20.324318268633082,43.94291305541992,-5.293182373046875,1246.6515159539447,1985.527684004943,69.62916840853757,13.868678707139122,27.9121920730168,-5.293182789395462,4.476057171821594,9.68869972229004,188.05479452054794,1012,194.39360574323857,898.6372680664062,74.51449771689498,621
