,state,county,gisjoin,year range,avg temp,max temp,min temp,hdd,cdd,avg rh,average dp,max dp,min dp,avg wind speed,max wind speed,avg ghr,max ghr,avg dnr,max dnr,avg dhr,max dhr
0,SC,Florence County,G4500410,2020-2039,18.44604983632506,40.81644058227539,-6.384907245635986,1388.6976877923914,1442.0058780511472,68.44978429563514,11.777018073540118,24.066579863019733,-6.384907371929823,3.831418637380208,9.21859645843506,182.85308219178083,994,194.25383049027627,945.4121704101562,76.68538812785388,591
