,state,county,gisjoin,year range,avg temp,max temp,min temp,hdd,cdd,avg rh,average dp,max dp,min dp,avg wind speed,max wind speed,avg ghr,max ghr,avg dnr,max dnr,avg dhr,max dhr
0,OH,Preble County,G3901350,2060-2079,14.319710452154242,37.14021301269531,-13.994504928588867,2474.3142412981547,1021.5085563342385,69.73185917667058,8.188508844383708,25.291476409072853,-14.654859853199689,4.198839189187033,10.13255500793457,162.5189497716895,990,174.9205085772724,892.6351318359375,77.84417808219177,498
