,state,county,gisjoin,year range,avg temp,max temp,min temp,hdd,cdd,avg rh,average dp,max dp,min dp,avg wind speed,max wind speed,avg ghr,max ghr,avg dnr,max dnr,avg dhr,max dhr
0,OH,Preble County,G3901350,2080-2099,15.548857288196595,38.67356872558594,-12.96920680999756,2317.0014699424255,1312.834380134021,70.97737825189007,9.610701541949469,27.0835637106572,-13.274775365544532,4.21619994360018,10.197609901428224,162.5189497716895,990,172.31777832324295,930.781005859375,77.84417808219177,498
