,state,county,gisjoin,year range,avg temp,max temp,min temp,hdd,cdd,avg rh,average dp,max dp,min dp,avg wind speed,max wind speed,avg ghr,max ghr,avg dnr,max dnr,avg dhr,max dhr
0,OH,Ashtabula County,G3900070,2020-2039,10.637313765717877,33.69439697265625,-22.91435432434082,3359.1127214514795,562.232245938009,71.90129161643111,5.155520831673177,23.15333168468297,-22.914355317695083,4.981683625587046,16.14499282836914,151.76769406392694,994,170.04124531125433,924.6239013671876,81.35114155251142,494
