,state,county,gisjoin,year range,avg temp,max temp,min temp,hdd,cdd,avg rh,average dp,max dp,min dp,avg wind speed,max wind speed,avg ghr,max ghr,avg dnr,max dnr,avg dhr,max dhr
0,IN,Daviess County,G1800270,1980-1999,12.046386540366962,37.84000015258789,-22.13235282897949,3081.272459004432,798.7035462379905,69.89299781006765,6.0105088244049965,24.346198008395124,-22.13235465442267,3.932478291258964,9.875438690185549,175.93367579908676,994,185.4276547826782,937.9944458007812,72.70468036529681,623
