,state,county,gisjoin,year range,avg temp,max temp,min temp,hdd,cdd,avg rh,average dp,max dp,min dp,avg wind speed,max wind speed,avg ghr,max ghr,avg dnr,max dnr,avg dhr,max dhr
0,IN,Daviess County,G1800270,2000-2019,13.738301146954885,36.77764892578125,-20.239412307739254,2610.1278890298495,945.1078076681056,69.08285316092783,7.421120632512432,23.519788431509195,-20.239414346592525,3.8394266973891757,9.270498275756836,175.93367579908676,994,184.525233290111,921.0361938476562,72.70468036529681,623
