,state,county,gisjoin,year range,avg temp,max temp,min temp,hdd,cdd,avg rh,average dp,max dp,min dp,avg wind speed,max wind speed,avg ghr,max ghr,avg dnr,max dnr,avg dhr,max dhr
0,PA,Schuylkill County,G4201070,2000-2019,10.836504423695395,34.47533416748047,-21.512666702270508,3293.0269073726686,568.851022021002,69.08742703368131,4.672035565674116,21.96969653273892,-21.51266677579944,4.362934370890056,11.215155601501465,153.22876712328767,969,182.3145663877904,911.4844970703124,75.0560502283105,586
