,state,county,gisjoin,year range,avg temp,max temp,min temp,hdd,cdd,avg rh,average dp,max dp,min dp,avg wind speed,max wind speed,avg ghr,max ghr,avg dnr,max dnr,avg dhr,max dhr
0,MN,Kittson County,G2700690,2060-2079,7.378976519878147,36.42863845825195,-31.32500648498535,4620.663304243064,634.4897339980064,63.87397142414633,0.0677543615935559,22.33397851850925,-31.32500971305554,3.8629139593202773,10.696128845214844,143.92945205479452,931,165.21007288727856,866.3732299804688,61.510958904109586,591
