,state,county,gisjoin,year range,avg temp,max temp,min temp,hdd,cdd,avg rh,average dp,max dp,min dp,avg wind speed,max wind speed,avg ghr,max ghr,avg dnr,max dnr,avg dhr,max dhr
0,MT,Lincoln County,G3000530,2000-2019,4.1066749976440775,30.525714874267575,-26.96285820007324,5325.292780876618,144.72915501594343,66.17887653629529,-2.629436831038412,9.284262002752792,-27.051689876621825,3.81127267384638,9.457343101501465,153.60422374429223,945,181.44356258288877,953.5785522460938,66.01563926940639,502
