,state,county,gisjoin,year range,avg temp,max temp,min temp,hdd,cdd,avg rh,average dp,max dp,min dp,avg wind speed,max wind speed,avg ghr,max ghr,avg dnr,max dnr,avg dhr,max dhr
0,OH,Greene County,G3900570,2040-2059,14.274948961417602,36.73413848876953,-15.852160453796388,2508.464823000477,1039.3211939176551,70.5821991308639,8.359560225089165,25.768824578182432,-15.852161902371815,3.7604594859086213,9.81784439086914,152.48002283105023,1004,175.52633822627297,924.1207885742188,78.42146118721462,641
