,state,county,gisjoin,year range,avg temp,max temp,min temp,hdd,cdd,avg rh,average dp,max dp,min dp,avg wind speed,max wind speed,avg ghr,max ghr,avg dnr,max dnr,avg dhr,max dhr
0,IL,Edwards County,G1700470,2000-2019,14.092511720567853,36.94928741455078,-20.609285354614254,2539.7934609902,1004.0602389972014,68.95309732167144,7.7462978674389324,25.266206270320197,-20.84638347818719,3.8808811503594325,9.676796913146973,176.53789954337898,1021,186.50084388936367,935.61181640625,72.27397260273973,605
