,state,county,gisjoin,year range,avg temp,max temp,min temp,hdd,cdd,avg rh,average dp,max dp,min dp,avg wind speed,max wind speed,avg ghr,max ghr,avg dnr,max dnr,avg dhr,max dhr
0,IL,Edwards County,G1700470,2020-2039,14.586363081241794,37.859371185302734,-20.419618606567383,2456.1660414913313,1100.6885661443737,68.88919982256955,8.185527162338488,25.068086596801297,-20.41961957924485,3.839864669189061,10.116764068603516,176.53789954337898,1021,185.6554854276073,923.399658203125,72.27397260273973,605
