,state,county,gisjoin,year range,avg temp,max temp,min temp,hdd,cdd,avg rh,average dp,max dp,min dp,avg wind speed,max wind speed,avg ghr,max ghr,avg dnr,max dnr,avg dhr,max dhr
0,IL,Edwards County,G1700470,2040-2059,15.774103910872523,39.90008163452149,-10.889984130859377,2218.638594967861,1296.686522436216,70.426085393505,9.732441777593873,26.428073656944747,-11.536869920657642,3.798636847503109,8.69873332977295,176.53789954337898,1021,181.7982342408954,906.1129150390624,72.27397260273973,605
