,state,county,gisjoin,year range,avg temp,max temp,min temp,hdd,cdd,avg rh,average dp,max dp,min dp,avg wind speed,max wind speed,avg ghr,max ghr,avg dnr,max dnr,avg dhr,max dhr
0,IL,Edwards County,G1700470,2060-2079,16.590874952016772,39.80036926269531,-14.98719310760498,2081.1990158603044,1457.3683733463456,70.20748296720252,10.448202262500441,26.18303557832456,-14.987194247736037,3.8087385921989947,9.507323265075684,176.53789954337898,1021,180.4793852838402,914.4964599609376,72.27397260273973,605
