,state,county,gisjoin,year range,avg temp,max temp,min temp,hdd,cdd,avg rh,average dp,max dp,min dp,avg wind speed,max wind speed,avg ghr,max ghr,avg dnr,max dnr,avg dhr,max dhr
0,NC,Polk County,G3701490,2020-2039,16.110363032922418,38.93532943725586,-9.480280876159668,1872.0385285910154,1072.8210356077263,69.004744895517,9.610906898986785,22.337764543475483,-9.480281543920546,4.211144338241995,10.404006958007812,186.07762557077626,1027,192.40926271518904,943.400634765625,72.85285388127853,480
