,state,county,gisjoin,year range,avg temp,max temp,min temp,hdd,cdd,avg rh,average dp,max dp,min dp,avg wind speed,max wind speed,avg ghr,max ghr,avg dnr,max dnr,avg dhr,max dhr
0,NV,Mineral County,G3200210,2020-2039,14.31249611500191,40.98389053344727,-10.0920991897583,2494.018317816925,1038.5793997924052,30.249861321928293,-4.898232169776998,9.647313599370566,-18.236319169364695,3.1180645258051074,8.260457038879395,218.32671232876712,1065,233.10839776046,1006.1183471679688,54.574771689497716,497
