,state,county,gisjoin,year range,avg temp,max temp,min temp,hdd,cdd,avg rh,average dp,max dp,min dp,avg wind speed,max wind speed,avg ghr,max ghr,avg dnr,max dnr,avg dhr,max dhr
0,NV,Mineral County,G3200210,2060-2079,15.809076613076432,41.7495231628418,-10.649247169494627,2220.788958151196,1311.6019219240238,32.05929213294156,-2.789086319427914,9.12939917061785,-16.890136703399712,3.248354984010191,8.280858993530273,218.32671232876712,1065,231.68012909614973,998.0897827148438,54.574771689497716,497
