,state,county,gisjoin,year range,avg temp,max temp,min temp,hdd,cdd,avg rh,average dp,max dp,min dp,avg wind speed,max wind speed,avg ghr,max ghr,avg dnr,max dnr,avg dhr,max dhr
0,NV,Mineral County,G3200210,2080-2099,17.709442351123474,44.26899719238281,-9.670156478881836,1856.1992670425154,1640.6457252025036,31.337596122968144,-1.4356682746075977,11.06865752988752,-13.126335275142845,3.1148711967685996,8.954707145690918,218.32671232876712,1065,231.0199498567894,987.8711547851562,54.574771689497716,497
