,state,county,gisjoin,year range,avg temp,max temp,min temp,hdd,cdd,avg rh,average dp,max dp,min dp,avg wind speed,max wind speed,avg ghr,max ghr,avg dnr,max dnr,avg dhr,max dhr
0,NV,Douglas County,G3200050,1980-1999,10.059515273357293,37.64071273803711,-17.84428596496582,3536.502024550314,528.7250993251968,41.05292477934328,-5.362391072977781,4.564001233998348,-18.2427666131091,4.747034623769864,13.729324340820312,212.20536529680365,1038,234.02505475520204,1016.9317016601562,53.23230593607306,492
