,state,county,gisjoin,year range,avg temp,max temp,min temp,hdd,cdd,avg rh,average dp,max dp,min dp,avg wind speed,max wind speed,avg ghr,max ghr,avg dnr,max dnr,avg dhr,max dhr
0,NV,Douglas County,G3200050,2080-2099,14.74332510919611,43.61370849609375,-12.84708023071289,2427.7459084602783,1129.5595733166283,41.8241781418182,-1.1853488499253513,8.013934683257773,-12.847081512475414,4.746459955793537,14.253286361694336,212.20536529680365,1038,233.50853481221637,1005.4583129882812,53.23230593607306,492
