,state,county,gisjoin,year range,avg temp,max temp,min temp,hdd,cdd,avg rh,average dp,max dp,min dp,avg wind speed,max wind speed,avg ghr,max ghr,avg dnr,max dnr,avg dhr,max dhr
0,GA,Washington County,G1303030,1980-1999,16.99485992944893,36.79312515258789,-11.957500457763672,1655.2180424552962,1178.8419167042596,67.26528955224443,10.081309751401363,23.768382411961262,-12.644149667510236,3.4794380265692055,10.181889533996582,185.44771689497716,1055,203.7608062612884,951.6332397460938,80.47271689497717,686
