,state,county,gisjoin,year range,avg temp,max temp,min temp,hdd,cdd,avg rh,average dp,max dp,min dp,avg wind speed,max wind speed,avg ghr,max ghr,avg dnr,max dnr,avg dhr,max dhr
0,GA,Washington County,G1303030,2020-2039,18.689371770595695,38.576995849609375,-5.522543907165527,1313.3681026686884,1455.4887989362217,68.75117563744114,12.074740692044802,24.764253273423247,-5.522544064670066,3.522430707589132,8.26719856262207,185.44771689497716,1055,199.81608318263818,929.5899047851562,80.47271689497717,686
