,state,county,gisjoin,year range,avg temp,max temp,min temp,hdd,cdd,avg rh,average dp,max dp,min dp,avg wind speed,max wind speed,avg ghr,max ghr,avg dnr,max dnr,avg dhr,max dhr
0,SD,Day County,G4600370,2040-2059,8.59117233536701,37.05570602416992,-30.59361457824707,4204.49109340117,660.7689958095845,63.62813876491703,1.3488062782390395,22.923275527301872,-31.7643898786591,4.902698939589605,11.0205078125,146.92488584474887,970,176.17817708461288,895.2876586914062,63.98527397260274,616
