,state,county,gisjoin,year range,avg temp,max temp,min temp,hdd,cdd,avg rh,average dp,max dp,min dp,avg wind speed,max wind speed,avg ghr,max ghr,avg dnr,max dnr,avg dhr,max dhr
0,GA,Walton County,G1302970,2000-2019,17.150146099436096,36.42058944702149,-10.64411735534668,1618.792083480571,1199.0954097748615,68.49165184421626,10.574638748570589,24.00458477948011,-10.64411823156296,3.307975735321437,8.137431144714355,188.32614155251142,1016,197.84911614153089,946.6190185546876,77.41164383561645,525
