,state,county,gisjoin,year range,avg temp,max temp,min temp,hdd,cdd,avg rh,average dp,max dp,min dp,avg wind speed,max wind speed,avg ghr,max ghr,avg dnr,max dnr,avg dhr,max dhr
0,WV,Cabell County,G5400110,2000-2019,13.208288254970382,37.72999954223633,-17.060667037963867,2681.490791498552,823.0160045624262,68.15035091382728,6.596637538832969,23.409142284933463,-17.060668832063705,3.1447899308923173,8.07067584991455,165.1150684931507,991,184.69788960189362,942.5634155273438,80.55913242009133,679
