,state,county,gisjoin,year range,avg temp,max temp,min temp,hdd,cdd,avg rh,average dp,max dp,min dp,avg wind speed,max wind speed,avg ghr,max ghr,avg dnr,max dnr,avg dhr,max dhr
0,WV,Cabell County,G5400110,2060-2079,15.596917936206475,36.80342102050781,-9.735360145568848,2146.6020054806354,1159.9770521959383,69.62853252593786,9.262349807002035,24.864205750907846,-9.735360911500631,3.348807215200712,9.550725936889648,165.1150684931507,991,177.76787066415338,937.9603881835938,80.55913242009133,679
