,state,county,gisjoin,year range,avg temp,max temp,min temp,hdd,cdd,avg rh,average dp,max dp,min dp,avg wind speed,max wind speed,avg ghr,max ghr,avg dnr,max dnr,avg dhr,max dhr
0,NJ,Salem County,G3400330,2040-2059,15.673693260526598,38.87691116333008,-11.652702331542969,2170.369407331921,1211.7674474240077,71.96308505175865,10.096092444623668,26.47164641211116,-11.664316179368004,4.280909756438373,11.255859375,168.7845890410959,996,173.350673266833,901.1396484375,75.07328767123288,513
