,state,county,gisjoin,year range,avg temp,max temp,min temp,hdd,cdd,avg rh,average dp,max dp,min dp,avg wind speed,max wind speed,avg ghr,max ghr,avg dnr,max dnr,avg dhr,max dhr
0,VA,Falls Church city,G5106100,2020-2039,14.380783132479149,36.41597366333008,-14.26922607421875,2367.0555403409826,936.5413836956617,69.7493033378636,8.280900388891778,24.921767548171267,-14.269227378122144,3.954953202809373,10.518515586853027,166.27100456621005,996,179.85476148200397,918.58203125,74.43436073059361,559
