,state,county,gisjoin,year range,avg temp,max temp,min temp,hdd,cdd,avg rh,average dp,max dp,min dp,avg wind speed,max wind speed,avg ghr,max ghr,avg dnr,max dnr,avg dhr,max dhr
0,VA,Stafford County,G5101790,2020-2039,14.843935306514151,36.435638427734375,-12.289027214050291,2260.1338907975614,998.6702776750549,68.64385557087589,8.410323163929974,23.835446944103897,-12.354593810681145,3.9273500308598557,9.520583152770996,174.04098173515982,997,182.19935857176984,917.5933837890624,72.32853881278538,635
