,state,county,gisjoin,year range,avg temp,max temp,min temp,hdd,cdd,avg rh,average dp,max dp,min dp,avg wind speed,max wind speed,avg ghr,max ghr,avg dnr,max dnr,avg dhr,max dhr
0,NE,Buffalo County,G3100190,1980-1999,9.493676679646974,35.285335540771484,-21.22599983215332,3818.4912495774115,604.1832376480362,58.827808678748944,0.7017523529303756,20.16611832950885,-24.11407669429525,4.603389789987372,10.570942878723145,178.5074200913242,982,196.6377642875841,948.1795654296876,63.34623287671233,569
