,state,county,gisjoin,year range,avg temp,max temp,min temp,hdd,cdd,avg rh,average dp,max dp,min dp,avg wind speed,max wind speed,avg ghr,max ghr,avg dnr,max dnr,avg dhr,max dhr
0,NE,Buffalo County,G3100190,2060-2079,13.99640110115788,40.10585784912109,-16.704912185668945,2771.5900745403887,1200.7764764627525,58.68701513270809,4.913379796495214,23.783892008058487,-18.28052811753484,4.601944187569291,11.293990135192873,178.5074200913242,982,190.508156486202,946.2796020507812,63.34623287671233,569
