,state,county,gisjoin,year range,avg temp,max temp,min temp,hdd,cdd,avg rh,average dp,max dp,min dp,avg wind speed,max wind speed,avg ghr,max ghr,avg dnr,max dnr,avg dhr,max dhr
0,MT,Roosevelt County,G3000850,2040-2059,9.049830371672748,41.72938537597656,-33.05351638793945,4080.953688358642,704.6417740186336,53.457947639569845,-1.390893417921448,19.2058949127638,-33.33077790270838,3.856592621419528,10.26108741760254,151.57146118721462,939,178.73866303416324,875.2511596679688,61.18458904109589,519
