,state,county,gisjoin,year range,avg temp,max temp,min temp,hdd,cdd,avg rh,average dp,max dp,min dp,avg wind speed,max wind speed,avg ghr,max ghr,avg dnr,max dnr,avg dhr,max dhr
0,LA,Lafourche Parish,G2200570,1980-1999,20.044057836084196,34.42350006103516,-1.8274999856948853,905.7410395827766,1542.3221497535324,74.18598966184817,14.835576525222166,26.271526289628696,-1.8274999550154645,3.1609166416403367,6.983955383300781,186.75091324200912,1009,189.635101438097,908.2817993164062,80.98972602739725,663
