,state,county,gisjoin,year range,avg temp,max temp,min temp,hdd,cdd,avg rh,average dp,max dp,min dp,avg wind speed,max wind speed,avg ghr,max ghr,avg dnr,max dnr,avg dhr,max dhr
0,LA,Lafourche Parish,G2200570,2000-2019,21.137115750002536,36.11100006103516,-2.2924997806549072,763.0058252274515,1798.5530739782853,74.12180748247121,15.918750399642521,26.475253609573414,-2.8685333279639,3.1183623655201638,6.871823310852051,186.75091324200912,1009,188.37589769032053,924.3133544921876,80.98972602739725,663
