,state,county,gisjoin,year range,avg temp,max temp,min temp,hdd,cdd,avg rh,average dp,max dp,min dp,avg wind speed,max wind speed,avg ghr,max ghr,avg dnr,max dnr,avg dhr,max dhr
0,WI,Iron County,G5500510,2060-2079,7.9704028476221795,33.78153991699219,-29.161911010742188,4288.705308103733,518.4023474852412,68.3358145687678,1.7294312229327142,21.58759191932064,-29.161912243979508,4.86007471215235,11.20614242553711,142.29212328767125,937,170.7745973398945,880.2294311523438,65.73527397260274,592
