,state,county,gisjoin,year range,avg temp,max temp,min temp,hdd,cdd,avg rh,average dp,max dp,min dp,avg wind speed,max wind speed,avg ghr,max ghr,avg dnr,max dnr,avg dhr,max dhr
0,WI,Iron County,G5500510,2080-2099,10.027965391369655,36.21846389770508,-25.63933753967285,3768.7511262257426,749.4584940751773,70.32368668094618,4.155968983394089,25.2524147703074,-25.639340256910213,4.8849956479791095,13.389883995056152,142.29212328767125,937,168.5409277660759,891.0647583007812,65.73527397260274,592
