,state,county,gisjoin,year range,avg temp,max temp,min temp,hdd,cdd,avg rh,average dp,max dp,min dp,avg wind speed,max wind speed,avg ghr,max ghr,avg dnr,max dnr,avg dhr,max dhr
0,WI,Kenosha County,G5500590,2040-2059,11.438615018361883,37.16676330566406,-20.49430274963379,3265.7331893812,761.3276710828545,70.30640876282295,5.670238825041036,24.266433100423814,-20.880380598885747,4.956753514809151,10.424657821655272,143.99977168949772,974,169.26207798424852,880.3911743164062,73.11940639269406,610
