,state,county,gisjoin,year range,avg temp,max temp,min temp,hdd,cdd,avg rh,average dp,max dp,min dp,avg wind speed,max wind speed,avg ghr,max ghr,avg dnr,max dnr,avg dhr,max dhr
0,PA,Bucks County,G4200170,1980-1999,11.094146651195748,34.86600112915039,-18.069334030151367,3188.582873433288,558.4464011192565,69.88473886289553,5.11723362064928,23.169395142425767,-18.069336153650845,4.141983485548463,9.525235176086426,165.2640410958904,969,181.8166827861755,928.9989624023438,75.69954337899543,546
