,state,county,gisjoin,year range,avg temp,max temp,min temp,hdd,cdd,avg rh,average dp,max dp,min dp,avg wind speed,max wind speed,avg ghr,max ghr,avg dnr,max dnr,avg dhr,max dhr
0,PA,Bucks County,G4200170,2020-2039,13.18086751831486,35.22474670410156,-16.433238983154297,2659.148255387179,790.6648995717852,69.16632229857248,6.937048132997307,23.804740844826284,-16.43324061049919,4.338859700503415,10.079179763793944,165.2640410958904,969,178.30521465560386,924.99609375,75.69954337899543,546
