,state,county,gisjoin,year range,avg temp,max temp,min temp,hdd,cdd,avg rh,average dp,max dp,min dp,avg wind speed,max wind speed,avg ghr,max ghr,avg dnr,max dnr,avg dhr,max dhr
0,TX,Knox County,G4802750,2000-2019,18.297247848120524,41.296875,-7.688125133514404,1652.7259666754514,1651.7214312393817,56.797815158269174,8.472960823796202,25.04749426256208,-10.958122711849889,4.7657241403240045,9.647867202758787,213.3353881278539,1039,213.77013006451216,971.7938842773438,70.37568493150685,547
