,state,county,gisjoin,year range,avg temp,max temp,min temp,hdd,cdd,avg rh,average dp,max dp,min dp,avg wind speed,max wind speed,avg ghr,max ghr,avg dnr,max dnr,avg dhr,max dhr
0,OH,Erie County,G3900430,2080-2099,15.628723333825262,37.87772750854492,-11.39450740814209,2276.749991291416,1301.7340081374614,72.17589216319394,10.084112243900842,27.642462048034524,-12.064921474812396,4.343684559815551,9.907798767089844,157.24417808219178,998,162.09530757935747,908.5150756835938,81.59965753424657,542
