,state,county,gisjoin,year range,avg temp,max temp,min temp,hdd,cdd,avg rh,average dp,max dp,min dp,avg wind speed,max wind speed,avg ghr,max ghr,avg dnr,max dnr,avg dhr,max dhr
0,TN,Campbell County,G4700130,2000-2019,14.28191570784861,34.459999084472656,-24.197999954223636,2292.073386200822,825.4726195653798,69.17523690968343,7.923308320180726,21.66972229372371,-24.19800117003974,3.8496648137427902,8.884722709655762,178.29326484018264,1001,191.01033322017008,947.0518798828124,79.80684931506849,584
