,state,county,gisjoin,year range,avg temp,max temp,min temp,hdd,cdd,avg rh,average dp,max dp,min dp,avg wind speed,max wind speed,avg ghr,max ghr,avg dnr,max dnr,avg dhr,max dhr
0,TN,Campbell County,G4700130,2040-2059,16.242788501843687,37.53315353393555,-10.107769012451172,1948.6988171293233,1197.8166203022774,69.2350994506383,9.79424189652119,24.32974557296996,-10.107769455601677,3.982088656866387,10.93832778930664,178.29326484018264,1001,187.04353700857195,943.8068237304688,79.80684931506849,584
