,state,county,gisjoin,year range,avg temp,max temp,min temp,hdd,cdd,avg rh,average dp,max dp,min dp,avg wind speed,max wind speed,avg ghr,max ghr,avg dnr,max dnr,avg dhr,max dhr
0,GA,McIntosh County,G1301910,2040-2059,22.00557227802684,38.47334289550781,-3.252882957458496,688.6962200419722,2041.2301015215928,71.85409249802159,16.192574518425413,26.96900644125436,-3.252883121569595,4.830585507823996,10.976125717163086,191.6326484018265,1003,186.3110110826137,887.031005859375,81.71404109589041,611
