,state,county,gisjoin,year range,avg temp,max temp,min temp,hdd,cdd,avg rh,average dp,max dp,min dp,avg wind speed,max wind speed,avg ghr,max ghr,avg dnr,max dnr,avg dhr,max dhr
0,TX,Coryell County,G4800990,2020-2039,19.682934476706237,39.13582611083984,-9.565847396850586,1226.1090245811429,1730.8801085788984,62.855562391890786,11.515031447688603,24.5226488920334,-10.620492503263613,4.540097680211612,8.917586326599121,203.15776255707763,1016,208.9456584285279,963.7984008789062,76.08150684931506,661
