,state,county,gisjoin,year range,avg temp,max temp,min temp,hdd,cdd,avg rh,average dp,max dp,min dp,avg wind speed,max wind speed,avg ghr,max ghr,avg dnr,max dnr,avg dhr,max dhr
0,MO,Greene County,G2900770,2000-2019,13.895351884213394,38.15874862670898,-24.701250076293945,2584.851774696536,977.1552124341907,68.56621217422834,7.452608036743302,22.701278030931352,-24.70125182818256,4.694520420897497,10.505671501159668,181.0912100456621,995,192.52411740828617,955.8366088867188,72.91780821917808,668
