,state,county,gisjoin,year range,avg temp,max temp,min temp,hdd,cdd,avg rh,average dp,max dp,min dp,avg wind speed,max wind speed,avg ghr,max ghr,avg dnr,max dnr,avg dhr,max dhr
0,TN,Henderson County,G4700770,2080-2099,19.65131198968725,39.63906478881836,-9.089937210083008,1435.3673593413548,1928.5962355771305,69.97253654819646,13.277158050646596,27.98084774190916,-9.089938213675577,3.4202352558505047,8.624062538146973,176.80559360730592,1006,184.02445584566337,945.8775024414062,74.64429223744293,583
