,state,county,gisjoin,year range,avg temp,max temp,min temp,hdd,cdd,avg rh,average dp,max dp,min dp,avg wind speed,max wind speed,avg ghr,max ghr,avg dnr,max dnr,avg dhr,max dhr
0,WI,Jackson County,G5500530,2040-2059,9.598933633245696,34.356300354003906,-26.38973045349121,3872.69506596345,696.8058420976367,68.83129954751769,3.4453815793468996,25.09663910577118,-26.38973204857541,4.1090624090743395,9.452656745910645,160.9150684931507,964,173.04776879779362,894.987060546875,71.2513698630137,497
