,state,county,gisjoin,year range,avg temp,max temp,min temp,hdd,cdd,avg rh,average dp,max dp,min dp,avg wind speed,max wind speed,avg ghr,max ghr,avg dnr,max dnr,avg dhr,max dhr
0,WI,Jackson County,G5500530,2060-2079,10.391794621125653,35.66259002685547,-23.42201805114746,3608.162198759459,721.6672354698568,70.14285997038019,4.522624209910526,26.260178017991187,-23.76672985413573,4.242300996715075,9.893829345703123,160.9150684931507,964,169.77343970383447,896.0823974609375,71.2513698630137,497
