,state,county,gisjoin,year range,avg temp,max temp,min temp,hdd,cdd,avg rh,average dp,max dp,min dp,avg wind speed,max wind speed,avg ghr,max ghr,avg dnr,max dnr,avg dhr,max dhr
0,KS,Ellis County,G2000510,1980-1999,11.603824689476772,39.47800064086914,-19.988000869750977,3280.3104252456983,836.2064369043169,57.579594899094815,2.2666565129193357,20.597378065379413,-21.11210684397452,4.54176005623112,10.290943145751951,191.88824200913243,1014,201.49118230315665,964.3451538085938,64.59600456621004,594
