,state,county,gisjoin,year range,avg temp,max temp,min temp,hdd,cdd,avg rh,average dp,max dp,min dp,avg wind speed,max wind speed,avg ghr,max ghr,avg dnr,max dnr,avg dhr,max dhr
0,KS,Ellis County,G2000510,2040-2059,15.080438069654118,41.98201751708984,-16.558025360107422,2567.833013165567,1392.692908589095,58.400573951904086,5.68446534490157,24.06181016671888,-17.077498843630593,4.3909424678647895,9.333412170410156,191.88824200913243,1014,198.01525505294185,924.0032348632812,64.59600456621004,594
