,state,county,gisjoin,year range,avg temp,max temp,min temp,hdd,cdd,avg rh,average dp,max dp,min dp,avg wind speed,max wind speed,avg ghr,max ghr,avg dnr,max dnr,avg dhr,max dhr
0,KS,Ellis County,G2000510,2060-2079,15.733732989658261,43.812042236328125,-14.178092956542969,2483.6221767321636,1546.934717957149,57.461560987881874,6.0468950779858375,24.76347026305386,-16.187732571906665,4.3963642944484,8.482857704162598,191.88824200913243,1014,195.522586002251,954.18408203125,64.59600456621004,594
