,state,county,gisjoin,year range,avg temp,max temp,min temp,hdd,cdd,avg rh,average dp,max dp,min dp,avg wind speed,max wind speed,avg ghr,max ghr,avg dnr,max dnr,avg dhr,max dhr
0,UT,Duchesne County,G4900130,2060-2079,10.766145527365374,38.09255599975586,-20.138900756835938,3483.218009999973,733.3611274878532,44.785605112929325,-2.453888613716676,13.917619268866828,-21.76513612088152,2.2794941855620032,6.224637985229492,197.97785388127855,1041,222.9432752209416,992.0665283203124,60.77009132420091,469
