,state,county,gisjoin,year range,avg temp,max temp,min temp,hdd,cdd,avg rh,average dp,max dp,min dp,avg wind speed,max wind speed,avg ghr,max ghr,avg dnr,max dnr,avg dhr,max dhr
0,AR,Clay County,G0500210,2040-2059,17.49287537455662,40.16660690307617,-7.300705909729004,1752.6571293727914,1458.056641085948,71.03580983697552,11.56026201378343,26.71944494567888,-7.30070658835797,3.5870606915591514,8.516264915466309,175.54052511415526,981,185.8446417258467,921.60791015625,71.43904109589042,570
