,state,county,gisjoin,year range,avg temp,max temp,min temp,hdd,cdd,avg rh,average dp,max dp,min dp,avg wind speed,max wind speed,avg ghr,max ghr,avg dnr,max dnr,avg dhr,max dhr
0,NC,Currituck County,G3700530,2060-2079,18.749719759173793,37.43800354003906,-7.7743682861328125,1349.9341107895295,1514.081822888027,73.01006289921939,13.347495179581106,28.260163436220196,-7.774368647761336,5.423465078987487,13.178152084350586,181.76232876712328,985,174.91865884383336,928.8262939453124,69.69851598173516,553
