,state,county,gisjoin,year range,avg temp,max temp,min temp,hdd,cdd,avg rh,average dp,max dp,min dp,avg wind speed,max wind speed,avg ghr,max ghr,avg dnr,max dnr,avg dhr,max dhr
0,VA,Harrisonburg city,G5106600,2020-2039,12.61852920893322,34.518497467041016,-21.418968200683597,2754.0993818140655,680.3625430743274,67.01864585484545,5.8089940429843265,21.42621838329394,-21.418970481447257,3.9942000069030343,10.203886032104492,175.60091324200914,1016,190.5812164210273,944.2918701171876,71.70285388127854,634
