,state,county,gisjoin,year range,avg temp,max temp,min temp,hdd,cdd,avg rh,average dp,max dp,min dp,avg wind speed,max wind speed,avg ghr,max ghr,avg dnr,max dnr,avg dhr,max dhr
0,VA,Harrisonburg city,G5106600,2060-2079,14.40322950704783,37.35307693481445,-13.64539909362793,2332.7119066169344,910.3906766892045,68.52033533462107,7.907203082477636,23.27176308192995,-13.645400458738514,4.15754497051239,10.206461906433104,175.60091324200914,1016,186.41159765213658,933.9169311523438,71.70285388127854,634
