,state,county,gisjoin,year range,avg temp,max temp,min temp,hdd,cdd,avg rh,average dp,max dp,min dp,avg wind speed,max wind speed,avg ghr,max ghr,avg dnr,max dnr,avg dhr,max dhr
0,MO,Crawford County,G2900550,2080-2099,17.979162909224225,42.05931091308594,-12.182296752929688,1824.8611589783459,1707.7556208450862,70.24981443239673,11.704169230198495,26.642267615137424,-12.182297911755551,3.9677025710066705,9.29525089263916,157.5497716894977,989,182.43638819722426,912.0611572265624,70.4453196347032,657
