,state,county,gisjoin,year range,avg temp,max temp,min temp,hdd,cdd,avg rh,average dp,max dp,min dp,avg wind speed,max wind speed,avg ghr,max ghr,avg dnr,max dnr,avg dhr,max dhr
0,TX,Limestone County,G4802930,2060-2079,21.688299584545017,41.07710266113281,-4.910747528076172,941.512170694788,2178.24151905357,66.46211323868738,14.347620945528464,26.799993535296974,-4.910747903369295,4.775871148174756,9.98411464691162,202.06700913242008,1041,200.93918577773934,954.1229858398438,76.9892694063927,512
