,state,county,gisjoin,year range,avg temp,max temp,min temp,hdd,cdd,avg rh,average dp,max dp,min dp,avg wind speed,max wind speed,avg ghr,max ghr,avg dnr,max dnr,avg dhr,max dhr
0,MO,Vernon County,G2902170,1980-1999,13.039776018667304,35.1875,-21.84312438964844,2768.558818432108,848.5770652453616,68.29109855503796,6.600051936040945,23.903803207995136,-22.19527476813308,4.261426845641985,9.773601531982422,179.15787671232877,994,187.246155611258,947.7705688476562,66.51815068493151,456
