,state,county,gisjoin,year range,avg temp,max temp,min temp,hdd,cdd,avg rh,average dp,max dp,min dp,avg wind speed,max wind speed,avg ghr,max ghr,avg dnr,max dnr,avg dhr,max dhr
0,MO,Vernon County,G2902170,2000-2019,14.226041212604597,38.9743766784668,-24.524375915527344,2514.850813404949,1027.8558560054112,68.6890715760183,7.826026039063329,24.82935973664985,-24.524378865021472,4.149478540028611,8.901235580444336,179.15787671232877,994,185.2968975843408,936.2222290039062,66.51815068493151,456
