,state,county,gisjoin,year range,avg temp,max temp,min temp,hdd,cdd,avg rh,average dp,max dp,min dp,avg wind speed,max wind speed,avg ghr,max ghr,avg dnr,max dnr,avg dhr,max dhr
0,TX,Hemphill County,G4802110,2040-2059,17.03959650297949,42.687530517578125,-9.186914443969728,1992.9924491038894,1532.9451726913205,55.01780975790329,6.589460719330662,22.65505707282299,-14.26476066348503,4.650741391639187,9.14313793182373,200.7283105022831,1017,213.57529465477216,981.2464599609376,65.18778538812785,457
