,state,county,gisjoin,year range,avg temp,max temp,min temp,hdd,cdd,avg rh,average dp,max dp,min dp,avg wind speed,max wind speed,avg ghr,max ghr,avg dnr,max dnr,avg dhr,max dhr
0,FL,Manatee County,G1200810,2060-2079,24.705789184008754,36.11659240722656,-0.9524871706962584,266.86408103141724,2604.9771331942643,69.99919602010893,18.353912622750606,28.400946948354346,-0.9524872139435242,3.3546948180487166,9.296794891357422,202.26518264840183,1010,192.33465237561225,906.5033569335938,79.8236301369863,552
