,state,county,gisjoin,year range,avg temp,max temp,min temp,hdd,cdd,avg rh,average dp,max dp,min dp,avg wind speed,max wind speed,avg ghr,max ghr,avg dnr,max dnr,avg dhr,max dhr
0,VA,Hanover County,G5100850,1980-1999,13.545528778010214,34.5446662902832,-19.81999969482422,2517.24692503508,781.8649290085306,68.52764791418973,7.105902965209213,21.884085585620056,-19.82000269149328,3.7406465879858355,10.412272453308104,177.37933789954337,997,190.64671502802935,939.5839233398438,76.71643835616439,520
