,state,county,gisjoin,year range,avg temp,max temp,min temp,hdd,cdd,avg rh,average dp,max dp,min dp,avg wind speed,max wind speed,avg ghr,max ghr,avg dnr,max dnr,avg dhr,max dhr
0,VA,Hanover County,G5100850,2080-2099,19.140393679544513,42.17087173461914,-7.3944091796875,1515.5810447693527,1822.324737803019,70.32499432367821,12.899831478910585,28.90887632004,-7.394409318199886,3.9178951253629712,8.890900611877441,177.37933789954337,997,176.92096021820427,918.0490112304688,76.71643835616439,520
