,state,county,gisjoin,year range,avg temp,max temp,min temp,hdd,cdd,avg rh,average dp,max dp,min dp,avg wind speed,max wind speed,avg ghr,max ghr,avg dnr,max dnr,avg dhr,max dhr
0,MO,Harrison County,G2900810,2040-2059,13.720113251349703,39.24240493774414,-15.708916664123535,2753.9776220964836,1082.318958838842,68.34246375920021,7.285286911505019,25.892926177162995,-16.228421531611858,4.239024067251649,9.318292617797852,161.50125570776257,982,180.75226472588216,920.5453491210938,69.0560502283105,568
