,state,county,gisjoin,year range,avg temp,max temp,min temp,hdd,cdd,avg rh,average dp,max dp,min dp,avg wind speed,max wind speed,avg ghr,max ghr,avg dnr,max dnr,avg dhr,max dhr
0,WI,Marquette County,G5500770,2020-2039,9.402090107959168,40.226898193359375,-26.393842697143555,3880.5641941672093,632.8270835717818,66.91526384527825,2.810595741774007,23.39457218985168,-26.393844238100133,3.9905260193973917,8.854308128356934,162.9494292237443,1004,176.01462475613087,902.5631103515624,78.29486301369863,657
