,state,county,gisjoin,year range,avg temp,max temp,min temp,hdd,cdd,avg rh,average dp,max dp,min dp,avg wind speed,max wind speed,avg ghr,max ghr,avg dnr,max dnr,avg dhr,max dhr
0,AR,Perry County,G0501050,2000-2019,17.24581639145321,40.135623931884766,-9.27750015258789,1778.8741774748366,1394.0971603553014,67.42941389214502,10.338400538986098,23.87112517831294,-9.971935490552251,3.262144140674643,7.503399848937988,169.04406392694065,993,193.98770465467737,928.7781982421876,73.3804794520548,538
