,state,county,gisjoin,year range,avg temp,max temp,min temp,hdd,cdd,avg rh,average dp,max dp,min dp,avg wind speed,max wind speed,avg ghr,max ghr,avg dnr,max dnr,avg dhr,max dhr
0,AR,Perry County,G0501050,2060-2079,19.38535397578658,41.31068801879883,-7.021151542663574,1432.2902515209541,1828.4444526830073,69.06317317562016,12.796782576850035,26.83149910213904,-7.021151975379782,3.2641369755137455,7.33393669128418,169.04406392694065,993,188.75030774053724,911.7030029296876,73.3804794520548,538
