,state,county,gisjoin,year range,avg temp,max temp,min temp,hdd,cdd,avg rh,average dp,max dp,min dp,avg wind speed,max wind speed,avg ghr,max ghr,avg dnr,max dnr,avg dhr,max dhr
0,WI,Dodge County,G5500270,1980-1999,7.202928843251594,32.561248779296875,-26.427499771118164,4447.146255575884,396.71528336207166,67.5837866724354,0.9043195358920143,19.944274432247784,-26.427501858185185,4.598587297930565,10.902332305908203,152.26678082191782,943,177.68706156611785,906.1510009765624,71.66723744292237,447
