,state,county,gisjoin,year range,avg temp,max temp,min temp,hdd,cdd,avg rh,average dp,max dp,min dp,avg wind speed,max wind speed,avg ghr,max ghr,avg dnr,max dnr,avg dhr,max dhr
0,WI,Dodge County,G5500270,2060-2079,11.065112504724,37.12657928466797,-30.66473960876465,3439.458437131732,798.7245013555338,69.84425500419042,5.157156790077889,25.145498557105665,-30.664740335239568,4.552679043695263,11.892956733703612,152.26678082191782,943,170.95452660704117,900.6519775390625,71.66723744292237,447
