,state,county,gisjoin,year range,avg temp,max temp,min temp,hdd,cdd,avg rh,average dp,max dp,min dp,avg wind speed,max wind speed,avg ghr,max ghr,avg dnr,max dnr,avg dhr,max dhr
0,NC,Pitt County,G3701470,2020-2039,17.31627193604233,35.94824981689453,-7.823078632354736,1618.6407048510546,1259.5799615066078,70.37842179542262,11.206972573926418,24.5913901260284,-7.93288274003747,3.988750209220468,8.917387962341309,184.1552511415525,994,187.64371615334315,906.68212890625,74.81244292237443,547
