,state,county,gisjoin,year range,avg temp,max temp,min temp,hdd,cdd,avg rh,average dp,max dp,min dp,avg wind speed,max wind speed,avg ghr,max ghr,avg dnr,max dnr,avg dhr,max dhr
0,ND,Dunn County,G3800250,1980-1999,5.357296885760062,36.07583236694336,-33.85749816894531,5051.847019970472,327.7603832721641,54.06922453456818,-4.617543561006021,16.471219196842515,-33.857501707017015,4.413258330898198,10.327717781066896,165.67442922374428,961,182.7648756260612,913.0361938476562,62.57442922374429,529
