,state,county,gisjoin,year range,avg temp,max temp,min temp,hdd,cdd,avg rh,average dp,max dp,min dp,avg wind speed,max wind speed,avg ghr,max ghr,avg dnr,max dnr,avg dhr,max dhr
0,TX,Polk County,G4803730,2000-2019,20.203174818267584,38.505001068115234,-5.083000183105469,1078.7082984852004,1773.3671071528236,68.95854617907032,13.621102799088277,25.446578460140703,-5.08300060492805,3.716676601318464,8.538361549377441,191.5263698630137,1003,198.82273107799284,953.252685546875,81.91438356164383,672
