,state,county,gisjoin,year range,avg temp,max temp,min temp,hdd,cdd,avg rh,average dp,max dp,min dp,avg wind speed,max wind speed,avg ghr,max ghr,avg dnr,max dnr,avg dhr,max dhr
0,TX,Polk County,G4803730,2060-2079,22.39155034409266,39.44633483886719,-1.9874396324157717,766.4430154958936,2259.8588910895187,68.84178653808489,15.678273652030352,28.425023875441955,-1.987439776685609,3.9151505880159876,8.19983196258545,191.5263698630137,1003,196.90619344796,953.8141479492188,81.91438356164383,672
