,state,county,gisjoin,year range,avg temp,max temp,min temp,hdd,cdd,avg rh,average dp,max dp,min dp,avg wind speed,max wind speed,avg ghr,max ghr,avg dnr,max dnr,avg dhr,max dhr
0,TX,Karnes County,G4802550,1980-1999,20.196405393327055,38.368751525878906,-4.962500095367432,1012.7145468151435,1704.9025153794944,63.700841467565596,12.294549018839366,26.74515972594128,-4.962500076922559,4.0292163947401525,8.208991050720215,192.90993150684932,1025,214.13424215211612,956.5840454101562,76.37294520547945,618
