,state,county,gisjoin,year range,avg temp,max temp,min temp,hdd,cdd,avg rh,average dp,max dp,min dp,avg wind speed,max wind speed,avg ghr,max ghr,avg dnr,max dnr,avg dhr,max dhr
0,FL,Leon County,G1200730,2000-2019,20.40310279846913,37.26611328125,-6.937222480773926,967.8814057164236,1735.5139271576115,68.83100911710905,13.743310127627755,27.71498238550656,-6.93722328148919,3.4985496335241892,8.076493263244629,190.99440639269406,1046,199.02019539119686,958.0769653320312,78.32077625570776,514
