,state,county,gisjoin,year range,avg temp,max temp,min temp,hdd,cdd,avg rh,average dp,max dp,min dp,avg wind speed,max wind speed,avg ghr,max ghr,avg dnr,max dnr,avg dhr,max dhr
0,FL,Leon County,G1200730,2080-2099,23.477139659296217,40.92936706542969,-4.573264598846436,657.6011456178089,2547.2571212606586,71.16878481150762,17.285002722546423,31.291538603125336,-4.573264629629867,3.757349441067813,9.425840377807615,190.99440639269406,1046,189.73180764998924,919.3667602539062,78.32077625570776,514
