,state,county,gisjoin,year range,avg temp,max temp,min temp,hdd,cdd,avg rh,average dp,max dp,min dp,avg wind speed,max wind speed,avg ghr,max ghr,avg dnr,max dnr,avg dhr,max dhr
0,MI,Mason County,G2601050,2060-2079,11.565008198965891,34.83660125732422,-15.93735408782959,3169.0060707489424,710.7340633710588,70.75634648288222,5.838638536955563,24.57551598692718,-16.174645291370386,5.030018100020004,14.391721725463867,226.72511415525113,1068,168.82637044690898,897.9705810546875,53.43584474885845,518
