,state,county,gisjoin,year range,avg temp,max temp,min temp,hdd,cdd,avg rh,average dp,max dp,min dp,avg wind speed,max wind speed,avg ghr,max ghr,avg dnr,max dnr,avg dhr,max dhr
0,MI,Mason County,G2601050,2080-2099,13.086790455695523,38.08530426025391,-14.59291648864746,2840.0695757983945,937.2480921269022,71.03128414676614,7.358317540277167,24.39032511098504,-14.592916332057438,5.0544790091579905,13.600168228149414,226.72511415525113,1068,165.75799371561405,885.9685668945312,53.43584474885845,518
