,state,county,gisjoin,year range,avg temp,max temp,min temp,hdd,cdd,avg rh,average dp,max dp,min dp,avg wind speed,max wind speed,avg ghr,max ghr,avg dnr,max dnr,avg dhr,max dhr
0,OH,Logan County,G3900910,2040-2059,13.03653700287566,37.05211639404297,-14.513175010681152,2821.590679109188,900.4266851584636,70.90196794461987,7.256082462388484,25.094038890200597,-14.51317580709097,4.074090733144382,9.309687614440918,152.48002283105023,1004,175.91571229464407,921.1170654296876,78.42111872146118,641
