,state,county,gisjoin,year range,avg temp,max temp,min temp,hdd,cdd,avg rh,average dp,max dp,min dp,avg wind speed,max wind speed,avg ghr,max ghr,avg dnr,max dnr,avg dhr,max dhr
0,WA,Clark County,G5300110,2040-2059,13.106893655017457,37.82942962646485,-7.789301872253418,2382.2761777664996,486.7923618475738,68.48898276096065,6.4823339328470055,14.49715769889614,-7.789303193160685,3.5882075437127727,8.790444374084473,146.7746575342466,1008,161.36438946045178,880.3098754882812,70.48150684931507,509
