,state,county,gisjoin,year range,avg temp,max temp,min temp,hdd,cdd,avg rh,average dp,max dp,min dp,avg wind speed,max wind speed,avg ghr,max ghr,avg dnr,max dnr,avg dhr,max dhr
0,TX,Newton County,G4803510,2020-2039,20.58427725918575,41.64556503295898,-5.881641387939453,935.1212193634319,1768.8824189661673,70.52552816660982,14.347300115892583,26.56890500962687,-5.881642003608978,3.904582379288869,8.800901412963867,184.40342465753426,981,199.4800219467238,930.8532104492188,85.10422374429224,667
