,state,county,gisjoin,year range,avg temp,max temp,min temp,hdd,cdd,avg rh,average dp,max dp,min dp,avg wind speed,max wind speed,avg ghr,max ghr,avg dnr,max dnr,avg dhr,max dhr
0,TX,Newton County,G4803510,2060-2079,21.82857607650511,38.45013046264648,-4.701210975646973,791.657652391646,2079.587920315866,70.47769199571653,15.55897798837814,26.88404091772485,-4.701211344691182,3.8067099940286924,8.041143417358398,184.40342465753426,981,196.7239110732208,917.1098022460938,85.10422374429224,667
