,state,county,gisjoin,year range,avg temp,max temp,min temp,hdd,cdd,avg rh,average dp,max dp,min dp,avg wind speed,max wind speed,avg ghr,max ghr,avg dnr,max dnr,avg dhr,max dhr
0,TX,Newton County,G4803510,2080-2099,23.27363385296295,40.60638046264648,-3.832831621170044,685.3127104759188,2500.689066807154,70.26001346949573,16.896630766831308,29.881043348069507,-3.901333848505326,3.862820963500297,8.520394325256348,184.40342465753426,981,188.891931507462,911.0139770507812,85.10422374429224,667
