,state,county,gisjoin,year range,avg temp,max temp,min temp,hdd,cdd,avg rh,average dp,max dp,min dp,avg wind speed,max wind speed,avg ghr,max ghr,avg dnr,max dnr,avg dhr,max dhr
0,IA,Emmet County,G1900630,2020-2039,9.443505149988296,35.5531005859375,-30.252241134643555,3917.4914145351872,684.8707942804086,64.24293024365761,2.2091020281986107,24.41408460050768,-30.252242064026785,4.380230265120938,10.461520195007324,152.9307077625571,971,177.7252177857287,907.2505493164062,65.6134703196347,543
