,state,county,gisjoin,year range,avg temp,max temp,min temp,hdd,cdd,avg rh,average dp,max dp,min dp,avg wind speed,max wind speed,avg ghr,max ghr,avg dnr,max dnr,avg dhr,max dhr
0,IA,Emmet County,G1900630,2060-2079,11.047717439651422,35.889930725097656,-21.12460327148437,3569.663807888533,922.580673360876,67.50122539833801,4.5876067299425465,25.559373832416757,-22.402170160625044,4.21010579540305,9.642057418823242,152.9307077625571,971,173.2966357491664,881.9933471679688,65.6134703196347,543
