,state,county,gisjoin,year range,avg temp,max temp,min temp,hdd,cdd,avg rh,average dp,max dp,min dp,avg wind speed,max wind speed,avg ghr,max ghr,avg dnr,max dnr,avg dhr,max dhr
0,CA,Amador County,G0600050,2040-2059,17.888694052718,41.5928840637207,-2.246178388595581,1480.272413953068,1330.1457431952897,54.29617586005224,6.272939997791507,22.276303731677924,-4.6902045236123415,3.240770367073686,9.648100852966309,209.50319634703197,1000,210.00682107107227,924.7557983398438,68.25308219178082,475
