,state,county,gisjoin,year range,avg temp,max temp,min temp,hdd,cdd,avg rh,average dp,max dp,min dp,avg wind speed,max wind speed,avg ghr,max ghr,avg dnr,max dnr,avg dhr,max dhr
0,NE,Johnson County,G3100970,2060-2079,14.616980856829361,40.23871612548828,-16.562511444091797,2660.5018876145227,1316.1999003570006,65.6548534763458,7.354436976711131,26.29505774621205,-18.12367396232237,4.441530478817143,8.522737503051758,179.72328767123287,994,179.85359280182413,915.3701782226562,64.42385844748858,557
