,state,county,gisjoin,year range,avg temp,max temp,min temp,hdd,cdd,avg rh,average dp,max dp,min dp,avg wind speed,max wind speed,avg ghr,max ghr,avg dnr,max dnr,avg dhr,max dhr
0,MN,Nicollet County,G2701030,2020-2039,8.82631114646552,35.45758438110352,-27.747907638549805,4078.249389552307,620.352958011656,67.43045798306052,2.396011013781721,23.289242343104448,-27.747909180508216,3.8174943672467583,8.609869956970215,152.062100456621,988,174.16980472000833,895.1151123046875,67.28321917808219,528
