,state,county,gisjoin,year range,avg temp,max temp,min temp,hdd,cdd,avg rh,average dp,max dp,min dp,avg wind speed,max wind speed,avg ghr,max ghr,avg dnr,max dnr,avg dhr,max dhr
0,MN,Nicollet County,G2701030,2080-2099,13.196043818986315,40.917022705078125,-23.97459602355957,3089.9989576428175,1227.0549515724879,67.5037321262708,6.586457418376911,26.89517165079277,-23.97459792916028,3.788718602102097,9.3829984664917,152.062100456621,988,167.38761323460076,875.4190063476562,67.28321917808219,528
