,state,county,gisjoin,year range,avg temp,max temp,min temp,hdd,cdd,avg rh,average dp,max dp,min dp,avg wind speed,max wind speed,avg ghr,max ghr,avg dnr,max dnr,avg dhr,max dhr
0,OR,Marion County,G4100470,2040-2059,13.449575523312873,41.25921249389648,-8.0342435836792,2317.098419251085,546.6934852600293,66.75119532591675,6.185074641541745,15.063661325695715,-8.034244095953643,3.0237210819166003,8.523103713989258,154.22351598173515,957,168.5416657963966,879.8355102539062,68.84577625570776,492
