,state,county,gisjoin,year range,avg temp,max temp,min temp,hdd,cdd,avg rh,average dp,max dp,min dp,avg wind speed,max wind speed,avg ghr,max ghr,avg dnr,max dnr,avg dhr,max dhr
0,MS,Jackson County,G2800590,2080-2099,23.510808201921364,40.488040924072266,-4.612056255340576,592.0016762745911,2493.9466699756244,74.27904259581544,18.22285963975079,31.85041569549852,-4.612056761155592,3.8362377193420447,8.898320198059082,191.51061643835615,1014,180.47461770730354,888.7197875976562,83.47808219178083,619
