,state,county,gisjoin,year range,avg temp,max temp,min temp,hdd,cdd,avg rh,average dp,max dp,min dp,avg wind speed,max wind speed,avg ghr,max ghr,avg dnr,max dnr,avg dhr,max dhr
0,IA,Osceola County,G1901430,2020-2039,9.307541837737713,35.846248626708984,-33.52384185791016,3986.3680968124468,704.1208675861726,64.09626233022507,2.0098886990476617,23.55126790335279,-33.5238427957144,4.6394929781352,11.340733528137209,157.95262557077626,971,178.61428928479089,896.6830444335938,65.47625570776256,619
