,state,county,gisjoin,year range,avg temp,max temp,min temp,hdd,cdd,avg rh,average dp,max dp,min dp,avg wind speed,max wind speed,avg ghr,max ghr,avg dnr,max dnr,avg dhr,max dhr
0,FL,Broward County,G1200110,2020-2039,24.98276614119473,36.16200637817383,6.281528472900391,112.46092286109979,2551.670564396829,74.0970093940491,19.711589046567255,27.91973654002214,4.393414252150294,3.870919090591065,8.666525840759277,186.60753424657534,1010,181.68014921408187,907.841796875,86.60319634703197,664
