,state,county,gisjoin,year range,avg temp,max temp,min temp,hdd,cdd,avg rh,average dp,max dp,min dp,avg wind speed,max wind speed,avg ghr,max ghr,avg dnr,max dnr,avg dhr,max dhr
0,KS,Marion County,G2001150,2080-2099,18.770339101645803,44.82392883300781,-14.78238582611084,1838.8289868950076,2010.5027589955569,63.55431495953913,10.782078005523752,28.24045761037373,-14.78238581266025,5.057866829062162,10.906614303588867,187.3675799086758,997,187.9663674154423,934.4996948242188,66.80776255707762,492
