,state,county,gisjoin,year range,avg temp,max temp,min temp,hdd,cdd,avg rh,average dp,max dp,min dp,avg wind speed,max wind speed,avg ghr,max ghr,avg dnr,max dnr,avg dhr,max dhr
0,TN,Loudon County,G4701050,1980-1999,13.96207463188056,36.089332580566406,-15.693333625793455,2383.733036415735,800.3902770519744,70.17631453487971,7.8656168454136965,22.45061208916971,-15.693334165119916,2.6309907787058453,5.867769241333008,178.29326484018264,1001,193.3880140134312,941.5355224609376,79.80810502283104,584
