,state,county,gisjoin,year range,avg temp,max temp,min temp,hdd,cdd,avg rh,average dp,max dp,min dp,avg wind speed,max wind speed,avg ghr,max ghr,avg dnr,max dnr,avg dhr,max dhr
0,LA,Jefferson Parish,G2200510,2060-2079,22.822072058473395,37.22324752807617,-0.093899942934513,571.7069727069444,2222.263274049515,74.22877151497967,17.555485602722978,28.38045137608928,-0.0938999481262716,3.222893781531347,7.260285377502441,185.97431506849315,1012,187.28632855675357,889.8671875,81.75593607305936,569
