,state,county,gisjoin,year range,avg temp,max temp,min temp,hdd,cdd,avg rh,average dp,max dp,min dp,avg wind speed,max wind speed,avg ghr,max ghr,avg dnr,max dnr,avg dhr,max dhr
0,KY,Henry County,G2101030,2020-2039,14.140875826072739,40.67931365966797,-18.098726272583008,2489.260695467611,971.1803719839039,69.80581971064005,7.971066235080637,25.044554388876247,-18.195797715134983,4.233324287702504,10.484354972839355,153.51255707762556,995,185.79837366669838,937.7413330078124,75.63127853881278,626
