,state,county,gisjoin,year range,avg temp,max temp,min temp,hdd,cdd,avg rh,average dp,max dp,min dp,avg wind speed,max wind speed,avg ghr,max ghr,avg dnr,max dnr,avg dhr,max dhr
0,AR,Saline County,G0501250,1980-1999,15.894986610123558,35.508235931396484,-11.963529586791992,1965.4165185394406,1087.5866312345552,69.63640466062989,9.637871191794472,23.479791143263157,-11.963529837206655,3.7409104680361813,8.148656845092773,186.91118721461189,1005,197.9429731058081,931.1309814453124,77.80707762557077,566
