,state,county,gisjoin,year range,avg temp,max temp,min temp,hdd,cdd,avg rh,average dp,max dp,min dp,avg wind speed,max wind speed,avg ghr,max ghr,avg dnr,max dnr,avg dhr,max dhr
0,AR,Saline County,G0501250,2000-2019,17.139333409136487,39.040000915527344,-8.881175994873047,1780.3308451632017,1356.687539498091,69.02665830594763,10.66018667958465,24.3108458578509,-9.338881499769968,3.6451763593987243,8.051737785339355,186.91118721461189,1005,194.1809249564915,928.1878662109376,77.80707762557077,566
