,state,county,gisjoin,year range,avg temp,max temp,min temp,hdd,cdd,avg rh,average dp,max dp,min dp,avg wind speed,max wind speed,avg ghr,max ghr,avg dnr,max dnr,avg dhr,max dhr
0,NM,Roosevelt County,G3500410,2040-2059,17.28849433712049,40.9359016418457,-9.925836563110352,1826.9409852650167,1457.7414183139992,43.80578231049455,3.013215100163064,18.683129344125103,-16.640060305949866,4.476556455599119,9.249655723571776,215.72865296803653,1052,233.01514380175442,996.8577270507812,62.91529680365297,531
