,state,county,gisjoin,year range,avg temp,max temp,min temp,hdd,cdd,avg rh,average dp,max dp,min dp,avg wind speed,max wind speed,avg ghr,max ghr,avg dnr,max dnr,avg dhr,max dhr
0,IN,Union County,G1801610,2040-2059,13.874721428120592,37.06645965576172,-16.930984497070312,2591.9959127578218,976.7692340215616,70.39678679013362,7.90105312017296,24.136618593401437,-16.93098623089821,3.874991030793756,9.623272895812988,165.93150684931507,993,176.52542284532367,929.0375366210938,75.8406392694064,554
