,state,county,gisjoin,year range,avg temp,max temp,min temp,hdd,cdd,avg rh,average dp,max dp,min dp,avg wind speed,max wind speed,avg ghr,max ghr,avg dnr,max dnr,avg dhr,max dhr
0,IN,Union County,G1801610,2060-2079,14.277669584113768,36.09469985961914,-20.354188919067383,2572.0436192497505,1103.8930174510358,70.09641624825186,8.210015619778614,24.08091457657881,-20.35419104331501,3.9011296435714313,9.534465789794922,165.93150684931507,993,175.49445350967397,920.7239379882812,75.8406392694064,554
