,state,county,gisjoin,year range,avg temp,max temp,min temp,hdd,cdd,avg rh,average dp,max dp,min dp,avg wind speed,max wind speed,avg ghr,max ghr,avg dnr,max dnr,avg dhr,max dhr
0,GA,Dawson County,G1300850,2020-2039,16.203850970625215,35.64241027832031,-12.214794158935549,1774.5651608515445,1009.4707651297957,69.48852297334366,9.89758838819784,21.63552242377158,-12.214795136247554,3.592922675174121,9.005282402038574,164.0777397260274,1027,194.8793772052291,979.7578125,78.95433789954338,661
