,state,county,gisjoin,year range,avg temp,max temp,min temp,hdd,cdd,avg rh,average dp,max dp,min dp,avg wind speed,max wind speed,avg ghr,max ghr,avg dnr,max dnr,avg dhr,max dhr
0,GA,Dawson County,G1300850,2040-2059,17.634339606147428,36.51420211791992,-6.742698669433594,1522.7982547578586,1279.8322110017991,70.27511012826336,11.46136651026957,23.62880733532745,-6.74269934545486,3.597881207509672,9.513507843017578,164.0777397260274,1027,190.99947896537915,936.6066284179688,78.95433789954338,661
