,state,county,gisjoin,year range,avg temp,max temp,min temp,hdd,cdd,avg rh,average dp,max dp,min dp,avg wind speed,max wind speed,avg ghr,max ghr,avg dnr,max dnr,avg dhr,max dhr
0,IN,Spencer County,G1801470,1980-1999,13.034830584638772,33.66749954223633,-21.576875686645508,2725.8744398265585,804.0876032193997,69.74125497961697,6.913607933158749,23.463028088517635,-21.57687716262098,3.8183001475247074,9.05632495880127,175.93367579908676,994,186.44350070910764,929.5083618164062,72.70468036529681,623
