,state,county,gisjoin,year range,avg temp,max temp,min temp,hdd,cdd,avg rh,average dp,max dp,min dp,avg wind speed,max wind speed,avg ghr,max ghr,avg dnr,max dnr,avg dhr,max dhr
0,IN,Spencer County,G1801470,2080-2099,18.34445095721624,43.1285285949707,-14.283846855163574,1722.4891244663322,1738.7137238501616,71.27731576444896,12.398034548933643,28.402545159061567,-14.283847401007906,3.626742599081231,10.45860767364502,175.93367579908676,994,173.98616234148673,898.3018798828125,72.70468036529681,623
