,state,county,gisjoin,year range,avg temp,max temp,min temp,hdd,cdd,avg rh,average dp,max dp,min dp,avg wind speed,max wind speed,avg ghr,max ghr,avg dnr,max dnr,avg dhr,max dhr
0,NV,Pershing County,G3200270,2020-2039,12.276442584657437,39.79537582397461,-21.195533752441406,3062.1909330319827,863.5924764315681,34.7032552642365,-5.255611265085588,5.96800704844827,-23.99879027649015,2.7305735608622363,7.004471302032471,202.937899543379,1033,227.25023303595356,988.3407592773438,60.84109589041096,567
