,state,county,gisjoin,year range,avg temp,max temp,min temp,hdd,cdd,avg rh,average dp,max dp,min dp,avg wind speed,max wind speed,avg ghr,max ghr,avg dnr,max dnr,avg dhr,max dhr
0,NV,Pershing County,G3200270,2040-2059,13.62445499786172,40.86591720581055,-14.584983825683594,2758.8515239393378,1052.2775981585694,35.06222146041861,-3.87097639636613,12.184648312979832,-17.62559354889145,2.8152369404084063,6.817578315734863,202.937899543379,1033,227.93163069685852,1002.3333740234376,60.84109589041096,567
