,state,county,gisjoin,year range,avg temp,max temp,min temp,hdd,cdd,avg rh,average dp,max dp,min dp,avg wind speed,max wind speed,avg ghr,max ghr,avg dnr,max dnr,avg dhr,max dhr
0,TX,Liberty County,G4802910,1980-1999,19.599869631574443,37.609474182128906,-6.148420333862305,1088.9424160214035,1563.3948315461164,71.1664679760258,13.630794623870884,26.1170857962331,-6.148420896178795,3.8051722503688237,7.990504264831543,185.77876712328768,1020,196.72981435273627,948.237060546875,83.63082191780822,608
