,state,county,gisjoin,year range,avg temp,max temp,min temp,hdd,cdd,avg rh,average dp,max dp,min dp,avg wind speed,max wind speed,avg ghr,max ghr,avg dnr,max dnr,avg dhr,max dhr
0,TX,Liberty County,G4802910,2060-2079,22.647359932040303,38.68505859375,-0.5255782604217529,666.1271226505877,2252.9134978450898,71.15544323333322,16.55797333045379,27.573921573912127,-0.525578320846467,3.859552374931231,7.718992710113525,185.77876712328768,1020,191.77287250881216,894.6488037109375,83.63082191780822,608
