,state,county,gisjoin,year range,avg temp,max temp,min temp,hdd,cdd,avg rh,average dp,max dp,min dp,avg wind speed,max wind speed,avg ghr,max ghr,avg dnr,max dnr,avg dhr,max dhr
0,AL,Coffee County,G0100310,2060-2079,21.18005761153524,38.336334228515625,-4.649948120117188,905.5953971289629,1956.8164253392142,70.23003673074453,14.843574938254562,27.07924086638552,-4.64994848360248,3.748190891062288,9.36269760131836,183.33093607305935,1007,197.03897046899354,927.580810546875,83.37591324200913,639
