,state,county,gisjoin,year range,avg temp,max temp,min temp,hdd,cdd,avg rh,average dp,max dp,min dp,avg wind speed,max wind speed,avg ghr,max ghr,avg dnr,max dnr,avg dhr,max dhr
0,TX,Wilbarger County,G4804870,2060-2079,20.430707479573385,43.95009994506836,-7.288966178894043,1382.6853826424222,2160.393612686602,59.7547918807426,11.263087389988225,30.7676015442317,-9.13639006898256,4.031507046990199,8.077713012695312,203.4216894977169,1028,204.65782481142625,930.7828979492188,69.59417808219177,593
