,state,county,gisjoin,year range,avg temp,max temp,min temp,hdd,cdd,avg rh,average dp,max dp,min dp,avg wind speed,max wind speed,avg ghr,max ghr,avg dnr,max dnr,avg dhr,max dhr
0,NE,Otoe County,G3101310,2060-2079,14.754855940734423,39.614933013916016,-20.312931060791016,2613.840356242751,1319.8627746105938,65.60215267329455,7.521096477754025,26.79004296580353,-20.312931415297072,4.345746673296576,9.590354919433594,161.78561643835616,973,180.0634285765978,923.46484375,72.83287671232877,615
