,state,county,gisjoin,year range,avg temp,max temp,min temp,hdd,cdd,avg rh,average dp,max dp,min dp,avg wind speed,max wind speed,avg ghr,max ghr,avg dnr,max dnr,avg dhr,max dhr
0,OH,Hardin County,G3900650,2080-2099,15.573422983887054,37.57602691650391,-12.797689437866213,2263.659711445796,1268.4591005643965,70.82617169014395,9.675114421138208,26.02123344816764,-12.797689899284194,4.006938157723919,9.21372127532959,149.3900684931507,968,170.80760682799277,905.7924194335938,72.97248858447489,565
