,state,county,gisjoin,year range,avg temp,max temp,min temp,hdd,cdd,avg rh,average dp,max dp,min dp,avg wind speed,max wind speed,avg ghr,max ghr,avg dnr,max dnr,avg dhr,max dhr
0,FL,St. Lucie County,G1201110,2060-2079,24.630049655004722,36.25151824951172,1.3087711334228516,223.12261506220304,2533.5907391385854,72.28073445476898,18.878294879356257,29.38749070864021,1.3087712528059137,3.9446824449382416,8.182310104370117,181.2527397260274,1019,187.5179853300268,890.0160522460938,83.2818493150685,605
