,state,county,gisjoin,year range,avg temp,max temp,min temp,hdd,cdd,avg rh,average dp,max dp,min dp,avg wind speed,max wind speed,avg ghr,max ghr,avg dnr,max dnr,avg dhr,max dhr
0,FL,Hamilton County,G1200470,2080-2099,23.535984829455526,42.13101959228516,-4.958024501800537,629.3666186835891,2540.5010814345837,69.75284513665116,16.99638688889233,31.579135779889807,-4.958024886149083,3.5445780091361914,8.935157775878906,183.9345890410959,1004,192.74865437285177,919.0733032226562,84.0933789954338,634
