,state,county,gisjoin,year range,avg temp,max temp,min temp,hdd,cdd,avg rh,average dp,max dp,min dp,avg wind speed,max wind speed,avg ghr,max ghr,avg dnr,max dnr,avg dhr,max dhr
0,VA,Lynchburg city,G5106800,1980-1999,12.887502867386562,34.341251373291016,-18.521875381469727,2689.5810696902413,714.0196162860001,66.4635961759036,5.935276210363008,22.428018378233443,-18.52187804394393,4.769323339854202,13.245878219604492,182.35730593607306,1009,194.69921351819823,940.9229125976562,73.56632420091324,577
