,state,county,gisjoin,year range,avg temp,max temp,min temp,hdd,cdd,avg rh,average dp,max dp,min dp,avg wind speed,max wind speed,avg ghr,max ghr,avg dnr,max dnr,avg dhr,max dhr
0,VA,Lynchburg city,G5106800,2020-2039,14.700823764416523,35.704010009765625,-12.077340126037598,2212.6675452842956,898.9682192961955,67.67972873335015,7.98760338146614,22.468416152972164,-12.077341234641018,4.814540487446197,11.17405891418457,182.35730593607306,1009,189.29711997387642,948.9815673828124,73.56632420091324,577
