,state,county,gisjoin,year range,avg temp,max temp,min temp,hdd,cdd,avg rh,average dp,max dp,min dp,avg wind speed,max wind speed,avg ghr,max ghr,avg dnr,max dnr,avg dhr,max dhr
0,MN,Carlton County,G2700170,2040-2059,7.415440053426204,33.345802307128906,-28.265310287475582,4463.251929232818,490.38754873277344,67.32049431408922,0.9854782424714973,21.651428290814287,-28.26531070256578,4.564915967967412,11.17480754852295,147.2810502283105,940,171.41868966544448,894.1832275390625,63.712899543378995,500
