,state,county,gisjoin,year range,avg temp,max temp,min temp,hdd,cdd,avg rh,average dp,max dp,min dp,avg wind speed,max wind speed,avg ghr,max ghr,avg dnr,max dnr,avg dhr,max dhr
0,MN,Carlton County,G2700170,2080-2099,10.377100855807704,39.11967468261719,-29.388214111328125,3710.5683135061918,818.7101258755146,67.9889179780603,3.908994118587833,25.93224252929281,-29.388215728201587,4.5748301881633395,11.45094108581543,147.2810502283105,940,167.58244867729942,866.399658203125,63.712899543378995,500
