,state,county,gisjoin,year range,avg temp,max temp,min temp,hdd,cdd,avg rh,average dp,max dp,min dp,avg wind speed,max wind speed,avg ghr,max ghr,avg dnr,max dnr,avg dhr,max dhr
0,NC,Durham County,G3700630,1980-1999,14.68569841842586,35.25666809082031,-13.66866683959961,2237.572295394008,918.3522181193634,68.04177349386694,8.047678573928879,23.130616285236048,-13.668668467015168,3.902639398182908,8.59286117553711,181.42796803652968,1003,194.57413921213174,934.1401977539062,80.32191780821918,635
