,state,county,gisjoin,year range,avg temp,max temp,min temp,hdd,cdd,avg rh,average dp,max dp,min dp,avg wind speed,max wind speed,avg ghr,max ghr,avg dnr,max dnr,avg dhr,max dhr
0,NM,Lea County,G3500250,1980-1999,15.753675500596618,39.92384719848633,-10.209230422973633,2067.957025281225,1138.548582998984,44.91566214131438,1.9345736636425068,18.530361270994,-19.119292983865183,4.229024479514387,9.079994201660156,220.96712328767123,1046,239.46690661065975,1004.3901977539062,65.6593607305936,585
