,state,county,gisjoin,year range,avg temp,max temp,min temp,hdd,cdd,avg rh,average dp,max dp,min dp,avg wind speed,max wind speed,avg ghr,max ghr,avg dnr,max dnr,avg dhr,max dhr
0,NM,Lea County,G3500250,2080-2099,20.874282013838865,41.70310974121094,-5.791924476623535,1206.9697827488787,2146.5827177999467,44.42504203608047,6.492594343252092,22.790479259765117,-14.254083083943693,4.231310988044085,8.415325164794922,220.96712328767123,1046,232.99601321238583,998.0264892578124,65.6593607305936,585
