,state,county,gisjoin,year range,avg temp,max temp,min temp,hdd,cdd,avg rh,average dp,max dp,min dp,avg wind speed,max wind speed,avg ghr,max ghr,avg dnr,max dnr,avg dhr,max dhr
0,TX,Garza County,G4801690,2040-2059,19.66175670416496,42.38508987426758,-6.121175765991211,1414.4442815398443,1911.485478559991,50.421312314843476,7.759667218074179,25.005196432950985,-12.905987613472758,4.463007954538685,11.326471328735352,210.74920091324202,1043,218.79829328514614,977.2545166015624,65.40593607305937,643
