,state,county,gisjoin,year range,avg temp,max temp,min temp,hdd,cdd,avg rh,average dp,max dp,min dp,avg wind speed,max wind speed,avg ghr,max ghr,avg dnr,max dnr,avg dhr,max dhr
0,TX,Garza County,G4801690,2080-2099,21.72219651437909,43.33657836914063,-7.348804950714111,1137.7924453809653,2386.8941731291557,52.3542070688178,10.290095022867018,27.658556693811533,-12.295723873540885,4.558048009695527,10.10153102874756,210.74920091324202,1043,214.21032869868014,976.5789184570312,65.40593607305937,643
