,state,county,gisjoin,year range,avg temp,max temp,min temp,hdd,cdd,avg rh,average dp,max dp,min dp,avg wind speed,max wind speed,avg ghr,max ghr,avg dnr,max dnr,avg dhr,max dhr
0,MS,Tallahatchie County,G2801350,2080-2099,21.429148983922317,42.2169075012207,-6.045037269592285,1065.969716282763,2208.10909541427,70.85715030426304,15.283298077450814,28.984259420214435,-6.045037877959228,3.663088667556031,9.74867057800293,190.79714611872146,999,184.3705149615704,908.1401977539062,75.82819634703196,626
