,state,county,gisjoin,year range,avg temp,max temp,min temp,hdd,cdd,avg rh,average dp,max dp,min dp,avg wind speed,max wind speed,avg ghr,max ghr,avg dnr,max dnr,avg dhr,max dhr
0,WI,Monroe County,G5500810,1980-1999,6.41289676125669,34.71066665649414,-31.559999465942383,4702.138015225454,363.3453330834672,66.80084640685826,-0.05953502278230418,22.14983075812203,-31.56000109470095,4.321173660069296,10.707977294921877,160.9150684931507,964,177.91281217285723,923.6865234375,71.25205479452055,497
