,state,county,gisjoin,year range,avg temp,max temp,min temp,hdd,cdd,avg rh,average dp,max dp,min dp,avg wind speed,max wind speed,avg ghr,max ghr,avg dnr,max dnr,avg dhr,max dhr
0,WI,Monroe County,G5500810,2060-2079,10.63690876312943,35.493778228759766,-22.21385955810547,3542.2294650998706,745.2011636416511,69.67631376758558,4.648221751722027,24.95430363926582,-22.79432649994869,4.335908646779518,10.259255409240724,160.9150684931507,964,171.39188555670285,891.27490234375,71.25205479452055,497
