,state,county,gisjoin,year range,avg temp,max temp,min temp,hdd,cdd,avg rh,average dp,max dp,min dp,avg wind speed,max wind speed,avg ghr,max ghr,avg dnr,max dnr,avg dhr,max dhr
0,NY,Ulster County,G3601110,2040-2059,12.317818236096494,37.72482681274414,-21.521297454833984,3004.6782262702404,821.1818824450671,70.63322521693085,6.395468870738353,23.32995049380865,-21.52129945738577,5.474688786975869,15.396279335021973,144.5722602739726,967,177.57356705335533,901.7745971679688,73.69143835616438,570
