,state,county,gisjoin,year range,avg temp,max temp,min temp,hdd,cdd,avg rh,average dp,max dp,min dp,avg wind speed,max wind speed,avg ghr,max ghr,avg dnr,max dnr,avg dhr,max dhr
0,OH,Gallia County,G3900530,2060-2079,15.199626382357216,37.17460250854492,-11.167608261108398,2266.619164629291,1134.9827941895217,69.34582860720212,8.787090829586857,24.26606725448333,-11.167608909880236,3.3753822284202055,9.608158111572266,165.1150684931507,991,179.53240625323764,929.9860229492188,80.55924657534247,679
