,state,county,gisjoin,year range,avg temp,max temp,min temp,hdd,cdd,avg rh,average dp,max dp,min dp,avg wind speed,max wind speed,avg ghr,max ghr,avg dnr,max dnr,avg dhr,max dhr
0,TX,Lubbock County,G4803030,2080-2099,20.270363029194932,43.162357330322266,-8.875638008117676,1368.7839686384339,2087.966474294479,52.681906164944444,8.982836002188515,24.592380001737972,-9.925922724655209,4.545126398921557,10.062416076660156,210.74920091324202,1043,218.0653121682629,962.9437866210938,65.40547945205479,643
