,state,county,gisjoin,year range,avg temp,max temp,min temp,hdd,cdd,avg rh,average dp,max dp,min dp,avg wind speed,max wind speed,avg ghr,max ghr,avg dnr,max dnr,avg dhr,max dhr
0,KS,Phillips County,G2001470,2080-2099,17.144305080734597,47.47322082519531,-16.478485107421875,2124.645253213871,1702.816607681837,56.019391624023925,6.886761662168793,26.4290382649374,-17.085404512796657,4.221290262839566,9.15424919128418,184.16997716894977,994,193.78128775434456,927.3604125976562,65.25696347031963,489
