,state,county,gisjoin,year range,avg temp,max temp,min temp,hdd,cdd,avg rh,average dp,max dp,min dp,avg wind speed,max wind speed,avg ghr,max ghr,avg dnr,max dnr,avg dhr,max dhr
0,VT,Caledonia County,G5000050,1980-1999,4.938116804051392,32.24214172363281,-34.32714080810547,5102.334023035195,225.24665651320825,67.31863032726392,-1.4847206957550678,19.12419587693441,-34.32714247676823,5.426545615909307,12.16502571105957,137.9804794520548,958,177.5546622179221,969.9498901367188,65.98333333333333,595
