,state,county,gisjoin,year range,avg temp,max temp,min temp,hdd,cdd,avg rh,average dp,max dp,min dp,avg wind speed,max wind speed,avg ghr,max ghr,avg dnr,max dnr,avg dhr,max dhr
0,VT,Caledonia County,G5000050,2080-2099,11.254743592357027,36.19765090942383,-21.5296688079834,3272.7529145805806,701.2343257904413,69.72742004525172,5.122471520046434,22.90356418263016,-21.52966911354916,5.49047868330729,13.607423782348633,137.9804794520548,958,168.22248542147707,935.8880004882812,65.98333333333333,595
