,state,county,gisjoin,year range,avg temp,max temp,min temp,hdd,cdd,avg rh,average dp,max dp,min dp,avg wind speed,max wind speed,avg ghr,max ghr,avg dnr,max dnr,avg dhr,max dhr
0,AL,Covington County,G0100390,2020-2039,19.413873063805664,36.953887939453125,-7.360533714294434,1179.183851744375,1585.7475200334736,70.15726669934243,13.069075242652223,25.74431675662326,-7.360534044634614,3.418730107534966,8.161046981811523,175.99497716894976,996,198.88588035905042,944.859130859375,79.91130136986301,642
