,state,county,gisjoin,year range,avg temp,max temp,min temp,hdd,cdd,avg rh,average dp,max dp,min dp,avg wind speed,max wind speed,avg ghr,max ghr,avg dnr,max dnr,avg dhr,max dhr
0,ID,Bingham County,G1600110,2080-2099,12.76080163768264,41.13335037231445,-20.10625648498535,3024.1760814200493,1002.3686791738334,49.08089767863217,0.5452292428057742,16.113600387452877,-20.79415396290356,3.3128822614068856,8.235326766967773,186.99931506849316,1017,204.42425810817042,958.5220336914062,60.410730593607305,471
