,state,county,gisjoin,year range,avg temp,max temp,min temp,hdd,cdd,avg rh,average dp,max dp,min dp,avg wind speed,max wind speed,avg ghr,max ghr,avg dnr,max dnr,avg dhr,max dhr
0,NC,Bladen County,G3700170,1980-1999,16.21165312851713,34.560665130615234,-12.944000244140623,1819.4188039073094,1057.1721958161122,67.76162716656515,9.473725193731678,23.346313392335897,-12.944001035553018,3.6422670168419407,8.172266006469727,214.4716894977169,1021,195.30824879680506,935.4249877929688,68.37808219178082,462
