,state,county,gisjoin,year range,avg temp,max temp,min temp,hdd,cdd,avg rh,average dp,max dp,min dp,avg wind speed,max wind speed,avg ghr,max ghr,avg dnr,max dnr,avg dhr,max dhr
0,NC,Bladen County,G3700170,2020-2039,17.910674523509076,36.10772705078125,-7.554104328155518,1492.5818547141728,1350.4780557951244,68.82910580918124,11.335323170553675,24.27828283869114,-7.554104614854808,3.74218742586162,9.29446029663086,214.4716894977169,1021,192.1098733322769,915.8192749023438,68.37808219178082,462
