,state,county,gisjoin,year range,avg temp,max temp,min temp,hdd,cdd,avg rh,average dp,max dp,min dp,avg wind speed,max wind speed,avg ghr,max ghr,avg dnr,max dnr,avg dhr,max dhr
0,NC,Bladen County,G3700170,2060-2079,19.621047622957917,38.18637847900391,-8.417933464050293,1210.9179241471015,1693.1003065267203,68.83372520856118,13.031520872522055,26.090858400274303,-8.417933635481948,3.710851133849523,9.128899574279783,214.4716894977169,1021,188.8416504666436,948.3605346679688,68.37808219178082,462
