,state,county,gisjoin,year range,avg temp,max temp,min temp,hdd,cdd,avg rh,average dp,max dp,min dp,avg wind speed,max wind speed,avg ghr,max ghr,avg dnr,max dnr,avg dhr,max dhr
0,KS,Neosho County,G2001330,1980-1999,12.926489465471892,36.49933242797852,-18.08799934387207,2786.819087050324,825.4877419472205,67.94884111173621,6.407088011963652,23.486156540232376,-18.51759229587692,4.084712418464765,8.93405532836914,173.68333333333334,972,190.28094722537492,925.7137451171876,68.73630136986301,579
