,state,county,gisjoin,year range,avg temp,max temp,min temp,hdd,cdd,avg rh,average dp,max dp,min dp,avg wind speed,max wind speed,avg ghr,max ghr,avg dnr,max dnr,avg dhr,max dhr
0,KS,Neosho County,G2001330,2000-2019,14.343086986166965,38.89066696166992,-16.11400032043457,2540.108092985555,1095.8348429362625,67.84822515875237,7.698657381933851,25.98605849196305,-17.412928683593986,4.154028206982025,8.95982551574707,173.68333333333334,972,191.3689167450203,947.7607421875,68.73630136986301,579
