,state,county,gisjoin,year range,avg temp,max temp,min temp,hdd,cdd,avg rh,average dp,max dp,min dp,avg wind speed,max wind speed,avg ghr,max ghr,avg dnr,max dnr,avg dhr,max dhr
0,KS,Neosho County,G2001330,2040-2059,16.38049417385708,40.95172119140625,-13.430018424987791,2077.3774380567907,1376.757811514599,68.34248067494397,9.747545243484746,27.12365340957138,-13.430019396900452,4.06647665957882,9.69383430480957,173.68333333333334,972,187.0075388061492,910.7540283203124,68.73630136986301,579
