,state,county,gisjoin,year range,avg temp,max temp,min temp,hdd,cdd,avg rh,average dp,max dp,min dp,avg wind speed,max wind speed,avg ghr,max ghr,avg dnr,max dnr,avg dhr,max dhr
0,ME,Waldo County,G2300270,2060-2079,10.25889817165651,32.47611999511719,-22.207597732543945,3433.703557723595,498.7013903776996,70.95477333526088,4.601239337095856,23.011008008696614,-22.20759860699408,5.003805111995026,11.688281059265137,149.42351598173516,948,172.36259159042513,881.20654296875,65.19908675799087,565
