,state,county,gisjoin,year range,avg temp,max temp,min temp,hdd,cdd,avg rh,average dp,max dp,min dp,avg wind speed,max wind speed,avg ghr,max ghr,avg dnr,max dnr,avg dhr,max dhr
0,NC,Halifax County,G3700830,2060-2079,17.963498137438815,39.00956344604492,-7.848126888275146,1594.9250515795927,1472.1018717447932,69.78002501949328,11.639475709762397,26.0490759247412,-7.848127476839998,3.9461336129332243,10.176590919494627,176.0868721461187,989,186.6694495603648,922.9485473632812,76.7466894977169,640
