,state,county,gisjoin,year range,avg temp,max temp,min temp,hdd,cdd,avg rh,average dp,max dp,min dp,avg wind speed,max wind speed,avg ghr,max ghr,avg dnr,max dnr,avg dhr,max dhr
0,NY,Wyoming County,G3601210,2000-2019,7.79983501824954,33.75714111328125,-24.420000076293945,4150.107552867532,317.5473345279606,70.30436938081158,2.0731959613836657,20.651911934425616,-24.420001712703986,4.931082635383083,13.736383438110352,155.1340182648402,1000,170.72133695165786,934.834716796875,74.00479452054795,543
