,state,county,gisjoin,year range,avg temp,max temp,min temp,hdd,cdd,avg rh,average dp,max dp,min dp,avg wind speed,max wind speed,avg ghr,max ghr,avg dnr,max dnr,avg dhr,max dhr
0,TN,Sumner County,G4701650,2040-2059,17.09606446393337,39.28642272949219,-12.014607429504396,1827.8825910854412,1388.446120421146,69.99192035753433,10.860861556940415,26.02670914878781,-12.014607831661907,3.037194445511522,8.618023872375488,179.75730593607307,1031,184.59117175801285,928.1934204101562,80.16324200913242,603
