,state,county,gisjoin,year range,avg temp,max temp,min temp,hdd,cdd,avg rh,average dp,max dp,min dp,avg wind speed,max wind speed,avg ghr,max ghr,avg dnr,max dnr,avg dhr,max dhr
0,TX,Andrews County,G4800030,2000-2019,17.831278760404903,39.74928665161133,-12.738571166992188,1675.475647678362,1504.3923952261637,42.991163786252336,3.574350665350665,20.367176250002096,-16.879729021566945,4.4983553455844865,10.748964309692385,205.3203196347032,1042,233.83834411355647,992.7210083007812,73.9958904109589,597
