,state,county,gisjoin,year range,avg temp,max temp,min temp,hdd,cdd,avg rh,average dp,max dp,min dp,avg wind speed,max wind speed,avg ghr,max ghr,avg dnr,max dnr,avg dhr,max dhr
0,TX,Andrews County,G4800030,2020-2039,18.599840510311992,41.62386703491211,-9.502889633178713,1494.4065286094453,1603.848314873327,45.51072325837122,5.079673953947409,19.16806863417287,-13.24345222543154,4.400075872358122,9.721863746643066,205.3203196347032,1042,231.91360857368642,985.7175903320312,73.9958904109589,597
