,state,county,gisjoin,year range,avg temp,max temp,min temp,hdd,cdd,avg rh,average dp,max dp,min dp,avg wind speed,max wind speed,avg ghr,max ghr,avg dnr,max dnr,avg dhr,max dhr
0,TX,Andrews County,G4800030,2040-2059,19.867061573021182,41.75460815429688,-5.222301006317139,1295.7443726978981,1867.7218468505819,44.27858620816714,5.739588862980236,21.04396259455974,-14.89515952109444,4.47002114623649,10.886293411254885,205.3203196347032,1042,231.16194117452363,1030.0240478515625,73.9958904109589,597
