,state,county,gisjoin,year range,avg temp,max temp,min temp,hdd,cdd,avg rh,average dp,max dp,min dp,avg wind speed,max wind speed,avg ghr,max ghr,avg dnr,max dnr,avg dhr,max dhr
0,VA,King and Queen County,G5100970,1980-1999,14.25269605495816,35.61249923706055,-16.5518741607666,2344.9850435152866,867.7191035748092,68.13322996222266,7.719925708223703,22.896551640791376,-16.551875580837795,4.189782184607362,11.831154823303224,177.37933789954337,997,187.48295036445646,918.836669921875,76.71655251141553,520
