,state,county,gisjoin,year range,avg temp,max temp,min temp,hdd,cdd,avg rh,average dp,max dp,min dp,avg wind speed,max wind speed,avg ghr,max ghr,avg dnr,max dnr,avg dhr,max dhr
0,VA,King and Queen County,G5100970,2060-2079,17.623358697243795,38.59750747680664,-10.858420372009276,1685.9611899831687,1438.987114477178,70.17970526773635,11.458262462699118,27.24240008257907,-10.858421282166358,4.203960110390023,11.51932430267334,177.37933789954337,997,179.4920035712582,920.4449462890624,76.71655251141553,520
