,state,county,gisjoin,year range,avg temp,max temp,min temp,hdd,cdd,avg rh,average dp,max dp,min dp,avg wind speed,max wind speed,avg ghr,max ghr,avg dnr,max dnr,avg dhr,max dhr
0,VA,King and Queen County,G5100970,2080-2099,19.475323387441907,42.96814727783203,-6.824790954589844,1410.2580402501462,1839.2510766663747,70.79272505877769,13.415687793510298,30.369277473507356,-6.82479146650929,4.169311702414735,10.982584953308104,177.37933789954337,997,174.5362177607514,907.432861328125,76.71655251141553,520
