,state,county,gisjoin,year range,avg temp,max temp,min temp,hdd,cdd,avg rh,average dp,max dp,min dp,avg wind speed,max wind speed,avg ghr,max ghr,avg dnr,max dnr,avg dhr,max dhr
0,MS,Bolivar County,G2800110,2000-2019,17.907173829604478,37.36055374145508,-9.15333366394043,1604.8458815006181,1461.4643293062945,70.41963104657387,11.791443662134677,24.56104475809332,-9.153334687954995,3.35062568351014,10.400917053222656,189.82305936073058,984,192.7709841988929,910.0957641601562,74.35810502283105,477
