,state,county,gisjoin,year range,avg temp,max temp,min temp,hdd,cdd,avg rh,average dp,max dp,min dp,avg wind speed,max wind speed,avg ghr,max ghr,avg dnr,max dnr,avg dhr,max dhr
0,NC,Washington County,G3701870,2020-2039,17.430853647899124,38.769287109375,-13.17335319519043,1586.6875371468893,1269.4491186301748,70.11342116926359,11.3224342458557,25.080017277992766,-13.173354475002313,3.613819743182561,9.501319885253906,181.76232876712328,985,186.7489233107746,920.2279663085938,69.69851598173516,553
