,state,county,gisjoin,year range,avg temp,max temp,min temp,hdd,cdd,avg rh,average dp,max dp,min dp,avg wind speed,max wind speed,avg ghr,max ghr,avg dnr,max dnr,avg dhr,max dhr
0,NE,Dawson County,G3100470,2000-2019,10.83501454358086,36.82583236694336,-24.86000061035156,3470.972348196341,746.2526566028977,55.978586099572375,1.098833487866201,20.04615227581258,-25.38071753428443,4.21005598763897,10.847539901733398,166.03013698630136,987,198.37423659782445,946.3660278320312,65.6513698630137,484
