,state,county,gisjoin,year range,avg temp,max temp,min temp,hdd,cdd,avg rh,average dp,max dp,min dp,avg wind speed,max wind speed,avg ghr,max ghr,avg dnr,max dnr,avg dhr,max dhr
0,GA,Atkinson County,G1300030,1980-1999,18.546355866225777,36.32235336303711,-6.155881881713867,1275.1290662548415,1365.0489574274372,66.51478693496146,11.361459618818744,23.79983070616322,-6.155882170313521,3.8019341407165137,9.486971855163574,195.40970319634704,997,206.81980701673012,944.53857421875,80.53070776255707,631
