,state,county,gisjoin,year range,avg temp,max temp,min temp,hdd,cdd,avg rh,average dp,max dp,min dp,avg wind speed,max wind speed,avg ghr,max ghr,avg dnr,max dnr,avg dhr,max dhr
0,GA,Atkinson County,G1300030,2040-2059,21.317712329424594,38.41963195800781,-3.7404978275299072,877.6695041894677,1979.1345044293182,68.4548258600714,14.542688364370552,26.184052937592195,-3.740498026398643,3.9296343123531776,9.331608772277832,195.40970319634704,997,198.98819104584155,962.146240234375,80.53070776255707,631
