,state,county,gisjoin,year range,avg temp,max temp,min temp,hdd,cdd,avg rh,average dp,max dp,min dp,avg wind speed,max wind speed,avg ghr,max ghr,avg dnr,max dnr,avg dhr,max dhr
0,GA,Chattooga County,G1300550,1980-1999,15.090341350756432,37.19124984741211,-13.873749732971191,2096.8443159833005,925.318909009358,68.57854292490711,8.55877570514469,22.134994694180318,-13.873750146560416,3.7363457572786776,9.264845848083496,176.0974885844749,1000,198.43161181641213,961.8499145507812,75.3829908675799,586
