,state,county,gisjoin,year range,avg temp,max temp,min temp,hdd,cdd,avg rh,average dp,max dp,min dp,avg wind speed,max wind speed,avg ghr,max ghr,avg dnr,max dnr,avg dhr,max dhr
0,GA,Chattooga County,G1300550,2020-2039,16.731642332008654,37.255855560302734,-11.471287727355955,1807.2161034356968,1234.765554618915,68.62973110207685,10.112313457532656,22.754050263778137,-11.47128860828794,3.765969834956404,8.822260856628418,176.0974885844749,1000,195.8650844774183,934.0243530273438,75.3829908675799,586
