,state,county,gisjoin,year range,avg temp,max temp,min temp,hdd,cdd,avg rh,average dp,max dp,min dp,avg wind speed,max wind speed,avg ghr,max ghr,avg dnr,max dnr,avg dhr,max dhr
0,GA,Chattooga County,G1300550,2080-2099,19.989944336096624,40.12368392944336,-7.999110698699951,1269.2277397877497,1886.0574224629536,70.28805110792047,13.669336820682318,27.674119533902477,-7.999111021742674,3.7955416966382773,9.86897087097168,176.0974885844749,1000,188.2079366476232,904.0176391601562,75.3829908675799,586
