,state,county,gisjoin,year range,avg temp,max temp,min temp,hdd,cdd,avg rh,average dp,max dp,min dp,avg wind speed,max wind speed,avg ghr,max ghr,avg dnr,max dnr,avg dhr,max dhr
0,IL,Perry County,G1701450,2020-2039,14.738476071003866,40.316802978515625,-20.2428035736084,2382.3374737205877,1082.3812396368053,69.73401756482582,8.54769724643684,24.27057339364476,-20.24280527741429,3.4080167820192364,8.018603324890137,158.39372146118723,1003,185.77650105311108,919.870849609375,76.09497716894977,632
