,state,county,gisjoin,year range,avg temp,max temp,min temp,hdd,cdd,avg rh,average dp,max dp,min dp,avg wind speed,max wind speed,avg ghr,max ghr,avg dnr,max dnr,avg dhr,max dhr
0,TX,Cameron County,G4800610,2020-2039,24.3688258352345,41.07971954345703,1.1767518520355225,361.0153068661775,2576.136736726437,59.75287376865404,15.34464070575193,28.43960530317384,-1.8040658665546887,5.109824705858753,8.719460487365723,190.24851598173515,1022,205.97432112117394,942.7628173828124,83.95388127853882,609
