,state,county,gisjoin,year range,avg temp,max temp,min temp,hdd,cdd,avg rh,average dp,max dp,min dp,avg wind speed,max wind speed,avg ghr,max ghr,avg dnr,max dnr,avg dhr,max dhr
0,TX,Cameron County,G4800610,2080-2099,26.80125679381906,40.2710075378418,2.5081117153167725,188.91978934606314,3291.878519089592,62.18386582217804,18.341846757285637,31.29965367743368,2.0291386666750637,5.3716176635598485,9.037734985351562,190.24851598173515,1022,196.31315726641887,972.5122680664062,83.95388127853882,609
