,state,county,gisjoin,year range,avg temp,max temp,min temp,hdd,cdd,avg rh,average dp,max dp,min dp,avg wind speed,max wind speed,avg ghr,max ghr,avg dnr,max dnr,avg dhr,max dhr
0,CO,San Miguel County,G0801130,1980-1999,5.204426236654691,29.32916641235352,-25.79083251953125,4910.091874472581,130.20745085080281,52.24218704994411,-5.258638312685023,10.758661364197597,-26.272735209356675,3.9763829201868135,10.51921558380127,190.43550228310502,1049,236.31028420924838,1064.131103515625,65.04166666666667,512
