,state,county,gisjoin,year range,avg temp,max temp,min temp,hdd,cdd,avg rh,average dp,max dp,min dp,avg wind speed,max wind speed,avg ghr,max ghr,avg dnr,max dnr,avg dhr,max dhr
0,CO,San Miguel County,G0801130,2040-2059,7.824166180603297,32.06497573852539,-21.6973934173584,4176.211293203164,352.5319491227431,54.2727207361291,-2.3413028636833992,10.66840625301338,-22.552122926725158,4.016604713217853,12.20793342590332,190.43550228310502,1049,234.95598598127958,1017.2114868164062,65.04166666666667,512
