,state,county,gisjoin,year range,avg temp,max temp,min temp,hdd,cdd,avg rh,average dp,max dp,min dp,avg wind speed,max wind speed,avg ghr,max ghr,avg dnr,max dnr,avg dhr,max dhr
0,TX,Jasper County,G4802410,1980-1999,18.90228778654311,37.02687454223633,-6.825000286102295,1260.8592452912628,1480.6942873795888,70.41163071127242,12.717239134251486,26.72617142931069,-6.825000451568937,3.8724914727145676,8.516145706176758,188.78675799086759,1024,198.72651394790242,945.8792724609376,83.46963470319635,642
