,state,county,gisjoin,year range,avg temp,max temp,min temp,hdd,cdd,avg rh,average dp,max dp,min dp,avg wind speed,max wind speed,avg ghr,max ghr,avg dnr,max dnr,avg dhr,max dhr
0,TX,Jasper County,G4802410,2040-2059,21.5922760808622,39.5650520324707,-4.15711784362793,878.7850747826507,2080.4658442972127,69.77975545190785,15.191096742364287,27.34096708885556,-4.157118219038408,3.873030046567525,8.450446128845215,188.78675799086759,1024,193.55706767017077,905.7647705078124,83.46963470319635,642
