,state,county,gisjoin,year range,avg temp,max temp,min temp,hdd,cdd,avg rh,average dp,max dp,min dp,avg wind speed,max wind speed,avg ghr,max ghr,avg dnr,max dnr,avg dhr,max dhr
0,TX,Jasper County,G4802410,2060-2079,21.868079486406902,38.35641860961914,-2.4682905673980717,805.8313201856848,2108.1803327240523,70.0225544914263,15.463540782922417,26.079119896479767,-2.468290787740749,3.8130675054576297,8.147865295410156,188.78675799086759,1024,196.09669512734035,925.0758056640624,83.46963470319635,642
