,state,county,gisjoin,year range,avg temp,max temp,min temp,hdd,cdd,avg rh,average dp,max dp,min dp,avg wind speed,max wind speed,avg ghr,max ghr,avg dnr,max dnr,avg dhr,max dhr
0,ID,Franklin County,G1600410,2000-2019,8.89196483257372,36.415714263916016,-21.50857162475586,3980.0028673090733,546.0700311978832,54.735907742966255,-1.2936538073259727,14.035889352369828,-21.50857363568105,3.1628472739703035,7.478661060333252,183.17659817351597,1029,209.70054203335806,971.833740234375,61.43310502283105,573
