,state,county,gisjoin,year range,avg temp,max temp,min temp,hdd,cdd,avg rh,average dp,max dp,min dp,avg wind speed,max wind speed,avg ghr,max ghr,avg dnr,max dnr,avg dhr,max dhr
0,ID,Franklin County,G1600410,2020-2039,9.58347136898274,35.7687873840332,-21.897449493408203,3786.431345653571,604.8983953317239,54.52740317642961,-0.6104568864165553,13.409905811511258,-21.897449386124087,3.282974353718431,6.713494300842285,183.17659817351597,1029,207.33706271842448,969.94580078125,61.43310502283105,573
