,state,county,gisjoin,year range,avg temp,max temp,min temp,hdd,cdd,avg rh,average dp,max dp,min dp,avg wind speed,max wind speed,avg ghr,max ghr,avg dnr,max dnr,avg dhr,max dhr
0,IL,Boone County,G1700070,2020-2039,10.266582183866495,35.05802154541016,-25.72787475585937,3591.8104230463687,659.6129201571498,68.69359170073244,4.08382101679515,22.32158957670032,-25.72787715405551,4.385330864460501,9.84629249572754,162.4343607305936,975,175.9731697668849,912.8133544921876,74.23162100456621,520
