,state,county,gisjoin,year range,avg temp,max temp,min temp,hdd,cdd,avg rh,average dp,max dp,min dp,avg wind speed,max wind speed,avg ghr,max ghr,avg dnr,max dnr,avg dhr,max dhr
0,IL,Boone County,G1700070,2040-2059,11.756890289702923,39.05651473999024,-23.861690521240234,3254.4659169217643,866.2308726629091,69.33201670058786,5.617932822647434,24.88931797847694,-27.501843756089414,4.4258914259606845,9.78905200958252,162.4343607305936,975,174.36772262074174,917.5358276367188,74.23162100456621,520
