,state,county,gisjoin,year range,avg temp,max temp,min temp,hdd,cdd,avg rh,average dp,max dp,min dp,avg wind speed,max wind speed,avg ghr,max ghr,avg dnr,max dnr,avg dhr,max dhr
0,IL,Boone County,G1700070,2080-2099,14.48512589845847,38.617919921875,-19.698610305786133,2646.6318207452823,1254.2027736823468,69.49493432502224,8.307619922971599,27.424689785956204,-19.698611477587686,4.48232230937372,9.827814102172852,162.4343607305936,975,168.77342537263468,912.3552856445312,74.23162100456621,520
