,state,county,gisjoin,year range,avg temp,max temp,min temp,hdd,cdd,avg rh,average dp,max dp,min dp,avg wind speed,max wind speed,avg ghr,max ghr,avg dnr,max dnr,avg dhr,max dhr
0,NV,Storey County,G3200290,1980-1999,9.720726846231436,33.582000732421875,-10.807332992553713,3524.027182103477,392.59248097737895,47.520698391465835,-2.811455207158638,9.49757162279382,-15.102173666133677,3.949228745889446,10.441486358642578,209.20376712328766,1043,222.76847514482506,1008.5166625976562,57.53812785388128,495
