,state,county,gisjoin,year range,avg temp,max temp,min temp,hdd,cdd,avg rh,average dp,max dp,min dp,avg wind speed,max wind speed,avg ghr,max ghr,avg dnr,max dnr,avg dhr,max dhr
0,NV,Storey County,G3200290,2000-2019,10.647970165134,34.87533187866211,-19.507999420166016,3326.131638736055,533.140749009469,48.22004210317516,-1.713670724228586,10.417602626661704,-19.981394116001372,4.008869361074548,10.514307975769045,209.20376712328766,1043,221.1783591377459,1000.4324951171876,57.53812785388128,495
