,state,county,gisjoin,year range,avg temp,max temp,min temp,hdd,cdd,avg rh,average dp,max dp,min dp,avg wind speed,max wind speed,avg ghr,max ghr,avg dnr,max dnr,avg dhr,max dhr
0,MO,Iron County,G2900930,2060-2079,15.7845397436468,40.08515930175781,-13.20688247680664,2213.0248051878557,1294.8818116188816,70.04793431138339,9.61940149834932,24.926856676879265,-13.20688332523645,4.275408217678331,9.316937446594238,186.26997716894977,981,186.09114878029453,936.2687377929688,70.59657534246575,630
