,state,county,gisjoin,year range,avg temp,max temp,min temp,hdd,cdd,avg rh,average dp,max dp,min dp,avg wind speed,max wind speed,avg ghr,max ghr,avg dnr,max dnr,avg dhr,max dhr
0,DE,Sussex County,G1000050,2060-2079,16.459026717713705,36.557884216308594,-10.853169441223145,1858.0519540752375,1186.096706040774,71.80992813132124,10.824429285425168,27.62275626807901,-11.509164599700576,5.07629026060235,13.145773887634276,171.550799086758,978,174.51539019873093,911.3966674804688,73.58093607305936,615
