,state,county,gisjoin,year range,avg temp,max temp,min temp,hdd,cdd,avg rh,average dp,max dp,min dp,avg wind speed,max wind speed,avg ghr,max ghr,avg dnr,max dnr,avg dhr,max dhr
0,DE,Sussex County,G1000050,2080-2099,18.562352295730264,40.07167434692383,-6.8016557693481445,1536.8109078476243,1632.569495789141,72.08105499167421,12.90195933562582,30.40220290866333,-7.062802846309309,4.998857550098472,14.453007698059082,171.550799086758,978,169.371752169099,884.8556518554688,73.58093607305936,615
