,state,county,gisjoin,year range,avg temp,max temp,min temp,hdd,cdd,avg rh,average dp,max dp,min dp,avg wind speed,max wind speed,avg ghr,max ghr,avg dnr,max dnr,avg dhr,max dhr
0,KS,Kingman County,G2000950,1980-1999,13.101304790134101,39.364166259765625,-16.656665802001953,2838.6052352357365,941.081483634366,62.04181915244011,5.044416206492526,23.24690666876049,-18.437639514356015,4.932272655778824,11.277052879333496,190.04041095890412,1004,199.61457676100412,971.6115112304688,65.58972602739726,565
