,state,county,gisjoin,year range,avg temp,max temp,min temp,hdd,cdd,avg rh,average dp,max dp,min dp,avg wind speed,max wind speed,avg ghr,max ghr,avg dnr,max dnr,avg dhr,max dhr
0,KS,Kingman County,G2000950,2060-2079,16.989819270478147,41.97993850708008,-12.000348091125488,2074.453371814119,1596.2374055385126,64.34408960799648,9.249350626847509,25.013747438114464,-12.795855045450969,5.090713753030725,15.432367324829102,190.04041095890412,1004,195.00799094216293,915.6036376953124,65.58972602739726,565
