,state,county,gisjoin,year range,avg temp,max temp,min temp,hdd,cdd,avg rh,average dp,max dp,min dp,avg wind speed,max wind speed,avg ghr,max ghr,avg dnr,max dnr,avg dhr,max dhr
0,MN,Sibley County,G2701430,2000-2019,8.062965400223655,34.82646942138672,-29.24588203430176,4250.6193018067725,514.1016728878197,66.86624450019505,1.5136458092875773,23.47096737252261,-29.354628714249696,4.009547220517511,10.264168739318848,190.04041095890412,1004,176.81634055365845,891.5466918945312,65.58025114155251,565
