,state,county,gisjoin,year range,avg temp,max temp,min temp,hdd,cdd,avg rh,average dp,max dp,min dp,avg wind speed,max wind speed,avg ghr,max ghr,avg dnr,max dnr,avg dhr,max dhr
0,MN,Sibley County,G2701430,2060-2079,10.731263555095454,37.819969177246094,-30.076391220092773,3693.5524189684343,930.9636165778325,66.52878641646747,4.079550326881408,24.831971049080245,-30.53206351952257,3.958529714362262,9.482057571411133,190.04041095890412,1004,170.2407962188129,910.7984619140624,65.58025114155251,565
