,state,county,gisjoin,year range,avg temp,max temp,min temp,hdd,cdd,avg rh,average dp,max dp,min dp,avg wind speed,max wind speed,avg ghr,max ghr,avg dnr,max dnr,avg dhr,max dhr
0,ID,Jerome County,G1600530,2020-2039,10.333827845875385,38.245723724365234,-21.64828491210937,3566.8902269172536,659.2373906612673,48.48906306970065,-2.033837603328434,10.846626454595718,-21.830010080910668,3.123135422462742,7.16840934753418,196.91849315068492,1019,208.1558172434934,967.7633056640624,58.465639269406395,455
