,state,county,gisjoin,year range,avg temp,max temp,min temp,hdd,cdd,avg rh,average dp,max dp,min dp,avg wind speed,max wind speed,avg ghr,max ghr,avg dnr,max dnr,avg dhr,max dhr
0,ID,Jerome County,G1600530,2040-2059,12.114691620697528,39.14048767089844,-20.280502319335938,3081.1349956209633,823.4974371751532,46.37054820899005,-0.9800619973996473,14.63894436950728,-20.28050359696971,3.040672108748732,6.647889614105225,196.91849315068492,1019,206.63119806656508,975.165771484375,58.465639269406395,455
