,state,county,gisjoin,year range,avg temp,max temp,min temp,hdd,cdd,avg rh,average dp,max dp,min dp,avg wind speed,max wind speed,avg ghr,max ghr,avg dnr,max dnr,avg dhr,max dhr
0,TX,Bastrop County,G4800210,2000-2019,20.887473469760565,39.74812316894531,-6.531875133514404,1027.3817393221889,1971.8095557846975,63.228580056586765,12.795551285128319,26.44037727338905,-6.811349455746124,4.2043398435801675,8.892833709716797,189.93961187214612,1017,207.00936037736915,956.2227172851562,73.86929223744292,680
