,state,county,gisjoin,year range,avg temp,max temp,min temp,hdd,cdd,avg rh,average dp,max dp,min dp,avg wind speed,max wind speed,avg ghr,max ghr,avg dnr,max dnr,avg dhr,max dhr
0,LA,Bossier Parish,G2200150,1980-1999,17.418869380823686,37.64714431762695,-8.658571243286133,1601.5956037349608,1279.9829277357283,70.00172444064867,11.176722655436734,24.67217457050953,-8.658571577415987,3.581549858720335,8.610265731811523,194.76381278538813,1001,198.72005590786532,929.6491088867188,68.33949771689498,568
