,state,county,gisjoin,year range,avg temp,max temp,min temp,hdd,cdd,avg rh,average dp,max dp,min dp,avg wind speed,max wind speed,avg ghr,max ghr,avg dnr,max dnr,avg dhr,max dhr
0,MT,Petroleum County,G3000690,1980-1999,7.875989075280092,39.40285873413086,-26.799999237060547,4220.093560741449,415.3295732180341,49.827807290804444,-3.287506933732555,14.96908002540592,-28.21090927974748,3.611409927394292,7.215575218200684,161.72968036529682,973,188.18581154200953,904.3999633789062,64.70102739726028,471
