,state,county,gisjoin,year range,avg temp,max temp,min temp,hdd,cdd,avg rh,average dp,max dp,min dp,avg wind speed,max wind speed,avg ghr,max ghr,avg dnr,max dnr,avg dhr,max dhr
0,MT,Petroleum County,G3000690,2040-2059,10.90641850833057,39.557403564453125,-24.403335571289062,3441.8529353937233,743.1956909338937,52.40006685752302,0.2075356556856397,17.735078166385037,-24.821133763934327,3.530921862223377,8.816746711730957,161.72968036529682,973,184.69278058586508,891.7889404296875,64.70102739726028,471
