,state,county,gisjoin,year range,avg temp,max temp,min temp,hdd,cdd,avg rh,average dp,max dp,min dp,avg wind speed,max wind speed,avg ghr,max ghr,avg dnr,max dnr,avg dhr,max dhr
0,MS,Greene County,G2800410,2080-2099,22.90753579357018,40.07028579711914,-5.290071487426758,758.4744568680912,2440.225021520984,71.54974722034855,16.81515172961852,29.7090274236563,-5.290072128142914,3.4783408483890095,8.114659309387207,187.186301369863,1027,189.25820177059194,930.8369750976562,77.93824200913242,546
