,state,county,gisjoin,year range,avg temp,max temp,min temp,hdd,cdd,avg rh,average dp,max dp,min dp,avg wind speed,max wind speed,avg ghr,max ghr,avg dnr,max dnr,avg dhr,max dhr
0,AR,Cleburne County,G0500230,2000-2019,16.42228914133638,38.96769332885742,-11.20230770111084,1914.418765500697,1229.054302088494,68.57981652081286,9.826573209139983,24.119016758641155,-11.841231270968128,4.101811058880531,9.31492519378662,182.14623287671233,997,193.7279096124968,932.7277221679688,71.50239726027397,699
