,state,county,gisjoin,year range,avg temp,max temp,min temp,hdd,cdd,avg rh,average dp,max dp,min dp,avg wind speed,max wind speed,avg ghr,max ghr,avg dnr,max dnr,avg dhr,max dhr
0,AR,Cleburne County,G0500230,2020-2039,16.818594111567016,38.55401992797852,-12.452446937561035,1861.1827172604328,1320.4695679824333,68.18587487255601,10.13797659769689,23.405023844359647,-12.452447921505843,4.055337608840367,9.061158180236816,182.14623287671233,997,192.68313265080354,934.1350708007812,71.50239726027397,699
