,state,county,gisjoin,year range,avg temp,max temp,min temp,hdd,cdd,avg rh,average dp,max dp,min dp,avg wind speed,max wind speed,avg ghr,max ghr,avg dnr,max dnr,avg dhr,max dhr
0,AR,Cleburne County,G0500230,2060-2079,18.539969536075773,42.15676498413086,-7.244096279144287,1612.2934080267034,1699.8822886943015,69.51397678340406,12.078422492423408,26.415260735592955,-7.244097104987349,3.98090206041728,9.096853256225586,182.14623287671233,997,189.283207143432,913.2074584960938,71.50239726027397,699
