,state,county,gisjoin,year range,avg temp,max temp,min temp,hdd,cdd,avg rh,average dp,max dp,min dp,avg wind speed,max wind speed,avg ghr,max ghr,avg dnr,max dnr,avg dhr,max dhr
0,NE,Chase County,G3100290,2000-2019,11.171756807434958,38.02812576293945,-19.86937522888184,3405.3894834861326,803.5807181994518,50.84516460046376,-0.24589842454004882,18.16932928006893,-22.84859340265867,4.220755189385044,10.249752044677734,188.1711187214612,1013,205.71679020644493,950.3707885742188,62.83002283105023,506
