,state,county,gisjoin,year range,avg temp,max temp,min temp,hdd,cdd,avg rh,average dp,max dp,min dp,avg wind speed,max wind speed,avg ghr,max ghr,avg dnr,max dnr,avg dhr,max dhr
0,IA,Sac County,G1901610,2040-2059,11.592700638176797,37.53707885742188,-22.0268497467041,3362.6368221151884,914.4725550493104,66.55520560839405,4.821137510815343,24.89435191435952,-22.02685133545124,4.576132776965833,9.70584487915039,155.99155251141553,977,176.73270994059538,893.9478149414062,65.48869863013698,593
