,state,county,gisjoin,year range,avg temp,max temp,min temp,hdd,cdd,avg rh,average dp,max dp,min dp,avg wind speed,max wind speed,avg ghr,max ghr,avg dnr,max dnr,avg dhr,max dhr
0,IA,Sac County,G1901610,2060-2079,11.908853209602432,36.4378547668457,-20.47683525085449,3326.0394629935054,993.270884498016,67.43870599454941,5.3536311883864585,25.90420319187861,-20.71076711655305,4.446021086222505,11.136626243591309,155.99155251141553,977,174.96645672931842,899.0145874023438,65.48869863013698,593
