,state,county,gisjoin,year range,avg temp,max temp,min temp,hdd,cdd,avg rh,average dp,max dp,min dp,avg wind speed,max wind speed,avg ghr,max ghr,avg dnr,max dnr,avg dhr,max dhr
0,IA,Sac County,G1901610,2080-2099,13.901402263318888,40.56954574584961,-19.434711456298828,2881.2581973461656,1275.7700234572771,65.42756353948758,6.764935191475948,29.11650082544797,-19.4347131648712,4.527904239092788,10.115208625793455,155.99155251141553,977,171.71495360962297,902.2643432617188,65.48869863013698,593
