,state,county,gisjoin,year range,avg temp,max temp,min temp,hdd,cdd,avg rh,average dp,max dp,min dp,avg wind speed,max wind speed,avg ghr,max ghr,avg dnr,max dnr,avg dhr,max dhr
0,PA,Lancaster County,G4200710,2000-2019,12.67539976321133,35.12428665161133,-15.699285507202148,2811.6248713785367,758.6457849502976,69.6970201102566,6.602169045387469,23.10319164752661,-15.887412697671705,3.82475995168294,9.492513656616213,150.475799086758,961,179.17126520196913,935.1702880859376,76.3255707762557,560
