,state,county,gisjoin,year range,avg temp,max temp,min temp,hdd,cdd,avg rh,average dp,max dp,min dp,avg wind speed,max wind speed,avg ghr,max ghr,avg dnr,max dnr,avg dhr,max dhr
0,VA,Loudoun County,G5101070,1980-1999,12.43224949749466,35.638126373291016,-13.47687530517578,2860.0354595035756,718.3065260887555,68.065513868419,5.953739111279543,22.757049977344224,-13.930866105920266,3.615918894663249,8.950310707092285,167.08812785388128,992,185.90759193446593,942.0037231445312,68.22408675799086,685
