,state,county,gisjoin,year range,avg temp,max temp,min temp,hdd,cdd,avg rh,average dp,max dp,min dp,avg wind speed,max wind speed,avg ghr,max ghr,avg dnr,max dnr,avg dhr,max dhr
0,VA,Loudoun County,G5101070,2000-2019,13.720612564829064,35.571876525878906,-14.24250030517578,2551.3786071456043,879.9021933079301,68.15835039909572,7.165034956916376,24.07787252412136,-14.242500785657947,3.450128949505009,8.960122108459473,167.08812785388128,992,182.5481398123488,934.9964599609376,68.22408675799086,685
