,state,county,gisjoin,year range,avg temp,max temp,min temp,hdd,cdd,avg rh,average dp,max dp,min dp,avg wind speed,max wind speed,avg ghr,max ghr,avg dnr,max dnr,avg dhr,max dhr
0,VA,Loudoun County,G5101070,2060-2079,15.725897444092332,38.61240768432617,-14.238024711608888,2109.4702842940724,1169.9228513877306,70.48593947832987,9.691522704899086,25.702338465341583,-14.238025337041124,3.594944004489951,11.01815700531006,167.08812785388128,992,179.38876408653027,910.7990112304688,68.22408675799086,685
