,state,county,gisjoin,year range,avg temp,max temp,min temp,hdd,cdd,avg rh,average dp,max dp,min dp,avg wind speed,max wind speed,avg ghr,max ghr,avg dnr,max dnr,avg dhr,max dhr
0,ND,Cass County,G3800170,1980-1999,5.030907043855245,34.27399826049805,-34.452667236328125,5183.274803690908,340.05587469735923,61.10675036090694,-2.7373044374496107,19.12151416553478,-34.45266931798146,3.9647416813732828,9.069262504577637,160.44897260273973,935,174.42546389011605,892.5816650390625,67.16506849315068,433
