,state,county,gisjoin,year range,avg temp,max temp,min temp,hdd,cdd,avg rh,average dp,max dp,min dp,avg wind speed,max wind speed,avg ghr,max ghr,avg dnr,max dnr,avg dhr,max dhr
0,ND,Cass County,G3800170,2020-2039,7.177203645197298,37.13044738769531,-32.36891555786133,4613.995565298791,554.1748957952078,62.86319558217645,-0.32992906891550344,20.67448643983293,-32.4432753234215,3.890935168854178,8.880006790161133,160.44897260273973,935,172.6083648435274,892.906494140625,67.16506849315068,433
