,state,county,gisjoin,year range,avg temp,max temp,min temp,hdd,cdd,avg rh,average dp,max dp,min dp,avg wind speed,max wind speed,avg ghr,max ghr,avg dnr,max dnr,avg dhr,max dhr
0,ND,Cass County,G3800170,2080-2099,11.600719104144035,39.49884414672852,-25.20235061645508,3521.461575411664,1076.224048423824,64.35615911679726,4.3027709146069695,23.580871317085368,-25.39492273363544,3.796156691851681,9.609835624694824,160.44897260273973,935,167.5874293512894,876.7378540039062,67.16506849315068,433
