,state,county,gisjoin,year range,avg temp,max temp,min temp,hdd,cdd,avg rh,average dp,max dp,min dp,avg wind speed,max wind speed,avg ghr,max ghr,avg dnr,max dnr,avg dhr,max dhr
0,IL,Winnebago County,G1702010,2000-2019,9.341417163095294,37.36076736450195,-24.48769187927246,3837.2081749874956,567.3254395167279,69.71940394536546,3.4320049070470158,23.97095721566397,-24.4876918570057,4.502989633701163,11.033173561096191,162.4343607305936,975,176.4164269012158,903.505859375,74.21404109589041,520
