,state,county,gisjoin,year range,avg temp,max temp,min temp,hdd,cdd,avg rh,average dp,max dp,min dp,avg wind speed,max wind speed,avg ghr,max ghr,avg dnr,max dnr,avg dhr,max dhr
0,TX,San Jacinto County,G4804070,1980-1999,18.783232706196774,38.318824768066406,-7.118823528289795,1286.8098981043836,1463.1898358663086,69.30913364658618,12.3248132720232,23.488121521872397,-7.118823967736186,4.279902039815302,9.556334495544434,185.77876712328768,1020,202.31422347547178,954.764892578125,83.62899543378995,608
