,state,county,gisjoin,year range,avg temp,max temp,min temp,hdd,cdd,avg rh,average dp,max dp,min dp,avg wind speed,max wind speed,avg ghr,max ghr,avg dnr,max dnr,avg dhr,max dhr
0,TX,San Jacinto County,G4804070,2000-2019,20.0999699778689,38.24235153198242,-6.687646865844727,1069.4717012984293,1726.4607432205448,69.05976854002094,13.550993892165012,25.22508614463709,-7.312334235579598,4.222746306576141,8.407567024230957,185.77876712328768,1020,200.1669857297586,953.603759765625,83.62899543378995,608
