,state,county,gisjoin,year range,avg temp,max temp,min temp,hdd,cdd,avg rh,average dp,max dp,min dp,avg wind speed,max wind speed,avg ghr,max ghr,avg dnr,max dnr,avg dhr,max dhr
0,TX,San Jacinto County,G4804070,2080-2099,23.66824985599341,41.89954376220703,-4.211996555328369,683.8952251297379,2643.3064225670773,69.26204528895687,17.029693679100372,29.40524551237454,-4.211997031658911,4.41937364127538,9.721331596374512,185.77876712328768,1020,191.54740417287178,917.4210205078124,83.62899543378995,608
