,state,county,gisjoin,year range,avg temp,max temp,min temp,hdd,cdd,avg rh,average dp,max dp,min dp,avg wind speed,max wind speed,avg ghr,max ghr,avg dnr,max dnr,avg dhr,max dhr
0,IL,Whiteside County,G1701950,2060-2079,13.021540997482075,36.36240768432617,-28.426006317138672,3005.6634172575777,1079.0258813381813,69.71773293464696,6.961903006357332,25.7903388067634,-28.6443757799873,3.760334967246883,9.276138305664062,162.5796803652968,956,173.0340734118118,893.3780517578125,70.28527397260274,479
