,state,county,gisjoin,year range,avg temp,max temp,min temp,hdd,cdd,avg rh,average dp,max dp,min dp,avg wind speed,max wind speed,avg ghr,max ghr,avg dnr,max dnr,avg dhr,max dhr
0,NJ,Atlantic County,G3400010,2000-2019,13.25179614657111,35.3650016784668,-16.15250015258789,2607.331496231233,764.7370897293534,71.52764297685667,7.675609650435573,24.5684187482475,-16.15250053073082,4.504936907471043,11.878804206848145,168.94406392694063,968,177.50159258372327,915.1676635742188,72.62591324200913,479
