,state,county,gisjoin,year range,avg temp,max temp,min temp,hdd,cdd,avg rh,average dp,max dp,min dp,avg wind speed,max wind speed,avg ghr,max ghr,avg dnr,max dnr,avg dhr,max dhr
0,NJ,Atlantic County,G3400010,2040-2059,14.999795786454303,37.95133590698242,-12.624821662902832,2217.5831431067227,1013.0086051623676,71.4633456284597,9.373022995125941,25.34110758143977,-12.624822292971835,4.495927240151793,11.3424072265625,168.94406392694063,968,172.20644697171102,940.0906982421876,72.62591324200913,479
