,state,county,gisjoin,year range,avg temp,max temp,min temp,hdd,cdd,avg rh,average dp,max dp,min dp,avg wind speed,max wind speed,avg ghr,max ghr,avg dnr,max dnr,avg dhr,max dhr
0,NJ,Atlantic County,G3400010,2060-2079,15.50849261900477,36.15073394775391,-10.357714653015137,2067.826663802677,1048.9264697393453,71.9982707308852,9.949541727463608,25.50324491628962,-10.357715150056944,4.553702349028631,12.44301414489746,168.94406392694063,968,170.90612305139254,914.5043334960938,72.62591324200913,479
