,state,county,gisjoin,year range,avg temp,max temp,min temp,hdd,cdd,avg rh,average dp,max dp,min dp,avg wind speed,max wind speed,avg ghr,max ghr,avg dnr,max dnr,avg dhr,max dhr
0,CO,Eagle County,G0800370,2000-2019,5.2812366409527,29.44124984741211,-25.82437515258789,4940.946876950715,189.09825089772139,55.90314686744725,-4.083225683885357,9.46983215154528,-25.824375903341465,4.206740385538911,9.264397621154783,193.8,1047,231.40358316006274,1050.7049560546875,63.7703196347032,471
