,state,county,gisjoin,year range,avg temp,max temp,min temp,hdd,cdd,avg rh,average dp,max dp,min dp,avg wind speed,max wind speed,avg ghr,max ghr,avg dnr,max dnr,avg dhr,max dhr
0,CO,Eagle County,G0800370,2020-2039,5.717899349043767,31.41737365722656,-20.87100982666016,4805.358403217359,212.89166561761988,56.4802589037647,-3.453293889339767,9.987205752275653,-21.096474555916437,4.083293390600649,8.948469161987305,193.8,1047,230.2063673358795,1044.57470703125,63.7703196347032,471
