,state,county,gisjoin,year range,avg temp,max temp,min temp,hdd,cdd,avg rh,average dp,max dp,min dp,avg wind speed,max wind speed,avg ghr,max ghr,avg dnr,max dnr,avg dhr,max dhr
0,TX,Jefferson County,G4802450,2000-2019,20.927265981594143,36.56100082397461,-3.953000068664551,871.1826769707151,1830.1347602524963,72.49574320327201,15.280260565846628,28.48823869411354,-3.953000138281756,4.3905521951309625,8.804603576660156,188.78675799086759,1024,190.24471464141254,935.953369140625,83.47066210045662,642
