,state,county,gisjoin,year range,avg temp,max temp,min temp,hdd,cdd,avg rh,average dp,max dp,min dp,avg wind speed,max wind speed,avg ghr,max ghr,avg dnr,max dnr,avg dhr,max dhr
0,KY,Carlisle County,G2100390,2080-2099,19.325418356809422,41.18376159667969,-12.753104209899902,1528.049340961342,1902.3270411966969,71.04341171103525,13.274615042947001,29.181851073302788,-12.753104137160872,3.583012325156769,9.848414421081545,173.54075342465754,1012,179.86783551737315,903.30029296875,72.42066210045662,631
