,state,county,gisjoin,year range,avg temp,max temp,min temp,hdd,cdd,avg rh,average dp,max dp,min dp,avg wind speed,max wind speed,avg ghr,max ghr,avg dnr,max dnr,avg dhr,max dhr
0,VA,Shenandoah County,G5101710,2000-2019,12.61980958661639,34.69785690307617,-14.462857246398926,2779.5222915748986,706.2527906895056,66.40733725121032,5.646140101816641,22.615175318732536,-14.559831414090004,4.3808834105321806,11.821484565734863,172.51221461187214,1037,189.15690704018897,961.2310180664062,71.65319634703197,619
