,state,county,gisjoin,year range,avg temp,max temp,min temp,hdd,cdd,avg rh,average dp,max dp,min dp,avg wind speed,max wind speed,avg ghr,max ghr,avg dnr,max dnr,avg dhr,max dhr
0,VA,Shenandoah County,G5101710,2040-2059,14.441896610112796,37.66534423828125,-13.782690048217772,2412.1850249194763,1003.9772876104338,66.6466598271235,7.3942888455655424,23.164597795112268,-13.782691106687782,4.437471917230789,12.458327293395996,172.51221461187214,1037,187.2986898815709,943.4756469726562,71.65319634703197,619
