,state,county,gisjoin,year range,avg temp,max temp,min temp,hdd,cdd,avg rh,average dp,max dp,min dp,avg wind speed,max wind speed,avg ghr,max ghr,avg dnr,max dnr,avg dhr,max dhr
0,MS,Marion County,G2800910,2040-2059,21.086327278410558,38.44422149658203,-5.777083396911621,952.0381347961282,1969.0475914158706,70.92865899686944,14.927094805084025,26.81578325651342,-5.7770839039072905,3.656954411461473,8.641603469848633,192.10856164383563,1002,192.34270686721666,927.3133544921876,76.73527397260274,623
