,state,county,gisjoin,year range,avg temp,max temp,min temp,hdd,cdd,avg rh,average dp,max dp,min dp,avg wind speed,max wind speed,avg ghr,max ghr,avg dnr,max dnr,avg dhr,max dhr
0,LA,Vernon Parish,G2201150,2000-2019,19.583637063858497,37.7335319519043,-6.187647342681885,1200.794897533856,1669.322425842215,69.75191549318566,13.190699303003537,26.3388398716097,-6.187647976607029,3.8750962621545137,8.716775894165039,184.40342465753426,981,196.21123365112587,976.8126831054688,85.10399543378995,667
