,state,county,gisjoin,year range,avg temp,max temp,min temp,hdd,cdd,avg rh,average dp,max dp,min dp,avg wind speed,max wind speed,avg ghr,max ghr,avg dnr,max dnr,avg dhr,max dhr
0,LA,Vernon Parish,G2201150,2020-2039,19.939612629401527,37.0380744934082,-5.897922039031982,1108.2840065562384,1706.7426162877728,70.98533561980888,13.826626901656978,26.41342496508605,-5.897922547359029,3.8535377484478364,9.14956283569336,184.40342465753426,981,195.4086558366451,937.9254760742188,85.10399543378995,667
