,state,county,gisjoin,year range,avg temp,max temp,min temp,hdd,cdd,avg rh,average dp,max dp,min dp,avg wind speed,max wind speed,avg ghr,max ghr,avg dnr,max dnr,avg dhr,max dhr
0,LA,Vernon Parish,G2201150,2060-2079,21.739249261506924,39.080345153808594,-5.810567378997803,853.2647765861298,2108.5907570360123,70.13674527412135,15.362126226882179,25.83698178565657,-5.810567488205898,3.89487464427948,8.168238639831543,184.40342465753426,981,193.4465806135578,909.4087524414062,85.10399543378995,667
