,state,county,gisjoin,year range,avg temp,max temp,min temp,hdd,cdd,avg rh,average dp,max dp,min dp,avg wind speed,max wind speed,avg ghr,max ghr,avg dnr,max dnr,avg dhr,max dhr
0,IN,Henry County,G1800650,1980-1999,9.79141531313505,33.2868766784668,-28.319374084472656,3637.150796443355,531.5173857371227,69.62426933327767,3.8286339228976902,22.046784889532358,-28.319374272320367,4.627770712849212,10.23454475402832,150.63915525114155,973,183.06423364738654,934.542236328125,75.52625570776256,650
