,state,county,gisjoin,year range,avg temp,max temp,min temp,hdd,cdd,avg rh,average dp,max dp,min dp,avg wind speed,max wind speed,avg ghr,max ghr,avg dnr,max dnr,avg dhr,max dhr
0,IN,Henry County,G1800650,2080-2099,15.480073123884686,39.5697135925293,-14.394845962524414,2317.0787996561976,1287.8054898739647,71.1657294482401,9.642859420596842,27.09988721943809,-14.394847313481105,4.465203793163169,10.822922706604004,150.63915525114155,973,173.35660583829053,918.8058471679688,75.52625570776256,650
