,state,county,gisjoin,year range,avg temp,max temp,min temp,hdd,cdd,avg rh,average dp,max dp,min dp,avg wind speed,max wind speed,avg ghr,max ghr,avg dnr,max dnr,avg dhr,max dhr
0,TX,Jackson County,G4802390,2000-2019,21.725340929753667,37.71294021606445,-4.001176357269287,756.0938845699685,2006.3433239299227,69.45314748232768,15.306155580059016,26.375056654513056,-4.523647713078103,4.4218698321956476,8.187329292297363,191.83721461187216,1049,201.46077946057272,957.205078125,89.82785388127854,513
