,state,county,gisjoin,year range,avg temp,max temp,min temp,hdd,cdd,avg rh,average dp,max dp,min dp,avg wind speed,max wind speed,avg ghr,max ghr,avg dnr,max dnr,avg dhr,max dhr
0,TX,Jackson County,G4802390,2040-2059,23.308917880597946,38.68085861206055,-0.4677467942237854,567.7867924548199,2396.0418188728177,68.99268060449052,16.75374866673126,29.11764166650623,-0.4677468166146477,4.477077707525802,8.931178092956543,191.83721461187216,1049,196.62908274429836,954.6456909179688,89.82785388127854,513
