,state,county,gisjoin,year range,avg temp,max temp,min temp,hdd,cdd,avg rh,average dp,max dp,min dp,avg wind speed,max wind speed,avg ghr,max ghr,avg dnr,max dnr,avg dhr,max dhr
0,TX,Upshur County,G4804590,2000-2019,18.75500214212836,38.50733184814453,-7.292666435241699,1407.7728527793422,1573.8486346562304,68.35505534590106,12.039481805081937,25.957947755707124,-7.292666838548664,4.087208260901987,9.239130973815918,194.5595890410959,1019,200.8132381361717,936.5526123046876,57.294292237442924,446
