,state,county,gisjoin,year range,avg temp,max temp,min temp,hdd,cdd,avg rh,average dp,max dp,min dp,avg wind speed,max wind speed,avg ghr,max ghr,avg dnr,max dnr,avg dhr,max dhr
0,TX,Upshur County,G4804590,2060-2079,21.109549354840514,41.47116470336914,-6.071331977844238,1078.1379042116578,2103.623418728325,68.79622405282983,14.395300018782388,26.71505258480813,-6.07133237361968,4.268872521348196,9.256633758544922,194.5595890410959,1019,195.2097827210856,914.7918701171876,57.294292237442924,446
