,state,county,gisjoin,year range,avg temp,max temp,min temp,hdd,cdd,avg rh,average dp,max dp,min dp,avg wind speed,max wind speed,avg ghr,max ghr,avg dnr,max dnr,avg dhr,max dhr
0,KS,Ottawa County,G2001430,2060-2079,16.66521295933644,44.14787292480469,-13.635847091674805,2221.0672789467612,1624.3700091043554,63.21116453327545,8.598986877734424,27.258670014400767,-13.7350176852359,3.7734806088279917,7.26116943359375,181.8288812785388,1014,188.029298492356,936.2993774414062,66.56575342465753,637
