,state,county,gisjoin,year range,avg temp,max temp,min temp,hdd,cdd,avg rh,average dp,max dp,min dp,avg wind speed,max wind speed,avg ghr,max ghr,avg dnr,max dnr,avg dhr,max dhr
0,SD,Lake County,G4600790,2020-2039,8.911380832675807,36.0379753112793,-29.220870971679688,4073.51275367342,646.6667575995419,62.595413658499176,1.3148512428543302,23.1589715386692,-29.220873224508765,4.5559112963611135,10.468505859375,159.5791095890411,956,180.0930053549904,913.3218994140624,64.4162100456621,456
