,state,county,gisjoin,year range,avg temp,max temp,min temp,hdd,cdd,avg rh,average dp,max dp,min dp,avg wind speed,max wind speed,avg ghr,max ghr,avg dnr,max dnr,avg dhr,max dhr
0,UT,Piute County,G4900310,1980-1999,8.099083234891916,33.59812545776367,-25.770000457763672,4139.982722200215,416.64810293516103,41.18121382221239,-6.513777764744943,9.017047741529725,-26.12727881205927,4.005631372699999,10.605528831481934,207.82956621004567,1067,238.02811976090806,1040.6680908203125,56.84440639269406,510
