,state,county,gisjoin,year range,avg temp,max temp,min temp,hdd,cdd,avg rh,average dp,max dp,min dp,avg wind speed,max wind speed,avg ghr,max ghr,avg dnr,max dnr,avg dhr,max dhr
0,UT,Piute County,G4900310,2040-2059,10.939373778432534,39.405853271484375,-19.446462631225582,3417.9251651267846,731.2965942542091,43.41760159311774,-3.088566043753336,11.517922655251706,-20.32317427606642,3.8263930493838165,8.313860893249512,207.82956621004567,1067,235.24115870919834,1029.5880126953125,56.84440639269406,510
