,state,county,gisjoin,year range,avg temp,max temp,min temp,hdd,cdd,avg rh,average dp,max dp,min dp,avg wind speed,max wind speed,avg ghr,max ghr,avg dnr,max dnr,avg dhr,max dhr
0,ID,Teton County,G1600810,1980-1999,4.266028501470023,30.6879997253418,-28.781333923339844,5312.187178678185,189.78758171399068,57.89938476183643,-4.585917544568445,9.019323452101911,-28.781336800500853,4.5398485448262464,10.453527450561523,179.33961187214612,1055,211.36129417557734,1003.7522583007812,62.89794520547945,435
