,state,county,gisjoin,year range,avg temp,max temp,min temp,hdd,cdd,avg rh,average dp,max dp,min dp,avg wind speed,max wind speed,avg ghr,max ghr,avg dnr,max dnr,avg dhr,max dhr
0,TX,McCulloch County,G4803070,2040-2059,20.875258984621276,40.93230056762695,-6.393067359924316,1080.424766019508,2020.394295406164,57.77547694341233,11.228836891492536,22.882805881097628,-9.809906699470352,4.703636715047436,9.984332084655762,214.40616438356165,1045,213.9871354644281,972.86083984375,69.54155251141553,518
