,state,county,gisjoin,year range,avg temp,max temp,min temp,hdd,cdd,avg rh,average dp,max dp,min dp,avg wind speed,max wind speed,avg ghr,max ghr,avg dnr,max dnr,avg dhr,max dhr
0,GA,Douglas County,G1300970,1980-1999,15.724899716985137,34.62937545776367,-10.291874885559082,1904.6339025583882,964.7222992579797,68.1789448698906,9.13761068027402,22.19549406841803,-10.291875813156013,3.6539972631490394,9.320487022399902,162.69052511415526,993,198.80046080771882,949.8080444335938,79.42728310502284,621
