,state,county,gisjoin,year range,avg temp,max temp,min temp,hdd,cdd,avg rh,average dp,max dp,min dp,avg wind speed,max wind speed,avg ghr,max ghr,avg dnr,max dnr,avg dhr,max dhr
0,GA,Douglas County,G1300970,2040-2059,18.543963571335297,38.06307220458984,-6.6976237297058105,1391.5395849464687,1480.5862884839323,69.50187060800317,12.143865446553145,24.92423189408046,-6.697624299776325,3.6499700965130164,9.023118019104004,162.69052511415526,993,192.98966828688668,962.1317138671876,79.42728310502284,621
