,state,county,gisjoin,year range,avg temp,max temp,min temp,hdd,cdd,avg rh,average dp,max dp,min dp,avg wind speed,max wind speed,avg ghr,max ghr,avg dnr,max dnr,avg dhr,max dhr
0,KY,Hopkins County,G2101070,2020-2039,15.530395064912748,35.64516830444336,-13.602198600769045,2152.5099450854577,1141.604143778553,69.92917161466869,9.37553382589602,23.216428710934228,-13.981036114362976,3.6876047469165227,9.312265396118164,176.99851598173515,978,185.3405789102037,923.2918701171876,73.54965753424658,587
