,state,county,gisjoin,year range,avg temp,max temp,min temp,hdd,cdd,avg rh,average dp,max dp,min dp,avg wind speed,max wind speed,avg ghr,max ghr,avg dnr,max dnr,avg dhr,max dhr
0,WA,Skamania County,G5300590,2080-2099,13.779089793253657,39.188575744628906,-7.5849833488464355,2292.460243349185,642.3280178865081,69.70206783340402,7.363989124534564,18.760230691926807,-7.584983363035607,4.002011029361046,8.735907554626465,146.6972602739726,953,162.42310214714934,863.9056396484375,70.07785388127854,450
