,state,county,gisjoin,year range,avg temp,max temp,min temp,hdd,cdd,avg rh,average dp,max dp,min dp,avg wind speed,max wind speed,avg ghr,max ghr,avg dnr,max dnr,avg dhr,max dhr
0,MD,St. Mary's County,G2400370,2080-2099,18.976199585554024,38.9661979675293,-6.902232646942139,1516.010672648383,1762.823521375544,72.60767590291968,13.43363832172403,30.015909529394342,-6.902233567209196,4.4157915326013955,11.97530460357666,173.77739726027397,973,169.66137038186488,908.80615234375,72.64577625570776,493
