,state,county,gisjoin,year range,avg temp,max temp,min temp,hdd,cdd,avg rh,average dp,max dp,min dp,avg wind speed,max wind speed,avg ghr,max ghr,avg dnr,max dnr,avg dhr,max dhr
0,TX,Kendall County,G4802590,2080-2099,23.18085830169294,41.8822021484375,-5.935777187347412,781.8606194531363,2563.3738995708222,62.26976076446167,14.648816596560708,28.120474509189272,-8.532476730825222,4.854484967594821,9.265358924865724,205.22739726027396,1096,206.14056466555405,946.8880615234376,85.51301369863013,704
