,state,county,gisjoin,year range,avg temp,max temp,min temp,hdd,cdd,avg rh,average dp,max dp,min dp,avg wind speed,max wind speed,avg ghr,max ghr,avg dnr,max dnr,avg dhr,max dhr
0,NE,Dundy County,G3100570,2000-2019,11.758526754456474,38.227500915527344,-23.08916664123535,3259.5518209021116,871.9140862783237,50.847124999679934,0.2610704711856817,18.59722209683213,-23.724114534850823,4.053196433553957,9.719764709472656,188.1711187214612,1013,205.20447086544226,950.8728637695312,62.83858447488584,506
