,state,county,gisjoin,year range,avg temp,max temp,min temp,hdd,cdd,avg rh,average dp,max dp,min dp,avg wind speed,max wind speed,avg ghr,max ghr,avg dnr,max dnr,avg dhr,max dhr
0,NE,Dundy County,G3100570,2060-2079,13.895449158535488,42.20653533935547,-18.09265899658203,2798.8055915796917,1191.1445344448719,53.85645639243191,3.1328283464860607,22.11462927405,-20.277117014819524,4.125433363707643,10.397717475891112,188.1711187214612,1013,199.32147553927186,936.1066284179688,62.83858447488584,506
