,state,county,gisjoin,year range,avg temp,max temp,min temp,hdd,cdd,avg rh,average dp,max dp,min dp,avg wind speed,max wind speed,avg ghr,max ghr,avg dnr,max dnr,avg dhr,max dhr
0,PA,Jefferson County,G4200650,2020-2039,9.87619190086543,32.99919509887695,-19.16801643371582,3547.9302273079284,473.2402711232632,68.93407939993628,3.597144088872086,20.433277179385268,-20.10276477505977,4.151993367769947,10.98664665222168,150.09018264840182,975,179.2068118254721,938.5443725585938,75.35662100456621,570
