,state,county,gisjoin,year range,avg temp,max temp,min temp,hdd,cdd,avg rh,average dp,max dp,min dp,avg wind speed,max wind speed,avg ghr,max ghr,avg dnr,max dnr,avg dhr,max dhr
0,WI,Dane County,G5500250,1980-1999,7.019409197145126,34.2884635925293,-29.673076629638672,4526.491461342937,409.07581830025146,68.02933423813076,0.7989931402236153,21.73606124030228,-29.673080187602867,4.242829836789332,11.060490608215332,162.9494292237443,1004,181.04379833398937,906.7180786132812,78.29760273972603,657
