,state,county,gisjoin,year range,avg temp,max temp,min temp,hdd,cdd,avg rh,average dp,max dp,min dp,avg wind speed,max wind speed,avg ghr,max ghr,avg dnr,max dnr,avg dhr,max dhr
0,WI,Dane County,G5500250,2020-2039,9.462136753095786,39.29921722412109,-25.87349319458008,3817.651597651251,591.8315125306716,68.71038272435263,3.2860240529461553,24.25392248548302,-25.87349413854512,4.144502982510824,9.32804012298584,162.9494292237443,1004,177.11266205386545,917.5724487304688,78.29760273972603,657
