,state,county,gisjoin,year range,avg temp,max temp,min temp,hdd,cdd,avg rh,average dp,max dp,min dp,avg wind speed,max wind speed,avg ghr,max ghr,avg dnr,max dnr,avg dhr,max dhr
0,WI,Dane County,G5500250,2060-2079,11.863547540500004,37.87892150878906,-19.74531364440918,3237.1683098858102,887.8631621679157,69.14803400257406,5.71866317651347,25.16256246212201,-19.74531570153117,4.221216732290782,10.206507682800291,162.9494292237443,1004,172.69244863582895,909.146240234375,78.29760273972603,657
