,state,county,gisjoin,year range,avg temp,max temp,min temp,hdd,cdd,avg rh,average dp,max dp,min dp,avg wind speed,max wind speed,avg ghr,max ghr,avg dnr,max dnr,avg dhr,max dhr
0,NJ,Hudson County,G3400170,1980-1999,11.896657889354554,33.32624816894531,-15.138750076293944,2963.0759335294592,625.8560631434448,72.40886562795944,6.581760038653062,24.50941896550353,-15.13875094368406,4.8099400720912024,12.109569549560549,162.32659817351598,977,170.70113820802487,904.8794555664062,76.76712328767124,503
