,state,county,gisjoin,year range,avg temp,max temp,min temp,hdd,cdd,avg rh,average dp,max dp,min dp,avg wind speed,max wind speed,avg ghr,max ghr,avg dnr,max dnr,avg dhr,max dhr
0,NJ,Hudson County,G3400170,2000-2019,13.436548779565909,36.60625076293945,-16.275625228881836,2625.60619976563,850.4465043068418,72.22095121836553,8.048265699308438,25.987055413380126,-17.240762028865905,4.892642872409733,13.746864318847656,162.32659817351598,977,170.49370261283255,910.1419067382812,76.76712328767124,503
