,state,county,gisjoin,year range,avg temp,max temp,min temp,hdd,cdd,avg rh,average dp,max dp,min dp,avg wind speed,max wind speed,avg ghr,max ghr,avg dnr,max dnr,avg dhr,max dhr
0,CO,Mineral County,G0800790,1980-1999,0.9708149652205169,23.897857666015625,-28.30714225769043,6339.646701827961,14.494164133071843,52.81047252247867,-9.026506307884926,5.649002262330442,-28.307145053822257,5.036531351363823,13.306265830993652,172.0447488584475,990,258.7287350378698,1159.9688720703125,62.176598173515984,599
