,state,county,gisjoin,year range,avg temp,max temp,min temp,hdd,cdd,avg rh,average dp,max dp,min dp,avg wind speed,max wind speed,avg ghr,max ghr,avg dnr,max dnr,avg dhr,max dhr
0,CO,Mineral County,G0800790,2080-2099,5.302947532332085,27.9526481628418,-24.856828689575195,4859.925238953193,116.00108825365544,56.750084093172255,-3.8800669347832732,8.228368628802105,-24.85683116416827,4.744675202892251,12.349200248718262,172.0447488584475,990,246.34428205756655,1110.256103515625,62.176598173515984,599
