,state,county,gisjoin,year range,avg temp,max temp,min temp,hdd,cdd,avg rh,average dp,max dp,min dp,avg wind speed,max wind speed,avg ghr,max ghr,avg dnr,max dnr,avg dhr,max dhr
0,TX,Midland County,G4803290,2020-2039,19.663821173460516,42.391258239746094,-9.6251859664917,1281.2739757833021,1779.0687040963564,45.428536056165825,5.997620939360539,23.426204767259016,-13.229701351479314,4.465656766608426,10.007070541381836,205.3203196347032,1042,229.98935678643127,984.4108276367188,73.9958904109589,597
