,state,county,gisjoin,year range,avg temp,max temp,min temp,hdd,cdd,avg rh,average dp,max dp,min dp,avg wind speed,max wind speed,avg ghr,max ghr,avg dnr,max dnr,avg dhr,max dhr
0,MS,Wayne County,G2801530,1980-1999,17.929813545905375,35.71706008911133,-8.12176513671875,1478.9307655687135,1343.8127098243363,68.81229700693801,11.274008366866232,23.762147019518157,-8.121765768195454,3.3409604365695014,8.307748794555664,184.9005707762557,1008,204.76791024794616,950.7869873046876,82.26666666666667,581
