,state,county,gisjoin,year range,avg temp,max temp,min temp,hdd,cdd,avg rh,average dp,max dp,min dp,avg wind speed,max wind speed,avg ghr,max ghr,avg dnr,max dnr,avg dhr,max dhr
0,MS,Wayne County,G2801530,2000-2019,19.24284108102292,36.94588088989258,-9.189412117004396,1250.4382045219616,1594.5751990953568,69.14585091599591,12.635437687028542,24.55298712480028,-9.189412794106907,3.269591976368808,8.003355026245117,184.9005707762557,1008,200.95423856552267,928.472900390625,82.26666666666667,581
