,state,county,gisjoin,year range,avg temp,max temp,min temp,hdd,cdd,avg rh,average dp,max dp,min dp,avg wind speed,max wind speed,avg ghr,max ghr,avg dnr,max dnr,avg dhr,max dhr
0,MS,Wayne County,G2801530,2040-2059,20.48744762400536,39.55744171142578,-8.157045364379883,1072.2988157847024,1870.7171985465832,69.80637931453583,14.02002908107382,29.067657351055527,-8.157045789833226,3.261432302311131,7.964883327484131,184.9005707762557,1008,197.28193103876947,920.6742553710938,82.26666666666667,581
