,state,county,gisjoin,year range,avg temp,max temp,min temp,hdd,cdd,avg rh,average dp,max dp,min dp,avg wind speed,max wind speed,avg ghr,max ghr,avg dnr,max dnr,avg dhr,max dhr
0,MS,Wayne County,G2801530,2060-2079,21.001770569776188,38.39667892456055,-4.761164665222168,974.1708877606989,1960.3171457288965,69.68540844764884,14.48041726136813,26.65932893754856,-4.761164873779351,3.4130404000276844,8.394461631774902,184.9005707762557,1008,195.73165538615285,937.3287963867188,82.26666666666667,581
