,state,county,gisjoin,year range,avg temp,max temp,min temp,hdd,cdd,avg rh,average dp,max dp,min dp,avg wind speed,max wind speed,avg ghr,max ghr,avg dnr,max dnr,avg dhr,max dhr
0,WV,Taylor County,G5400910,2020-2039,12.577608019283964,34.383914947509766,-18.4058895111084,2758.067021707467,669.3939487457636,68.90581028276382,6.229082985020505,22.136332142769525,-18.40589069391474,5.2079826162286,13.851025581359863,152.77431506849314,988,179.08020983718308,960.3992309570312,76.34977168949771,668
