,state,county,gisjoin,year range,avg temp,max temp,min temp,hdd,cdd,avg rh,average dp,max dp,min dp,avg wind speed,max wind speed,avg ghr,max ghr,avg dnr,max dnr,avg dhr,max dhr
0,WV,Taylor County,G5400910,2040-2059,13.809706279072543,35.278865814208984,-15.179869651794434,2509.14786624723,870.1906581084482,70.78941314231315,7.870121462273603,23.966623432262285,-15.179871280100867,5.065586065919432,12.00795078277588,152.77431506849314,988,175.12946653320347,937.0841064453124,76.34977168949771,668
