,state,county,gisjoin,year range,avg temp,max temp,min temp,hdd,cdd,avg rh,average dp,max dp,min dp,avg wind speed,max wind speed,avg ghr,max ghr,avg dnr,max dnr,avg dhr,max dhr
0,WV,Taylor County,G5400910,2080-2099,16.151846700165947,37.914005279541016,-10.193074226379396,2032.5799720151172,1248.5040175756592,70.79056100213909,10.13052906974828,26.26964367252413,-10.264022118711685,5.391859761002945,12.124454498291016,152.77431506849314,988,171.71980083769867,931.6296997070312,76.34977168949771,668
