,state,county,gisjoin,year range,avg temp,max temp,min temp,hdd,cdd,avg rh,average dp,max dp,min dp,avg wind speed,max wind speed,avg ghr,max ghr,avg dnr,max dnr,avg dhr,max dhr
0,IN,Hamilton County,G1800570,2060-2079,14.300018243506958,35.61506271362305,-13.797351837158203,2558.9588850102523,1098.9655438900625,71.2169091311764,8.514107029442204,25.098306462309832,-15.019851105725264,4.173501722956901,12.278331756591797,171.28881278538813,998,173.93158087421133,926.627685546875,80.70924657534246,619
