,state,county,gisjoin,year range,avg temp,max temp,min temp,hdd,cdd,avg rh,average dp,max dp,min dp,avg wind speed,max wind speed,avg ghr,max ghr,avg dnr,max dnr,avg dhr,max dhr
0,IN,Hamilton County,G1800570,2080-2099,16.164424566443337,40.90737915039063,-15.81916332244873,2205.201080344645,1425.716047096278,71.88296334427785,10.457575686707681,28.410185977316424,-15.83928654186641,4.090936713390154,9.840277671813965,171.28881278538813,998,170.8579830281978,904.25634765625,80.70924657534246,619
