,state,county,gisjoin,year range,avg temp,max temp,min temp,hdd,cdd,avg rh,average dp,max dp,min dp,avg wind speed,max wind speed,avg ghr,max ghr,avg dnr,max dnr,avg dhr,max dhr
0,IA,Greene County,G1900730,2060-2079,12.615001561597083,38.132266998291016,-22.93222427368164,3135.4853761164286,1060.4609460990234,67.4476809669303,5.955365605832985,26.797193374212004,-22.932223959373093,4.643701033722865,11.486828804016112,158.7288812785388,969,175.68564217615273,928.0568237304688,65.17910958904109,514
