,state,county,gisjoin,year range,avg temp,max temp,min temp,hdd,cdd,avg rh,average dp,max dp,min dp,avg wind speed,max wind speed,avg ghr,max ghr,avg dnr,max dnr,avg dhr,max dhr
0,MO,St. Louis city,G2905100,1980-1999,12.569328922461542,36.5446662902832,-21.79133415222168,2892.5268482059796,800.8319049040942,69.37922388799659,6.426192099552768,23.933074150940968,-21.88480689839612,4.180056859369147,10.558673858642578,151.6513698630137,985,183.38659982660946,917.153076171875,72.27762557077625,636
