,state,county,gisjoin,year range,avg temp,max temp,min temp,hdd,cdd,avg rh,average dp,max dp,min dp,avg wind speed,max wind speed,avg ghr,max ghr,avg dnr,max dnr,avg dhr,max dhr
0,GA,Paulding County,G1302230,2020-2039,16.84143241333686,36.776214599609375,-11.50810432434082,1673.5199700353596,1141.1428009033975,69.05894486893257,10.35483746824928,22.9358466153325,-11.508104973689209,3.466069542150519,9.045494079589844,173.2590182648402,1029,196.00196030488556,952.4332275390624,80.0406392694064,654
