,state,county,gisjoin,year range,avg temp,max temp,min temp,hdd,cdd,avg rh,average dp,max dp,min dp,avg wind speed,max wind speed,avg ghr,max ghr,avg dnr,max dnr,avg dhr,max dhr
0,NY,Warren County,G3601130,1980-1999,7.363341886704947,33.02714157104492,-31.04571533203125,4325.7368374666075,333.8566261132465,68.10453502358911,1.1183433234869462,19.770960491316437,-31.04571688473272,3.3020852568895305,8.538541793823242,135.50091324200912,961,181.3973311114201,923.3670654296876,70.39440639269407,627
