,state,county,gisjoin,year range,avg temp,max temp,min temp,hdd,cdd,avg rh,average dp,max dp,min dp,avg wind speed,max wind speed,avg ghr,max ghr,avg dnr,max dnr,avg dhr,max dhr
0,IA,Clarke County,G1900390,1980-1999,9.07223858055333,36.21733474731445,-27.79133415222168,3933.0367866625843,564.9038685639929,66.50052908566444,2.3581978514844124,25.32678323719592,-27.791336182316535,4.401811076843575,8.893525123596191,152.75433789954337,980,184.91338080855502,921.4271850585938,69.0195205479452,593
