,state,county,gisjoin,year range,avg temp,max temp,min temp,hdd,cdd,avg rh,average dp,max dp,min dp,avg wind speed,max wind speed,avg ghr,max ghr,avg dnr,max dnr,avg dhr,max dhr
0,IA,Clarke County,G1900390,2000-2019,10.485370795890294,36.37200164794922,-24.420000076293945,3574.6790599191577,722.3394004186358,67.3645173793514,3.945555621648885,24.31476050621192,-24.420001712703986,4.257322506382041,9.177383422851562,152.75433789954337,980,183.1322368324098,917.641357421875,69.0195205479452,593
