,state,county,gisjoin,year range,avg temp,max temp,min temp,hdd,cdd,avg rh,average dp,max dp,min dp,avg wind speed,max wind speed,avg ghr,max ghr,avg dnr,max dnr,avg dhr,max dhr
0,IA,Clarke County,G1900390,2020-2039,11.615874454060615,36.82915878295898,-24.954347610473636,3230.6753133023503,790.969489034061,66.51125246792624,4.795789310272224,22.881445433669903,-24.95434830205549,4.215864796834449,8.232979774475098,152.75433789954337,980,181.90377596464708,885.5096435546875,69.0195205479452,593
