,state,county,gisjoin,year range,avg temp,max temp,min temp,hdd,cdd,avg rh,average dp,max dp,min dp,avg wind speed,max wind speed,avg ghr,max ghr,avg dnr,max dnr,avg dhr,max dhr
0,OH,Wood County,G3901730,2020-2039,11.45500627100727,35.621700286865234,-22.178098678588867,3185.043480504092,686.6207694212959,69.6697648795228,5.454796544161021,23.76134706089184,-22.178099999284477,3.9406410991329035,9.749292373657228,162.75228310502283,957,174.8485045055446,914.4376220703124,77.58082191780822,483
