,state,county,gisjoin,year range,avg temp,max temp,min temp,hdd,cdd,avg rh,average dp,max dp,min dp,avg wind speed,max wind speed,avg ghr,max ghr,avg dnr,max dnr,avg dhr,max dhr
0,CO,Morgan County,G0800870,2040-2059,12.85747886332662,41.99894714355469,-22.476402282714844,2996.1268458790723,1009.6066309929425,46.134689675183054,-0.11281559980042254,18.290153979574523,-24.733139273145,3.3434846836410155,8.829858779907227,156.36929223744292,983,211.57036912884402,952.7819213867188,77.11552511415525,445
