,state,county,gisjoin,year range,avg temp,max temp,min temp,hdd,cdd,avg rh,average dp,max dp,min dp,avg wind speed,max wind speed,avg ghr,max ghr,avg dnr,max dnr,avg dhr,max dhr
0,CO,Morgan County,G0800870,2080-2099,15.711363345900507,43.15036010742188,-16.007837295532227,2385.4295081900286,1440.5771294435071,45.8715359887576,2.3913201509691087,22.179084790747503,-18.944224892735317,3.1311681399198426,7.7191643714904785,156.36929223744292,983,210.27090635143878,945.4774169921876,77.11552511415525,445
