,state,county,gisjoin,year range,avg temp,max temp,min temp,hdd,cdd,avg rh,average dp,max dp,min dp,avg wind speed,max wind speed,avg ghr,max ghr,avg dnr,max dnr,avg dhr,max dhr
0,CA,Sutter County,G0601010,2000-2019,17.486465844266185,40.53312683105469,-2.9468748569488525,1456.0630389583337,1159.123072115645,50.645087892497514,4.589410775275996,14.402867265734626,-5.763239631426443,2.846523361336695,8.334230422973633,205.80045662100457,998,209.2893389153834,933.1939086914062,66.01529680365297,436
