,state,county,gisjoin,year range,avg temp,max temp,min temp,hdd,cdd,avg rh,average dp,max dp,min dp,avg wind speed,max wind speed,avg ghr,max ghr,avg dnr,max dnr,avg dhr,max dhr
0,CA,Sutter County,G0601010,2080-2099,21.12917322844318,46.85875701904297,-1.2372071743011477,898.0255819094585,1930.673810291152,49.571321024197964,7.448987452191332,17.37937415170199,-1.7579767481053692,2.803939662240956,7.572277545928955,205.80045662100457,998,208.44971919058642,943.9088134765624,66.01529680365297,436
