,state,county,gisjoin,year range,avg temp,max temp,min temp,hdd,cdd,avg rh,average dp,max dp,min dp,avg wind speed,max wind speed,avg ghr,max ghr,avg dnr,max dnr,avg dhr,max dhr
0,IL,Menard County,G1701290,1980-1999,10.824307818132173,34.810001373291016,-28.252500534057617,3415.599771610512,686.9721252282812,67.64323414874403,4.3496125750278045,22.52774028764344,-28.25250232179853,4.450745103076168,9.990459442138672,173.42808219178082,992,184.29538903041913,895.5938110351562,72.93025114155252,493
