,state,county,gisjoin,year range,avg temp,max temp,min temp,hdd,cdd,avg rh,average dp,max dp,min dp,avg wind speed,max wind speed,avg ghr,max ghr,avg dnr,max dnr,avg dhr,max dhr
0,IL,Menard County,G1701290,2020-2039,12.932763987344734,38.881683349609375,-20.245094299316406,2907.295992670637,948.2548480511251,68.74360560391047,6.62259134389437,24.4108547267962,-20.38973132290838,4.3181631584145705,9.659557342529297,173.42808219178082,992,181.6582383740514,920.8948364257812,72.93025114155252,493
