,state,county,gisjoin,year range,avg temp,max temp,min temp,hdd,cdd,avg rh,average dp,max dp,min dp,avg wind speed,max wind speed,avg ghr,max ghr,avg dnr,max dnr,avg dhr,max dhr
0,IL,Menard County,G1701290,2040-2059,14.401490546755706,39.75120544433594,-17.591772079467773,2552.948240327296,1129.9922898928992,67.94128091476824,7.828469660701075,26.09562678539483,-17.591773414689843,4.194979626607132,9.342855453491213,173.42808219178082,992,178.38818981013875,907.4791259765624,72.93025114155252,493
