,state,county,gisjoin,year range,avg temp,max temp,min temp,hdd,cdd,avg rh,average dp,max dp,min dp,avg wind speed,max wind speed,avg ghr,max ghr,avg dnr,max dnr,avg dhr,max dhr
0,IL,Menard County,G1701290,2060-2079,14.618069345050172,38.12181091308594,-16.667774200439453,2598.956845584824,1255.052156527907,69.41397951618177,8.397541597309955,26.39428703086052,-16.66777498615169,4.329263856843726,13.777860641479492,173.42808219178082,992,178.22261063296648,896.025146484375,72.93025114155252,493
