,state,county,gisjoin,year range,avg temp,max temp,min temp,hdd,cdd,avg rh,average dp,max dp,min dp,avg wind speed,max wind speed,avg ghr,max ghr,avg dnr,max dnr,avg dhr,max dhr
0,NY,Montgomery County,G3600570,2040-2059,11.344604798254837,37.19296646118164,-23.302221298217773,3304.7600827782476,766.0408341408207,70.44487999410934,5.4557561428073,23.99835049014704,-23.302220947327225,4.161217184099432,12.418231010437012,160.9197488584475,1036,172.50112556406523,912.646728515625,78.21940639269407,514
