,state,county,gisjoin,year range,avg temp,max temp,min temp,hdd,cdd,avg rh,average dp,max dp,min dp,avg wind speed,max wind speed,avg ghr,max ghr,avg dnr,max dnr,avg dhr,max dhr
0,WI,Langlade County,G5500670,2060-2079,8.556116040026,34.89178466796875,-26.6910343170166,4113.064120245242,556.546474854175,68.1237260359063,2.2528398908313405,23.381940342909097,-26.691037467736454,5.037454794775949,14.81590175628662,140.8293378995434,956,172.5360026107115,923.5802612304688,65.65319634703197,564
