,state,county,gisjoin,year range,avg temp,max temp,min temp,hdd,cdd,avg rh,average dp,max dp,min dp,avg wind speed,max wind speed,avg ghr,max ghr,avg dnr,max dnr,avg dhr,max dhr
0,CA,Santa Barbara County,G0600830,2060-2079,17.226503090866625,36.105247497558594,0.9069159030914308,1182.6059684801974,790.7795966466792,46.349319960864165,3.2921959077778515,13.373474781318416,-7.0192858399572025,4.809864510575386,11.106525421142578,211.97488584474885,1020,224.94260690112824,990.15478515625,69.55993150684931,504
