,state,county,gisjoin,year range,avg temp,max temp,min temp,hdd,cdd,avg rh,average dp,max dp,min dp,avg wind speed,max wind speed,avg ghr,max ghr,avg dnr,max dnr,avg dhr,max dhr
0,ND,LaMoure County,G3800450,1980-1999,5.577295734800588,36.330665588378906,-31.915332794189453,4971.732972529287,327.945915730786,57.964489142644354,-3.1600648714631525,18.54053646717199,-31.91533545491848,4.132871164769343,9.70190143585205,142.9428082191781,950,180.73163779541866,900.0927734375,62.02511415525114,503
