,state,county,gisjoin,year range,avg temp,max temp,min temp,hdd,cdd,avg rh,average dp,max dp,min dp,avg wind speed,max wind speed,avg ghr,max ghr,avg dnr,max dnr,avg dhr,max dhr
0,GA,Schley County,G1302490,2060-2079,20.449023816438146,38.31325149536133,-5.753482818603516,1037.8524648369257,1822.2461578367772,68.92204241730852,13.808124627124714,26.11830669770906,-5.753483255299981,3.496512468397345,9.91436004638672,191.31278538812785,1025,197.8309359748268,926.0778198242188,83.53561643835616,516
