,state,county,gisjoin,year range,avg temp,max temp,min temp,hdd,cdd,avg rh,average dp,max dp,min dp,avg wind speed,max wind speed,avg ghr,max ghr,avg dnr,max dnr,avg dhr,max dhr
0,TN,Hamblen County,G4700630,1980-1999,13.097541260234607,33.408748626708984,-15.4037504196167,2580.6167012636056,681.7192612489446,68.58462284057651,6.664489282965756,19.60786835611086,-15.403751645148295,2.7202908841850553,7.036155700683594,178.29326484018264,1001,195.3299779461418,952.5538330078124,79.80433789954338,584
