,state,county,gisjoin,year range,avg temp,max temp,min temp,hdd,cdd,avg rh,average dp,max dp,min dp,avg wind speed,max wind speed,avg ghr,max ghr,avg dnr,max dnr,avg dhr,max dhr
0,TN,Hamblen County,G4700630,2000-2019,14.56824912848775,34.900001525878906,-15.803125381469728,2253.917976593324,891.8289084911922,69.01591049721252,8.160571656366999,22.22872450538096,-15.803126536770694,2.757980707002013,7.102330684661865,178.29326484018264,1001,192.32423574074284,942.1199340820312,79.80433789954338,584
