,state,county,gisjoin,year range,avg temp,max temp,min temp,hdd,cdd,avg rh,average dp,max dp,min dp,avg wind speed,max wind speed,avg ghr,max ghr,avg dnr,max dnr,avg dhr,max dhr
0,OH,Hancock County,G3900630,2000-2019,10.979925791868087,36.10000228881836,-26.3886661529541,3322.7277016607986,650.9006156921706,68.90991240745265,4.820488549220138,22.98864420519524,-26.388668030069585,3.801438416261651,9.247200965881348,149.3900684931507,968,177.46947941565068,934.6246337890624,72.97226027397261,565
