,state,county,gisjoin,year range,avg temp,max temp,min temp,hdd,cdd,avg rh,average dp,max dp,min dp,avg wind speed,max wind speed,avg ghr,max ghr,avg dnr,max dnr,avg dhr,max dhr
0,OH,Hancock County,G3900630,2040-2059,13.099524865875452,40.62306213378906,-13.95753002166748,2808.4515862286376,910.278162272823,69.56280645910464,7.009280927169468,25.16498656939715,-14.570639635878972,3.811611948818921,8.748620986938477,149.3900684931507,968,173.35550213283733,915.7045288085938,72.97226027397261,565
