,state,county,gisjoin,year range,avg temp,max temp,min temp,hdd,cdd,avg rh,average dp,max dp,min dp,avg wind speed,max wind speed,avg ghr,max ghr,avg dnr,max dnr,avg dhr,max dhr
0,OH,Hancock County,G3900630,2080-2099,15.601486531467453,38.548431396484375,-13.614015579223633,2280.2705810117327,1295.3131649971774,70.70757838536615,9.629418144631336,25.761219742552477,-13.687146199139026,3.7288064173231388,8.35694408416748,149.3900684931507,968,169.8355362602803,915.5125122070312,72.97226027397261,565
