,state,county,gisjoin,year range,avg temp,max temp,min temp,hdd,cdd,avg rh,average dp,max dp,min dp,avg wind speed,max wind speed,avg ghr,max ghr,avg dnr,max dnr,avg dhr,max dhr
0,TX,Cherokee County,G4800730,2040-2059,21.25626762859166,41.941444396972656,-6.696208953857422,985.9821856703596,2065.019870106194,68.01884779930114,14.383759525721139,26.282978435198952,-6.696209205656388,4.365038850862686,10.061296463012695,194.5595890410959,1019,197.7205833311543,915.7088623046876,57.2939497716895,446
