,state,county,gisjoin,year range,avg temp,max temp,min temp,hdd,cdd,avg rh,average dp,max dp,min dp,avg wind speed,max wind speed,avg ghr,max ghr,avg dnr,max dnr,avg dhr,max dhr
0,KS,Kiowa County,G2000970,2000-2019,14.455545038703919,41.45000076293945,-18.001249313354492,2568.1895673653416,1164.963506492042,55.7667254454469,4.434713311509236,23.31841904633657,-23.035579260508023,5.08856773150566,10.981437683105469,202.22785388127855,1036,206.65602755250222,944.1163940429688,69.20559360730594,554
