,state,county,gisjoin,year range,avg temp,max temp,min temp,hdd,cdd,avg rh,average dp,max dp,min dp,avg wind speed,max wind speed,avg ghr,max ghr,avg dnr,max dnr,avg dhr,max dhr
0,KS,Kiowa County,G2000970,2040-2059,15.843664527507183,42.36107635498047,-16.7208194732666,2285.3215448136457,1388.7590973536715,57.330431479188405,6.250855426236391,25.1098858824243,-16.811001068525428,4.895650363812163,10.567933082580566,202.22785388127855,1036,203.66193874568899,974.9216918945312,69.20559360730594,554
