,state,county,gisjoin,year range,avg temp,max temp,min temp,hdd,cdd,avg rh,average dp,max dp,min dp,avg wind speed,max wind speed,avg ghr,max ghr,avg dnr,max dnr,avg dhr,max dhr
0,KS,Kiowa County,G2000970,2080-2099,18.33360467433284,44.74746322631836,-14.759387969970703,1905.594448958247,1917.860155089558,58.37906578044369,8.814600883637528,27.0948359531884,-16.461477391871806,5.121630195368371,11.586833953857422,202.22785388127855,1036,199.37824172605818,943.9522094726562,69.20559360730594,554
