,state,county,gisjoin,year range,avg temp,max temp,min temp,hdd,cdd,avg rh,average dp,max dp,min dp,avg wind speed,max wind speed,avg ghr,max ghr,avg dnr,max dnr,avg dhr,max dhr
0,AR,Greene County,G0500550,2000-2019,15.937458632712984,37.59437561035156,-10.9399995803833,2032.6514073325227,1170.3238082727519,70.38075305185362,9.898466948066265,24.19309256907449,-11.761504827976989,4.019555789803805,9.592910766601562,176.91803652968036,1007,188.58990434144516,932.2694091796876,74.57408675799087,638
