,state,county,gisjoin,year range,avg temp,max temp,min temp,hdd,cdd,avg rh,average dp,max dp,min dp,avg wind speed,max wind speed,avg ghr,max ghr,avg dnr,max dnr,avg dhr,max dhr
0,AR,Greene County,G0500550,2060-2079,18.335858016511608,39.03274917602539,-7.528999805450439,1603.3017263742076,1616.3899024009097,70.9020253538541,12.298458785188723,26.177050857617868,-7.529000692014986,4.027641053395729,8.609390258789062,176.91803652968036,1007,183.87893604182938,908.3320922851562,74.57408675799087,638
