,state,county,gisjoin,year range,avg temp,max temp,min temp,hdd,cdd,avg rh,average dp,max dp,min dp,avg wind speed,max wind speed,avg ghr,max ghr,avg dnr,max dnr,avg dhr,max dhr
0,AR,Columbia County,G0500270,2000-2019,18.04334037408885,38.25764846801758,-11.569411277770996,1555.7129660510184,1462.0322025934936,68.86110683706798,11.443299621647611,25.244794473095755,-11.56941272742976,3.484096147262887,7.965941905975342,182.96746575342465,992,198.82245692293367,960.8544311523438,75.37111872146119,627
