,state,county,gisjoin,year range,avg temp,max temp,min temp,hdd,cdd,avg rh,average dp,max dp,min dp,avg wind speed,max wind speed,avg ghr,max ghr,avg dnr,max dnr,avg dhr,max dhr
0,TX,Collingsworth County,G4800870,1980-1999,15.238156197643349,40.42142868041992,-12.257857322692873,2255.7216676571766,1138.1486797969203,56.99212474082703,5.649810576552934,20.497449173708468,-13.849670758815698,4.629747830134004,8.825679779052734,202.55091324200913,1023,216.35988556693573,964.3749389648438,63.59006849315068,598
