,state,county,gisjoin,year range,avg temp,max temp,min temp,hdd,cdd,avg rh,average dp,max dp,min dp,avg wind speed,max wind speed,avg ghr,max ghr,avg dnr,max dnr,avg dhr,max dhr
0,TX,Collingsworth County,G4800870,2060-2079,19.158660525162507,44.20648193359375,-9.21753215789795,1598.2978444824157,1911.7089361666265,56.34888767651771,9.005007697765505,25.89459976649121,-12.464966498951698,4.645521844821434,9.469587326049805,202.55091324200913,1023,211.71018971696773,958.227783203125,63.59006849315068,598
