,state,county,gisjoin,year range,avg temp,max temp,min temp,hdd,cdd,avg rh,average dp,max dp,min dp,avg wind speed,max wind speed,avg ghr,max ghr,avg dnr,max dnr,avg dhr,max dhr
0,IA,Poweshiek County,G1901570,2020-2039,10.785282105190134,36.21341323852539,-26.00746726989746,3490.012698599558,747.1406669934998,67.29889677735768,4.2210815122265695,25.507415917669288,-26.0074677658946,4.470856989899727,10.644168853759766,144.1203196347032,973,179.8588184527861,924.3316650390624,68.28721461187214,630
