,state,county,gisjoin,year range,avg temp,max temp,min temp,hdd,cdd,avg rh,average dp,max dp,min dp,avg wind speed,max wind speed,avg ghr,max ghr,avg dnr,max dnr,avg dhr,max dhr
0,IA,Poweshiek County,G1901570,2040-2059,12.146516557956687,37.667816162109375,-24.094627380371094,3203.7506607466203,957.7292044004321,67.08684933250898,5.46866560265015,24.54507191331772,-24.14937075168698,4.329773847697532,9.134765625,144.1203196347032,973,177.51996769915402,907.8822631835938,68.28721461187214,630
