,state,county,gisjoin,year range,avg temp,max temp,min temp,hdd,cdd,avg rh,average dp,max dp,min dp,avg wind speed,max wind speed,avg ghr,max ghr,avg dnr,max dnr,avg dhr,max dhr
0,NE,Thayer County,G3101690,2000-2019,12.0695982192963,39.26812362670898,-22.45687484741211,3144.4167480236124,870.3200980663781,62.08556888691366,4.0045832203177945,22.83982736758093,-22.612332598456803,4.834482377440962,9.47889232635498,181.10228310502282,999,189.8270540409882,947.0017700195312,64.83127853881278,534
