,state,county,gisjoin,year range,avg temp,max temp,min temp,hdd,cdd,avg rh,average dp,max dp,min dp,avg wind speed,max wind speed,avg ghr,max ghr,avg dnr,max dnr,avg dhr,max dhr
0,NE,Thayer County,G3101690,2080-2099,16.945042793886454,42.460411071777344,-19.734621047973636,2201.8810620489317,1707.3216818172996,61.80668149027106,8.550660398183021,28.8379192964108,-19.73462221502783,4.737381845032243,10.542560577392578,181.10228310502282,999,183.24414828140618,926.4295043945312,64.83127853881278,534
