,state,county,gisjoin,year range,avg temp,max temp,min temp,hdd,cdd,avg rh,average dp,max dp,min dp,avg wind speed,max wind speed,avg ghr,max ghr,avg dnr,max dnr,avg dhr,max dhr
0,KS,Edwards County,G2000470,2000-2019,13.980612715937125,41.42599868774414,-18.372499465942383,2644.6565036608317,1068.080144977627,56.00692273677756,4.035903745475425,22.94663092974379,-18.92790810244608,4.877962070023088,10.529590606689451,198.03082191780823,1007,205.61099188892376,968.00341796875,61.66769406392694,578
