,state,county,gisjoin,year range,avg temp,max temp,min temp,hdd,cdd,avg rh,average dp,max dp,min dp,avg wind speed,max wind speed,avg ghr,max ghr,avg dnr,max dnr,avg dhr,max dhr
0,KS,Edwards County,G2000470,2020-2039,14.50766111066021,41.57902908325195,-23.447797775268555,2557.910466904933,1173.7067722957006,57.96563113574024,5.0588695781352815,23.56366153943313,-23.447798436013574,4.640257690676815,11.779296875,198.03082191780823,1007,203.23951592139684,959.870361328125,61.66769406392694,578
