,state,county,gisjoin,year range,avg temp,max temp,min temp,hdd,cdd,avg rh,average dp,max dp,min dp,avg wind speed,max wind speed,avg ghr,max ghr,avg dnr,max dnr,avg dhr,max dhr
0,KS,Edwards County,G2000470,2060-2079,16.367960091981587,43.92881774902344,-13.501078605651855,2276.230538974423,1571.035972547493,59.25202780020292,7.234476329533368,23.694037034241365,-13.50108036261268,4.619399849845938,9.414342880249023,198.03082191780823,1007,201.55747450302573,933.1591796875,61.66769406392694,578
