,state,county,gisjoin,year range,avg temp,max temp,min temp,hdd,cdd,avg rh,average dp,max dp,min dp,avg wind speed,max wind speed,avg ghr,max ghr,avg dnr,max dnr,avg dhr,max dhr
0,CA,Lassen County,G0600350,2040-2059,11.495463314132548,38.01839447021485,-16.42073631286621,3201.4574296360024,717.8015392939561,48.64434331824246,-1.639049100624606,13.189950565570626,-16.420736007109635,4.5154422920044155,13.572904586791992,202.25810502283105,1016,220.7596647968994,983.2281494140624,58.28961187214612,437
