,state,county,gisjoin,year range,avg temp,max temp,min temp,hdd,cdd,avg rh,average dp,max dp,min dp,avg wind speed,max wind speed,avg ghr,max ghr,avg dnr,max dnr,avg dhr,max dhr
0,OK,Ottawa County,G4001150,2000-2019,15.218623190780583,38.680999755859375,-22.34950065612793,2236.499810161448,1111.7972747962342,67.26811198905179,8.386963830121488,23.91854271751215,-22.349502268646265,4.250934110928888,9.28944492340088,179.15787671232877,994,193.6359558492168,945.3721923828124,66.51815068493151,456
