,state,county,gisjoin,year range,avg temp,max temp,min temp,hdd,cdd,avg rh,average dp,max dp,min dp,avg wind speed,max wind speed,avg ghr,max ghr,avg dnr,max dnr,avg dhr,max dhr
0,MT,Blaine County,G3000050,2040-2059,9.349035829365716,40.58577728271485,-32.47393035888672,3939.133775115535,672.0318528334557,51.0474144560017,-1.6824407404584751,16.445312081326403,-32.63225055961341,3.7263760204184546,10.34630012512207,157.9478310502283,947,180.87165721206765,900.3814086914062,57.928310502283104,527
