,state,county,gisjoin,year range,avg temp,max temp,min temp,hdd,cdd,avg rh,average dp,max dp,min dp,avg wind speed,max wind speed,avg ghr,max ghr,avg dnr,max dnr,avg dhr,max dhr
0,MT,Blaine County,G3000050,2060-2079,10.061286812402987,42.003684997558594,-27.58176612854004,3804.6284816558277,797.4981681824073,49.47515156748088,-1.510532559132001,17.23048438301836,-28.167630186744177,3.766172913329242,9.406370162963867,157.9478310502283,947,179.23717047389962,880.4949340820312,57.928310502283104,527
