,state,county,gisjoin,year range,avg temp,max temp,min temp,hdd,cdd,avg rh,average dp,max dp,min dp,avg wind speed,max wind speed,avg ghr,max ghr,avg dnr,max dnr,avg dhr,max dhr
0,NE,Logan County,G3101130,2000-2019,9.631019145107167,38.17733383178711,-24.700000762939453,3839.402338043012,675.2243260066031,57.14935018559025,0.2765673516007867,19.77154429741869,-25.63101394531732,4.671157168579972,11.982759475708008,184.49680365296803,997,198.66633990187813,948.0326538085938,65.82043378995434,642
