,state,county,gisjoin,year range,avg temp,max temp,min temp,hdd,cdd,avg rh,average dp,max dp,min dp,avg wind speed,max wind speed,avg ghr,max ghr,avg dnr,max dnr,avg dhr,max dhr
0,NE,Logan County,G3101130,2060-2079,12.643124862106811,40.10271072387695,-22.981557846069336,3105.3299471311534,1040.5705217997788,58.852896916920734,3.5888418953638985,22.030292168126863,-24.31098814848266,4.6441607415948285,10.396018981933594,184.49680365296803,997,194.31973785320125,941.1099243164062,65.82043378995434,642
