,state,county,gisjoin,year range,avg temp,max temp,min temp,hdd,cdd,avg rh,average dp,max dp,min dp,avg wind speed,max wind speed,avg ghr,max ghr,avg dnr,max dnr,avg dhr,max dhr
0,TX,Wichita County,G4804850,2020-2039,18.931778124175203,43.53569793701172,-9.019659996032717,1468.239980116782,1698.83899544071,61.41064133720311,10.386338459286899,24.31049678045293,-10.969864018016825,4.224913792359774,8.935283660888672,205.0013698630137,1068,205.39875309652112,956.4295654296876,70.75342465753425,490
