,state,county,gisjoin,year range,avg temp,max temp,min temp,hdd,cdd,avg rh,average dp,max dp,min dp,avg wind speed,max wind speed,avg ghr,max ghr,avg dnr,max dnr,avg dhr,max dhr
0,TX,Calhoun County,G4800570,2020-2039,22.286047283912154,36.44796371459961,-6.007014274597168,643.663124777716,2098.5703834054743,69.73681504454242,16.050859504860462,25.741556171455976,-6.3371885654790745,4.62387342910244,9.652017593383787,182.28915525114155,1002,194.46570353989168,919.23193359375,83.05753424657534,599
