,state,county,gisjoin,year range,avg temp,max temp,min temp,hdd,cdd,avg rh,average dp,max dp,min dp,avg wind speed,max wind speed,avg ghr,max ghr,avg dnr,max dnr,avg dhr,max dhr
0,NE,Saunders County,G3101550,1980-1999,10.046244865691328,36.44293975830078,-28.23882293701172,3682.6988611276233,670.0782371044467,62.27341688659093,2.187451133154941,22.088057814896644,-28.23882637294503,4.430388741623865,9.14903163909912,160.51232876712328,974,186.76209531226286,925.2330932617188,66.60091324200913,567
