,state,county,gisjoin,year range,avg temp,max temp,min temp,hdd,cdd,avg rh,average dp,max dp,min dp,avg wind speed,max wind speed,avg ghr,max ghr,avg dnr,max dnr,avg dhr,max dhr
0,NE,Saunders County,G3101550,2000-2019,11.18962255816043,38.94588088989258,-24.77941131591797,3420.0784082155333,824.7906419436563,62.93537830577049,3.4809287758410976,23.208555537395508,-26.121751237320822,4.2188119829517525,9.000186920166016,160.51232876712328,974,186.3527378106595,919.7406005859376,66.60091324200913,567
