,state,county,gisjoin,year range,avg temp,max temp,min temp,hdd,cdd,avg rh,average dp,max dp,min dp,avg wind speed,max wind speed,avg ghr,max ghr,avg dnr,max dnr,avg dhr,max dhr
0,FL,Polk County,G1201050,2000-2019,23.291434869639676,36.028419494628906,-1.4736839532852173,377.62052032004357,2199.4942477382665,68.47662649655452,16.531995434623283,26.27829057150319,-3.3650627501969104,3.349049460234707,8.091227531433105,191.41027397260274,1009,198.18859747967838,921.989013671875,89.20216894977169,684
