,state,county,gisjoin,year range,avg temp,max temp,min temp,hdd,cdd,avg rh,average dp,max dp,min dp,avg wind speed,max wind speed,avg ghr,max ghr,avg dnr,max dnr,avg dhr,max dhr
0,FL,Polk County,G1201050,2060-2079,24.67678521784218,36.78288650512695,-2.762326002120972,290.7726589331482,2618.2992634452,68.73455323389132,17.961956827370585,26.849268259975435,-2.9977527644327826,3.246448518968608,7.574390888214111,191.41027397260274,1009,195.6524362859854,906.2472534179688,89.20216894977169,684
