,state,county,gisjoin,year range,avg temp,max temp,min temp,hdd,cdd,avg rh,average dp,max dp,min dp,avg wind speed,max wind speed,avg ghr,max ghr,avg dnr,max dnr,avg dhr,max dhr
0,FL,Polk County,G1201050,2080-2099,25.804866971085318,40.177852630615234,-2.536900043487549,270.4956804006434,3009.772124846379,70.67913726388592,19.51952343192572,30.401614954260555,-2.536900050719759,3.220248729072205,7.7224931716918945,191.41027397260274,1009,188.96810696897882,908.0712890625,89.20216894977169,684
