,state,county,gisjoin,year range,avg temp,max temp,min temp,hdd,cdd,avg rh,average dp,max dp,min dp,avg wind speed,max wind speed,avg ghr,max ghr,avg dnr,max dnr,avg dhr,max dhr
0,TX,Denton County,G4801210,1980-1999,17.683219126905616,39.3134994506836,-7.13700008392334,1613.6204882972563,1388.4954696179013,67.82880388046509,10.921913985020364,24.528805005006145,-7.576962271941714,4.5252211567473735,9.173857688903809,203.67385844748858,1037,201.24619404830403,939.8035888671876,77.96518264840182,546
