,state,county,gisjoin,year range,avg temp,max temp,min temp,hdd,cdd,avg rh,average dp,max dp,min dp,avg wind speed,max wind speed,avg ghr,max ghr,avg dnr,max dnr,avg dhr,max dhr
0,KS,Dickinson County,G2000410,2080-2099,18.835886847455473,47.226539611816406,-15.001242637634276,1874.7194400888009,2070.318139409864,63.55895363968801,10.770231965946005,29.558593224404945,-15.00124335572625,4.5478224427732705,9.044756889343262,173.40833333333333,994,186.06271944409596,934.0306396484376,71.29143835616438,613
