,state,county,gisjoin,year range,avg temp,max temp,min temp,hdd,cdd,avg rh,average dp,max dp,min dp,avg wind speed,max wind speed,avg ghr,max ghr,avg dnr,max dnr,avg dhr,max dhr
0,NC,Avery County,G3700110,2060-2079,12.2546255280889,29.46879768371582,-14.240519523620604,2643.662898023775,437.10121577581896,72.5192957841098,6.905785416477521,20.01567678833894,-14.299206450813475,4.3838160397255255,11.659693717956545,174.4488584474886,1002,188.31372843203167,960.1224365234376,78.19589041095891,505
