,state,county,gisjoin,year range,avg temp,max temp,min temp,hdd,cdd,avg rh,average dp,max dp,min dp,avg wind speed,max wind speed,avg ghr,max ghr,avg dnr,max dnr,avg dhr,max dhr
0,KY,Nelson County,G2101790,2000-2019,14.415794669257314,36.788665771484375,-16.579334259033203,2384.5617477048586,966.826801983574,69.80643383966733,8.233323343042255,23.949743737830435,-16.579333792546745,3.979967753718433,10.422719955444336,153.51255707762556,995,189.47407712876068,930.554931640625,75.63127853881278,626
