,state,county,gisjoin,year range,avg temp,max temp,min temp,hdd,cdd,avg rh,average dp,max dp,min dp,avg wind speed,max wind speed,avg ghr,max ghr,avg dnr,max dnr,avg dhr,max dhr
0,KY,Nelson County,G2101790,2060-2079,16.5913589921315,37.77048873901367,-9.20238971710205,1954.89031387847,1331.2363460064744,70.4673525638232,10.497199647841436,24.518219681579392,-9.820574585115542,3.947333221552579,10.706751823425291,153.51255707762556,995,182.066059931994,916.1832275390624,75.63127853881278,626
