,state,county,gisjoin,year range,avg temp,max temp,min temp,hdd,cdd,avg rh,average dp,max dp,min dp,avg wind speed,max wind speed,avg ghr,max ghr,avg dnr,max dnr,avg dhr,max dhr
0,TX,Kerr County,G4802650,2080-2099,22.472059847696656,42.10249328613281,-5.866803646087647,839.4828114000749,2362.2846558091524,61.29543158060884,13.702933343903734,26.30806303802571,-6.090150153086854,4.8853805089105755,8.958476066589355,203.76301369863015,1032,211.4265119320334,983.2178344726562,73.32374429223745,616
