,state,county,gisjoin,year range,avg temp,max temp,min temp,hdd,cdd,avg rh,average dp,max dp,min dp,avg wind speed,max wind speed,avg ghr,max ghr,avg dnr,max dnr,avg dhr,max dhr
0,NH,Coos County,G3300070,2020-2039,4.987854309282085,29.87683868408203,-31.145326614379883,5024.405707938724,165.47253082592883,70.18643384796299,-0.6929561949749421,18.34766663329389,-31.145328592649264,4.82778608788094,12.484975814819336,137.11438356164385,971,184.85441285207713,1013.7691040039062,67.9769406392694,592
