,state,county,gisjoin,year range,avg temp,max temp,min temp,hdd,cdd,avg rh,average dp,max dp,min dp,avg wind speed,max wind speed,avg ghr,max ghr,avg dnr,max dnr,avg dhr,max dhr
0,NH,Coos County,G3300070,2080-2099,8.7886706396085,32.04751968383789,-22.965721130371094,3903.2451613480116,431.6099448045183,69.81549856063982,2.836775662688402,19.267567206713125,-22.96572439964013,4.9224220026029295,12.757637977600098,137.11438356164385,971,178.47142242449655,990.791748046875,67.9769406392694,592
