,state,county,gisjoin,year range,avg temp,max temp,min temp,hdd,cdd,avg rh,average dp,max dp,min dp,avg wind speed,max wind speed,avg ghr,max ghr,avg dnr,max dnr,avg dhr,max dhr
0,IN,Jay County,G1800750,2000-2019,11.08127190906522,35.19428634643555,-18.541427612304688,3292.95404987849,658.1182966868402,69.73516157555254,5.095900433841276,24.288887962110277,-18.54142944482865,4.109617483112365,9.823935508728027,150.63915525114155,973,179.59097990044987,937.0006713867188,75.52568493150685,650
