,state,county,gisjoin,year range,avg temp,max temp,min temp,hdd,cdd,avg rh,average dp,max dp,min dp,avg wind speed,max wind speed,avg ghr,max ghr,avg dnr,max dnr,avg dhr,max dhr
0,IN,Jay County,G1800750,2040-2059,13.021520007395031,38.14057159423828,-14.744471549987791,2821.186975881552,894.541778580401,70.23472537841971,7.102939991320049,25.287570487674408,-15.923330401337862,3.9954932041364173,8.616236686706543,150.63915525114155,973,175.766470020719,925.0345458984376,75.52568493150685,650
