,state,county,gisjoin,year range,avg temp,max temp,min temp,hdd,cdd,avg rh,average dp,max dp,min dp,avg wind speed,max wind speed,avg ghr,max ghr,avg dnr,max dnr,avg dhr,max dhr
0,IN,Jay County,G1800750,2080-2099,15.777719799622227,40.309364318847656,-14.026740074157717,2263.0401483899,1342.4078752518496,70.39510607806515,9.74442869800604,26.8166258283032,-14.026741159954314,3.942543428673592,8.373851776123047,150.63915525114155,973,172.50785886700137,909.822509765625,75.52568493150685,650
