,state,county,gisjoin,year range,avg temp,max temp,min temp,hdd,cdd,avg rh,average dp,max dp,min dp,avg wind speed,max wind speed,avg ghr,max ghr,avg dnr,max dnr,avg dhr,max dhr
0,NY,Schuyler County,G3600970,2020-2039,10.490754797874517,35.559059143066406,-22.014812469482425,3444.751105908292,594.3766071319852,67.05344788930188,3.8319877392468946,22.79959219810127,-22.014813402541765,4.334755566348768,9.970620155334473,137.06963470319636,968,175.3478647144232,929.006591796875,71.33173515981736,542
