,state,county,gisjoin,year range,avg temp,max temp,min temp,hdd,cdd,avg rh,average dp,max dp,min dp,avg wind speed,max wind speed,avg ghr,max ghr,avg dnr,max dnr,avg dhr,max dhr
0,LA,Allen Parish,G2200030,2000-2019,20.220302172135092,36.94937515258789,-4.881250381469727,1023.6765995211358,1724.5868923504224,70.99359088335952,14.176440978704882,26.560979676599377,-4.88125081885631,3.538772383128127,9.296887397766112,184.40342465753426,981,195.5640694855046,925.3742065429688,85.10376712328767,667
