,state,county,gisjoin,year range,avg temp,max temp,min temp,hdd,cdd,avg rh,average dp,max dp,min dp,avg wind speed,max wind speed,avg ghr,max ghr,avg dnr,max dnr,avg dhr,max dhr
0,LA,Allen Parish,G2200030,2040-2059,21.73614221398376,38.09173583984375,-4.561271190643311,858.498239486512,2112.690147590439,71.52196359307798,15.755672390624778,27.48600419455473,-4.561271443026564,3.6752016586800145,8.954548835754395,184.40342465753426,981,191.36025008809202,914.0174560546876,85.10376712328767,667
