,state,county,gisjoin,year range,avg temp,max temp,min temp,hdd,cdd,avg rh,average dp,max dp,min dp,avg wind speed,max wind speed,avg ghr,max ghr,avg dnr,max dnr,avg dhr,max dhr
0,NE,Nuckolls County,G3101290,1980-1999,10.108465855945651,38.337501525878906,-20.71500015258789,3643.980356873833,654.0703942934996,62.05390624325025,2.1847339987009193,21.802333524731537,-23.111535102780078,4.58763130220104,9.862271308898926,176.1351598173516,981,193.97906539678286,946.0471801757812,62.68139269406392,555
