,state,county,gisjoin,year range,avg temp,max temp,min temp,hdd,cdd,avg rh,average dp,max dp,min dp,avg wind speed,max wind speed,avg ghr,max ghr,avg dnr,max dnr,avg dhr,max dhr
0,NE,Nuckolls County,G3101290,2040-2059,13.998166807750202,39.39234161376953,-16.226856231689453,2726.137488915203,1155.968373743756,59.56755635771033,5.193544077596571,24.90578583025057,-18.73571964175426,4.509107472948288,9.78230094909668,176.1351598173516,981,189.08666782357068,915.9671630859376,62.68139269406392,555
