,state,county,gisjoin,year range,avg temp,max temp,min temp,hdd,cdd,avg rh,average dp,max dp,min dp,avg wind speed,max wind speed,avg ghr,max ghr,avg dnr,max dnr,avg dhr,max dhr
0,WV,Pocahontas County,G5400750,2060-2079,11.86154429593334,32.01367950439453,-14.59670352935791,2922.894849997132,572.8585180123936,69.28609050332683,5.642317393887684,20.61702942812397,-14.596705053662054,6.84594811805307,17.199745178222656,162.28082191780823,1021,186.83551780817743,959.2781982421876,69.86358447488584,604
