,state,county,gisjoin,year range,avg temp,max temp,min temp,hdd,cdd,avg rh,average dp,max dp,min dp,avg wind speed,max wind speed,avg ghr,max ghr,avg dnr,max dnr,avg dhr,max dhr
0,WV,Pocahontas County,G5400750,2080-2099,13.588473978975257,35.182838439941406,-12.130825996398926,2497.0770649846927,777.3700673103808,69.61898699568832,7.383377611772466,21.651756145530268,-12.130827055613358,6.736176394763058,15.781774520874023,162.28082191780823,1021,184.13495932559783,972.86279296875,69.86358447488584,604
