,state,county,gisjoin,year range,avg temp,max temp,min temp,hdd,cdd,avg rh,average dp,max dp,min dp,avg wind speed,max wind speed,avg ghr,max ghr,avg dnr,max dnr,avg dhr,max dhr
0,MA,Dukes County,G2500070,2040-2059,13.000656311796797,34.674800872802734,-12.131338119506836,2554.8763182280104,620.6158720334714,74.58391940016725,8.185981491063899,25.77400818564325,-12.13133856666428,5.365082467282744,13.301229476928713,139.93424657534246,991,163.2882654041003,898.12158203125,70.23093607305935,565
