,state,county,gisjoin,year range,avg temp,max temp,min temp,hdd,cdd,avg rh,average dp,max dp,min dp,avg wind speed,max wind speed,avg ghr,max ghr,avg dnr,max dnr,avg dhr,max dhr
0,SD,Moody County,G4601010,2000-2019,7.756538770867656,35.647499084472656,-26.230833053588867,4375.615757917247,527.2524092833388,64.56777275033193,0.6597236168972613,21.41984536407644,-26.230834529562003,4.4859486599491065,10.027472496032717,159.0060502283105,961,179.00669522640214,906.4727783203124,64.93413242009133,494
