,state,county,gisjoin,year range,avg temp,max temp,min temp,hdd,cdd,avg rh,average dp,max dp,min dp,avg wind speed,max wind speed,avg ghr,max ghr,avg dnr,max dnr,avg dhr,max dhr
0,SD,Moody County,G4601010,2020-2039,8.55396412699991,35.19925308227539,-30.36288452148437,4179.550239711655,622.2471460660569,63.446254499317845,1.1475906323013558,23.47693468906482,-30.362887225117213,4.499229125780602,10.99018383026123,159.0060502283105,961,178.6691202551899,912.4712524414062,64.93413242009133,494
