,state,county,gisjoin,year range,avg temp,max temp,min temp,hdd,cdd,avg rh,average dp,max dp,min dp,avg wind speed,max wind speed,avg ghr,max ghr,avg dnr,max dnr,avg dhr,max dhr
0,SD,Moody County,G4601010,2040-2059,9.964037978625166,37.29821014404297,-28.075868606567383,3855.3005746417707,812.6744368394661,63.63670490517464,2.5556432871249193,27.48750529129323,-28.07587112976931,4.446087535440105,9.238470077514648,159.0060502283105,961,178.3242561093853,898.8916625976562,64.93413242009133,494
