,state,county,gisjoin,year range,avg temp,max temp,min temp,hdd,cdd,avg rh,average dp,max dp,min dp,avg wind speed,max wind speed,avg ghr,max ghr,avg dnr,max dnr,avg dhr,max dhr
0,SD,Moody County,G4601010,2060-2079,10.349521144712368,36.84454727172852,-28.392719268798828,3810.233519299542,908.3087371190876,64.48528345055776,3.1569213937893066,26.18915170535763,-28.466540760711137,4.401604078567192,10.464543342590332,159.0060502283105,961,173.8418083067326,894.008544921875,64.93413242009133,494
