,state,county,gisjoin,year range,avg temp,max temp,min temp,hdd,cdd,avg rh,average dp,max dp,min dp,avg wind speed,max wind speed,avg ghr,max ghr,avg dnr,max dnr,avg dhr,max dhr
0,CA,Tulare County,G0601070,2000-2019,18.782369745905793,42.66187286376953,-3.471250295639038,1333.8915155225993,1509.9564727783156,43.63376064986399,3.739573578298137,14.385973595254084,-6.9065158592131946,2.4475594987403855,6.184299945831299,216.16232876712328,1019,223.95779720057774,958.4962768554688,61.30787671232877,503
