,state,county,gisjoin,year range,avg temp,max temp,min temp,hdd,cdd,avg rh,average dp,max dp,min dp,avg wind speed,max wind speed,avg ghr,max ghr,avg dnr,max dnr,avg dhr,max dhr
0,PA,Cameron County,G4200230,2080-2099,13.006367852485683,37.13672256469727,-14.93448543548584,2817.591091019587,885.4153571765146,69.32666102479038,6.698592005868625,23.51620275802557,-14.934487070031272,4.804847172841634,11.22101593017578,153.51118721461188,991,173.89645067839882,933.1052856445312,82.74737442922374,487
