,state,county,gisjoin,year range,avg temp,max temp,min temp,hdd,cdd,avg rh,average dp,max dp,min dp,avg wind speed,max wind speed,avg ghr,max ghr,avg dnr,max dnr,avg dhr,max dhr
0,WI,Door County,G5500290,2000-2019,7.398275374856588,34.91083526611328,-23.11000061035156,4286.758989647944,307.6295014699219,69.65178324294416,1.6518799836647464,21.809112249785624,-23.11000207964278,5.640139161751151,13.59359073638916,150.2541095890411,937,169.90626199692318,905.3421630859376,67.91643835616438,485
