,state,county,gisjoin,year range,avg temp,max temp,min temp,hdd,cdd,avg rh,average dp,max dp,min dp,avg wind speed,max wind speed,avg ghr,max ghr,avg dnr,max dnr,avg dhr,max dhr
0,MN,Becker County,G2700050,2000-2019,5.8411071592825135,36.34538269042969,-31.22153854370117,4957.2960332833445,409.8001464208007,62.65190483859685,-1.6312566431167639,20.640449718328345,-31.961621584377248,4.7504050405058145,10.241393089294434,155.862100456621,954,172.76870398008032,901.638427734375,61.670776255707764,530
