,state,county,gisjoin,year range,avg temp,max temp,min temp,hdd,cdd,avg rh,average dp,max dp,min dp,avg wind speed,max wind speed,avg ghr,max ghr,avg dnr,max dnr,avg dhr,max dhr
0,VA,Galax city,G5106400,2040-2059,13.726324252794033,34.94898986816406,-12.001709938049316,2410.509759690564,741.1181119601382,67.91701005735354,7.084540158677653,21.057026753706165,-12.001710570351412,3.842016320359217,9.76269817352295,185.45559360730593,1017,192.6948150858153,967.1494140625,69.17796803652968,617
