,state,county,gisjoin,year range,avg temp,max temp,min temp,hdd,cdd,avg rh,average dp,max dp,min dp,avg wind speed,max wind speed,avg ghr,max ghr,avg dnr,max dnr,avg dhr,max dhr
0,NY,Chautauqua County,G3600130,2000-2019,8.655123994097758,33.49266815185547,-25.86666679382324,3886.2468813672263,365.86713921228807,71.08569705736691,3.0780477623911326,20.768387727727703,-25.866669621956653,4.900550261915547,11.26059913635254,142.9428082191781,950,173.27583332861727,935.8739013671876,62.016780821917806,503
