,state,county,gisjoin,year range,avg temp,max temp,min temp,hdd,cdd,avg rh,average dp,max dp,min dp,avg wind speed,max wind speed,avg ghr,max ghr,avg dnr,max dnr,avg dhr,max dhr
0,NY,Chautauqua County,G3600130,2040-2059,10.553435834960961,33.86859130859375,-20.300222396850582,3368.9041243025554,541.408204062803,72.53692963613223,5.181802258320866,22.753950415874368,-20.30022393011287,5.211509060533079,12.272104263305664,142.9428082191781,950,169.05283905668773,933.5131225585938,62.016780821917806,503
