,state,county,gisjoin,year range,avg temp,max temp,min temp,hdd,cdd,avg rh,average dp,max dp,min dp,avg wind speed,max wind speed,avg ghr,max ghr,avg dnr,max dnr,avg dhr,max dhr
0,MO,Platte County,G2901650,1980-1999,11.396836640671205,36.22312545776367,-20.50124931335449,3237.73378497024,718.0791588147839,68.36400748801557,5.071810270773787,23.87063551601834,-20.622063113670148,4.368728664149977,10.639422416687012,181.18801369863013,983,184.79071706532838,951.4158935546876,68.71689497716895,500
