,state,county,gisjoin,year range,avg temp,max temp,min temp,hdd,cdd,avg rh,average dp,max dp,min dp,avg wind speed,max wind speed,avg ghr,max ghr,avg dnr,max dnr,avg dhr,max dhr
0,MO,Platte County,G2901650,2080-2099,17.784249110696543,42.41542434692383,-17.858509063720703,1957.146909659754,1768.8978350638363,68.77836150731126,11.282905281191258,28.112204923651475,-17.858509100540477,4.222736351783961,8.937361717224121,181.18801369863013,983,176.71459253591487,900.6419067382812,68.71689497716895,500
