,state,county,gisjoin,year range,avg temp,max temp,min temp,hdd,cdd,avg rh,average dp,max dp,min dp,avg wind speed,max wind speed,avg ghr,max ghr,avg dnr,max dnr,avg dhr,max dhr
0,IA,Johnson County,G1901030,2000-2019,10.618627689027969,34.47922897338867,-30.12230682373047,3540.266933321836,736.5660398165784,68.09718402988834,4.271434925187621,23.97773287400183,-30.122308551684164,4.216261801001144,10.042644500732422,148.24029680365297,979,178.01743491905276,908.7708740234376,70.53926940639269,620
