,state,county,gisjoin,year range,avg temp,max temp,min temp,hdd,cdd,avg rh,average dp,max dp,min dp,avg wind speed,max wind speed,avg ghr,max ghr,avg dnr,max dnr,avg dhr,max dhr
0,MI,Livingston County,G2600930,2000-2019,9.067397220074316,33.54922866821289,-19.608461380004883,3865.883168175614,495.98315350216257,69.13409452394808,3.018375460882789,22.79238757980144,-19.60846152753671,4.4876695054579,11.048920631408691,155.63196347031965,963,177.73515536281278,926.9105224609376,70.67990867579908,448
