,state,county,gisjoin,year range,avg temp,max temp,min temp,hdd,cdd,avg rh,average dp,max dp,min dp,avg wind speed,max wind speed,avg ghr,max ghr,avg dnr,max dnr,avg dhr,max dhr
0,MI,Livingston County,G2600930,2040-2059,11.286947655519798,35.03322219848633,-16.976858139038086,3272.8911548639776,713.1270491282535,68.54710166182147,5.008319963119091,23.334072624396093,-17.08473248702237,4.521189904185735,10.207501411437988,155.63196347031965,963,175.28551796286172,921.3395385742188,70.67990867579908,448
