,state,county,gisjoin,year range,avg temp,max temp,min temp,hdd,cdd,avg rh,average dp,max dp,min dp,avg wind speed,max wind speed,avg ghr,max ghr,avg dnr,max dnr,avg dhr,max dhr
0,CO,Larimer County,G0800690,2000-2019,10.17634855053025,35.74399948120117,-28.69466781616211,3528.3969838611097,563.2642048041231,50.16561612843378,-1.1486918472296959,14.94173434731406,-29.951318134527483,3.2401952332013275,7.675068378448486,192.71358447488583,1029,210.3974116218876,970.3859252929688,59.78664383561644,614
