,state,county,gisjoin,year range,avg temp,max temp,min temp,hdd,cdd,avg rh,average dp,max dp,min dp,avg wind speed,max wind speed,avg ghr,max ghr,avg dnr,max dnr,avg dhr,max dhr
0,CO,Larimer County,G0800690,2020-2039,10.930054376072746,37.08594131469727,-16.61521339416504,3347.1296037672223,657.0994510333024,49.56535413178135,-0.5594406849198115,16.28034482471834,-20.348729589720552,3.1244445572160693,6.679999351501465,192.71358447488583,1029,210.81370112798353,963.309814453125,59.78664383561644,614
