,state,county,gisjoin,year range,avg temp,max temp,min temp,hdd,cdd,avg rh,average dp,max dp,min dp,avg wind speed,max wind speed,avg ghr,max ghr,avg dnr,max dnr,avg dhr,max dhr
0,MS,Perry County,G2801110,2080-2099,23.027733331821544,41.2952880859375,-5.299491882324219,770.1882548865254,2495.8109210011635,71.44504192278265,16.888938784401745,29.862448551914795,-5.299492400716814,3.4149937313033023,7.743090629577637,192.10856164383563,1002,189.0843001449439,934.3704833984376,76.93584474885844,623
