,state,county,gisjoin,year range,avg temp,max temp,min temp,hdd,cdd,avg rh,average dp,max dp,min dp,avg wind speed,max wind speed,avg ghr,max ghr,avg dnr,max dnr,avg dhr,max dhr
0,MN,Clay County,G2700270,1980-1999,5.009044506851069,34.12466812133789,-36.50666809082031,5214.004568678159,362.8058136781033,62.0365807998126,-2.511252039673172,20.93983493216245,-36.506669956046274,4.622690959499307,10.771096229553224,160.44897260273973,935,173.46026609745078,889.2169189453125,67.16575342465754,433
