,state,county,gisjoin,year range,avg temp,max temp,min temp,hdd,cdd,avg rh,average dp,max dp,min dp,avg wind speed,max wind speed,avg ghr,max ghr,avg dnr,max dnr,avg dhr,max dhr
0,GA,Emanuel County,G1301070,1980-1999,17.77816998838781,35.7470588684082,-6.924117565155029,1447.0061086973762,1256.5381544590866,67.11833480612873,10.79464991013721,23.410603720374223,-6.92411790800355,3.842105071511987,8.49343490600586,193.16130136986303,1021,205.88814841511066,954.242431640625,78.90353881278538,537
