,state,county,gisjoin,year range,avg temp,max temp,min temp,hdd,cdd,avg rh,average dp,max dp,min dp,avg wind speed,max wind speed,avg ghr,max ghr,avg dnr,max dnr,avg dhr,max dhr
0,GA,Emanuel County,G1301070,2060-2079,20.894039180973273,39.975433349609375,-5.875814437866211,966.4574427413622,1913.281743796504,68.47799281246586,14.119184885112903,25.57911965364116,-5.875814731425522,4.004833847202667,11.064094543457031,193.16130136986303,1021,196.51265788088398,923.8463134765624,78.90353881278538,537
