,state,county,gisjoin,year range,avg temp,max temp,min temp,hdd,cdd,avg rh,average dp,max dp,min dp,avg wind speed,max wind speed,avg ghr,max ghr,avg dnr,max dnr,avg dhr,max dhr
0,MI,Schoolcraft County,G2601530,1980-1999,5.371070161189829,28.96692276000977,-25.720001220703125,4905.427078725571,186.3676875591232,67.64661645562681,-0.7934227538326981,17.99417870146292,-26.778815204234224,4.899704732470316,12.438485145568848,150.1496575342466,964,173.1659705115367,892.0537109375,63.89543378995434,515
