,state,county,gisjoin,year range,avg temp,max temp,min temp,hdd,cdd,avg rh,average dp,max dp,min dp,avg wind speed,max wind speed,avg ghr,max ghr,avg dnr,max dnr,avg dhr,max dhr
0,MI,Schoolcraft County,G2601530,2000-2019,6.491408044505826,29.952306747436523,-21.492307662963867,4573.075865592077,262.93980183600706,68.51055559850718,0.4673343754017609,17.83503334301778,-21.49231028070094,4.997860060897592,13.157593727111816,150.1496575342466,964,172.24237119695906,900.5264282226562,63.89543378995434,515
