,state,county,gisjoin,year range,avg temp,max temp,min temp,hdd,cdd,avg rh,average dp,max dp,min dp,avg wind speed,max wind speed,avg ghr,max ghr,avg dnr,max dnr,avg dhr,max dhr
0,MO,Atchison County,G2900050,2080-2099,16.24644317765161,42.61491394042969,-14.99754810333252,2333.269803957563,1583.721563800129,65.30380320766746,8.90918153794099,28.515122036327668,-16.41787581624612,3.7509662582449717,8.478850364685059,161.33767123287672,983,179.53722070212447,903.4758911132812,67.28127853881278,509
