,state,county,gisjoin,year range,avg temp,max temp,min temp,hdd,cdd,avg rh,average dp,max dp,min dp,avg wind speed,max wind speed,avg ghr,max ghr,avg dnr,max dnr,avg dhr,max dhr
0,KY,Harrison County,G2100970,1980-1999,12.146316020977663,34.53428649902344,-21.498571395874023,2934.8857506521567,688.7910983086005,69.21680493746719,5.915239822875159,21.517388662717657,-21.49857179777224,4.098592345123966,9.649230003356934,168.25559360730594,996,187.80364206859562,931.197509765625,78.76015981735159,642
