,state,county,gisjoin,year range,avg temp,max temp,min temp,hdd,cdd,avg rh,average dp,max dp,min dp,avg wind speed,max wind speed,avg ghr,max ghr,avg dnr,max dnr,avg dhr,max dhr
0,KY,Harrison County,G2100970,2020-2039,13.768239327587363,35.94294357299805,-15.669312477111816,2537.230244819706,883.1375993888115,69.88031914636969,7.652977707786669,22.53623626512951,-15.669313202271042,3.96841291645074,9.524947166442873,168.25559360730594,996,185.31824269813447,946.2258911132812,78.76015981735159,642
