,state,county,gisjoin,year range,avg temp,max temp,min temp,hdd,cdd,avg rh,average dp,max dp,min dp,avg wind speed,max wind speed,avg ghr,max ghr,avg dnr,max dnr,avg dhr,max dhr
0,NY,Lewis County,G3600490,1980-1999,6.076248815374797,28.47857093811035,-33.836429595947266,4677.198444534254,215.52926214535444,70.41701665142355,0.44383607289150445,18.95275545587707,-33.83643217939821,4.7415658999795784,11.253719329833984,135.64680365296803,976,177.9987780205662,947.9830932617188,70.5167808219178,567
