,state,county,gisjoin,year range,avg temp,max temp,min temp,hdd,cdd,avg rh,average dp,max dp,min dp,avg wind speed,max wind speed,avg ghr,max ghr,avg dnr,max dnr,avg dhr,max dhr
0,NY,Lewis County,G3600490,2020-2039,7.850571959165532,32.5298957824707,-28.94892692565918,4224.112862998924,410.07162809372375,70.23538223140316,2.093466320749167,19.89340736691257,-28.94892837800462,4.867866274918596,12.490662574768066,135.64680365296803,976,173.6746649700394,917.7899780273438,70.5167808219178,567
