,state,county,gisjoin,year range,avg temp,max temp,min temp,hdd,cdd,avg rh,average dp,max dp,min dp,avg wind speed,max wind speed,avg ghr,max ghr,avg dnr,max dnr,avg dhr,max dhr
0,SD,Potter County,G4601070,2000-2019,7.447924080887676,42.04533386230469,-32.34733581542969,4493.383384660806,532.3756741841793,57.38735548622532,-1.5151521541996738,23.02553214146749,-32.34733732261165,4.298008843317424,9.231927871704102,152.7953196347032,964,187.5574334755257,914.2642211914062,63.475913242009135,472
