,state,county,gisjoin,year range,avg temp,max temp,min temp,hdd,cdd,avg rh,average dp,max dp,min dp,avg wind speed,max wind speed,avg ghr,max ghr,avg dnr,max dnr,avg dhr,max dhr
0,SD,Potter County,G4601070,2060-2079,10.28148573012948,39.45812225341797,-27.80904197692871,3840.463415274473,913.7057067712581,58.554364283553,1.5275007719863058,22.165444974104865,-29.3136395368946,4.198224800199134,9.995633125305176,152.7953196347032,964,180.96316726091374,897.4675903320312,63.475913242009135,472
