,state,county,gisjoin,year range,avg temp,max temp,min temp,hdd,cdd,avg rh,average dp,max dp,min dp,avg wind speed,max wind speed,avg ghr,max ghr,avg dnr,max dnr,avg dhr,max dhr
0,MO,Phelps County,G2901610,2000-2019,13.891732813909142,37.43055725097656,-16.967777252197266,2565.019572067581,956.0020491441686,68.63798663888348,7.4055506045644925,23.026826917950324,-16.967779299908965,3.939407709200088,9.994465827941896,157.5497716894977,989,190.67831640074633,952.7515258789062,70.44554794520548,657
