,state,county,gisjoin,year range,avg temp,max temp,min temp,hdd,cdd,avg rh,average dp,max dp,min dp,avg wind speed,max wind speed,avg ghr,max ghr,avg dnr,max dnr,avg dhr,max dhr
0,MD,Worcester County,G2400470,2020-2039,15.156934632097778,34.34269332885742,-10.169685363769531,2077.5768979324394,930.3580386480293,70.30000256468716,9.249579268009551,24.2577932038442,-13.597305388434132,5.543598361537881,13.408991813659668,171.550799086758,978,178.28447929967695,927.185302734375,73.58093607305936,615
