,state,county,gisjoin,year range,avg temp,max temp,min temp,hdd,cdd,avg rh,average dp,max dp,min dp,avg wind speed,max wind speed,avg ghr,max ghr,avg dnr,max dnr,avg dhr,max dhr
0,OH,Cuyahoga County,G3900350,2040-2059,13.481474391388288,35.6632194519043,-13.241753578186035,2684.401201483879,925.6393543402896,71.91146324693341,7.920815829928287,25.30899742059028,-13.64243800693853,4.884255879219264,10.70771598815918,144.3343607305936,966,164.45170874658976,922.8502197265624,74.9222602739726,591
