,state,county,gisjoin,year range,avg temp,max temp,min temp,hdd,cdd,avg rh,average dp,max dp,min dp,avg wind speed,max wind speed,avg ghr,max ghr,avg dnr,max dnr,avg dhr,max dhr
0,OH,Cuyahoga County,G3900350,2060-2079,13.97496400679484,36.137393951416016,-12.216781616210938,2563.0059291729117,984.367791652738,71.91692088445028,8.398740751847436,25.75591977396456,-12.335482339206935,4.787293064757569,11.047260284423828,144.3343607305936,966,164.72006040233333,902.2507934570312,74.9222602739726,591
