,state,county,gisjoin,year range,avg temp,max temp,min temp,hdd,cdd,avg rh,average dp,max dp,min dp,avg wind speed,max wind speed,avg ghr,max ghr,avg dnr,max dnr,avg dhr,max dhr
0,TX,Mason County,G4803190,2000-2019,19.087220300365555,39.13722229003906,-5.046111106872559,1377.9220571754415,1665.2574668088907,60.1674771045441,10.145862926063979,23.315415230055013,-5.226647373351643,4.757415832477073,8.803545951843262,203.76301369863015,1032,216.5094795881926,985.7440185546876,73.32374429223745,616
