,state,county,gisjoin,year range,avg temp,max temp,min temp,hdd,cdd,avg rh,average dp,max dp,min dp,avg wind speed,max wind speed,avg ghr,max ghr,avg dnr,max dnr,avg dhr,max dhr
0,TX,Ector County,G4801350,1980-1999,17.33241436215302,39.12882232666016,-9.201765060424805,1731.6667119125252,1378.497954098455,45.60958869805619,3.9418126502904194,19.65612517998844,-14.597482893780802,4.074418764503579,9.497394561767578,205.3203196347032,1042,234.31478078784266,1004.0509033203124,73.9958904109589,597
