,state,county,gisjoin,year range,avg temp,max temp,min temp,hdd,cdd,avg rh,average dp,max dp,min dp,avg wind speed,max wind speed,avg ghr,max ghr,avg dnr,max dnr,avg dhr,max dhr
0,TX,Ector County,G4801350,2080-2099,22.286852823709857,43.21990203857422,-3.98429012298584,1009.0512137445932,2464.252494398491,44.16557472775516,8.044996299570222,22.61822644522605,-13.001794151994185,4.1493845870233566,8.895082473754883,205.3203196347032,1042,228.79118129509243,988.8423461914062,73.9958904109589,597
