,state,county,gisjoin,year range,avg temp,max temp,min temp,hdd,cdd,avg rh,average dp,max dp,min dp,avg wind speed,max wind speed,avg ghr,max ghr,avg dnr,max dnr,avg dhr,max dhr
0,NM,Union County,G3500590,2000-2019,12.728639378693735,39.09062576293945,-18.37562561035156,2788.8818894413184,755.335262664199,45.04876141330423,-0.6167668262323857,15.915953941645292,-21.084684385255727,4.721686527990315,9.508729934692385,218.14908675799086,1039,229.86817542665239,997.7322998046876,57.51175799086758,552
