,state,county,gisjoin,year range,avg temp,max temp,min temp,hdd,cdd,avg rh,average dp,max dp,min dp,avg wind speed,max wind speed,avg ghr,max ghr,avg dnr,max dnr,avg dhr,max dhr
0,LA,Jackson Parish,G2200490,2000-2019,18.55341212530514,37.46687316894531,-8.5806245803833,1411.8206608737048,1504.3160866101482,69.91467031147927,12.217643558209424,25.977454791347306,-8.9645956130593,4.000175371235364,10.55685806274414,184.10011415525113,996,198.33098185115816,920.420166015625,77.17762557077626,631
