,state,county,gisjoin,year range,avg temp,max temp,min temp,hdd,cdd,avg rh,average dp,max dp,min dp,avg wind speed,max wind speed,avg ghr,max ghr,avg dnr,max dnr,avg dhr,max dhr
0,LA,Jackson Parish,G2200490,2020-2039,19.342740398049877,39.62480545043945,-8.503458023071289,1247.3461687373356,1627.9464140255532,69.2013905072321,12.79360146752447,25.23565648721541,-8.503458898110917,4.034827954475194,8.78909683227539,184.10011415525113,996,199.2049863878211,933.25634765625,77.17762557077626,631
