,state,county,gisjoin,year range,avg temp,max temp,min temp,hdd,cdd,avg rh,average dp,max dp,min dp,avg wind speed,max wind speed,avg ghr,max ghr,avg dnr,max dnr,avg dhr,max dhr
0,MI,Otsego County,G2601370,2000-2019,6.677700446247996,32.40250015258789,-28.37333297729492,4546.188114239484,304.0487771193106,68.09845039811853,0.4218282389453843,20.773090581399767,-28.37333364162436,5.070990611401867,11.616786003112791,144.87534246575342,962,176.53800601541676,940.6229248046876,63.456849315068496,511
