,state,county,gisjoin,year range,avg temp,max temp,min temp,hdd,cdd,avg rh,average dp,max dp,min dp,avg wind speed,max wind speed,avg ghr,max ghr,avg dnr,max dnr,avg dhr,max dhr
0,MI,Otsego County,G2601370,2020-2039,7.4350424130747665,33.443603515625,-23.77940559387207,4357.0463194857275,391.33680025736663,68.8694189938236,1.2935559236925227,21.504087609724564,-24.24988516154103,5.0974415087128335,15.21595287322998,144.87534246575342,962,174.59063432292658,933.1262817382812,63.456849315068496,511
