,state,county,gisjoin,year range,avg temp,max temp,min temp,hdd,cdd,avg rh,average dp,max dp,min dp,avg wind speed,max wind speed,avg ghr,max ghr,avg dnr,max dnr,avg dhr,max dhr
0,MI,Otsego County,G2601370,2040-2059,8.520296429344633,35.02351379394531,-24.244081497192383,4099.322874237457,529.7310709476666,68.85266978490299,2.3335476796403642,22.61562223953048,-24.44509112614757,5.197965982325001,15.89918327331543,144.87534246575342,962,172.3713510648987,929.3126220703124,63.456849315068496,511
