,state,county,gisjoin,year range,avg temp,max temp,min temp,hdd,cdd,avg rh,average dp,max dp,min dp,avg wind speed,max wind speed,avg ghr,max ghr,avg dnr,max dnr,avg dhr,max dhr
0,MI,Otsego County,G2601370,2060-2079,9.491982957414468,35.662635803222656,-23.14106750488281,3838.2684678396613,623.3422472954067,69.72025209409462,3.5009654536409798,23.7505303827064,-23.141068994585453,5.143771405633726,11.439129829406738,144.87534246575342,962,170.17142281912908,936.2567138671876,63.456849315068496,511
