,state,county,gisjoin,year range,avg temp,max temp,min temp,hdd,cdd,avg rh,average dp,max dp,min dp,avg wind speed,max wind speed,avg ghr,max ghr,avg dnr,max dnr,avg dhr,max dhr
0,WI,Grant County,G5500430,1980-1999,7.19682912922081,33.96666717529297,-31.982500076293945,4447.615048425996,394.95768059094934,67.52170677751167,0.9153354023422301,21.45769599902419,-31.9825028207469,4.096231022109724,9.323098182678224,154.48367579908677,976,178.97243119063745,922.3738403320312,67.7695205479452,598
