,state,county,gisjoin,year range,avg temp,max temp,min temp,hdd,cdd,avg rh,average dp,max dp,min dp,avg wind speed,max wind speed,avg ghr,max ghr,avg dnr,max dnr,avg dhr,max dhr
0,WI,Grant County,G5500430,2000-2019,8.82292393651465,36.36333465576172,-23.481666564941406,4000.155878950711,541.0231157779915,68.32165500801992,2.620341531071971,24.896017393260923,-23.48166708902983,3.942690671633368,9.013330459594728,154.48367579908677,976,176.83024662932897,907.6641235351562,67.7695205479452,598
