,state,county,gisjoin,year range,avg temp,max temp,min temp,hdd,cdd,avg rh,average dp,max dp,min dp,avg wind speed,max wind speed,avg ghr,max ghr,avg dnr,max dnr,avg dhr,max dhr
0,TN,Jackson County,G4700870,2000-2019,14.984040651666934,35.09882354736328,-17.19117546081543,2200.219076602853,989.8939144611996,69.30114883614458,8.641452814515166,22.57473834859197,-17.19117724946864,3.3866549388322658,8.8596773147583,161.43550228310502,982,191.36064446184568,945.4779052734376,76.61141552511415,593
