,state,county,gisjoin,year range,avg temp,max temp,min temp,hdd,cdd,avg rh,average dp,max dp,min dp,avg wind speed,max wind speed,avg ghr,max ghr,avg dnr,max dnr,avg dhr,max dhr
0,WI,Vilas County,G5501250,2000-2019,4.805943369040782,31.059999465942383,-40.19538497924805,5179.274364351943,253.94369405110072,66.41830423183093,-1.7603028463923527,18.487228617707885,-40.19538854829026,4.756227387617168,10.081069946289062,147.20376712328766,950,175.77295877089688,930.1421508789062,65.92100456621004,513
