,state,county,gisjoin,year range,avg temp,max temp,min temp,hdd,cdd,avg rh,average dp,max dp,min dp,avg wind speed,max wind speed,avg ghr,max ghr,avg dnr,max dnr,avg dhr,max dhr
0,NC,Hertford County,G3700910,1980-1999,14.851613354417347,34.975624084472656,-14.336875915527344,2147.55389503807,888.8927694003369,68.82226250726883,8.438400060236471,22.49153179225045,-14.336877395447011,3.79689914233064,9.011236190795898,177.25034246575342,986,192.6123425537838,929.5050048828124,70.07488584474886,494
