,state,county,gisjoin,year range,avg temp,max temp,min temp,hdd,cdd,avg rh,average dp,max dp,min dp,avg wind speed,max wind speed,avg ghr,max ghr,avg dnr,max dnr,avg dhr,max dhr
0,NC,Hertford County,G3700910,2020-2039,16.559015146998707,35.867427825927734,-9.790557861328123,1772.2555079545064,1136.7960366090895,69.26045582849686,10.180240832341951,23.657701082840223,-9.790559106662933,3.8983698683242274,9.993490219116213,177.25034246575342,986,190.00240729901253,914.606201171875,70.07488584474886,494
