,state,county,gisjoin,year range,avg temp,max temp,min temp,hdd,cdd,avg rh,average dp,max dp,min dp,avg wind speed,max wind speed,avg ghr,max ghr,avg dnr,max dnr,avg dhr,max dhr
0,NC,Hertford County,G3700910,2080-2099,19.92529597861322,41.8955307006836,-5.972002506256104,1291.7544432330835,1884.9874754268392,70.06262805821144,13.629113855513031,28.95327265692656,-5.972002860684155,3.749722275015426,10.159157752990724,177.25034246575342,986,180.51859730742015,910.951416015625,70.07488584474886,494
