,state,county,gisjoin,year range,avg temp,max temp,min temp,hdd,cdd,avg rh,average dp,max dp,min dp,avg wind speed,max wind speed,avg ghr,max ghr,avg dnr,max dnr,avg dhr,max dhr
0,NC,Catawba County,G3700350,2000-2019,15.752878591494706,36.015625,-14.61750030517578,1971.3304541299542,1041.6311400255258,67.7840653293209,9.023104225582056,22.27161022117567,-14.617500819661982,3.464546978636964,7.847309589385986,178.3134703196347,1004,193.73197555022398,939.7025756835938,76.8345890410959,610
