,state,county,gisjoin,year range,avg temp,max temp,min temp,hdd,cdd,avg rh,average dp,max dp,min dp,avg wind speed,max wind speed,avg ghr,max ghr,avg dnr,max dnr,avg dhr,max dhr
0,KY,Barren County,G2100090,2000-2019,15.34992324825893,36.57777786254883,-10.181111335754396,2137.0682502070135,1060.2902358214728,68.54014722136057,8.803223661481479,23.67951305234602,-10.18111201657298,3.493240400658895,8.868268013000488,154.85513698630137,1017,189.84274438477584,936.5401611328124,75.60856164383561,668
