,state,county,gisjoin,year range,avg temp,max temp,min temp,hdd,cdd,avg rh,average dp,max dp,min dp,avg wind speed,max wind speed,avg ghr,max ghr,avg dnr,max dnr,avg dhr,max dhr
0,KY,Barren County,G2100090,2040-2059,16.50256056509898,37.6277961730957,-10.448342323303224,1957.3073010971195,1301.2419073582505,69.54361985502722,10.155153079946752,26.43833248223082,-10.448343340094764,3.5291724820251336,9.342182159423828,154.85513698630137,1017,185.2411147173852,935.4048461914062,75.60856164383561,668
