,state,county,gisjoin,year range,avg temp,max temp,min temp,hdd,cdd,avg rh,average dp,max dp,min dp,avg wind speed,max wind speed,avg ghr,max ghr,avg dnr,max dnr,avg dhr,max dhr
0,OK,Pawnee County,G4001170,2020-2039,16.89990264946614,41.57079315185547,-10.79332160949707,1952.3084938143772,1441.2729608694874,65.52923683880671,9.491847767592581,25.3626421795752,-11.228265305652757,4.142019400531298,9.023109436035156,186.93230593607305,1011,193.7564220325171,950.19140625,65.85068493150685,633
