,state,county,gisjoin,year range,avg temp,max temp,min temp,hdd,cdd,avg rh,average dp,max dp,min dp,avg wind speed,max wind speed,avg ghr,max ghr,avg dnr,max dnr,avg dhr,max dhr
0,OK,Blaine County,G4000110,2040-2059,17.662567648572775,42.27145004272461,-13.251973152160645,1868.5435946421924,1635.8807863711718,62.68891365299486,9.529619175707941,26.80157652272872,-13.500535245598272,4.778461704379347,10.190999984741213,193.17796803652968,992,199.72959122546357,930.0433959960938,68.78002283105023,648
