,state,county,gisjoin,year range,avg temp,max temp,min temp,hdd,cdd,avg rh,average dp,max dp,min dp,avg wind speed,max wind speed,avg ghr,max ghr,avg dnr,max dnr,avg dhr,max dhr
0,OK,Blaine County,G4000110,2060-2079,18.244159548747042,43.17255401611328,-15.393503189086914,1790.2218144033122,1769.8400496958673,64.5764821603418,10.50955157096349,26.14808807166274,-15.393505761072593,4.833245606727251,12.89716339111328,193.17796803652968,992,198.6758841337297,946.5508422851562,68.78002283105023,648
