,state,county,gisjoin,year range,avg temp,max temp,min temp,hdd,cdd,avg rh,average dp,max dp,min dp,avg wind speed,max wind speed,avg ghr,max ghr,avg dnr,max dnr,avg dhr,max dhr
0,OK,Blaine County,G4000110,2080-2099,20.16622653046756,46.93942642211914,-9.37198543548584,1509.8684544560695,2191.041138076596,62.546932246369316,11.907417279111451,29.12344252257916,-9.76772266789955,4.811234695916851,9.877557754516602,193.17796803652968,992,195.36212371855316,941.3160400390624,68.78002283105023,648
