,state,county,gisjoin,year range,avg temp,max temp,min temp,hdd,cdd,avg rh,average dp,max dp,min dp,avg wind speed,max wind speed,avg ghr,max ghr,avg dnr,max dnr,avg dhr,max dhr
0,CO,San Juan County,G0801110,2000-2019,2.7687660005231325,23.770000457763672,-24.139333724975582,5707.817245801241,38.916835991541944,56.649264323548095,-6.339149508347797,7.776809007916847,-24.28592255420527,5.507210113251046,12.232250213623049,212.26678082191782,1064,254.65127068680655,1179.539794921875,56.72374429223744,540
