,state,county,gisjoin,year range,avg temp,max temp,min temp,hdd,cdd,avg rh,average dp,max dp,min dp,avg wind speed,max wind speed,avg ghr,max ghr,avg dnr,max dnr,avg dhr,max dhr
0,PA,Crawford County,G4200390,1980-1999,7.9426350230920875,32.96533203125,-26.25333404541016,4133.756843452672,353.3186268806414,70.04305969286183,2.062038940744026,20.95453496018151,-26.253334919469427,4.378997425183858,10.206934928894045,155.82077625570776,985,178.65318420927076,948.4305419921876,72.27671232876712,610
