,state,county,gisjoin,year range,avg temp,max temp,min temp,hdd,cdd,avg rh,average dp,max dp,min dp,avg wind speed,max wind speed,avg ghr,max ghr,avg dnr,max dnr,avg dhr,max dhr
0,PA,Crawford County,G4200390,2080-2099,13.705076810056035,38.0538330078125,-11.974102020263672,2685.191564514665,1008.0446001848177,71.0021405439943,7.818311254995466,25.63857631069802,-11.97410303678542,4.499136756870844,10.15854549407959,155.82077625570776,985,168.2152849712075,934.6927490234376,72.27671232876712,610
