,state,county,gisjoin,year range,avg temp,max temp,min temp,hdd,cdd,avg rh,average dp,max dp,min dp,avg wind speed,max wind speed,avg ghr,max ghr,avg dnr,max dnr,avg dhr,max dhr
0,TX,Sabine County,G4804030,2040-2059,20.962817902767767,38.718048095703125,-4.968141078948975,1049.7351254278747,2021.6636599380047,69.48273814780526,14.44871328930313,26.755750891029923,-4.968141474037853,3.907632559619538,8.147058486938477,184.40342465753426,981,195.37654366882015,936.8165283203124,85.10422374429224,667
