,state,county,gisjoin,year range,avg temp,max temp,min temp,hdd,cdd,avg rh,average dp,max dp,min dp,avg wind speed,max wind speed,avg ghr,max ghr,avg dnr,max dnr,avg dhr,max dhr
0,IL,Bureau County,G1700110,2040-2059,12.952334588078795,38.437744140625,-25.018434524536133,2974.10280998045,1022.204934628861,69.17739485387932,6.73494415988476,26.07403348475824,-25.01843590470009,3.94035456251336,8.64557933807373,162.5796803652968,956,176.23781224514246,905.2325439453124,70.30205479452054,479
