,state,county,gisjoin,year range,avg temp,max temp,min temp,hdd,cdd,avg rh,average dp,max dp,min dp,avg wind speed,max wind speed,avg ghr,max ghr,avg dnr,max dnr,avg dhr,max dhr
0,IL,Bureau County,G1700110,2080-2099,15.191806735709344,39.40601348876953,-16.575389862060547,2491.653625226318,1357.1630837600198,69.77844452901518,9.015623153224439,28.7496279160184,-16.575390583320956,3.9340003316941328,10.34056282043457,162.5796803652968,956,171.82269494853463,917.7041625976562,70.30205479452054,479
