,state,county,gisjoin,year range,avg temp,max temp,min temp,hdd,cdd,avg rh,average dp,max dp,min dp,avg wind speed,max wind speed,avg ghr,max ghr,avg dnr,max dnr,avg dhr,max dhr
0,AL,Autauga County,G0100010,2020-2039,18.944595947318454,38.53702545166016,-6.15626335144043,1299.865893217427,1535.143413988724,69.72927909136907,12.525616315594325,24.92053744073079,-6.156263835508921,3.4139552809740312,7.47280740737915,185.07682648401826,1008,198.28280197742197,945.6539306640624,83.08504566210046,643
