,state,county,gisjoin,year range,avg temp,max temp,min temp,hdd,cdd,avg rh,average dp,max dp,min dp,avg wind speed,max wind speed,avg ghr,max ghr,avg dnr,max dnr,avg dhr,max dhr
0,IN,Warrick County,G1801730,1980-1999,13.1236912444749,35.47200012207031,-20.65066719055176,2708.0871584891615,818.734462722192,70.92946403211654,7.314092372364505,22.896843317899037,-20.65066883681188,3.8932878347020172,9.019651412963867,176.53789954337898,1021,184.85927896376504,932.10009765625,72.31506849315069,605
