,state,county,gisjoin,year range,avg temp,max temp,min temp,hdd,cdd,avg rh,average dp,max dp,min dp,avg wind speed,max wind speed,avg ghr,max ghr,avg dnr,max dnr,avg dhr,max dhr
0,IN,Warrick County,G1801730,2040-2059,16.30068511782484,38.01900863647461,-11.741602897644045,2055.320082369394,1325.5701503754428,71.71705937015412,10.581178482029125,26.906517393696177,-11.915065827605178,3.785284734779297,9.416915893554688,176.53789954337898,1021,179.16064194010215,932.14697265625,72.31506849315069,605
