,state,county,gisjoin,year range,avg temp,max temp,min temp,hdd,cdd,avg rh,average dp,max dp,min dp,avg wind speed,max wind speed,avg ghr,max ghr,avg dnr,max dnr,avg dhr,max dhr
0,IN,Warrick County,G1801730,2060-2079,16.77984705154503,39.372779846191406,-14.097330093383787,1945.1899190574861,1390.3340928713976,71.61871054705964,11.001326630359436,26.41036874543815,-14.097331263738049,3.7414652459697635,9.776862144470217,176.53789954337898,1021,177.09699697495404,919.4779663085938,72.31506849315069,605
