,state,county,gisjoin,year range,avg temp,max temp,min temp,hdd,cdd,avg rh,average dp,max dp,min dp,avg wind speed,max wind speed,avg ghr,max ghr,avg dnr,max dnr,avg dhr,max dhr
0,IN,Warrick County,G1801730,2080-2099,18.44561214028676,39.98014831542969,-14.107023239135742,1716.1514613480288,1769.299892552601,71.53416462597782,12.565958785122435,27.912552942201227,-14.10702420430656,3.7226195542643605,10.50155544281006,176.53789954337898,1021,173.0999909345758,896.4097290039062,72.31506849315069,605
