,state,county,gisjoin,year range,avg temp,max temp,min temp,hdd,cdd,avg rh,average dp,max dp,min dp,avg wind speed,max wind speed,avg ghr,max ghr,avg dnr,max dnr,avg dhr,max dhr
0,NY,Rockland County,G3600870,2020-2039,12.664445528911042,35.558616638183594,-16.57288932800293,2783.2687708728185,726.2913889249567,71.17139832723086,6.963807405777394,23.52346569382652,-16.57288976631375,4.245210693701761,10.884406089782717,149.53344748858447,969,174.67854506198017,910.4318237304688,74.13367579908676,619
