,state,county,gisjoin,year range,avg temp,max temp,min temp,hdd,cdd,avg rh,average dp,max dp,min dp,avg wind speed,max wind speed,avg ghr,max ghr,avg dnr,max dnr,avg dhr,max dhr
0,NY,Rockland County,G3600870,2040-2059,13.954957385047686,38.90182495117188,-12.836359024047852,2537.7343547324667,951.7938002745876,72.4970956898171,8.529396199668897,25.54586091988397,-12.836360026879554,4.487723346673735,15.855021476745604,149.53344748858447,969,170.91745644926834,916.09033203125,74.13367579908676,619
