,state,county,gisjoin,year range,avg temp,max temp,min temp,hdd,cdd,avg rh,average dp,max dp,min dp,avg wind speed,max wind speed,avg ghr,max ghr,avg dnr,max dnr,avg dhr,max dhr
0,NY,Rockland County,G3600870,2080-2099,16.47750489992563,40.389259338378906,-7.956854343414307,2031.5608173056423,1366.3501057784522,72.79211654532446,11.025615456566635,28.700166173283627,-8.129458527949355,4.558976629444453,11.770809173583984,149.53344748858447,969,167.17816263836593,877.2495727539062,74.13367579908676,619
