,state,county,gisjoin,year range,avg temp,max temp,min temp,hdd,cdd,avg rh,average dp,max dp,min dp,avg wind speed,max wind speed,avg ghr,max ghr,avg dnr,max dnr,avg dhr,max dhr
0,CO,Hinsdale County,G0800530,2020-2039,3.4202204618350427,25.68059539794922,-27.13634490966797,5496.916487111824,65.79695568084797,52.28467182046202,-6.842012892926067,5.967391029637921,-27.13634720419763,5.292556042213962,12.53871250152588,172.0447488584475,990,247.27558448034037,1128.7574462890625,62.17568493150685,599
