,state,county,gisjoin,year range,avg temp,max temp,min temp,hdd,cdd,avg rh,average dp,max dp,min dp,avg wind speed,max wind speed,avg ghr,max ghr,avg dnr,max dnr,avg dhr,max dhr
0,CO,Hinsdale County,G0800530,2060-2079,4.399763641268181,26.078277587890625,-22.686391830444336,5184.609892163229,111.0236212253559,54.99697068216594,-5.207449898179243,8.166988956550568,-22.68639363608755,5.065013009554719,11.851527214050291,172.0447488584475,990,244.7844965481716,1110.6226806640625,62.17568493150685,599
