,state,county,gisjoin,year range,avg temp,max temp,min temp,hdd,cdd,avg rh,average dp,max dp,min dp,avg wind speed,max wind speed,avg ghr,max ghr,avg dnr,max dnr,avg dhr,max dhr
0,NC,Cherokee County,G3700390,2040-2059,16.176536282589506,35.14542007446289,-8.80475902557373,1860.071904846044,1085.007647991252,69.00198155189759,9.642067312851175,23.658119024891928,-8.80476009905657,3.8987372385720684,10.69015121459961,178.29326484018264,1001,193.92897734356626,959.248779296875,79.8082191780822,584
