,state,county,gisjoin,year range,avg temp,max temp,min temp,hdd,cdd,avg rh,average dp,max dp,min dp,avg wind speed,max wind speed,avg ghr,max ghr,avg dnr,max dnr,avg dhr,max dhr
0,MI,Lenawee County,G2600910,2040-2059,11.959592434142973,40.46484375,-19.789121627807617,3139.473512295491,825.2247507572652,70.14558121559283,5.96100168770229,23.947750277103275,-19.789121784212853,4.211109680536131,11.106537818908691,150.8068493150685,968,176.5833204538621,912.4605102539062,72.5074200913242,455
