,state,county,gisjoin,year range,avg temp,max temp,min temp,hdd,cdd,avg rh,average dp,max dp,min dp,avg wind speed,max wind speed,avg ghr,max ghr,avg dnr,max dnr,avg dhr,max dhr
0,MO,Shelby County,G2902050,2040-2059,14.683802617368125,39.55492782592773,-15.186423301696776,2504.3940817601265,1184.4820370992693,68.54008278922947,8.240487647316769,26.930750383023977,-15.18642371181432,4.420159973510324,9.84059238433838,161.17808219178082,971,181.69941013310844,910.74267578125,69.05867579908676,559
