,state,county,gisjoin,year range,avg temp,max temp,min temp,hdd,cdd,avg rh,average dp,max dp,min dp,avg wind speed,max wind speed,avg ghr,max ghr,avg dnr,max dnr,avg dhr,max dhr
0,TN,Rutherford County,G4701490,1980-1999,14.301940213148264,36.34062576293945,-20.36937522888184,2359.666099474947,900.3742772738688,68.0985984769586,7.619073152134619,22.86597527732428,-20.369376406958303,3.450522786025043,11.31538200378418,179.75730593607307,1031,192.71666269263326,942.4940795898438,80.21141552511415,603
