,state,county,gisjoin,year range,avg temp,max temp,min temp,hdd,cdd,avg rh,average dp,max dp,min dp,avg wind speed,max wind speed,avg ghr,max ghr,avg dnr,max dnr,avg dhr,max dhr
0,LA,Terrebonne Parish,G2201090,2020-2039,21.63575608474043,35.53041458129883,-1.7034283876419067,690.3998652354504,1907.950836165576,74.23354816044846,16.401295223273678,27.315249898227226,-1.7034285003976273,3.311120531820271,7.331826210021973,186.75091324200912,1009,188.8347727173414,908.3534545898438,80.98972602739725,663
