,state,county,gisjoin,year range,avg temp,max temp,min temp,hdd,cdd,avg rh,average dp,max dp,min dp,avg wind speed,max wind speed,avg ghr,max ghr,avg dnr,max dnr,avg dhr,max dhr
0,IN,Johnson County,G1800810,2080-2099,16.190477757483666,39.14104843139648,-12.283845901489258,2189.478111327932,1419.5024928093226,71.50043302213764,10.398471511081214,27.86985590194135,-12.283846680815728,4.260264248662888,10.147394180297852,171.28881278538813,998,170.09672313735464,916.1593627929688,80.71027397260274,619
