,state,county,gisjoin,year range,avg temp,max temp,min temp,hdd,cdd,avg rh,average dp,max dp,min dp,avg wind speed,max wind speed,avg ghr,max ghr,avg dnr,max dnr,avg dhr,max dhr
0,CO,El Paso County,G0800410,2000-2019,9.637690440270589,34.162776947021484,-24.571666717529297,3621.696243683608,459.9532543818282,48.40440243977934,-2.0982035876143583,14.280657311132282,-25.78357628946436,3.745543748657453,6.990413188934326,196.90947488584476,1038,220.54123760411014,968.1592407226562,60.649086757990865,486
