,state,county,gisjoin,year range,avg temp,max temp,min temp,hdd,cdd,avg rh,average dp,max dp,min dp,avg wind speed,max wind speed,avg ghr,max ghr,avg dnr,max dnr,avg dhr,max dhr
0,CO,El Paso County,G0800410,2080-2099,13.72910138441685,37.33491897583008,-14.520625114440918,2609.9809787192335,941.6029840310957,49.12078434702468,1.821657506827341,17.746981637454205,-18.56996309554079,3.5453378428607225,8.000774383544922,196.90947488584476,1038,215.2561670402548,971.4366455078124,60.649086757990865,486
