,state,county,gisjoin,year range,avg temp,max temp,min temp,hdd,cdd,avg rh,average dp,max dp,min dp,avg wind speed,max wind speed,avg ghr,max ghr,avg dnr,max dnr,avg dhr,max dhr
0,ND,Hettinger County,G3800410,2060-2079,9.131933699954715,39.24993896484375,-26.181209564208984,4121.245471527919,774.9012720108362,55.45902668863671,-0.6234451735604137,22.052951003602544,-26.18121246078738,4.525587468577302,10.825698852539062,165.67442922374428,961,180.06516998411448,898.35009765625,62.5884703196347,529
