,state,county,gisjoin,year range,avg temp,max temp,min temp,hdd,cdd,avg rh,average dp,max dp,min dp,avg wind speed,max wind speed,avg ghr,max ghr,avg dnr,max dnr,avg dhr,max dhr
0,NY,Wayne County,G3601170,2080-2099,14.561625835257876,38.71428298950195,-11.2818021774292,2487.4168005929596,1122.910230461825,72.05344205773585,8.992295630680186,26.80469178221649,-11.432495205095762,4.315856097005818,11.32271957397461,154.09634703196346,981,160.52981119214718,882.7367553710938,74.59463470319635,486
