,state,county,gisjoin,year range,avg temp,max temp,min temp,hdd,cdd,avg rh,average dp,max dp,min dp,avg wind speed,max wind speed,avg ghr,max ghr,avg dnr,max dnr,avg dhr,max dhr
0,TN,Lauderdale County,G4700970,2060-2079,18.159674602636397,39.20122909545898,-9.788883209228516,1623.760760031735,1572.5419899940114,72.15362077782687,12.458483351341364,26.25996372503528,-9.78888422374323,3.892717635481869,10.675798416137695,185.08858447488583,1023,182.582212308983,910.172607421875,74.49349315068493,578
