,state,county,gisjoin,year range,avg temp,max temp,min temp,hdd,cdd,avg rh,average dp,max dp,min dp,avg wind speed,max wind speed,avg ghr,max ghr,avg dnr,max dnr,avg dhr,max dhr
0,TN,Lauderdale County,G4700970,2080-2099,20.007688307226744,42.11634826660156,-11.220194816589355,1340.163849350444,1963.4700814881323,71.24446021759347,14.01800907220627,28.000417748332616,-11.220196035967092,3.8056588304641585,9.010191917419434,185.08858447488583,1023,180.7314635682967,900.0680541992188,74.49349315068493,578
