,state,county,gisjoin,year range,avg temp,max temp,min temp,hdd,cdd,avg rh,average dp,max dp,min dp,avg wind speed,max wind speed,avg ghr,max ghr,avg dnr,max dnr,avg dhr,max dhr
0,VA,Greensville County,G5100810,1980-1999,14.182703183699948,35.192501068115234,-11.332499504089355,2348.2431715526627,845.4298336029597,67.46239444393001,7.425024692604172,21.530703472837654,-11.332500048373634,3.847869902767547,12.617971420288086,171.7329908675799,986,191.92416290441585,927.5764770507812,72.65821917808219,448
