,state,county,gisjoin,year range,avg temp,max temp,min temp,hdd,cdd,avg rh,average dp,max dp,min dp,avg wind speed,max wind speed,avg ghr,max ghr,avg dnr,max dnr,avg dhr,max dhr
0,VA,Greensville County,G5100810,2040-2059,17.305308466656005,39.28238296508789,-7.736989974975586,1743.4839196835173,1380.4215100130095,68.81100397197079,10.751281308019664,25.96484163167212,-7.736990840782716,3.928731725313892,10.535971641540527,171.7329908675799,986,186.6148170166189,943.9348754882812,72.65821917808219,448
