,state,county,gisjoin,year range,avg temp,max temp,min temp,hdd,cdd,avg rh,average dp,max dp,min dp,avg wind speed,max wind speed,avg ghr,max ghr,avg dnr,max dnr,avg dhr,max dhr
0,VA,Greensville County,G5100810,2080-2099,19.542535542788784,40.82790756225586,-5.828264236450195,1390.9221520581277,1844.4476251759752,69.94328582167081,13.190619507313528,27.852962177963203,-5.828264896784089,3.936925547416896,9.169779777526855,171.7329908675799,986,180.9078248745597,924.8198852539062,72.65821917808219,448
