,state,county,gisjoin,year range,avg temp,max temp,min temp,hdd,cdd,avg rh,average dp,max dp,min dp,avg wind speed,max wind speed,avg ghr,max ghr,avg dnr,max dnr,avg dhr,max dhr
0,MT,Sanders County,G3000890,1980-1999,5.032845066739411,31.655000686645508,-25.00928497314453,5004.8805284418595,162.36897780100264,65.34555826666148,-1.9463778138863923,9.965321453283634,-25.00928586416822,4.202435154838649,11.876687049865724,153.60422374429223,945,182.0184508126422,928.2232055664062,66.0167808219178,502
