,state,county,gisjoin,year range,avg temp,max temp,min temp,hdd,cdd,avg rh,average dp,max dp,min dp,avg wind speed,max wind speed,avg ghr,max ghr,avg dnr,max dnr,avg dhr,max dhr
0,MT,Sanders County,G3000890,2040-2059,7.835958841281489,35.814022064208984,-20.697071075439453,4180.006428477179,360.6314055442792,64.57319343971879,0.4618977414969237,12.898898037899038,-20.697072281862383,4.098518198129793,12.72004508972168,153.60422374429223,945,177.99272657676232,907.5964965820312,66.0167808219178,502
