,state,county,gisjoin,year range,avg temp,max temp,min temp,hdd,cdd,avg rh,average dp,max dp,min dp,avg wind speed,max wind speed,avg ghr,max ghr,avg dnr,max dnr,avg dhr,max dhr
0,MT,Sanders County,G3000890,2060-2079,8.517646025420277,35.63359451293945,-15.527032852172852,4020.789627001926,450.23042627971125,63.96140824496474,0.8972419404404375,14.054580408696502,-15.729280270573572,4.217705526090648,10.502034187316896,153.60422374429223,945,178.33574763570724,896.610595703125,66.0167808219178,502
