,state,county,gisjoin,year range,avg temp,max temp,min temp,hdd,cdd,avg rh,average dp,max dp,min dp,avg wind speed,max wind speed,avg ghr,max ghr,avg dnr,max dnr,avg dhr,max dhr
0,PA,Allegheny County,G4200030,1980-1999,10.354955845813468,32.64533233642578,-17.070667266845703,3402.336343869818,502.39522759121337,68.8570834101063,4.149463763514315,21.63903994840117,-17.883019950379495,3.653187559238852,8.415006637573242,140.32100456621004,998,181.6332770367724,945.0863647460938,73.7574200913242,604
