,state,county,gisjoin,year range,avg temp,max temp,min temp,hdd,cdd,avg rh,average dp,max dp,min dp,avg wind speed,max wind speed,avg ghr,max ghr,avg dnr,max dnr,avg dhr,max dhr
0,PA,Allegheny County,G4200030,2020-2039,12.447040803243025,34.7359733581543,-15.974868774414062,2842.170407472093,705.8403006554058,69.08230251852235,6.203740188105948,22.173262936580084,-17.697892729489453,3.8026851645887714,10.390238761901855,140.32100456621004,998,177.5328287760103,953.2503051757812,73.7574200913242,604
