,state,county,gisjoin,year range,avg temp,max temp,min temp,hdd,cdd,avg rh,average dp,max dp,min dp,avg wind speed,max wind speed,avg ghr,max ghr,avg dnr,max dnr,avg dhr,max dhr
0,GA,Bacon County,G1300050,2020-2039,20.22362847578261,40.633331298828125,-6.525654315948486,1001.7103349458229,1703.834728606448,68.1598825506968,13.412422482974003,25.1519742925829,-6.525654474432052,3.601458152842848,8.614510536193848,195.40970319634704,997,201.43764133604978,941.7005615234376,80.53070776255707,631
